date,home_team,away_team,home_goals,away_goals,home_xg,away_xg,position_diff,form_difference,home_home_form,away_away_form,home_avg_goals,away_avg_goals,home_avg_conceded,away_avg_conceded,home_avg_shots,away_avg_shots,home_avg_shots_on_target,away_avg_shots_on_target,home_avg_corners,away_avg_corners,corners_difference,home_avg_yellow_cards,away_avg_yellow_cards,yellow_cards_difference,result,elo_difference,shots_difference,shots_on_target_difference,home_conversion_rate,away_conversion_rate,home_rest_days,away_rest_days,home_head_to_head,away_head_to_head,draw_head_to_head,home_home_attack,home_home_defense,away_away_attack,away_away_defense,home_avg_xgd,away_avg_xgd,xgd_diff,home_xg_form,away_xg_form,home_home_avg_xg,away_away_avg_xg,home_home_avg_xga,away_away_avg_xga,market_value_difference,market_value_ratio
2021-08-13,Brentford,Arsenal,2.0,0.0,1.88818,1.02385,0,0,0,0,0.0,0.0,0.0,0.0,0.0,0.0,0.0,0.0,0.0,0.0,0.0,0.0,0.0,0.0,H,-109.41217643936191,0.0,0.0,0.0,0.0,7,7,0.0,0.0,0.0,0.0,0.0,0.0,0.0,0.0,0.0,0.0,0.0,0.0,0.0,0.0,0.0,0.0,-339750.0,0.4458037680450208
2021-08-14,Norwich,Liverpool,0.0,3.0,1.3333,1.78728,0,0,0,0,0.0,0.0,0.0,0.0,0.0,0.0,0.0,0.0,0.0,0.0,0.0,0.0,0.0,0.0,A,-407.9730688063371,0.0,0.0,0.0,0.0,7,7,0.0,0.0,0.0,0.0,0.0,0.0,0.0,0.0,0.0,0.0,0.0,0.0,0.0,0.0,0.0,0.0,-755700.0,0.17760365654587007
2021-08-14,Watford,Aston Villa,3.0,2.0,1.35036,1.13718,0,0,0,0,0.0,0.0,0.0,0.0,0.0,0.0,0.0,0.0,0.0,0.0,0.0,0.0,0.0,0.0,H,-55.64992538139359,0.0,0.0,0.0,0.0,7,7,0.0,0.0,0.0,0.0,0.0,0.0,0.0,0.0,0.0,0.0,0.0,0.0,0.0,0.0,0.0,0.0,-331550.0,0.3202460276781138
2021-08-14,Leicester,Wolves,1.0,0.0,0.668082,1.32714,0,0,0,0,0.0,0.0,0.0,0.0,0.0,0.0,0.0,0.0,0.0,0.0,0.0,0.0,0.0,0.0,H,117.19820335403574,0.0,0.0,0.0,0.0,7,7,0.0,0.0,0.0,0.0,0.0,0.0,0.0,0.0,0.0,0.0,0.0,0.0,0.0,0.0,0.0,0.0,149600.0,1.396869611354291
2021-08-14,Man United,Leeds,5.0,1.0,1.64248,0.568342,0,0,0,0,0.0,0.0,0.0,0.0,0.0,0.0,0.0,0.0,0.0,0.0,0.0,0.0,0.0,0.0,H,119.53681428805088,0.0,0.0,0.0,0.0,7,7,0.0,0.0,0.0,0.0,0.0,0.0,0.0,0.0,0.0,0.0,0.0,0.0,0.0,0.0,0.0,0.0,469700.0,2.568542327600601
2021-08-14,Chelsea,Crystal Palace,3.0,0.0,1.18709,0.321701,0,0,0,0,0.0,0.0,0.0,0.0,0.0,0.0,0.0,0.0,0.0,0.0,0.0,0.0,0.0,0.0,H,193.66718471999843,0.0,0.0,0.0,0.0,7,7,0.0,0.0,0.0,0.0,0.0,0.0,0.0,0.0,0.0,0.0,0.0,0.0,0.0,0.0,0.0,0.0,643450.0,3.3739162516140935
2021-08-14,Burnley,Brighton,1.0,2.0,1.79548,1.6853,0,0,0,0,0.0,0.0,0.0,0.0,0.0,0.0,0.0,0.0,0.0,0.0,0.0,0.0,0.0,0.0,A,-64.29421252488737,0.0,0.0,0.0,0.0,7,7,0.0,0.0,0.0,0.0,0.0,0.0,0.0,0.0,0.0,0.0,0.0,0.0,0.0,0.0,0.0,0.0,-180150.0,0.43349056603773584
2021-08-14,Everton,Southampton,3.0,1.0,2.38863,0.580601,0,0,0,0,0.0,0.0,0.0,0.0,0.0,0.0,0.0,0.0,0.0,0.0,0.0,0.0,0.0,0.0,H,113.9230012243429,0.0,0.0,0.0,0.0,7,7,0.0,0.0,0.0,0.0,0.0,0.0,0.0,0.0,0.0,0.0,0.0,0.0,0.0,0.0,0.0,0.0,204750.0,1.7464454976303319
2021-08-15,Newcastle,West Ham,2.0,4.0,1.67926,3.00939,0,0,0,0,0.0,0.0,0.0,0.0,0.0,0.0,0.0,0.0,0.0,0.0,0.0,0.0,0.0,0.0,A,-106.1388615947019,0.0,0.0,0.0,0.0,7,7,0.0,0.0,0.0,0.0,0.0,0.0,0.0,0.0,0.0,0.0,0.0,0.0,0.0,0.0,0.0,0.0,-41000.0,0.8844744998591152
2021-08-15,Tottenham,Man City,1.0,0.0,1.06014,2.10585,0,0,0,0,0.0,0.0,0.0,0.0,0.0,0.0,0.0,0.0,0.0,0.0,0.0,0.0,0.0,0.0,H,-129.06432181204195,0.0,0.0,0.0,0.0,7,7,0.0,0.0,0.0,0.0,0.0,0.0,0.0,0.0,0.0,0.0,0.0,0.0,0.0,0.0,0.0,0.0,-310650.0,0.68935
2021-08-21,Brighton,Watford,2.0,0.0,1.77896,0.407224,-1,0,0,0,2.0,3.0,1.0,2.0,14.0,13.0,8.0,7.0,6.0,2.0,4.0,1.0,3.0,-2.0,H,88.12302301230125,1.0,1.0,0.25,0.42857142857142855,7,7,0.0,0.0,0.0,0.0,0.0,0.0,0.0,-0.11017999999999994,0.21317999999999993,-0.32335999999999987,-0.11017999999999994,0.21317999999999993,0.0,0.0,0.0,0.0,161800.0,2.0358514724711907
2021-08-21,Man City,Norwich,5.0,0.0,2.43928,0.0250088,4,0,0,0,0.0,0.0,1.0,3.0,18.0,14.0,4.0,3.0,11.0,3.0,8.0,1.0,1.0,0.0,H,445.62053288909306,4.0,1.0,0.0,0.0,6,7,0.0,0.0,0.0,0.0,0.0,0.0,0.0,1.0457100000000001,-0.45398000000000005,1.4996900000000002,1.0457100000000001,-0.45398000000000005,0.0,0.0,0.0,0.0,836800.0,6.127450980392157
2021-08-21,Leeds,Everton,2.0,2.0,0.966093,1.85713,-12,-3,0,0,1.0,3.0,5.0,1.0,10.0,14.0,3.0,6.0,4.0,6.0,-2.0,2.0,2.0,0.0,D,12.437093524652028,-4.0,-3.0,0.3333333333333333,0.5,7,7,0.0,0.0,0.0,0.0,0.0,0.0,0.0,-1.074138,1.8080289999999999,-2.882167,-1.074138,1.8080289999999999,0.0,0.0,0.0,0.0,-179600.0,0.6250913265838639
2021-08-21,Aston Villa,Newcastle,2.0,0.0,1.18426,0.63163,3,0,0,0,2.0,2.0,3.0,4.0,11.0,17.0,2.0,3.0,4.0,7.0,-3.0,1.0,1.0,0.0,H,36.39490844166789,-6.0,-1.0,1.0,0.6666666666666666,7,6,0.0,0.0,0.0,0.0,0.0,0.0,0.0,-0.21317999999999993,-1.3301299999999998,1.1169499999999999,-0.21317999999999993,-1.3301299999999998,0.0,0.0,0.0,0.0,173850.0,1.553838802166295
2021-08-21,Liverpool,Burnley,2.0,0.0,2.63945,0.690464,9,3,0,0,3.0,1.0,0.0,2.0,19.0,14.0,8.0,3.0,11.0,7.0,4.0,1.0,2.0,-1.0,H,270.4259728461782,5.0,5.0,0.375,0.3333333333333333,7,7,0.0,0.0,0.0,0.0,0.0,0.0,0.0,0.45398000000000005,0.11017999999999994,0.3438000000000001,0.45398000000000005,0.11017999999999994,0.0,0.0,0.0,0.0,781050.0,6.665941240478781
2021-08-21,Crystal Palace,Brentford,0.0,0.0,0.606313,0.712439,-10,-3,0,0,0.0,2.0,3.0,0.0,4.0,8.0,1.0,3.0,2.0,2.0,0.0,0.0,0.0,0.0,D,-31.287476449108222,-4.0,-2.0,0.0,0.6666666666666666,7,8,0.0,0.0,0.0,0.0,0.0,0.0,0.0,-0.865389,0.86433,-1.729719,-0.865389,0.86433,0.0,0.0,0.0,0.0,-2250.0,0.9917672886937431
2021-08-22,Southampton,Man United,1.0,1.0,0.587526,2.26173,-11,-3,0,0,1.0,5.0,3.0,1.0,6.0,16.0,3.0,8.0,8.0,5.0,3.0,0.0,1.0,-1.0,D,-227.58861656400157,-10.0,-5.0,0.3333333333333333,0.625,8,8,0.0,0.0,0.0,0.0,0.0,0.0,0.0,-1.8080289999999999,1.074138,-2.882167,-1.8080289999999999,1.074138,0.0,0.0,0.0,0.0,-494850.0,0.3566274458818176
2021-08-22,Wolves,Tottenham,0.0,1.0,1.51127,1.72636,-5,-3,0,0,0.0,1.0,1.0,0.0,17.0,13.0,3.0,3.0,4.0,3.0,1.0,2.0,2.0,0.0,A,-151.66297829597283,4.0,0.0,0.0,0.3333333333333333,8,7,0.0,0.0,0.0,0.0,0.0,0.0,0.0,0.659058,-1.0457100000000001,1.704768,0.659058,-1.0457100000000001,0.0,0.0,0.0,0.0,-312400.0,0.5468194676144194
2021-08-22,Arsenal,Chelsea,0.0,2.0,0.630099,3.64132,-8,-3,0,0,0.0,3.0,2.0,0.0,22.0,13.0,4.0,6.0,5.0,5.0,0.0,0.0,0.0,0.0,A,-77.2488817457031,9.0,-2.0,0.0,0.5,9,8,0.0,0.0,0.0,0.0,0.0,0.0,0.0,-0.86433,0.865389,-1.729719,-0.86433,0.865389,0.0,0.0,0.0,0.0,-301450.0,0.6703663203936577
2021-08-23,West Ham,Leicester,4.0,1.0,2.28613,0.62676,2,0,0,0,4.0,1.0,2.0,0.0,8.0,9.0,9.0,5.0,6.0,5.0,1.0,0.0,1.0,-1.0,H,41.94668890093271,-1.0,4.0,0.4444444444444444,0.2,8,9,0.0,0.0,0.0,0.0,0.0,0.0,0.0,1.3301299999999998,-0.659058,1.989188,1.3301299999999998,-0.659058,0.0,0.0,0.0,0.0,-171650.0,0.6740100655208432
2021-08-28,Norwich,Leicester,1.0,2.0,1.44084,1.27371,-8,-3,0,0,0.0,1.0,4.0,2.0,7.5,7.0,1.5,3.0,2.0,2.5,-0.5,0.5,1.0,-0.5,A,-295.1188878198734,0.5,-1.5,0.0,0.3333333333333333,7,5,0.0,0.0,0.0,0.0,3.0,1.0,4.0,-1.4341256000000002,-1.159214,-0.27491160000000026,-1.4341256000000002,-1.159214,1.3333,0.62676,1.78728,2.28613,-363350.0,0.3099420757762796
2021-08-28,West Ham,Crystal Palace,2.0,2.0,1.44748,1.67658,13,5,3,0,4.0,0.0,1.5,1.5,10.5,5.5,8.0,1.5,8.0,2.5,5.5,0.0,1.5,-1.5,D,148.95947835865582,5.0,6.5,0.5,0.0,5,7,0.0,0.0,0.0,4.0,1.0,0.0,3.0,1.4947499999999998,-0.4857575,1.9805074999999999,1.4947499999999998,-0.4857575,2.28613,0.321701,0.62676,1.18709,83850.0,1.3093525179856116
2021-08-28,Newcastle,Southampton,2.0,2.0,1.19077,3.46036,-4,-1,0,0,1.0,1.0,3.0,2.0,13.0,7.0,2.0,3.0,5.5,7.5,-2.0,2.5,1.0,1.5,D,24.48990407904057,6.0,-1.0,0.5,0.3333333333333333,7,6,0.0,0.0,0.0,2.0,4.0,1.0,3.0,-0.9413799999999999,-1.7411165,0.7997365000000001,-0.9413799999999999,-1.7411165,1.67926,0.580601,3.00939,2.38863,39600.0,1.1443674808603719
2021-08-28,Liverpool,Chelsea,1.0,1.0,2.08462,0.573638,1,0,3,3,2.5,2.5,0.0,0.0,23.0,17.5,8.5,5.5,9.5,6.5,3.0,0.5,0.0,0.5,D,42.42210062826666,5.5,3.0,0.29411764705882354,0.45454545454545453,7,6,0.0,0.0,0.0,2.0,0.0,2.0,0.0,1.201483,1.938305,-0.7368219999999999,1.201483,1.938305,2.63945,3.64132,0.690464,0.630099,4400.0,1.004811372334609
2021-08-28,Aston Villa,Brentford,1.0,1.0,0.431464,1.13312,-2,-1,3,1,2.0,1.0,1.5,0.0,10.5,11.0,2.0,3.0,3.5,3.5,0.0,2.0,0.5,1.5,D,27.836617533043864,-0.5,-1.0,1.0,0.3333333333333333,7,7,0.0,0.0,0.0,2.0,0.0,0.0,0.0,0.1697249999999999,0.485228,-0.3155030000000001,0.1697249999999999,0.485228,1.18426,0.712439,0.63163,0.606313,214450.0,1.7846688620563482
2021-08-28,Man City,Arsenal,5.0,0.0,4.47273,0.116805,8,3,3,0,2.5,0.0,0.5,2.0,17.0,14.0,4.0,3.5,8.5,7.0,1.5,1.0,1.5,-0.5,H,172.08586528836622,3.0,0.5,0.625,0.0,7,6,0.0,0.0,0.0,5.0,0.0,0.0,2.0,1.7299906000000003,-1.9377754999999999,3.6677661,1.7299906000000003,-1.9377754999999999,2.43928,1.02385,0.0250088,1.88818,386950.0,1.6311883206916238
2021-08-28,Brighton,Everton,0.0,2.0,0.701622,1.54868,5,2,3,1,2.0,2.5,0.5,1.5,13.5,15.5,5.5,7.0,6.5,5.5,1.0,2.5,3.0,-0.5,A,-66.41842867738319,-2.0,-1.5,0.36363636363636365,0.35714285714285715,7,7,0.0,0.0,0.0,2.0,0.0,2.0,2.0,0.6307780000000003,1.3495329999999999,-0.7187549999999996,0.6307780000000003,1.3495329999999999,1.77896,1.85713,0.407224,0.966093,-161050.0,0.6638137981421564
2021-08-29,Burnley,Leeds,1.0,1.0,1.71102,1.52078,-2,-1,0,0,0.5,1.5,2.0,3.5,11.5,13.5,3.0,3.5,5.5,6.0,-0.5,1.0,2.0,-1.0,D,-121.96234857078775,-2.0,-0.5,0.16666666666666666,0.42857142857142855,8,8,0.0,0.0,0.0,1.0,2.0,1.0,5.0,-0.919403,-0.9825874999999998,0.06318449999999987,-0.919403,-0.9825874999999998,1.79548,0.568342,1.6853,1.64248,-161600.0,0.4603439639338788
2021-08-29,Tottenham,Watford,1.0,0.0,0.920963,0.596016,6,3,3,0,1.0,1.5,0.0,2.0,10.5,11.5,4.5,4.0,3.5,2.0,1.5,3.0,1.5,1.5,H,199.93274829593497,-1.0,0.5,0.2222222222222222,0.375,7,8,0.0,0.0,0.0,1.0,0.0,0.0,2.0,-0.41530999999999985,-0.5792780000000002,0.16396800000000034,-0.41530999999999985,-0.5792780000000002,1.06014,0.407224,2.10585,1.77896,533150.0,4.413252240717029
2021-08-29,Wolves,Man United,0.0,1.0,1.79575,0.944083,-8,-4,0,1,0.0,3.0,1.0,1.0,21.0,15.5,4.5,6.0,4.5,6.0,-1.5,1.5,2.0,-0.5,A,-231.34362357562964,5.5,-1.5,0.0,0.5,7,7,0.0,0.0,0.0,0.0,1.0,1.0,1.0,0.22198399999999996,1.374171,-1.152187,0.22198399999999996,1.374171,1.51127,2.26173,1.72636,0.587526,-392200.0,0.4900864590782032
2021-09-11,Chelsea,Aston Villa,3.0,0.0,1.22153,1.17349,6,3,3,0,2.0,1.6666666666666667,0.3333333333333333,1.3333333333333333,13.666666666666666,9.333333333333334,4.666666666666667,3.0,5.333333333333333,3.3333333333333335,1.9999999999999996,0.6666666666666666,2.3333333333333335,-1.666666666666667,H,166.5962250050652,4.333333333333332,1.666666666666667,0.42857142857142855,0.5555555555555556,14,14,0.0,0.0,0.0,3.0,0.0,2.0,3.0,0.7885426666666666,-0.1207353333333333,0.9092779999999999,0.7885426666666666,-0.1207353333333333,1.18709,1.13718,0.321701,1.35036,426750.0,1.8749359302921578
2021-09-11,Watford,Wolves,0.0,2.0,0.185407,2.55922,6,3,3,0,1.0,0.0,1.6666666666666667,1.0,10.666666666666666,19.0,3.3333333333333335,5.0,2.3333333333333335,4.666666666666667,-2.3333333333333335,2.0,2.0,0.0,A,-61.86239070649276,-8.333333333333334,-1.6666666666666665,0.3,0.0,13,13,0.0,0.0,0.0,3.0,2.0,0.0,1.0,-0.49450099999999997,0.43187833333333336,-0.9263793333333333,-0.49450099999999997,0.43187833333333336,1.35036,1.32714,1.13718,0.668082,-220750.0,0.41437856479639207
2021-09-11,Man United,Newcastle,4.0,1.0,2.77326,0.622042,14,6,3,0,2.3333333333333335,1.3333333333333333,0.6666666666666666,2.6666666666666665,13.666666666666666,12.0,5.0,3.0,6.333333333333333,5.0,1.333333333333333,2.6666666666666665,2.6666666666666665,0.0,H,223.76752036767584,1.666666666666666,2.0,0.4666666666666667,0.4444444444444444,13,14,0.0,0.0,0.0,5.0,1.0,0.0,2.0,0.632225,-1.3841166666666662,2.0163416666666665,0.632225,-1.3841166666666662,1.64248,0.63163,0.568342,1.18426,455250.0,2.4503026441541893
2021-09-11,Southampton,West Ham,0.0,0.0,0.692135,0.725407,-10,-5,1,3,1.3333333333333333,3.3333333333333335,2.0,1.6666666666666667,12.0,11.666666666666666,4.0,6.666666666666667,6.333333333333333,7.0,-0.666666666666667,1.6666666666666667,0.3333333333333333,1.3333333333333335,D,-142.6570296160362,0.3333333333333339,-2.666666666666667,0.3333333333333333,0.5,14,14,0.0,0.0,0.0,1.0,1.0,4.0,2.0,-0.40421433333333323,0.9201333333333335,-1.3243476666666667,-0.40421433333333323,0.9201333333333335,0.587526,3.00939,2.26173,1.67926,-80600.0,0.7728937728937729
2021-09-11,Brentford,Brighton,0.0,1.0,0.729786,0.287902,-2,-1,3,3,1.0,1.3333333333333333,0.3333333333333333,1.0,10.333333333333334,13.666666666666666,2.6666666666666665,4.666666666666667,3.0,5.666666666666667,-2.666666666666667,1.3333333333333333,2.0,-0.6666666666666667,A,-48.79133597707505,-3.333333333333332,-2.0000000000000004,0.375,0.2857142857142857,14,14,0.0,0.0,0.0,2.0,0.0,2.0,1.0,0.5573706666666666,0.138166,0.41920466666666656,0.5573706666666666,0.138166,1.88818,1.6853,1.02385,1.79548,-44700.0,0.8594339622641509
2021-09-11,Arsenal,Norwich,1.0,0.0,2.68515,0.577292,-1,0,0,0,0.0,0.3333333333333333,3.0,3.3333333333333335,9.666666666666666,9.666666666666666,2.3333333333333335,2.3333333333333335,4.666666666666667,4.333333333333333,0.3333333333333339,1.6666666666666667,1.0,0.6666666666666667,H,298.3394073114,0.0,0.0,0.0,0.14285714285714285,14,14,0.0,0.0,0.0,0.0,2.0,0.0,5.0,-2.7438253333333336,-0.9003737333333335,-1.8434516,-2.7438253333333336,-0.9003737333333335,0.630099,0.0250088,3.64132,2.43928,449850.0,3.7564338235294117
2021-09-11,Crystal Palace,Tottenham,3.0,0.0,2.89372,0.0775646,-13,-7,1,3,0.6666666666666666,1.0,1.6666666666666667,0.0,6.666666666666667,12.0,1.6666666666666667,5.666666666666667,2.6666666666666665,5.666666666666667,-3.0000000000000004,1.0,3.0,-2.0,H,-116.07577590588312,-5.333333333333333,-4.0,0.39999999999999997,0.1764705882352941,14,13,0.0,0.0,0.0,0.0,0.0,1.0,0.0,-0.24747166666666653,-0.16855766666666638,-0.07891400000000015,-0.24747166666666653,-0.16855766666666638,0.606313,1.72636,0.712439,1.51127,-418300.0,0.3931964894465801
2021-09-11,Leicester,Man City,0.0,1.0,0.8001,2.75058,-1,0,3,0,1.3333333333333333,3.3333333333333335,1.6666666666666667,0.3333333333333333,7.666666666666667,19.666666666666668,3.0,6.0,4.666666666666667,10.333333333333334,-5.666666666666667,1.0,1.0,0.0,A,-182.9141798934627,-12.0,-3.0,0.4444444444444444,0.5555555555555556,14,14,0.0,0.0,0.0,1.0,0.0,0.0,1.0,-0.8285193333333333,2.605302066666667,-3.4338214000000002,-0.8285193333333333,2.605302066666667,0.668082,2.10585,1.32714,1.06014,-473450.0,0.52655
2021-09-12,Leeds,Liverpool,0.0,3.0,0.652514,4.4016,-10,-5,1,3,1.3333333333333333,2.0,2.6666666666666665,0.3333333333333333,13.0,23.333333333333332,3.0,8.0,5.666666666666667,10.333333333333334,-4.666666666666667,2.3333333333333335,0.3333333333333333,2.0,A,-160.18077336867168,-10.333333333333332,-5.0,0.4444444444444444,0.25,14,15,0.0,0.0,0.0,2.0,2.0,3.0,0.0,-0.7184716666666666,1.3046493333333338,-2.0231210000000006,-0.7184716666666666,1.3046493333333338,0.966093,1.78728,1.85713,1.3333,-619450.0,0.3258787680922843
2021-09-13,Everton,Burnley,3.0,1.0,1.80386,1.82061,10,6,3,0,2.3333333333333335,0.6666666666666666,1.0,1.6666666666666667,15.0,11.666666666666666,6.333333333333333,3.0,5.333333333333333,5.333333333333333,0.0,2.6666666666666665,2.0,0.6666666666666665,H,150.24055733887417,3.333333333333334,3.333333333333333,0.368421052631579,0.2222222222222222,16,15,0.0,0.0,0.0,3.0,1.0,0.0,2.0,1.1820413333333333,-0.5495220000000001,1.7315633333333333,1.1820413333333333,-0.5495220000000001,2.38863,0.690464,0.580601,2.63945,341200.0,3.4751541530649255
2021-09-17,Newcastle,Leeds,1.0,1.0,1.17668,1.42995,-2,-1,1,1,1.25,1.0,3.0,2.75,12.0,12.0,3.0,3.25,4.5,4.75,-0.25,2.0,2.25,-0.25,D,-75.61968544927481,0.0,-0.25,0.4166666666666667,0.3076923076923077,6,5,0.0,0.0,0.0,2.0,3.0,1.0,3.0,-1.575892,-1.47612525,-0.09976675000000013,-1.575892,-1.47612525,1.435015,1.044561,3.2348749999999997,1.67675,14450.0,1.0482551344130906
2021-09-18,Aston Villa,Everton,3.0,0.0,0.777716,0.755035,-8,-6,4,4,1.25,2.5,1.75,1.0,11.5,14.75,3.75,6.25,5.25,5.0,0.25,2.75,2.25,0.5,H,-37.9834345255922,-3.25,-2.5,0.3333333333333333,0.4,7,5,0.0,0.0,0.0,1.5,0.5,2.0,1.0,-0.10256149999999997,0.8823435,-0.9849049999999999,-0.10256149999999997,0.8823435,0.8078620000000001,1.702905,0.8823749999999999,0.8338574999999999,8700.0,1.018160943534078
2021-09-18,Wolves,Brentford,0.0,2.0,1.02316,2.32741,-2,-2,0,2,0.5,0.75,0.75,0.5,17.75,9.5,5.0,2.25,5.5,2.5,3.0,2.25,1.75,0.5,A,-33.004557160928925,8.25,2.75,0.1,0.3333333333333333,7,7,0.0,0.0,0.0,0.0,1.0,0.5,0.5,0.9173619999999999,0.5284989999999999,0.38886299999999996,0.9173619999999999,0.5284989999999999,1.6535099999999998,0.9227795,1.3352214999999998,0.5188885,103650.0,1.3792535675082327
2021-09-18,Burnley,Arsenal,0.0,1.0,0.775574,1.09928,-2,-2,1,0,0.75,0.25,2.0,2.25,11.5,14.75,3.75,3.5,5.5,5.5,0.0,1.75,1.5,0.25,A,-165.89837089903745,-3.25,0.25,0.2,0.07142857142857142,5,7,0.0,0.0,0.0,1.0,1.5,0.0,3.5,-0.40795400000000015,-1.5309045000000001,1.1229505,-0.40795400000000015,-1.5309045000000001,1.75325,0.5703275,1.60304,3.1804550000000003,-475200.0,0.22485931000734036
2021-09-18,Liverpool,Crystal Palace,3.0,0.0,2.76793,0.644168,11,5,4,1,2.25,1.25,0.25,1.25,25.0,9.5,8.25,2.25,10.5,4.0,6.5,0.5,1.25,-0.75,H,243.7020848269124,15.5,6.0,0.2727272727272727,0.5555555555555556,6,7,0.0,0.0,0.0,1.5,0.5,1.0,2.5,1.9157585000000001,0.5184351000000001,1.3973233999999999,1.9157585000000001,0.5184351000000001,2.362035,0.9991405,0.6320509999999999,1.317285,647850.0,3.390149418926397
2021-09-18,Man City,Southampton,0.0,0.0,1.22451,0.490923,9,6,6,1,2.75,1.0,0.25,1.5,21.0,11.75,6.5,3.75,9.75,6.0,3.75,1.25,2.0,-0.75,D,271.61294903927546,9.25,2.75,0.4230769230769231,0.26666666666666666,7,7,0.0,0.0,0.0,5.0,0.0,1.5,2.5,2.44159655,-0.3114787499999998,2.7530753,2.44159655,-0.3114787499999998,3.456005,2.0204805,0.07090690000000001,1.7897,725700.0,3.645643456069996
2021-09-18,Norwich,Watford,1.0,3.0,0.782665,2.42487,-4,-3,0,0,0.25,0.75,2.75,1.75,9.75,9.5,2.0,3.0,4.25,3.25,1.0,1.25,2.25,-1.0,A,-149.27001169100754,0.25,-1.0,0.125,0.25,7,7,0.0,0.0,0.0,0.5,2.5,0.0,1.5,-1.2022448000000003,-0.9643290000000001,-0.23791580000000023,-1.2022448000000003,-0.9643290000000001,1.38707,0.50162,1.530495,1.3499615,7000.0,1.0448143405889885
2021-09-19,Tottenham,Chelsea,0.0,3.0,0.70567,2.5869,-3,-1,6,4,0.75,2.25,0.75,0.25,9.5,13.25,4.5,4.5,4.75,5.0,-0.25,2.5,0.75,1.75,A,-97.00556779499108,-3.75,0.0,0.16666666666666666,0.5,8,8,0.0,0.0,0.0,1.0,0.0,1.5,0.5,-0.8304570999999998,0.6034170000000001,-1.4338741,-0.8304570999999998,0.6034170000000001,0.9905515,2.107479,1.3509330000000002,1.3573595,-225150.0,0.7537998906506288
2021-09-19,West Ham,Man United,1.0,2.0,1.6671,1.8954,-4,-2,4,4,2.5,2.75,1.25,0.75,12.0,15.5,5.75,5.5,6.25,6.5,-0.25,0.5,2.25,-1.75,A,-115.23263483672348,-3.5,0.25,0.43478260869565216,0.5,8,8,0.0,0.0,0.0,3.0,1.5,1.0,0.5,0.698418,1.01197325,-0.31355525000000006,0.698418,1.01197325,1.866805,1.6029065,1.15167,1.191638,-414250.0,0.4614184489371384
2021-09-19,Brighton,Leicester,2.0,1.0,1.47438,1.25373,6,3,3,3,1.25,1.0,0.75,1.5,11.25,7.25,4.0,2.5,5.75,4.75,1.0,2.0,1.0,1.0,H,-14.293385464512085,4.0,1.5,0.3125,0.4,8,8,0.0,0.0,0.0,1.0,1.0,1.5,2.5,-0.006846499999999978,-1.1090094999999998,1.1021629999999998,-0.006846499999999978,-1.1090094999999998,1.240291,0.9502349999999999,0.977952,1.8634849999999998,-208550.0,0.6039312505934858
2021-09-25,Chelsea,Man City,0.0,1.0,0.194202,1.69244,3,3,6,3,2.4,2.2,0.2,0.2,14.6,20.4,5.6,5.4,6.2,9.4,-3.2,0.8,1.0,-0.19999999999999996,A,-85.5247764858791,-5.799999999999999,0.1999999999999993,0.4285714285714286,0.40740740740740744,6,7,0.0,0.0,0.0,3.0,0.0,0.5,0.5,0.8589795999999998,2.0999946400000002,-1.2410150400000004,0.8589795999999998,2.0999946400000002,1.20431,2.428215,0.7475955,0.9301200000000001,-85500.0,0.9145
2021-09-25,Man United,Aston Villa,0.0,1.0,1.9251,1.57249,6,6,6,0,2.6,1.6,0.8,1.4,15.8,12.2,6.4,3.6,7.4,5.2,2.2,1.8,2.4,-0.5999999999999999,A,134.7469761518223,3.6000000000000014,2.8000000000000003,0.40625,0.4444444444444445,6,7,0.0,0.0,0.0,4.5,1.0,1.0,3.0,0.8552386000000003,-0.07751299999999994,0.9327516000000002,0.8552386000000003,-0.07751299999999994,2.2078699999999998,1.155335,0.5951919999999999,1.285945,281400.0,1.5769349051768324
2021-09-25,Everton,Norwich,2.0,0.0,2.26681,0.800903,14,10,6,0,2.0,0.4,1.4,2.8,14.0,10.2,5.2,2.6,4.8,4.2,0.5999999999999996,2.0,1.2,0.8,H,302.7789251436909,3.8000000000000007,2.6,0.3846153846153846,0.15384615384615385,7,7,0.0,0.0,0.0,3.0,1.0,0.0,3.0,0.7013385999999999,-1.29023684,1.9915754399999999,0.7013385999999999,-1.29023684,2.096245,0.30115040000000004,1.2006055,2.562215,315850.0,2.935355392156863
2021-09-25,Leeds,West Ham,1.0,2.0,1.1967,1.98962,-8,-5,1,4,1.0,2.2,2.4,1.4,14.0,12.2,4.4,5.4,4.8,5.4,-0.6000000000000005,2.2,0.4,1.8000000000000003,A,-69.27812755241939,1.8000000000000007,-1.0,0.22727272727272727,0.40740740740740744,8,6,0.0,0.0,0.0,1.0,2.5,2.0,1.0,-1.1302462,0.5130744,-1.6433206,-1.1302462,0.5130744,0.8093035,1.8673985,3.129365,1.1856974999999998,-55450.0,0.8437588052972669
2021-09-25,Leicester,Burnley,2.0,2.0,2.16233,0.428866,7,5,3,0,1.0,0.6,1.6,1.8,8.6,12.8,2.6,3.6,5.6,6.0,-0.40000000000000036,1.0,1.8,-0.8,D,119.4051142017729,-4.200000000000001,-1.0,0.3846153846153846,0.16666666666666666,6,7,0.0,0.0,0.0,0.5,0.5,0.5,2.5,-0.9313375999999999,-0.39110440000000013,-0.5402331999999997,-0.9313375999999999,-0.39110440000000013,0.734091,1.255537,2.0388599999999997,2.221655,388700.0,3.8197315923104824
2021-09-25,Watford,Newcastle,1.0,1.0,0.904061,2.52338,7,4,3,0,1.2,1.2,1.6,2.6,10.0,13.0,4.0,3.8,4.2,4.4,-0.20000000000000018,2.0,2.0,0.0,D,-50.66901633515863,-3.0,0.20000000000000018,0.3,0.3157894736842105,7,8,0.0,0.0,0.0,1.5,2.0,0.5,3.0,-0.44302220000000014,-1.3113675999999999,0.8683453999999997,-0.44302220000000014,-1.3113675999999999,0.7678834999999999,0.626836,1.8481999999999998,1.97876,-157700.0,0.4976107040458745
2021-09-25,Brentford,Liverpool,3.0,3.0,2.94058,2.25736,-9,-5,3,6,1.0,2.4,0.4,0.2,9.4,25.0,2.4,8.6,2.4,10.4,-8.0,1.8,1.0,0.8,D,-214.69172200515368,-15.6,-6.199999999999999,0.4166666666666667,0.27906976744186046,7,7,0.0,0.0,0.0,1.0,0.5,3.0,0.0,0.6836491999999997,1.9573592,-1.2737100000000003,0.6836491999999997,1.9573592,1.308983,3.09444,0.6558759999999999,0.992907,-645600.0,0.29742082925236696
2021-09-26,Southampton,Wolves,0.0,1.0,0.909342,0.909833,1,1,2,3,0.8,0.4,1.2,1.0,11.4,16.4,3.4,4.0,5.8,5.2,0.5999999999999996,2.0,2.6,-0.6000000000000001,A,-16.487916901598055,-4.999999999999998,-0.6000000000000001,0.23529411764705885,0.1,8,8,0.0,0.0,0.0,0.5,0.5,1.0,0.5,-0.3959003999999997,0.4730396000000001,-0.8689399999999998,-0.3959003999999997,0.4730396000000001,0.6398305,1.94318,1.4935685,0.42674449999999997,-102650.0,0.7276827165406553
2021-09-26,Arsenal,Tottenham,3.0,1.0,1.44499,0.980166,-4,-3,3,3,0.4,0.6,1.8,1.2,14.4,9.2,3.4,4.0,5.0,4.8,0.20000000000000018,1.4,2.0,-0.6000000000000001,H,32.591301090718844,5.200000000000001,-0.6000000000000001,0.11764705882352942,0.15,8,7,0.0,0.0,0.0,0.5,1.0,0.5,1.5,-1.1599824000000003,-1.0406116799999998,-0.11937072000000049,-1.1599824000000003,-1.0406116799999998,1.6576245,0.9019623,2.109306,2.202495,-76300.0,0.8893160223398854
2021-09-27,Crystal Palace,Brighton,1.0,1.0,1.36836,0.649566,-9,-7,4,6,1.0,1.4,1.6,0.8,10.2,11.4,2.2,4.2,4.2,5.4,-1.2000000000000002,1.2,2.0,-0.8,D,-55.82353977698108,-1.200000000000001,-2.0,0.45454545454545453,0.3333333333333333,9,8,0.0,0.0,0.0,1.5,0.0,1.5,0.5,-0.010004319999999955,0.038652800000000154,-0.04865712000000011,-0.010004319999999955,0.038652800000000154,1.7500165,0.9866010000000001,0.3950018,1.2626330000000001,-46950.0,0.8523584905660377
2021-10-02,Brighton,Arsenal,0.0,0.0,1.11551,0.36431,4,1,6,3,1.2,1.0,0.8,1.6,10.2,12.4,3.4,4.0,5.2,4.8,0.40000000000000036,2.4,1.8,0.5999999999999999,D,-61.85015111699022,-2.200000000000001,-0.6000000000000001,0.35294117647058826,0.25,5,6,0.0,0.0,0.0,1.3333333333333333,1.0,0.3333333333333333,2.3333333333333335,-0.08306999999999998,-0.8941516000000003,0.8110816000000003,-0.08306999999999998,-0.8941516000000003,1.3183206666666667,0.746645,1.0698779999999999,2.378828,-295050.0,0.5187178859799364
2021-10-02,Wolves,Newcastle,2.0,1.0,1.15849,0.865217,3,3,0,1,0.6,1.0,0.8,2.0,14.0,13.6,4.0,4.4,5.4,4.2,1.2000000000000002,2.2,2.4,-0.19999999999999973,H,31.22855391782423,0.40000000000000036,-0.40000000000000036,0.15,0.22727272727272727,6,7,0.0,0.0,0.0,0.0,1.3333333333333333,0.6666666666666666,2.3333333333333335,0.3413261999999999,-0.7214778000000002,1.062804,0.3413261999999999,-0.7214778000000002,1.443393333333333,1.2590173333333332,1.665951,1.620527,63050.0,1.2008601465434852
2021-10-02,Leeds,Watford,1.0,0.0,1.57388,0.192794,-5,-1,1,3,1.0,0.8,1.8,1.4,15.0,10.4,4.8,3.4,5.0,4.8,0.20000000000000018,2.4,2.2,0.19999999999999973,H,136.51820493648415,4.6,1.4,0.20833333333333334,0.23529411764705885,7,7,0.0,0.0,0.0,1.0,2.3333333333333335,1.0,1.3333333333333333,-1.0740026000000005,-0.8095219999999997,-0.26448060000000073,-1.0740026000000005,-0.8095219999999997,0.9384356666666668,1.1427033333333332,2.74945,1.1608626666666668,143250.0,1.9170934699103712
2021-10-02,Man United,Everton,1.0,1.0,1.0496,1.32211,1,0,6,4,1.6,1.8,0.8,1.2,18.2,13.4,5.6,4.8,7.4,4.8,2.6000000000000005,2.0,2.0,0.0,D,105.19549309702938,4.799999999999999,0.7999999999999998,0.28571428571428575,0.375,7,7,0.0,0.0,0.0,3.0,1.0,1.3333333333333333,1.6666666666666667,0.710933,0.6329142000000001,0.07801879999999994,0.710933,0.6329142000000001,2.1136133333333333,1.3869483333333334,0.9209579999999998,0.8151436666666666,290100.0,1.6055735309466652
2021-10-02,Burnley,Norwich,0.0,0.0,0.584725,0.673617,1,2,1,0,0.8,0.4,1.8,2.6,11.8,9.4,3.6,2.4,5.4,4.4,1.0,2.2,1.6,0.6000000000000001,D,149.14722411021555,2.4000000000000004,1.2000000000000002,0.22222222222222224,0.16666666666666669,7,7,0.0,0.0,0.0,0.6666666666666666,1.3333333333333333,0.0,2.6666666666666665,-0.7598331999999999,-1.4926222399999998,0.7327890399999999,-0.7598331999999999,-1.4926222399999998,1.427358,0.4677346,1.4351200000000002,2.4637466666666668,-25350.0,0.8446691176470589
2021-10-02,Chelsea,Southampton,3.0,1.0,3.79243,1.52634,11,6,6,2,1.8,0.6,0.4,0.8,13.0,13.8,4.4,4.0,6.0,5.2,0.7999999999999998,1.4,2.0,-0.6000000000000001,H,230.50173161681076,-0.8000000000000007,0.40000000000000036,0.40909090909090906,0.15,7,6,0.0,0.0,0.0,2.0,0.3333333333333333,1.0,1.6666666666666667,0.38625420000000044,-0.03439279999999978,0.4206470000000002,0.38625420000000044,-0.03439279999999978,0.8676073333333333,1.5106279999999999,1.0625436666666666,1.6013033333333333,640200.0,3.333940940576012
2021-10-03,Crystal Palace,Leicester,2.0,2.0,1.1703,1.04322,-1,2,5,3,1.2,1.2,1.2,2.0,11.0,11.2,2.6,2.6,5.0,6.2,-1.2000000000000002,1.6,1.2,0.40000000000000013,D,-61.047728124692185,-0.1999999999999993,0.0,0.4615384615384615,0.4615384615384615,6,8,0.0,0.0,0.0,1.3333333333333333,0.3333333333333333,1.3333333333333333,2.3333333333333335,0.3068322799999996,-0.4528331999999997,0.7596654799999993,0.3068322799999996,-0.4528331999999997,1.6227976666666668,1.0514,0.47985653333333333,1.7337833333333332,-255500.0,0.5147659291615231
2021-10-03,Tottenham,Aston Villa,2.0,1.0,1.78187,1.07395,-4,-4,6,3,0.6,1.4,1.8,0.8,8.6,11.4,4.2,3.8,5.0,5.4,-0.40000000000000036,1.8,2.6,-0.8,H,53.05829151035391,-2.8000000000000007,0.40000000000000036,0.14285714285714285,0.3684210526315789,7,8,0.0,0.0,0.0,0.6666666666666666,1.0,1.0,2.0,-0.9244344800000003,-0.10539900000000002,-0.8190354800000003,-0.9244344800000003,-0.10539900000000002,0.895591,1.2943866666666668,1.7629220000000003,1.4989966666666668,201600.0,1.4133264992311636
2021-10-03,West Ham,Brentford,1.0,2.0,1.37258,1.30098,3,2,4,5,1.8,1.2,1.2,1.0,14.6,10.2,5.0,2.6,5.6,2.4,3.1999999999999997,0.8,2.0,-1.2,A,66.88952008440151,4.4,2.4,0.36,0.4615384615384615,8,8,0.0,0.0,0.0,2.3333333333333335,1.6666666666666667,1.0,0.3333333333333333,0.4056324000000002,0.6474272,-0.24179479999999975,0.4056324000000002,0.6474272,1.8002366666666667,1.3909896666666668,1.39958,0.686979,81600.0,1.2985729967069155
2021-10-03,Liverpool,Man City,2.0,2.0,0.949368,1.04319,4,-2,7,6,2.4,2.4,0.8,0.0,24.4,19.8,8.2,5.4,10.4,9.8,0.5999999999999996,1.0,1.2,-0.19999999999999996,D,-40.81870709289728,4.599999999999998,2.799999999999999,0.29268292682926833,0.4444444444444444,8,8,0.0,0.0,0.0,2.0,0.3333333333333333,0.6666666666666666,0.3333333333333333,1.7299191999999997,2.19050024,-0.46058104000000033,1.7299191999999997,2.19050024,2.497333333333333,2.1829566666666667,0.6360899999999999,0.6848139999999999,-81100.0,0.9189
2021-10-16,Southampton,Leeds,1.0,0.0,1.83082,0.446173,-1,-2,2,2,0.6,0.8,1.2,1.4,13.4,15.6,3.8,4.8,4.2,4.6,-0.39999999999999947,2.2,2.0,0.20000000000000018,H,-58.52592859765218,-2.1999999999999993,-1.0,0.15789473684210525,0.16666666666666669,14,14,0.0,0.0,0.0,0.3333333333333333,0.6666666666666666,1.0,2.3333333333333335,-0.15276999999999985,-0.6195779999999997,0.4668079999999999,-0.15276999999999985,-0.6195779999999997,0.7296676666666667,1.173024,1.29899,1.51006,-25150.0,0.9160126899315412
2021-10-16,Brentford,Chelsea,0.0,1.0,1.62169,0.248256,-6,-2,4,7,1.6,2.0,1.2,0.6,10.0,12.6,3.2,5.2,2.6,5.8,-3.1999999999999997,2.4,1.6,0.7999999999999998,A,-178.60762464561185,-2.5999999999999996,-2.0,0.5,0.3846153846153846,13,14,0.0,0.0,0.0,1.6666666666666667,1.3333333333333333,2.0,0.3333333333333333,0.6118819999999998,0.237228,0.3746539999999998,0.6118819999999998,0.237228,1.8528486666666668,2.267286,1.1897039999999999,1.1401296666666667,-641200.0,0.29885183160196827
2021-10-16,Norwich,Brighton,0.0,0.0,1.16088,1.17572,-14,-7,0,7,0.4,0.8,1.6,0.8,11.2,11.8,2.8,3.2,5.2,5.4,-0.20000000000000018,2.0,2.0,0.0,D,-246.6279428842145,-0.6000000000000014,-0.40000000000000036,0.14285714285714288,0.25,14,14,0.0,0.0,0.0,0.6666666666666666,2.6666666666666665,1.3333333333333333,0.6666666666666666,-0.9919896,-0.20717719999999984,-0.7848124000000002,-0.9919896,-0.20717719999999984,1.1856016666666667,0.8742559999999999,1.82862,1.2978753333333333,-154800.0,0.5132075471698113
2021-10-16,Watford,Liverpool,0.0,5.0,0.302302,3.65553,-13,-5,4,7,0.8,2.4,1.2,1.2,9.4,20.2,3.4,7.2,5.0,9.4,-4.4,2.8,1.6,1.1999999999999997,A,-312.5870195689711,-10.799999999999999,-3.8000000000000003,0.23529411764705885,0.3333333333333333,14,13,0.0,0.0,0.0,1.3333333333333333,1.6666666666666667,3.0,1.0,-0.8113920000000002,1.3213575999999998,-2.1327496,-0.8113920000000002,1.3213575999999998,0.8132760000000001,2.8154133333333333,2.07326,1.6421313333333334,-762700.0,0.1699858526499075
2021-10-16,Leicester,Man United,4.0,2.0,2.96611,1.02494,-8,-5,4,7,1.4,1.6,1.6,0.8,12.0,17.8,3.4,6.0,6.8,8.0,-1.2000000000000002,1.6,1.6,0.0,H,-89.86206958732646,-5.800000000000001,-2.6,0.4117647058823529,0.26666666666666666,13,14,0.0,0.0,0.0,1.0,1.0,1.3333333333333333,0.6666666666666666,-0.14637520000000026,0.32159019999999994,-0.4679654000000002,-0.14637520000000026,0.32159019999999994,1.2101706666666667,1.7004043333333332,1.5021953333333335,1.3501253333333334,-242600.0,0.6845868816225704
2021-10-16,Aston Villa,Wolves,2.0,3.0,1.21276,2.19633,2,-2,7,6,1.2,1.0,1.2,0.8,12.2,10.4,4.0,3.4,6.4,4.4,2.0,2.2,2.0,0.20000000000000018,A,9.67290315684636,1.799999999999999,0.6000000000000001,0.3,0.29411764705882354,13,14,0.0,0.0,0.0,2.0,0.3333333333333333,1.0,0.3333333333333333,-0.35750899999999985,0.4429987999999998,-0.8005077999999997,-0.35750899999999985,0.4429987999999998,0.7978133333333334,1.598731,0.8399283333333333,0.5876103333333332,110800.0,1.2939381880886058
2021-10-16,Man City,Burnley,2.0,0.0,2.15712,1.07719,14,8,7,1,1.8,0.8,0.4,1.4,19.0,12.8,5.2,3.8,9.4,6.4,3.0,1.6,3.2,-1.6,H,341.83163239088344,6.199999999999999,1.4000000000000004,0.34615384615384615,0.2105263157894737,13,14,0.0,0.0,0.0,3.3333333333333335,0.0,1.0,2.3333333333333335,1.7264104000000002,-0.3878144000000001,2.1142248000000006,1.7264104000000002,-0.3878144000000001,2.7121733333333338,0.97998,0.2109122666666667,2.20188,862150.0,7.254261878853827
2021-10-17,Everton,West Ham,0.0,1.0,0.854165,2.03034,4,5,9,7,1.6,1.2,1.0,1.4,12.4,15.6,3.6,4.6,4.0,5.8,-1.7999999999999998,1.4,1.2,0.19999999999999996,A,-42.95236529049998,-3.1999999999999993,-0.9999999999999996,0.4444444444444445,0.2608695652173913,15,14,0.0,0.0,0.0,2.6666666666666665,0.6666666666666666,2.0,1.0,0.5092088000000004,0.08807839999999989,0.42113040000000046,0.5092088000000004,0.08807839999999989,2.1531,1.908139,1.0673713333333334,1.189365,124150.0,1.34981684981685
2021-10-17,Newcastle,Tottenham,2.0,3.0,0.645658,1.55008,-8,-3,2,3,1.2,0.8,2.0,2.0,13.4,10.4,4.6,4.6,4.2,5.2,-1.0,2.0,1.4,0.6000000000000001,A,-150.70331304810134,3.0,0.0,0.2608695652173913,0.1739130434782609,15,14,0.0,0.0,0.0,1.6666666666666667,2.3333333333333335,0.6666666666666666,2.0,-0.6696064000000002,-0.8258684800000001,0.15626207999999997,-0.6696064000000002,-0.8258684800000001,1.3489033333333333,0.9280301999999999,2.6332333333333335,1.9499933333333332,-375450.0,0.45535649524914773
2021-10-18,Arsenal,Crystal Palace,2.0,2.0,1.7436,0.492239,1,4,6,1,1.0,1.6,1.2,1.6,12.8,13.2,3.8,3.0,4.0,4.6,-0.5999999999999996,1.4,1.4,0.0,D,107.2676334402222,-0.3999999999999986,0.7999999999999998,0.2631578947368421,0.5333333333333333,16,15,0.0,0.0,0.0,1.3333333333333333,1.0,0.6666666666666666,2.6666666666666665,-0.4421474000000003,0.3534734799999999,-0.7956208800000002,-0.4421474000000003,0.3534734799999999,1.5867463333333334,0.8808163333333333,1.732926,1.8008333333333333,342000.0,2.261759822910902
2021-10-22,Arsenal,Aston Villa,3.0,1.0,3.4984,1.41088,1,5,7,3,1.4,1.4,0.6,1.6,16.0,13.6,5.0,4.0,5.2,7.0,-1.7999999999999998,1.2,2.0,-0.8,H,105.21556768585128,2.4000000000000004,1.0,0.27999999999999997,0.35,4,6,0.0,0.0,0.0,1.5,1.25,1.0,2.0,0.6793097999999999,-0.41389180000000003,1.0932016,0.6793097999999999,-0.41389180000000003,1.6259597499999998,1.2392775,1.42275425,1.569715,125300.0,1.2568939005638133
2021-10-23,Brighton,Man City,1.0,4.0,1.1695,3.57376,-1,-2,7,7,0.8,1.2,0.4,0.4,11.2,17.0,3.2,4.4,5.4,7.8,-2.3999999999999995,2.8,1.6,1.1999999999999997,A,-243.37146200380425,-5.800000000000001,-1.2000000000000002,0.25,0.2727272727272727,7,7,0.0,0.0,0.0,1.0,0.75,1.0,0.75,-0.034797600000000095,1.0712113999999997,-1.1060089999999998,-0.034797600000000095,1.0712113999999997,1.2676180000000001,1.898015,0.893486,0.7509525,-682000.0,0.318
2021-10-23,Southampton,Burnley,2.0,2.0,1.42567,0.673195,3,3,5,1,0.4,0.6,0.8,1.6,12.8,11.8,3.6,3.6,5.0,5.8,-0.7999999999999998,2.0,2.4,-0.3999999999999999,D,46.6903272462082,1.0,0.0,0.11111111111111112,0.16666666666666666,7,7,0.0,0.0,0.0,0.5,0.5,0.75,2.25,-0.3297585999999999,-0.6418483999999998,0.31208979999999986,-0.3297585999999999,-0.6418483999999998,1.00495575,1.0042825,1.0857857499999999,2.19069,136450.0,1.9898440333696046
2021-10-23,Leeds,Wolves,1.0,1.0,1.71313,0.858644,-6,-8,4,9,0.6,1.6,1.4,1.0,13.8,9.2,4.4,3.0,3.8,4.8,-1.0,2.0,2.0,0.0,D,19.24972289898892,4.600000000000001,1.4000000000000004,0.13636363636363635,0.5333333333333333,7,7,0.0,0.0,0.0,1.0,1.75,1.5,0.75,-0.8584594000000001,0.4693794,-1.3278388,-0.8584594000000001,0.4693794,1.09729675,1.74813075,2.110286,0.74389775,-77500.0,0.794402440641995
2021-10-23,Everton,Watford,2.0,5.0,1.84089,3.10344,9,3,9,3,1.2,0.8,1.2,2.0,12.6,8.8,3.0,3.4,4.4,4.6,-0.1999999999999993,1.0,2.2,-1.2000000000000002,A,106.18677066504074,3.799999999999999,-0.3999999999999999,0.39999999999999997,0.23529411764705885,6,7,0.0,0.0,0.0,2.0,0.75,0.75,1.25,0.10456219999999994,-1.4170482000000002,1.5216104000000001,0.10456219999999994,-1.4170482000000002,1.82836625,0.905226,1.3081135,1.2641170000000002,322850.0,3.066901408450704
2021-10-23,Chelsea,Norwich,7.0,0.0,3.10509,0.267429,18,10,9,1,2.0,0.2,0.4,1.2,12.4,11.4,4.8,2.6,6.2,5.0,1.2000000000000002,1.4,2.2,-0.8000000000000003,H,410.9021295949144,1.0,2.1999999999999997,0.4166666666666667,0.07692307692307693,7,7,0.0,0.0,0.0,2.25,0.5,0.0,2.0,0.2647375999999997,-1.0283835999999997,1.2931211999999994,0.2647375999999997,-1.0283835999999997,1.5988129999999998,0.5192052,1.17849275,1.99399125,751300.0,5.603553921568627
2021-10-23,Crystal Palace,Newcastle,1.0,1.0,2.25588,0.721813,4,4,6,1,1.6,1.2,1.6,2.2,13.2,12.8,3.8,3.8,4.8,3.8,1.0,1.6,2.2,-0.6000000000000001,D,38.61011432887199,0.3999999999999986,0.0,0.4210526315789474,0.3157894736842105,5,6,0.0,0.0,0.0,1.5,0.75,0.75,2.25,0.05738127999999976,-0.39657280000000017,0.4539540799999999,0.05738127999999976,-0.39657280000000017,1.50967325,1.16056725,0.6206974000000001,1.50501775,-42850.0,0.8634915578209621
2021-10-24,Brentford,Leicester,1.0,2.0,1.16789,1.00254,1,2,4,4,1.4,1.8,1.2,1.8,11.6,14.6,4.2,5.0,3.2,5.8,-2.5999999999999996,2.0,1.4,0.6000000000000001,A,-84.15210102340143,-3.0,-0.7999999999999998,0.3333333333333333,0.36,8,8,0.0,0.0,0.0,1.25,1.25,1.5,2.25,0.7462376,0.27528480000000033,0.4709527999999996,0.7462376,0.27528480000000033,1.795059,1.0493549999999998,0.9543419999999999,1.5929125,-253250.0,0.5190390276327035
2021-10-24,West Ham,Tottenham,1.0,0.0,1.73468,0.672198,-2,1,4,6,1.0,1.2,1.0,2.4,16.0,10.2,4.6,3.8,6.6,5.0,1.5999999999999996,1.4,1.0,0.3999999999999999,H,35.2081502005492,5.800000000000001,0.7999999999999998,0.2173913043478261,0.3157894736842105,7,7,0.0,0.0,0.0,2.0,1.75,1.25,2.0,0.36913340000000017,-0.7099734800000002,1.0791068800000003,0.36913340000000017,-0.7099734800000002,1.6933224999999998,1.08354265,1.37493,1.6239095,-334450.0,0.5148328135199826
2021-10-24,Man United,Liverpool,0.0,5.0,1.35584,4.04765,-4,-4,7,10,1.8,3.2,1.6,1.0,19.4,19.2,6.6,7.4,7.2,8.8,-1.6000000000000005,1.4,1.6,-0.20000000000000018,A,-88.81332701771771,0.1999999999999993,-0.8000000000000007,0.27272727272727276,0.43243243243243246,8,8,0.0,0.0,0.0,2.5,1.0,3.5,0.75,0.1036895999999996,1.6898068,-1.5861172000000003,0.1036895999999996,1.6898068,1.8476100000000002,3.0254424999999996,1.0212459999999999,1.307174,-149750.0,0.8370334095113723
2021-10-30,Newcastle,Chelsea,0.0,3.0,0.157616,2.16608,-18,-9,2,10,1.2,2.8,1.6,0.4,11.6,14.6,3.6,6.6,4.6,6.4,-1.8000000000000007,3.0,1.2,1.8,A,-255.00990469552585,-3.0,-2.9999999999999996,0.3333333333333333,0.42424242424242425,7,7,0.0,0.0,0.0,1.75,2.5,1.75,0.25,-0.2731425999999999,0.8226617999999999,-1.0958043999999998,-0.2731425999999999,0.8226617999999999,1.173092,1.7625285,2.362445,1.2605197499999998,-600600.0,0.3432476763258611
2021-10-30,Tottenham,Man United,0.0,3.0,1.15787,1.38612,1,2,9,7,1.2,1.0,2.0,2.4,11.2,17.6,4.4,6.0,5.4,7.0,-1.5999999999999996,1.0,2.4,-1.4,A,-88.38656244479694,-6.400000000000002,-1.5999999999999996,0.2727272727272727,0.16666666666666666,6,6,0.0,0.0,0.0,1.0,1.0,1.5,1.5,-0.35923879999999997,-0.864916,0.5056772,-0.35923879999999997,-0.864916,1.11716075,1.53153825,1.590679,1.7541215000000001,-79800.0,0.8962491061561464
2021-10-30,Man City,Crystal Palace,0.0,2.0,0.65739,1.05029,12,7,10,2,1.8,1.2,0.6,1.8,16.6,12.6,5.6,3.6,7.4,3.8,3.6000000000000005,1.8,1.8,0.0,A,225.5889886266291,4.000000000000002,1.9999999999999996,0.32142857142857145,0.3333333333333333,7,7,0.0,0.0,0.0,3.0,0.0,1.0,2.5,1.1619674,-0.1990364,1.3610038,1.1619674,-0.1990364,2.57341,0.7836719999999999,0.4274817,1.7865249999999997,728950.0,3.689356207341819
2021-10-30,Watford,Southampton,0.0,1.0,0.852556,1.90757,1,2,4,2,1.8,0.8,2.0,1.2,11.6,13.8,4.6,3.8,4.4,5.2,-0.7999999999999998,2.2,1.6,0.6000000000000001,A,-65.95530959266034,-2.200000000000001,0.7999999999999998,0.391304347826087,0.2105263157894737,7,7,0.0,0.0,0.0,1.0,2.5,1.0,2.0,-0.6897755999999999,-0.17260919999999969,-0.5171664000000002,-0.6897755999999999,-0.17260919999999969,0.6855325000000001,1.5145559999999998,2.4688275,2.1490850000000004,-118100.0,0.5694495078381334
2021-10-30,Burnley,Brentford,3.0,1.0,2.72901,0.834312,-6,-4,2,8,0.8,1.6,1.4,1.4,11.4,13.2,3.4,5.0,5.0,4.8,0.20000000000000018,2.8,1.6,1.1999999999999997,H,-37.28388716967788,-1.799999999999999,-1.6,0.23529411764705885,0.32,7,6,0.0,0.0,0.0,0.5,1.0,1.25,0.5,-0.7956934,0.6909308000000003,-1.4866242000000003,-0.7956934,0.6909308000000003,1.21669975,1.3684872499999998,1.2447442499999999,0.85837925,-135450.0,0.504390779363337
2021-10-30,Leicester,Arsenal,0.0,2.0,1.98801,1.10288,1,-3,7,4,2.2,1.8,1.8,0.8,15.4,14.4,6.0,5.4,5.2,5.0,0.20000000000000018,1.4,1.4,0.0,A,-57.92948127191812,1.0,0.5999999999999996,0.3666666666666667,0.3333333333333333,6,8,0.0,0.0,0.0,1.75,1.25,0.25,1.75,0.6323108000000002,0.6752422000000003,-0.042931400000000175,0.6323108000000002,0.6752422000000003,1.6491555,0.6510612499999999,1.3828814999999999,2.0629985,-86500.0,0.8589022102601745
2021-10-30,Liverpool,Brighton,2.0,2.0,1.39778,1.51032,5,5,8,8,3.6,0.8,1.0,1.2,17.0,12.4,7.2,3.8,7.2,5.6,1.6000000000000005,1.4,2.8,-1.4,D,192.3841752342873,4.6,3.4000000000000004,0.5,0.2105263157894737,6,7,0.0,0.0,0.0,2.0,0.75,1.0,0.5,1.4783516000000003,-0.4272727999999999,1.9056244000000002,1.4783516000000003,-0.4272727999999999,2.110342,0.949622,0.737865,1.2636265,600900.0,2.889622641509434
2021-10-31,Norwich,Leeds,1.0,2.0,0.661887,1.16855,-2,-3,1,2,0.2,0.8,2.4,1.0,10.0,15.6,2.6,4.4,4.2,4.6,-0.39999999999999947,2.2,2.0,0.20000000000000018,A,-258.95271872852595,-5.6,-1.8000000000000003,0.07692307692307693,0.18181818181818182,8,8,0.0,0.0,0.0,0.5,2.0,0.75,2.0,-1.1743441999999997,0.06225500000000017,-1.2365992,-1.1743441999999997,0.06225500000000017,1.1794212499999999,0.99131125,1.665395,1.59025,-136250.0,0.5449991651360828
2021-10-31,Aston Villa,West Ham,1.0,4.0,0.687551,2.66391,-11,-3,7,10,1.6,1.2,1.6,1.0,12.0,16.0,3.6,4.8,5.6,6.2,-0.6000000000000005,2.2,1.6,0.6000000000000001,A,-135.08995831591528,-4.0,-1.1999999999999997,0.4444444444444445,0.25,9,7,0.0,0.0,0.0,2.0,1.0,1.75,0.75,-0.8217877999999998,0.5749753999999998,-1.3967631999999996,-0.8217877999999998,0.5749753999999998,0.9015500000000001,1.9386892499999997,1.17902875,1.105565,132850.0,1.3743307974077206
2021-11-01,Wolves,Everton,2.0,1.0,1.69344,1.69767,-2,6,3,5,1.4,1.0,1.2,2.0,8.0,12.8,2.8,2.6,3.8,4.2,-0.40000000000000036,2.0,1.6,0.3999999999999999,H,6.436336080494129,-4.800000000000001,0.19999999999999973,0.5,0.3846153846153846,9,9,0.0,0.0,0.0,0.5,1.25,1.25,1.5,-0.17628040000000023,-0.14459780000000033,-0.031682599999999894,-0.17628040000000023,-0.14459780000000033,1.3721675,1.37073875,1.4657675,0.87375775,-102100.0,0.7868698465713391
2021-11-05,Southampton,Aston Villa,1.0,0.0,0.89818,0.536077,1,4,6,3,1.0,1.2,1.2,2.4,14.2,10.8,3.6,3.6,5.8,5.2,0.5999999999999996,1.6,2.2,-0.6000000000000001,H,21.34083649747572,3.3999999999999986,0.0,0.2777777777777778,0.3333333333333333,6,5,0.0,0.0,0.0,0.8,0.8,1.0,2.2,0.18511100000000003,-1.2215958,1.4067068,0.18511100000000003,-1.2215958,1.0890986000000002,1.273598,1.0032676,1.955452,-213450.0,0.5623782675550999
2021-11-06,Man United,Man City,0.0,2.0,0.759561,2.04202,-2,-6,7,10,1.2,1.8,2.2,1.0,16.2,15.8,4.8,6.0,5.2,7.2,-2.0,3.0,2.2,0.7999999999999998,A,-107.23818281026364,0.3999999999999986,-1.2000000000000002,0.25,0.3,7,7,0.0,0.0,0.0,2.0,1.8,1.6,0.8,-0.8649259999999994,0.9366699999999999,-1.8015959999999993,-0.8649259999999994,0.9366699999999999,1.7492559999999997,2.233164,1.6265268,0.8346620000000001,-230850.0,0.76915
2021-11-06,Brentford,Norwich,1.0,2.0,2.79229,1.15797,7,2,4,1,1.4,0.2,2.0,2.2,13.8,10.4,5.4,2.2,4.8,4.4,0.39999999999999947,1.4,2.2,-0.8000000000000003,A,154.0490594865248,3.4000000000000004,3.2,0.25925925925925924,0.09090909090909091,7,6,0.0,0.0,0.0,1.2,1.4,0.0,3.0,0.0511412,-0.9472358000000001,0.9983770000000001,0.0511412,-0.9472358000000001,1.6696251999999998,0.46884996,0.9639816,2.2162110000000004,110100.0,1.6746323529411764
2021-11-06,Chelsea,Burnley,1.0,1.0,3.00585,0.674072,17,6,12,2,2.8,1.4,0.4,1.4,14.4,10.8,5.8,4.0,4.6,4.2,0.39999999999999947,1.4,2.6,-1.2000000000000002,D,237.7352057199505,3.5999999999999996,1.7999999999999998,0.48275862068965514,0.35,7,7,0.0,0.0,0.0,3.2,0.4,1.0,2.2,0.8481086,-0.3520126000000001,1.2001212,0.8481086,-0.3520126000000001,1.9000683999999999,0.9380649999999999,0.9962799999999999,2.037686,776650.0,6.634022488211825
2021-11-06,Crystal Palace,Wolves,2.0,0.0,2.65161,0.25416,-7,-6,7,10,1.6,1.8,1.2,1.0,11.6,7.8,3.8,3.6,3.0,3.8,-0.7999999999999998,2.2,1.4,0.8000000000000003,H,22.31931216344537,3.8,0.19999999999999973,0.4210526315789474,0.5,7,5,0.0,0.0,0.0,1.4,0.8,1.4,0.8,0.3042959999999999,0.08372359999999968,0.22057240000000022,0.3042959999999999,0.08372359999999968,1.6589146,1.5702334,0.6409205200000001,0.9377442,-105900.0,0.7190608834062873
2021-11-06,Brighton,Newcastle,1.0,1.0,1.43123,0.227321,13,2,7,2,0.8,1.0,1.4,2.0,11.8,9.4,4.0,2.4,5.4,3.8,1.6000000000000005,2.8,3.2,-0.40000000000000036,D,81.0810526348937,2.4000000000000004,1.6,0.2,0.4166666666666667,7,7,0.0,0.0,0.0,1.0,1.4,0.8,2.0,-0.4488947999999999,-0.6241813999999998,0.17528659999999985,-0.4488947999999999,-0.6241813999999998,1.2479944,1.0728164000000002,1.4295408000000003,1.6551902000000003,4100.0,1.0130614845492194
2021-11-07,Arsenal,Watford,1.0,0.0,1.49208,0.491659,9,7,10,6,2.0,1.2,0.8,2.0,13.6,11.2,5.8,3.8,5.6,3.8,1.7999999999999998,1.2,2.4,-1.2,H,223.37221150303023,2.4000000000000004,2.0,0.3448275862068966,0.3157894736842105,8,8,0.0,0.0,0.0,1.8,1.2,1.6,1.4,0.43347499999999983,-1.2292194000000003,1.6626944000000001,0.43347499999999983,-1.2292194000000003,2.0004478,1.3448688,1.4203793999999998,1.3794715999999998,456850.0,3.924775928297055
2021-11-07,Everton,Tottenham,0.0,0.0,0.597906,0.801798,-1,-2,9,6,1.2,1.2,1.8,2.0,13.4,11.4,3.4,4.0,4.0,6.4,-2.4000000000000004,1.6,1.4,0.20000000000000018,D,-45.66335089725317,2.0,-0.6000000000000001,0.35294117647058826,0.3,6,8,0.0,0.0,0.0,2.0,1.6,1.0,1.8,-0.1392156,-0.02864280000000008,-0.11057279999999992,-0.1392156,-0.02864280000000008,1.8308709999999997,1.00127372,1.6671787999999998,1.6460636000000002,-210300.0,0.6949300065278886
2021-11-07,Leeds,Leicester,1.0,1.0,1.96551,0.795292,-5,-1,5,7,1.0,2.0,1.0,1.8,13.8,15.8,3.8,7.0,3.6,4.8,-1.1999999999999997,2.4,1.6,0.7999999999999998,D,-29.81483328722402,-2.0,-3.2,0.2631578947368421,0.2857142857142857,7,8,0.0,0.0,0.0,1.0,1.6,1.6,2.0,0.11293360000000008,0.8534667999999996,-0.7405331999999996,0.11293360000000008,0.8534667999999996,1.2204634,1.039992,1.8599576,1.507908,-227100.0,0.5687019276421992
2021-11-07,West Ham,Liverpool,3.0,2.0,1.25298,1.45641,-1,3,7,13,1.8,3.4,0.8,1.4,17.6,14.8,5.8,5.8,7.0,6.2,0.7999999999999998,2.0,1.2,0.8,H,-55.420997216468095,2.8000000000000007,0.0,0.3103448275862069,0.5862068965517241,7,8,0.0,0.0,0.0,1.8,1.4,3.8,0.6,1.0159071999999998,1.0310912000000008,-0.015184000000000974,1.0159071999999998,1.0310912000000008,1.701594,3.2298839999999998,1.2343836,1.3169072,-564000.0,0.386222657525302
2021-11-20,Wolves,West Ham,1.0,0.0,1.31903,0.436331,-5,-2,6,13,1.6,2.0,1.4,1.0,7.6,15.0,3.4,5.0,4.0,6.2,-2.2,1.6,1.8,-0.19999999999999996,H,-95.73836628581851,-7.4,-1.6,0.4705882352941177,0.4,14,13,0.0,0.0,0.0,0.8,1.2,2.2,0.8,-0.3958646000000001,0.8166372000000004,-1.2125018000000005,-0.3958646000000001,0.8166372000000004,1.4364219999999999,2.0837334,1.512148,1.0219622,22050.0,1.0621301775147929
2021-11-20,Watford,Man United,4.0,1.0,2.73393,1.66794,-10,-1,4,10,1.0,1.2,2.0,2.4,9.6,11.6,3.2,4.2,3.2,4.4,-1.2000000000000002,2.0,2.8,-0.7999999999999998,H,-185.9966891293666,-2.0,-1.0,0.3125,0.2857142857142857,13,14,0.0,0.0,0.0,0.8,2.2,1.8,1.2,-1.1054397999999996,-1.1919398,0.08650000000000047,-1.1054397999999996,-1.1919398,0.7189372,1.5024545999999999,2.356576,1.6348711999999999,-612950.0,0.2030813235389716
2021-11-20,Norwich,Southampton,2.0,1.0,0.43778,1.13118,-7,-5,1,5,0.6,1.2,2.0,1.0,10.2,12.4,2.8,3.0,4.0,6.8,-2.8,2.2,2.0,0.20000000000000018,H,-150.66285395619525,-2.200000000000001,-0.20000000000000018,0.2142857142857143,0.39999999999999997,14,15,0.0,0.0,0.0,0.6,2.0,1.0,1.6,-0.9809184000000002,0.2576297999999999,-1.2385482,-0.9809184000000002,0.2576297999999999,1.0759143999999998,1.5931587999999999,1.566026,1.8897792000000002,-111100.0,0.5949690120306234
2021-11-20,Liverpool,Arsenal,4.0,0.0,3.97374,0.268025,1,-3,9,7,3.2,1.6,1.4,0.6,14.8,14.0,5.6,5.6,4.4,5.6,-1.1999999999999993,1.2,1.6,-0.40000000000000013,H,97.96499468327738,0.8000000000000007,0.0,0.5714285714285715,0.28571428571428575,13,13,0.0,0.0,0.0,2.0,1.0,0.6,1.4,1.2084212,0.5405944,0.6678268,1.2084212,0.5405944,1.9678296,0.7414249999999999,0.892356,2.0480008,305850.0,1.498898947883533
2021-11-20,Burnley,Crystal Palace,3.0,3.0,1.04224,1.74839,-8,-3,5,5,1.2,1.8,1.2,1.0,10.0,12.6,3.8,4.4,3.8,2.6,1.1999999999999997,2.6,2.2,0.3999999999999999,D,-73.59937835287951,-2.5999999999999996,-0.6000000000000005,0.3157894736842105,0.40909090909090906,14,14,0.0,0.0,0.0,1.0,1.0,1.2,2.0,-0.47167539999999986,0.6400272,-1.1117025999999999,-0.47167539999999986,0.6400272,1.5191617999999998,0.8369956000000001,1.1626578,1.560698,-133200.0,0.5085777531820698
2021-11-20,Aston Villa,Brighton,2.0,0.0,1.06946,0.582787,-10,-4,7,9,1.0,0.8,2.6,1.4,12.2,13.0,3.6,4.2,5.8,4.8,1.0,2.2,2.8,-0.5999999999999996,H,-14.589868497178031,-0.8000000000000007,-0.6000000000000001,0.2777777777777778,0.19047619047619047,15,14,0.0,0.0,0.0,1.8,1.6,1.2,0.8,-1.2234944,-0.06435419999999992,-1.1591402000000002,-1.2234944,-0.06435419999999992,0.8587502,1.0617616,1.4760050000000002,1.2904571999999999,169750.0,1.5338050314465408
2021-11-20,Leicester,Chelsea,0.0,3.0,0.499504,2.57178,-11,-5,7,13,1.8,3.0,1.6,0.4,13.2,18.4,6.6,6.6,4.2,6.6,-2.3999999999999995,1.4,1.0,0.3999999999999999,A,-144.24131378503762,-5.199999999999999,0.0,0.27272727272727276,0.4545454545454546,13,14,0.0,0.0,0.0,1.4,1.4,2.0,0.2,0.27273040000000015,1.6141117999999999,-1.3413813999999997,0.27273040000000015,1.6141117999999999,1.7169263999999997,1.8432388,1.3268812,1.039939,-387950.0,0.575779114270093
2021-11-20,Newcastle,Brentford,3.0,3.0,2.18388,1.23275,-4,-1,2,8,1.0,1.0,2.0,1.8,6.6,15.2,1.4,6.0,3.6,5.6,-1.9999999999999996,3.4,1.6,1.7999999999999998,D,-5.40835582578643,-8.6,-4.6,0.7142857142857143,0.16666666666666666,14,14,0.0,0.0,0.0,1.4,2.6,1.2,1.0,-1.1888269999999999,0.24136120000000005,-1.4301882,-1.1888269999999999,0.24136120000000005,0.9699968,1.2616522,2.323172,1.2325054,40600.0,1.1485547017929016
2021-11-21,Tottenham,Leeds,2.0,1.0,2.31744,1.46689,7,-1,9,5,1.0,1.0,1.4,0.8,11.0,14.4,3.2,3.8,6.0,4.6,1.4000000000000004,2.0,2.0,0.0,H,60.90398779479483,-3.4000000000000004,-0.5999999999999996,0.3125,0.2631578947368421,14,14,0.0,0.0,0.0,0.8,1.4,1.0,1.8,0.10510039999999998,0.5055612,-0.40046080000000006,0.10510039999999998,0.5055612,1.1253026000000002,1.026759,1.5497672,1.4045774,389900.0,2.3020537652362667
2021-11-21,Man City,Everton,3.0,0.0,2.61302,0.266894,8,8,10,5,2.0,0.8,1.0,1.8,16.0,13.6,6.2,3.0,6.4,3.6,2.8000000000000003,2.2,1.6,0.6000000000000001,H,244.69459122374496,2.4000000000000004,3.2,0.3225806451612903,0.26666666666666666,15,14,0.0,0.0,0.0,2.4,0.4,1.2,1.6,0.8935142000000003,-0.4731753999999999,1.3666896000000002,0.8935142000000003,-0.4731753999999999,2.190206,1.4361249999999999,0.5520433600000001,1.0376942,520950.0,2.0874647740319383
2021-11-27,Arsenal,Newcastle,2.0,0.0,2.84493,0.185383,15,7,13,3,1.6,1.4,1.4,2.2,13.4,9.6,5.8,2.8,4.8,4.4,0.39999999999999947,1.4,3.4,-2.0,H,188.9983465662833,3.8000000000000007,3.0,0.27586206896551724,0.5,7,7,0.0,0.0,0.0,2.0,0.8,1.0,1.8,-0.050308599999999926,-0.9399464,0.8896378,-0.050308599999999926,-0.9399464,2.172844,0.9919546,0.7904472,1.7045842,299150.0,1.9530105129021982
2021-11-27,Crystal Palace,Aston Villa,1.0,2.0,0.962129,0.454305,6,6,9,3,2.0,1.2,1.2,2.2,12.6,11.2,5.2,4.0,3.6,5.2,-1.6,2.4,2.6,-0.20000000000000018,A,-2.6818736204090783,1.4000000000000004,1.2000000000000002,0.3846153846153846,0.3,7,7,0.0,0.0,0.0,1.8,0.8,0.6,1.8,0.7558412000000001,-0.9845757999999998,1.7404169999999999,0.7558412000000001,-0.9845757999999998,2.067974,1.1533773999999999,0.54926472,1.865016,-216700.0,0.5557150179395182
2021-11-27,Liverpool,Southampton,4.0,0.0,3.07278,0.966132,11,0,9,5,3.6,1.2,1.0,0.8,17.4,14.6,6.6,3.6,5.0,7.8,-2.8,1.0,1.8,-0.8,H,255.68839431856875,2.799999999999999,2.9999999999999996,0.5454545454545455,0.3333333333333333,7,7,0.0,0.0,0.0,2.4,1.0,1.0,1.4,1.9683286000000002,0.8495277999999998,1.1188008000000003,1.9683286000000002,0.8495277999999998,2.2346876,1.7032745999999999,0.8078682,1.4996092,644600.0,3.3499817717827196
2021-11-27,Norwich,Wolves,0.0,0.0,1.4047,0.297157,-13,-3,4,10,1.0,1.4,2.2,1.2,9.8,9.2,3.2,3.8,4.0,5.4,-1.4000000000000004,2.4,1.8,0.5999999999999999,D,-190.56014835406745,0.6000000000000014,-0.5999999999999996,0.3125,0.3684210526315789,7,7,0.0,0.0,0.0,1.0,1.6,1.4,1.0,-1.1373768000000002,-0.2779794,-0.8593974000000002,-1.1373768000000002,-0.2779794,0.8968104,1.3556374,1.434806,1.3344497999999998,-213750.0,0.43294866693195383
2021-11-27,Brighton,Leeds,0.0,0.0,1.90498,0.864829,8,-2,5,5,0.8,1.0,1.8,1.2,10.0,14.0,4.2,4.4,4.6,5.0,-0.40000000000000036,3.0,2.8,0.20000000000000018,D,-9.701384346190023,-4.0,-0.20000000000000018,0.19047619047619047,0.22727272727272727,7,6,0.0,0.0,0.0,0.8,1.6,1.0,1.2,-0.3119287999999998,0.05923400000000001,-0.3711627999999998,-0.3119287999999998,0.05923400000000001,1.1784484,1.2064686,1.3935602,1.5395694,18550.0,1.0619469026548674
2021-11-28,Chelsea,Man United,1.0,1.0,2.34525,0.563367,8,10,10,9,3.0,1.2,0.2,3.0,17.6,10.8,6.2,3.6,6.2,3.0,3.2,1.0,2.8,-1.7999999999999998,D,71.60475479608522,6.800000000000001,2.6,0.48387096774193544,0.3333333333333333,8,8,0.0,0.0,0.0,2.8,0.6,1.8,1.8,1.575349,-1.3506358000000007,2.925984800000001,1.575349,-1.3506358000000007,2.2638204,1.3836966,1.0667541999999999,2.064152,145350.0,1.1889748423584476
2021-11-28,Man City,West Ham,2.0,1.0,2.72187,0.171763,1,0,10,10,2.2,1.8,0.6,0.8,17.0,13.0,7.0,4.6,7.0,4.6,2.4000000000000004,1.8,1.6,0.19999999999999996,H,152.86111823474994,4.0,2.4000000000000004,0.31428571428571433,0.391304347826087,7,8,0.0,0.0,0.0,2.0,0.4,1.4,0.6,1.343975,0.6257773999999999,0.7181976,1.343975,0.6257773999999999,2.224954,1.5691216,0.6004204,0.9499161999999999,645100.0,2.817695125387433
2021-11-28,Brentford,Everton,1.0,0.0,1.19813,0.968075,-3,0,1,4,1.2,0.6,2.2,2.2,14.6,12.0,5.6,2.8,4.8,3.6,1.1999999999999997,1.4,1.6,-0.20000000000000018,H,-24.127980084464525,2.5999999999999996,2.8,0.2142857142857143,0.2142857142857143,8,7,0.0,0.0,0.0,1.0,1.8,0.8,1.8,0.06545520000000038,-0.9969025999999999,1.0623578000000002,0.06545520000000038,-0.9969025999999999,1.8504472000000003,1.1180778,0.9908056000000001,1.3670795999999998,-205750.0,0.5705041227429287
2021-11-28,Leicester,Watford,4.0,2.0,2.16027,2.38383,2,1,4,6,1.4,1.8,1.8,2.0,12.2,12.6,6.2,4.4,4.2,4.4,-0.20000000000000018,1.4,1.8,-0.40000000000000013,H,141.81716682302294,-0.40000000000000036,1.7999999999999998,0.2258064516129032,0.40909090909090906,8,8,0.0,0.0,0.0,1.2,2.0,1.6,1.2,-0.11630879999999988,-0.6160245999999998,0.49971579999999993,-0.11630879999999988,-0.6160245999999998,1.6832108,1.3617557999999998,1.5758092000000001,1.3220956000000001,370350.0,3.370998719590269
2021-11-30,Newcastle,Norwich,1.0,1.0,1.15636,1.51084,-1,-4,3,4,1.0,1.0,2.0,2.2,10.0,9.6,3.6,3.4,4.8,3.2,1.5999999999999996,3.2,2.2,1.0,D,97.29012531119632,0.40000000000000036,0.20000000000000018,0.2777777777777778,0.29411764705882354,3,3,0.0,0.0,0.0,1.6,2.4,0.4,2.2,-1.2909714,-0.9129002000000002,-0.37807119999999994,-1.2909714,-0.9129002000000002,1.0709208000000001,0.6954421999999999,1.967844,2.286813,150700.0,1.923406862745098
2021-11-30,Leeds,Crystal Palace,1.0,0.0,1.9818,0.707328,-6,-2,5,6,1.0,1.8,1.0,1.2,15.6,12.4,5.2,4.6,5.0,4.2,0.7999999999999998,2.8,2.8,0.0,H,41.06344147925893,3.1999999999999993,0.6000000000000005,0.1923076923076923,0.391304347826087,3,3,0.0,0.0,0.0,0.8,1.4,1.8,2.0,0.1281332000000004,1.1076782000000003,-0.9795449999999999,0.1281332000000004,1.1076782000000003,1.4203468000000001,1.1223334,1.6475899999999999,1.531728,28400.0,1.1047777162885077
2021-12-01,Southampton,Leicester,2.0,2.0,1.91169,1.4401,-6,0,8,8,1.0,1.4,1.6,1.8,12.2,11.4,3.2,5.6,7.6,5.0,2.5999999999999996,1.6,1.4,0.20000000000000018,D,-88.62173545399241,0.7999999999999989,-2.3999999999999995,0.3125,0.25,4,3,0.0,0.0,0.0,0.8,0.6,1.6,1.4,0.15126879999999998,-0.5492548000000002,0.7005236000000001,0.15126879999999998,-0.5492548000000002,1.1512294,1.0736984,0.658137,1.443784,-252250.0,0.5209381825087835
2021-12-01,Watford,Chelsea,1.0,2.0,0.990877,0.908574,-16,-5,4,13,2.2,3.0,1.8,0.4,14.6,21.4,5.0,7.2,5.4,8.2,-2.799999999999999,1.8,1.2,0.6000000000000001,A,-282.8995273246235,-6.799999999999999,-2.2,0.44000000000000006,0.41666666666666663,3,3,0.0,0.0,0.0,1.0,2.0,2.2,0.2,0.0993329999999999,2.2064124000000005,-2.107079400000001,0.0993329999999999,2.2064124000000005,0.9956512,1.6293308,2.462728,1.0138200000000002,-758300.0,0.1708037178786222
2021-12-01,West Ham,Brighton,1.0,1.0,1.14679,1.2607,6,6,7,6,1.8,0.8,1.2,1.8,10.8,11.8,4.4,4.4,3.6,5.0,-1.4,1.2,2.2,-1.0000000000000002,D,96.73238247877656,-1.0,0.0,0.40909090909090906,0.18181818181818182,3,4,0.0,0.0,0.0,1.6,1.6,0.8,1.0,-0.11947899999999989,-0.10686660000000003,-0.012612399999999857,-0.11947899999999989,-0.10686660000000003,1.4949640000000002,0.8412590000000002,1.4003135999999998,1.1452532,36900.0,1.1160377358490565
2021-12-01,Wolves,Burnley,0.0,0.0,0.711691,0.195537,13,2,9,3,0.8,1.8,0.8,1.8,8.4,10.2,3.4,4.8,4.6,2.6,1.9999999999999996,1.6,2.0,-0.3999999999999999,D,62.26373180781548,-1.799999999999999,-1.4,0.23529411764705885,0.375,4,11,0.0,0.0,0.0,1.0,1.0,1.2,2.0,-0.6962019999999999,-0.5951270000000002,-0.10107499999999969,-0.6962019999999999,-0.5951270000000002,1.397974,0.9347866000000001,1.2541422,2.110966,239100.0,2.73449401523395
2021-12-01,Aston Villa,Man City,1.0,2.0,0.772083,1.01897,-11,-6,7,13,1.2,2.2,1.8,0.8,10.4,17.8,3.6,7.6,4.6,7.4,-2.8000000000000007,2.8,2.0,0.7999999999999998,A,-268.5731642761409,-7.4,-3.9999999999999996,0.3333333333333333,0.2894736842105263,4,3,0.0,0.0,0.0,1.8,1.6,2.0,0.6,-0.8894265999999998,1.6380104000000004,-2.5274370000000004,-0.8894265999999998,1.6380104000000004,0.8357901999999999,2.220398,1.4662364,0.7745462,-512250.0,0.48775
2021-12-01,Everton,Liverpool,1.0,4.0,0.512263,2.86067,-11,-9,7,10,0.6,3.4,2.2,1.0,11.8,17.6,3.4,6.2,2.8,4.2,-1.4000000000000004,2.2,1.0,1.2000000000000002,A,-241.1829070953513,-5.800000000000001,-2.8000000000000003,0.17647058823529413,0.5483870967741935,3,4,0.0,0.0,0.0,1.4,1.4,3.6,1.2,-0.8076786000000002,1.7190126000000001,-2.5266912,-0.8076786000000002,1.7190126000000001,1.4727261999999999,3.16371,1.7114182,1.3008431999999999,-439850.0,0.5213298509086952
2021-12-02,Tottenham,Brentford,2.0,0.0,2.07248,0.225492,2,3,9,8,1.0,1.4,1.4,2.0,10.2,12.4,2.4,5.0,5.8,4.4,1.3999999999999995,1.8,2.0,-0.19999999999999996,H,132.03709520599114,-2.200000000000001,-2.6,0.4166666666666667,0.27999999999999997,11,4,0.0,0.0,0.0,1.0,1.6,1.8,1.6,0.1336263999999998,-0.16322060000000005,0.29684699999999986,0.1336263999999998,-0.16322060000000005,1.3767626,1.3657143999999999,1.4219751999999999,1.5480188,416050.0,2.522319795096963
2021-12-02,Man United,Arsenal,3.0,2.0,1.85597,1.16638,-5,-8,4,7,1.0,1.6,2.4,1.0,7.8,14.8,2.8,5.8,2.8,4.4,-1.6000000000000005,3.2,1.4,1.8000000000000003,H,28.095975988904684,-7.000000000000001,-3.0,0.35714285714285715,0.27586206896551724,4,5,0.0,0.0,0.0,1.0,2.0,0.6,1.8,-1.3187784,0.23132860000000033,-1.5501070000000003,-1.3187784,0.23132860000000033,1.5726722000000002,0.59026,1.9212624000000003,2.4651128,156100.0,1.2546284968599626
2021-12-04,Wolves,Liverpool,0.0,1.0,0.095167,2.42332,-5,-2,10,10,0.6,3.2,0.6,1.2,10.0,17.0,3.0,6.0,5.0,5.8,-0.7999999999999998,1.4,1.6,-0.20000000000000018,A,-225.4625247117608,-7.0,-3.0,0.19999999999999998,0.5333333333333333,3,3,0.0,0.0,0.0,1.0,0.8,3.8,1.4,-0.42207400000000017,1.650332,-2.072406,-0.42207400000000017,1.650332,1.1811621999999997,2.855524,1.1044329999999998,1.272793,-541950.0,0.41021873979758405
2021-12-04,Watford,Man City,1.0,3.0,0.675105,4.03223,-14,-9,4,13,1.4,1.8,1.8,0.8,13.2,16.6,4.6,6.2,5.6,8.4,-2.8000000000000007,2.0,1.4,0.6000000000000001,A,-364.9659239909031,-3.400000000000002,-1.6000000000000005,0.30434782608695654,0.2903225806451613,3,3,0.0,0.0,0.0,1.2,2.0,2.2,0.8,-0.13671639999999963,1.2065358,-1.3432521999999996,-0.13671639999999963,1.2065358,1.1567452,1.874076,2.1325988,0.7689428,-843800.0,0.1562
2021-12-04,Newcastle,Burnley,1.0,0.0,1.70609,0.604599,-2,-4,3,4,1.0,1.8,2.0,1.4,10.6,10.0,3.4,4.6,3.8,3.2,0.5999999999999996,2.4,2.6,-0.20000000000000018,H,11.0044481424045,0.5999999999999996,-1.1999999999999997,0.29411764705882354,0.391304347826087,4,3,0.0,0.0,0.0,1.4,2.2,1.0,1.4,-1.0550540000000004,-0.4823717999999999,-0.5726822000000005,-1.0550540000000004,-0.4823717999999999,1.0640388,0.6097720000000001,1.57794,1.8925322000000002,176050.0,2.277112803772216
2021-12-04,West Ham,Chelsea,3.0,2.0,2.0174,1.37049,-1,-4,7,15,1.8,2.0,1.4,0.6,11.0,18.4,4.8,5.4,5.0,7.2,-2.2,1.0,1.8,-0.8,H,-48.7259803231816,-7.399999999999999,-0.6000000000000005,0.375,0.37037037037037035,3,3,0.0,0.0,0.0,1.4,1.4,2.4,0.2,-0.3547573999999998,1.6224196,-1.9771769999999997,-0.3547573999999998,1.6224196,1.434826,1.6963180000000002,1.3171376,0.7950714000000001,-559600.0,0.38808091853471843
2021-12-04,Southampton,Brighton,1.0,1.0,1.34236,1.4872,-7,3,8,4,1.0,0.8,1.6,1.2,12.0,11.6,3.8,4.0,6.8,4.6,2.2,1.6,2.0,-0.3999999999999999,D,-39.13430358079745,0.40000000000000036,-0.20000000000000018,0.2631578947368421,0.2,3,3,0.0,0.0,0.0,1.2,1.0,0.8,1.2,0.09509180000000006,0.3967674000000001,-0.30167560000000004,0.09509180000000006,0.3967674000000001,1.3951404,1.0358186,0.8010755999999999,1.2286540000000001,-43700.0,0.8625786163522012
2021-12-05,Leeds,Brentford,2.0,2.0,1.41896,1.19959,-4,4,8,7,1.0,1.2,0.8,2.0,15.0,10.6,5.0,4.4,5.2,3.6,1.6,3.4,1.8,1.5999999999999999,D,68.26817283093578,4.4,0.5999999999999996,0.2,0.2727272727272727,5,3,0.0,0.0,0.0,1.0,0.8,1.6,1.8,0.21213039999999994,-0.5656881999999999,0.7778185999999998,0.21213039999999994,-0.5656881999999999,1.686204,1.1841888,0.9087356,1.8762219999999998,26150.0,1.0956824002927186
2021-12-05,Man United,Crystal Palace,1.0,0.0,0.870376,0.520593,5,0,4,5,1.6,1.6,1.8,1.2,8.2,11.2,4.0,4.2,2.2,4.4,-2.2,2.2,2.8,-0.5999999999999996,H,164.44553042421558,-3.0,-0.20000000000000018,0.4,0.38095238095238093,3,5,0.0,0.0,0.0,0.8,2.2,1.4,1.8,-0.6424984,0.5459704000000001,-1.1884688,-0.6424984,0.5459704000000001,1.3892142,0.928483,2.03013,1.6385919999999998,498100.0,2.83766832687696
2021-12-05,Tottenham,Norwich,3.0,0.0,2.00668,1.06562,13,-1,9,5,0.8,1.2,1.0,1.0,9.6,12.2,2.8,4.4,6.2,4.2,2.0,1.6,1.8,-0.19999999999999996,H,267.83244290678704,-2.5999999999999996,-1.6000000000000005,0.28571428571428575,0.2727272727272727,3,5,0.0,0.0,0.0,1.2,1.6,0.6,2.2,0.3221396000000001,-0.27447200000000005,0.5966116000000001,0.3221396000000001,-0.27447200000000005,1.607066,0.8821517999999999,1.3478704000000001,1.981055,526150.0,4.223958333333333
2021-12-05,Aston Villa,Leicester,2.0,1.0,1.84818,0.982614,-3,1,6,6,1.2,1.4,1.6,2.0,10.2,12.4,3.4,5.6,4.6,5.4,-0.8000000000000007,1.8,1.8,0.0,H,-16.91059532298982,-2.200000000000001,-2.1999999999999997,0.35294117647058826,0.25,4,4,0.0,0.0,0.0,1.8,1.8,1.6,1.6,-0.5212999999999999,-0.6105027999999999,0.08920280000000003,-0.5212999999999999,-0.6105027999999999,0.903914,1.1069764,1.4434064000000002,1.537954,-38800.0,0.9263127908080904
2021-12-06,Everton,Arsenal,2.0,1.0,1.06108,1.05723,-9,-8,4,7,0.4,1.4,2.0,1.4,10.4,13.8,3.0,5.6,2.8,4.6,-1.7999999999999998,2.2,1.0,1.2000000000000002,H,-79.72420604667377,-3.4000000000000004,-2.5999999999999996,0.13333333333333333,0.25,5,4,0.0,0.0,0.0,1.0,2.0,1.0,1.4,-1.0248500000000003,-0.32409339999999975,-0.7007566000000005,-1.0248500000000003,-0.32409339999999975,1.2144068000000001,0.800175,1.9194301999999996,1.9417608000000002,-134000.0,0.7814207650273224
2021-12-10,Brentford,Watford,2.0,1.0,1.82799,0.561554,4,2,4,6,1.4,1.6,1.8,2.2,10.0,13.4,4.0,4.6,3.4,5.6,-2.1999999999999997,2.2,2.2,0.0,H,77.32317883966698,-3.4000000000000004,-0.5999999999999996,0.35,0.3478260869565218,5,6,0.0,0.0,0.0,1.2,1.6,2.0,1.8,-0.23062260000000023,-0.5971385999999999,0.3665159999999996,-0.23062260000000023,-0.5971385999999999,1.944116,1.7193186,1.1268402,1.569957,117100.0,1.7496798975672214
2021-12-11,Norwich,Man United,0.0,1.0,0.986107,2.09817,-14,1,5,7,1.0,1.2,1.2,1.8,11.4,9.4,4.0,3.8,4.0,3.6,0.3999999999999999,2.0,2.0,0.0,A,-327.4222790558556,2.0,0.20000000000000018,0.25,0.3157894736842105,6,6,0.0,0.0,0.0,0.8,1.2,1.8,2.0,-0.3613514000000002,-0.6181918,0.25684039999999975,-0.3613514000000002,-0.6181918,0.8895823999999999,1.3075534000000002,1.2394953999999998,2.174052,-605950.0,0.21218227913930962
2021-12-11,Liverpool,Aston Villa,1.0,0.0,2.71181,0.140573,9,3,11,6,3.0,1.4,0.8,1.0,17.6,11.0,6.4,3.6,6.4,4.6,1.8000000000000007,1.6,1.8,-0.19999999999999996,H,226.7676425512027,6.600000000000001,2.8000000000000003,0.46875,0.38888888888888884,7,6,0.0,0.0,0.0,3.0,0.8,1.0,1.4,2.1384705999999998,0.047085000000000043,2.0913855999999997,2.1384705999999998,0.047085000000000043,2.4323195999999996,1.0095404000000001,0.8863669999999999,1.8131358000000002,431150.0,1.88395694515633
2021-12-11,Chelsea,Leeds,3.0,2.0,2.74844,1.72934,12,2,8,5,1.8,1.0,1.2,1.0,18.4,15.0,5.6,5.0,8.6,6.2,2.3999999999999995,2.0,3.6,-1.6,H,167.474570826535,3.3999999999999986,0.5999999999999996,0.32142857142857145,0.2,7,6,0.0,0.0,0.0,2.4,0.8,0.8,1.0,1.0913448000000001,0.15467180000000025,0.9366729999999999,1.0913448000000001,0.15467180000000025,2.4885644000000005,1.0752784,0.9447296,1.5783614,615050.0,3.053932209049925
2021-12-11,Arsenal,Southampton,3.0,0.0,2.08429,0.502215,8,1,13,4,1.2,1.0,1.8,1.8,14.0,12.4,5.2,4.4,4.0,6.4,-2.4000000000000004,1.4,2.0,-0.6000000000000001,H,137.79369859443727,1.5999999999999996,0.7999999999999998,0.23076923076923075,0.22727272727272727,5,7,0.0,0.0,0.0,2.2,0.8,0.6,1.8,-0.14783739999999979,-0.14487899999999976,-0.0029584000000000277,-0.14783739999999979,-0.14487899999999976,2.2048,1.204429,0.7120654,1.8760112,338750.0,2.234961720743711
2021-12-11,Man City,Wolves,1.0,0.0,2.99915,0.0762839,5,10,10,8,2.4,0.2,0.6,0.6,19.0,8.6,8.2,2.4,9.2,4.6,4.6,1.0,1.6,-0.6000000000000001,H,278.3261475182526,10.4,5.799999999999999,0.29268292682926833,0.08333333333333334,7,7,0.0,0.0,0.0,1.4,0.6,1.0,1.0,1.9565408000000002,-0.8868585999999999,2.8433994,1.9565408000000002,-0.8868585999999999,1.8747820000000002,0.9032248,0.6114120000000001,1.5783083999999998,623050.0,2.652871733651678
2021-12-12,Burnley,West Ham,0.0,0.0,0.54801,0.998813,-14,-1,6,9,1.4,1.6,1.2,1.6,10.2,9.0,3.8,4.0,3.4,4.0,-0.6000000000000001,2.2,0.8,1.4000000000000001,D,-175.75674485057857,1.1999999999999993,-0.20000000000000018,0.3684210526315789,0.4,8,8,0.0,0.0,0.0,1.4,1.2,1.6,1.0,-0.5521749999999999,-0.6206471999999996,0.06847219999999976,-0.5521749999999999,-0.6206471999999996,1.3685138,1.4583928,1.1752758,1.3558632,-217050.0,0.3884192730346577
2021-12-12,Leicester,Newcastle,4.0,0.0,2.05771,0.511934,8,-1,7,3,1.6,1.2,2.0,1.4,11.6,13.2,5.0,4.0,5.2,5.8,-0.5999999999999996,1.6,2.0,-0.3999999999999999,H,114.9588633443284,-1.5999999999999996,1.0,0.32,0.3,7,8,0.0,0.0,0.0,2.0,2.2,0.8,1.4,-0.9606419999999998,-0.4330630000000002,-0.5275789999999996,-0.9606419999999998,-0.4330630000000002,1.9552447999999998,0.9046228,1.5024592,1.7189182000000003,212650.0,1.677445046193055
2021-12-12,Crystal Palace,Everton,3.0,1.0,2.09864,1.27556,-1,0,6,1,1.2,0.6,1.4,1.8,11.2,9.8,4.0,3.0,5.4,2.8,2.6000000000000005,2.6,2.4,0.20000000000000018,H,8.824247649738936,1.3999999999999986,1.0,0.3,0.19999999999999998,7,6,0.0,0.0,0.0,1.4,1.2,0.4,2.0,0.39743379999999995,-1.0249260000000002,1.4223598000000002,0.39743379999999995,-1.0249260000000002,1.6816558000000001,1.0019568,0.6246128000000001,1.4663812,-208000.0,0.5658073270013568
2021-12-14,Norwich,Aston Villa,0.0,2.0,0.502647,1.96261,-7,-4,5,3,0.6,1.4,1.2,1.0,11.8,9.0,4.0,3.0,5.2,3.6,1.6,1.6,1.8,-0.19999999999999996,A,-207.6421479307021,2.8000000000000007,1.0,0.15,0.4666666666666666,3,3,0.0,0.0,0.0,0.6,0.8,0.8,1.6,-0.2568999999999999,-0.39474180000000014,0.13784180000000024,-0.2568999999999999,-0.39474180000000014,0.9302708000000001,0.7231569999999999,1.1741554,1.9704778,-324550.0,0.3345976422347514
2021-12-14,Man City,Leeds,7.0,0.0,3.31349,0.227498,14,10,12,4,2.2,1.2,0.6,1.4,20.6,13.8,9.2,5.0,10.2,4.6,5.6,1.2,4.4,-3.2,H,273.6246529124271,6.800000000000001,4.199999999999999,0.23913043478260873,0.24,3,3,0.0,0.0,0.0,1.6,0.6,1.0,1.4,2.28462222,-0.28319179999999977,2.56781402,2.28462222,-0.28319179999999977,2.22971,1.1351564,0.5284841800000001,1.8927133999999999,700550.0,3.3394556687259978
2021-12-15,Brighton,Wolves,0.0,1.0,1.20118,1.11736,-2,-1,6,5,0.6,0.2,1.0,0.4,12.6,8.2,3.6,2.2,4.4,3.6,0.8000000000000003,2.0,1.8,0.19999999999999996,A,-25.839420595824777,4.4,1.4,0.16666666666666666,0.09090909090909091,11,4,0.0,0.0,0.0,0.8,1.2,0.8,1.2,0.4032274000000001,-0.99194182,1.39516922,0.4032274000000001,-0.99194182,1.41912,0.73651498,1.25679,1.9962699999999998,-58950.0,0.8436132113012336
2021-12-15,Crystal Palace,Southampton,2.0,2.0,1.49244,0.625183,2,2,8,3,1.4,0.8,1.6,2.4,12.0,12.8,4.0,5.0,6.2,6.0,0.20000000000000018,2.2,1.6,0.6000000000000001,D,35.31104944712342,-0.8000000000000007,-1.0,0.35,0.16,3,4,0.0,0.0,0.0,1.8,1.2,0.6,2.4,0.08255979999999985,-0.5337145999999999,0.6162743999999998,0.08255979999999985,-0.5337145999999999,1.8277117999999999,1.2066874,0.7498115999999999,2.0479672,-3250.0,0.9881516587677726
2021-12-15,Arsenal,West Ham,2.0,0.0,2.81482,0.338855,-2,1,13,7,1.6,1.0,1.8,1.2,14.2,10.8,5.0,4.0,5.0,4.2,0.7999999999999998,1.0,0.8,0.19999999999999996,H,11.24586946353429,3.3999999999999986,1.0,0.32,0.25,4,3,0.0,0.0,0.0,2.2,0.6,1.2,0.8,-0.03150659999999994,-0.4898005999999998,0.45829399999999987,-0.03150659999999994,-0.4898005999999998,2.33266,1.2602314,0.6164752,1.2261252,258150.0,1.7273879966187657
2021-12-16,Liverpool,Newcastle,3.0,1.0,2.93912,0.2064,17,10,11,2,2.8,1.0,0.2,2.0,18.4,14.4,6.4,4.4,8.2,6.0,2.1999999999999993,1.6,1.8,-0.19999999999999996,H,315.0346471091248,3.9999999999999982,2.0,0.43749999999999994,0.22727272727272727,5,4,0.0,0.0,0.0,2.6,0.8,0.6,2.0,2.612032,-0.5014364,3.1134684000000004,2.612032,-0.5014364,2.4210955999999997,0.5023335999999999,0.785648,1.9496480000000003,605000.0,2.9273654029945844
2021-12-16,Chelsea,Everton,1.0,1.0,3.20239,0.627528,11,7,11,1,2.2,0.8,1.4,2.4,16.6,9.8,6.0,3.8,6.8,2.4,4.4,2.2,2.4,-0.19999999999999973,D,180.4964043683583,6.800000000000001,2.2,0.3666666666666667,0.2105263157894737,5,4,0.0,0.0,0.0,3.0,1.0,0.6,2.0,0.8288092000000002,-1.1487636,1.9775728000000004,0.8288092000000002,-1.1487636,2.9994120000000004,1.1060618000000002,0.9521096,1.730566,435450.0,1.9089865358522076
2021-12-18,Leeds,Arsenal,1.0,4.0,1.31408,3.69008,-12,-4,9,4,1.0,2.0,2.4,1.0,11.4,17.4,4.2,6.0,3.4,5.8,-2.4,3.8,1.4,2.4,A,-124.09103194346152,-5.999999999999998,-1.7999999999999998,0.23809523809523808,0.3333333333333333,4,3,0.0,0.0,0.0,1.2,0.8,1.0,1.8,-0.7302801999999999,1.2048293999999997,-1.9351095999999997,-0.7302801999999999,1.2048293999999997,1.7306559999999998,0.791765,0.7507296,1.9988619999999997,-313600.0,0.48845934263110674
2021-12-19,Newcastle,Man City,0.0,4.0,0.174208,3.64686,-18,-11,5,13,0.6,3.0,2.0,0.6,10.6,23.4,3.0,10.8,4.4,10.0,-5.6,2.0,1.2,0.8,A,-363.3496754999301,-12.799999999999999,-7.800000000000001,0.19999999999999998,0.27777777777777773,3,5,0.0,0.0,0.0,1.4,2.0,2.6,1.0,-1.2382063999999997,2.43259542,-3.67080182,-1.2382063999999997,2.43259542,1.1699207999999999,2.3420339999999995,1.4128698,0.8651233999999999,-686100.0,0.3139
2021-12-19,Wolves,Chelsea,0.0,0.0,0.321371,0.793952,-5,-3,10,12,0.2,1.8,0.4,1.6,6.8,18.0,2.2,6.6,3.0,7.2,-4.2,1.6,2.4,-0.7999999999999998,D,-145.53171277290835,-11.2,-4.3999999999999995,0.09090909090909091,0.27272727272727276,4,3,0.0,0.0,0.0,1.0,0.6,2.2,0.8,-1.18524562,0.9293264000000003,-2.1145720200000007,-1.18524562,0.9293264000000003,0.9955635999999999,1.453036,1.123615,1.0574173999999998,-537550.0,0.41219245489338435
2021-12-19,Tottenham,Liverpool,2.0,2.0,2.79777,1.54944,-5,-5,12,12,1.4,2.6,0.8,0.4,11.6,19.2,3.4,6.2,6.6,9.2,-2.5999999999999996,1.6,1.4,0.20000000000000018,D,-137.839842591452,-7.6,-2.8000000000000003,0.4117647058823529,0.41935483870967744,14,3,0.0,0.0,0.0,1.8,1.0,3.4,0.8,0.7228479999999999,2.417433,-1.694585,0.7228479999999999,2.417433,1.867268,2.8887159999999996,1.0436144,0.7037104,-229550.0,0.7501904450973991
2021-12-26,Aston Villa,Chelsea,1.0,3.0,0.474029,2.8285,-7,1,6,10,1.4,1.6,1.0,1.4,10.6,14.8,3.2,5.6,4.6,6.0,-1.4000000000000004,1.4,2.4,-1.0,A,-168.1433212675986,-4.200000000000001,-2.3999999999999995,0.43749999999999994,0.28571428571428575,12,7,1.0,0.0,0.0,1.6,2.0,2.0,0.8,-0.20008380000000003,0.6674659999999997,-0.8675497999999997,-0.20008380000000003,0.6674659999999997,1.1180068,1.5621752,1.4889222,0.7973535999999999,-426750.0,0.5333515582285402
2021-12-26,Man City,Leicester,6.0,3.0,3.82869,2.43425,8,8,12,6,3.4,2.2,0.4,1.8,23.2,11.4,10.4,5.4,9.6,5.0,4.6,1.2,1.8,-0.6000000000000001,H,252.88624930342644,11.799999999999999,5.0,0.3269230769230769,0.40740740740740744,7,14,0.0,1.0,0.0,2.6,0.6,1.6,1.6,2.61710442,-0.4174431999999999,3.0345476199999997,2.61710442,-0.4174431999999999,2.4609840000000003,1.0527532,0.35854578,1.6127139999999998,473450.0,1.8991548760801444
2021-12-26,Norwich,Arsenal,0.0,5.0,0.154212,2.87539,-16,-7,4,6,0.2,2.4,1.4,1.2,11.6,16.8,3.8,7.2,5.6,5.8,-0.20000000000000018,1.6,1.4,0.20000000000000018,A,-320.29712977830354,-5.200000000000001,-3.4000000000000004,0.052631578947368425,0.3333333333333333,12,8,1.0,0.0,0.0,0.6,1.2,1.8,2.0,-0.41021260000000015,1.14812,-1.5583326000000002,-0.41021260000000015,1.14812,0.7986242000000001,1.4569189999999999,1.3315334,2.038576,-449850.0,0.26620993393687303
2021-12-26,Tottenham,Crystal Palace,3.0,0.0,2.82148,0.178324,4,7,10,5,1.8,1.2,0.6,1.4,11.8,10.2,4.4,3.6,5.8,5.8,0.0,2.0,2.0,0.0,H,127.45364418777672,1.6000000000000014,0.8000000000000003,0.40909090909090906,0.3333333333333333,7,11,1.0,0.0,0.0,1.8,1.2,1.4,1.4,1.0181639999999996,0.11478119999999992,0.9033827999999997,1.0181639999999996,0.11478119999999992,2.070448,0.9037679999999998,1.1387124,1.2590812,418300.0,2.5432577015310827
2021-12-26,West Ham,Southampton,2.0,3.0,1.53745,1.35643,9,2,10,4,1.0,1.0,1.4,2.4,10.6,12.4,3.6,4.8,4.0,5.8,-1.7999999999999998,0.6,2.0,-1.4,A,97.43435334077004,-1.8000000000000007,-1.1999999999999997,0.2777777777777778,0.20833333333333334,11,11,0.0,0.0,1.0,1.8,1.4,0.8,2.2,-0.8084537999999999,-0.8458460000000001,0.03739220000000021,-0.8084537999999999,-0.8458460000000001,1.504886,1.026456,1.2121556,1.5879692,80600.0,1.2938388625592416
2021-12-26,Brighton,Brentford,2.0,0.0,0.943363,1.10342,-2,-5,3,5,0.4,1.6,1.0,1.6,12.2,9.0,3.0,3.6,5.4,3.8,1.6000000000000005,1.8,2.6,-0.8,H,49.40719891836238,3.1999999999999993,-0.6000000000000001,0.13333333333333333,0.4444444444444445,11,16,0.0,1.0,0.0,0.4,1.2,1.6,2.2,0.17920959999999986,-0.3041994000000001,0.483409,0.17920959999999986,-0.3041994000000001,1.36448,0.9586248000000002,1.2295159999999998,1.9553819999999997,44700.0,1.163556531284303
2021-12-27,Newcastle,Man United,1.0,1.0,1.26586,1.75587,-12,-6,5,7,0.6,1.4,2.4,1.4,9.8,11.0,2.2,4.6,4.2,4.6,-0.39999999999999947,1.6,2.0,-0.3999999999999999,D,-204.8264102389478,-1.1999999999999993,-2.3999999999999995,0.2727272727272727,0.30434782608695654,8,16,1.0,0.0,0.0,1.0,2.2,1.6,1.8,-1.4008274,-0.13928739999999995,-1.26154,-1.4008274,-0.13928739999999995,1.0756307999999999,1.3481074,1.8322258000000002,2.0378534,-455250.0,0.4081128518494442
2021-12-28,Crystal Palace,Norwich,3.0,0.0,2.38978,0.594134,8,3,8,5,1.0,0.2,1.6,2.4,9.4,9.6,3.0,3.4,4.8,5.4,-0.6000000000000005,1.6,1.4,0.20000000000000018,H,192.2952955703854,-0.1999999999999993,-0.3999999999999999,0.3333333333333333,0.05882352941176471,2,2,0.0,0.0,0.0,1.8,1.2,0.6,2.4,-0.5154148000000001,-1.1759567999999996,0.6605419999999995,-0.5154148000000001,-1.1759567999999996,1.8921398,0.9350951999999999,0.6662042,1.9290290000000003,107850.0,1.6608455882352942
2021-12-28,Southampton,Tottenham,1.0,1.0,0.353043,2.80917,-9,-7,9,4,1.6,2.4,2.0,0.6,13.2,13.6,5.4,5.6,4.8,6.2,-1.4000000000000004,2.4,1.4,1.0,D,-117.8751593431448,-0.40000000000000036,-0.1999999999999993,0.2962962962962963,0.4285714285714286,2,2,0.0,0.0,0.0,1.4,1.0,0.8,1.8,-0.4607203999999998,1.5060168000000003,-1.9667372,-0.4607203999999998,1.5060168000000003,1.481744,0.8163613199999998,0.9165490000000001,1.4633908,-415050.0,0.39791107565097555
2021-12-28,Watford,West Ham,1.0,4.0,1.0143,2.84084,-11,-2,3,4,1.8,1.2,2.4,1.6,13.2,11.8,4.8,4.0,5.6,5.2,0.39999999999999947,1.8,1.0,0.8,A,-200.69793531102027,1.3999999999999986,0.7999999999999998,0.375,0.3,18,2,0.0,0.0,0.0,1.2,2.4,1.0,1.2,-0.6503416,-0.26222840000000036,-0.3881131999999996,-0.6503416,-0.26222840000000036,1.110954,0.9219343999999999,2.4343688,1.6182561999999998,-198700.0,0.44012397858551705
2021-12-28,Leicester,Liverpool,1.0,0.0,0.615892,2.72682,-9,-6,9,10,2.8,2.2,2.4,0.8,13.4,18.8,6.4,6.2,5.2,9.0,-3.8,1.6,2.2,-0.6000000000000001,H,-146.95272943086457,-5.4,0.20000000000000018,0.43749999999999994,0.3548387096774194,2,9,0.0,0.0,0.0,2.4,1.8,2.8,1.2,-0.281876,1.7464373999999998,-2.0283134,-0.281876,1.7464373999999998,1.9343208,2.467498,1.5190728,1.202804,-392350.0,0.5730220916312982
2021-12-29,Chelsea,Brighton,1.0,1.0,0.763458,0.78663,8,2,9,4,1.8,0.8,1.4,0.6,15.2,14.0,5.6,3.6,7.0,5.2,1.7999999999999998,2.0,1.4,0.6000000000000001,D,157.93023030876043,1.1999999999999993,1.9999999999999996,0.32142857142857145,0.22222222222222224,3,3,0.0,0.0,0.0,2.6,1.0,0.8,1.2,1.1548208000000002,0.2445328,0.9102880000000002,1.1548208000000002,0.2445328,2.8814040000000003,1.2033454000000001,0.7723471999999999,1.2234539999999998,596500.0,2.8757861635220126
2021-12-29,Brentford,Man City,0.0,1.0,0.238829,1.01763,-13,-8,6,15,1.0,4.2,1.4,0.8,10.2,23.2,4.0,10.8,5.2,10.2,-4.999999999999999,2.8,1.4,1.4,A,-346.0153097357479,-13.0,-6.800000000000001,0.25,0.3888888888888889,3,3,0.0,0.0,0.0,1.0,1.2,3.0,0.6,-0.08196200000000031,2.8466150199999998,-2.92857702,-0.08196200000000031,2.8466150199999998,1.7215980000000002,2.862768,0.7876789999999999,0.7100913999999999,-726700.0,0.2733
2021-12-30,Man United,Burnley,3.0,1.0,1.80776,0.871738,11,7,7,3,1.4,0.8,0.8,1.0,11.8,9.0,4.8,2.8,4.8,3.8,1.0,2.4,2.4,0.0,H,212.21310926030628,2.8000000000000007,2.0,0.2916666666666667,0.28571428571428575,3,18,0.0,0.0,0.0,1.0,2.0,0.6,1.2,0.1719126000000002,-1.0212752000000003,1.1931878000000005,0.1719126000000002,-1.0212752000000003,1.1782694,0.6449185999999999,1.8197506,1.8012842,631300.0,5.57961552412042
2022-01-01,Watford,Tottenham,0.0,1.0,0.303514,1.93752,-10,-11,3,5,1.2,2.2,3.0,0.6,12.0,15.2,4.4,7.0,4.6,6.8,-2.2,1.4,1.6,-0.20000000000000018,A,-232.7609523391345,-3.1999999999999993,-2.5999999999999996,0.2727272727272727,0.31428571428571433,4,4,1.0,0.0,0.0,1.4,2.2,1.0,1.4,-1.2288476,1.8271321999999997,-3.0559797999999994,-1.2288476,1.8271321999999997,1.2533536,1.3626823999999997,2.2714308,0.9552554000000001,-533150.0,0.2265902661927903
2022-01-01,Crystal Palace,West Ham,2.0,3.0,2.69204,2.23146,-5,0,10,4,1.6,1.8,1.4,1.6,11.4,11.6,4.0,4.0,5.6,4.4,1.1999999999999993,1.2,1.0,0.19999999999999996,A,-118.74140214119984,-0.1999999999999993,0.0,0.4,0.45,4,4,0.0,0.0,1.0,2.2,1.0,1.0,1.2,0.09860880000000005,0.1258615999999999,-0.027252799999999855,0.09860880000000005,0.1258615999999999,1.9189197999999998,0.9573204000000001,0.6406684000000001,1.683606,-83850.0,0.7637362637362637
2022-01-01,Arsenal,Man City,1.0,2.0,0.836949,1.94623,-3,-3,15,15,3.0,3.8,0.6,0.6,16.6,20.4,6.8,8.8,5.2,9.0,-3.8,1.8,1.4,0.40000000000000013,A,-187.94948795637515,-3.799999999999997,-2.000000000000001,0.4411764705882353,0.43181818181818177,6,3,1.0,0.0,0.0,2.2,0.2,2.4,0.4,1.8302735999999995,2.33095022,-0.5006766200000006,1.8302735999999995,2.33095022,2.546904,2.351542,0.5857984,0.5239572,-386950.0,0.61305
2022-01-02,Leeds,Burnley,3.0,1.0,2.04186,0.960493,2,1,6,3,1.2,0.8,3.2,1.4,11.0,10.0,3.8,3.0,3.4,4.4,-1.0000000000000004,3.8,1.6,2.1999999999999997,H,91.20269881613648,1.0,0.7999999999999998,0.3157894736842105,0.26666666666666666,15,3,0.0,0.0,1.0,1.2,1.6,0.8,1.4,-0.99745,-0.742124,-0.25532599999999994,-0.99745,-0.742124,1.678696,0.6038282,1.4501867999999998,1.7314122,161600.0,2.1722887196227783
2022-01-02,Chelsea,Liverpool,2.0,2.0,1.389,1.78897,1,-1,7,7,1.6,1.4,1.0,0.8,13.6,19.8,5.2,5.6,7.2,9.2,-1.9999999999999991,2.2,1.8,0.40000000000000013,D,-37.73198404089567,-6.200000000000001,-0.39999999999999947,0.3076923076923077,0.25,4,5,0.0,0.0,1.0,1.4,1.2,1.8,1.4,1.2795684,1.6989415999999997,-0.41937319999999967,1.2795684,1.6989415999999997,2.4130776000000003,2.203332,0.8761874000000001,1.0548144000000002,-4400.0,0.9952116661225379
2022-01-02,Brentford,Aston Villa,2.0,1.0,0.501329,1.13821,-2,-2,6,6,0.8,1.2,1.6,1.4,10.2,10.2,3.6,2.8,5.2,4.4,0.7999999999999998,2.0,1.4,0.6000000000000001,H,-20.61982714343958,0.0,0.8000000000000003,0.22222222222222224,0.4285714285714286,4,7,0.0,0.0,1.0,1.0,1.2,1.0,1.2,-0.28373320000000013,-0.5694131999999996,0.2856799999999995,-0.28373320000000013,-0.5694131999999996,1.4450258,0.900889,0.9415538,1.7146332000000002,-214450.0,0.5603280369041517
2022-01-02,Everton,Brighton,2.0,3.0,1.82698,1.48397,-5,-2,4,4,1.0,1.0,2.0,0.8,10.0,13.6,4.2,4.0,2.4,5.6,-3.1999999999999997,2.8,1.4,1.4,A,-48.23292051871181,-3.5999999999999996,0.20000000000000018,0.23809523809523808,0.25,17,4,0.0,1.0,0.0,1.0,2.2,1.0,1.4,-1.1945108,0.04113699999999998,-1.2356478,-1.1945108,0.04113699999999998,0.9732607999999999,1.1255274,1.9706955999999998,1.1439696000000001,161050.0,1.5064465408805032
2022-01-03,Man United,Wolves,0.0,1.0,0.768752,0.840925,2,8,9,5,1.8,0.2,0.8,0.4,14.8,6.6,5.6,2.0,5.8,3.2,2.5999999999999996,1.4,1.2,0.19999999999999996,A,80.06563393745364,8.200000000000001,3.5999999999999996,0.32142857142857145,0.1,4,15,0.0,1.0,0.0,1.4,2.0,0.4,0.8,0.7154935999999996,-1.05825322,1.7737468199999997,0.7154935999999996,-1.05825322,1.3299014,0.5207209799999999,1.7296762,1.993954,392200.0,2.0404562939381883
2022-01-11,Southampton,Brentford,4.0,1.0,1.59306,0.621466,-2,-1,7,2,1.4,1.2,1.8,1.4,12.0,11.0,4.4,4.0,5.0,4.8,0.20000000000000018,2.6,2.4,0.20000000000000018,H,46.20784996425391,1.0,0.40000000000000036,0.3181818181818181,0.3,14,9,0.0,0.0,0.0,1.4,1.2,1.2,2.4,-1.0462638000000002,-0.041711799999999966,-1.0045520000000003,-1.0462638000000002,-0.041711799999999966,1.1861886,0.9191128,1.3891483999999998,1.8695386000000003,1000.0,1.0036589828027809
2022-01-12,West Ham,Norwich,2.0,0.0,2.89217,0.343347,15,7,10,4,1.8,0.0,1.6,2.8,11.4,8.8,4.0,2.8,4.4,6.0,-1.5999999999999996,1.2,1.8,-0.6000000000000001,H,309.01371875301106,2.5999999999999996,1.2000000000000002,0.45,0.0,11,15,0.0,0.0,0.0,2.0,1.6,0.6,3.0,-0.09563640000000029,-1.6059819999999998,1.5103455999999995,-0.09563640000000029,-1.6059819999999998,1.53786,0.9191986,1.2232455999999998,2.2900400000000003,191700.0,2.1746323529411766
2022-01-14,Brighton,Crystal Palace,1.0,1.0,2.18053,0.509681,3,1,5,4,1.4,2.0,1.0,1.8,14.2,14.2,4.4,4.8,5.6,6.2,-0.6000000000000005,1.4,0.8,0.5999999999999999,D,44.24429048885986,0.0,-0.39999999999999947,0.3181818181818181,0.4166666666666667,12,13,0.0,0.0,1.0,0.8,1.2,1.0,1.6,-0.05024699999999993,0.26068139999999973,-0.31092839999999966,-0.05024699999999993,0.26068139999999973,1.3300506,0.8409849999999999,1.377338,1.4746572000000002,46950.0,1.1732152739346984
2022-01-15,Man City,Chelsea,1.0,0.0,0.901703,0.613757,1,8,15,10,4.0,1.4,0.8,1.0,18.6,13.4,7.2,5.2,7.2,7.4,-0.20000000000000018,1.2,2.0,-0.8,H,154.3661933512767,5.200000000000001,2.0,0.5555555555555556,0.2692307692307692,14,13,0.0,1.0,0.0,3.8,0.8,2.0,1.0,1.9682332000000002,0.9957543999999998,0.9724788000000004,1.9682332000000002,0.9957543999999998,3.095244,1.6946591999999998,0.6353377800000001,0.8606361999999999,85500.0,1.0934937124111537
2022-01-15,Newcastle,Watford,1.0,1.0,1.03855,1.49623,-2,4,6,3,0.6,0.8,2.4,2.4,10.6,10.0,3.6,4.2,4.2,4.0,0.20000000000000018,2.2,1.4,0.8000000000000003,D,49.80684276079387,0.5999999999999996,-0.6000000000000001,0.16666666666666666,0.19047619047619047,19,14,0.0,0.0,1.0,1.2,1.8,1.6,2.0,-1.4279334,-1.6003607999999998,0.1724273999999999,-1.4279334,-1.6003607999999998,1.2972796,1.3466554,1.7501837999999998,1.7790219999999999,157700.0,2.0096030729833547
2022-01-15,Norwich,Everton,2.0,1.0,1.00153,0.541027,-5,-4,4,1,0.0,1.4,2.6,2.4,8.2,10.6,3.2,4.4,5.6,3.4,2.1999999999999997,1.4,2.4,-1.0,H,-138.23735908786193,-2.4000000000000004,-1.2000000000000002,0.0,0.3181818181818181,3,13,1.0,0.0,0.0,0.4,1.8,0.6,2.0,-1.9275346000000002,-1.0798977999999995,-0.8476368000000007,-1.9275346000000002,-1.0798977999999995,0.6970892,0.9671454,1.6729014000000002,2.161124,-315850.0,0.34067425112201233
2022-01-15,Wolves,Southampton,3.0,1.0,2.29917,0.91728,3,-1,8,4,0.4,2.0,0.4,1.8,7.2,11.6,2.8,4.8,3.8,4.8,-1.0,1.0,1.8,-0.8,H,70.92819999048857,-4.3999999999999995,-2.0,0.14285714285714288,0.4166666666666667,12,4,0.0,1.0,0.0,0.6,0.4,1.2,2.6,-1.14704942,-0.8229770000000002,-0.3240724199999999,-1.14704942,-0.8229770000000002,0.8281398,0.9162279999999999,1.109362,1.724948,102650.0,1.3742253007655851
2022-01-15,Aston Villa,Man United,2.0,2.0,1.82784,1.35378,-7,-4,6,8,1.2,1.2,1.4,0.6,11.6,13.8,3.2,4.0,5.0,5.8,-0.7999999999999998,1.8,1.8,0.0,D,-121.52642888646189,-2.200000000000001,-0.7999999999999998,0.37499999999999994,0.3,13,12,0.0,1.0,0.0,1.4,2.0,1.4,1.2,-0.3926596,0.5631409999999999,-0.9558005999999999,-0.3926596,0.5631409999999999,0.9702605999999999,1.4942934,1.6153561999999997,1.6978034000000002,-281400.0,0.6341415848664109
2022-01-16,West Ham,Leeds,2.0,3.0,2.3549,2.26884,12,5,10,4,2.2,1.6,1.6,3.4,10.8,12.4,4.4,4.6,5.8,3.8,2.0,1.0,3.2,-2.2,A,50.755761153855474,-1.5999999999999996,-0.1999999999999993,0.5,0.3478260869565218,4,14,0.0,1.0,0.0,2.2,1.6,1.0,2.6,0.3239675999999998,-1.0360709999999997,1.3600385999999995,0.3239675999999998,-1.0360709999999997,1.769358,1.0914214,1.1574754,2.1892474,55450.0,1.1851728168308566
2022-01-16,Liverpool,Brentford,3.0,0.0,3.49099,0.376656,11,2,13,2,1.6,1.0,1.2,1.8,18.4,10.2,5.8,4.2,9.0,5.0,4.0,1.8,2.0,-0.19999999999999996,H,266.9529816676948,8.2,1.5999999999999996,0.27586206896551724,0.23809523809523808,14,5,0.0,0.0,1.0,2.8,0.6,1.2,2.6,1.3133049999999995,-0.1921565999999998,1.5054615999999994,1.3133049999999995,-0.1921565999999998,2.819046,0.8765436000000001,0.61829,1.6423486,645600.0,3.362239297475302
2022-01-18,Brighton,Chelsea,1.0,1.0,0.747557,0.572994,-6,2,6,7,1.4,1.2,1.0,1.0,15.2,9.6,4.4,3.4,7.0,6.2,0.7999999999999998,1.0,2.0,-1.0,D,-124.78822447037442,5.6,1.0000000000000004,0.3181818181818181,0.35294117647058826,4,3,0.0,0.0,1.0,0.8,0.6,1.4,1.2,0.2549547999999997,0.42319280000000004,-0.16823800000000033,0.2549547999999997,0.42319280000000004,1.5322566,1.3030546,0.7645221999999999,0.941076,-596500.0,0.3477310005467469
2022-01-19,Leicester,Tottenham,2.0,3.0,1.95031,4.24711,-4,-4,9,8,2.2,2.0,2.0,0.6,11.0,17.2,5.0,7.6,3.8,6.0,-2.2,1.6,1.8,-0.19999999999999996,A,-73.75674334384007,-6.199999999999999,-2.5999999999999996,0.44000000000000006,0.2631578947368421,22,18,0.0,0.0,0.0,1.8,1.4,1.0,0.8,-0.6593495999999999,1.7845357999999998,-2.4438853999999997,-0.6593495999999999,1.7845357999999998,1.4642772000000002,1.5541532,1.8594488000000002,0.7269602000000001,-162800.0,0.7638354972075143
2022-01-19,Brentford,Man United,1.0,3.0,2.081,2.05969,-7,-5,9,6,0.6,1.4,2.2,1.0,8.6,13.2,3.4,4.6,3.4,5.2,-1.8000000000000003,1.4,1.8,-0.40000000000000013,A,-186.80711943735537,-4.6,-1.1999999999999997,0.17647058823529413,0.30434782608695654,3,4,0.0,0.0,0.0,1.2,1.0,1.2,1.6,-1.0683106000000002,0.3983724000000002,-1.4666830000000004,-1.0683106000000002,0.3983724000000002,1.3117135999999998,1.4878253999999997,0.9686878,1.8317974,-495850.0,0.3553273093674836
2022-01-21,Watford,Norwich,0.0,3.0,1.30606,0.925212,1,-2,3,4,0.8,0.4,2.2,2.6,11.0,8.8,4.0,2.8,4.0,5.6,-1.5999999999999996,1.0,1.8,-0.8,A,25.575606218496887,2.1999999999999993,1.2000000000000002,0.2,0.14285714285714288,6,6,0.0,1.0,0.0,1.4,2.2,0.6,2.0,-1.5252854,-1.6130213999999996,0.08773599999999959,-1.5252854,-1.6130213999999996,1.1435452,0.9343821999999999,2.2774208000000002,2.2474559999999997,-7000.0,0.9571078431372549
2022-01-22,Everton,Aston Villa,0.0,1.0,1.2384,0.860245,-3,0,4,6,1.4,1.2,2.0,1.6,11.4,11.6,5.0,4.2,4.4,5.0,-0.5999999999999996,1.8,1.8,0.0,A,-69.4539747225183,-0.1999999999999993,0.7999999999999998,0.27999999999999997,0.2857142857142857,7,7,1.0,0.0,0.0,1.4,2.6,1.0,1.0,-0.7023170000000001,-0.47096080000000007,-0.2313562,-0.7023170000000001,-0.47096080000000007,1.1678238,0.846355,1.8614216,1.115219,-8700.0,0.9821629933367504
2022-01-22,Brentford,Wolves,1.0,2.0,0.742573,0.218211,-6,-7,9,7,0.8,1.0,2.4,0.4,9.0,8.4,3.8,3.6,2.8,3.8,-1.0,0.8,1.0,-0.19999999999999996,A,-139.4038168416389,0.5999999999999996,0.19999999999999973,0.2105263157894737,0.2777777777777778,3,7,0.0,1.0,0.0,1.2,1.2,0.4,0.6,-1.0960599999999996,-0.4050408200000001,-0.6910191799999995,-1.0960599999999996,-0.4050408200000001,1.1694556,0.51717718,1.1490318,1.8050784,-103650.0,0.7250298448070036
2022-01-22,Leeds,Newcastle,0.0,1.0,1.12992,1.15904,4,4,8,2,1.8,0.6,3.4,2.6,13.4,9.2,4.4,3.0,3.4,3.0,0.3999999999999999,2.6,2.6,0.0,A,60.11778597057355,4.200000000000001,1.4000000000000004,0.40909090909090906,0.19999999999999998,6,7,0.0,0.0,1.0,1.6,1.6,0.6,2.2,-1.097157,-1.7397675999999997,0.6426105999999998,-1.097157,-1.7397675999999997,1.744442,0.3705702,1.4705565999999997,2.305774,-14450.0,0.9539662312838484
2022-01-22,Man United,West Ham,1.0,0.0,1.75857,0.238027,-3,-1,9,7,1.8,2.6,1.2,1.8,13.2,12.4,4.6,5.2,5.8,6.2,-0.40000000000000036,1.6,1.6,0.0,H,72.58277164726837,0.7999999999999989,-0.6000000000000005,0.391304347826087,0.5,3,6,0.0,1.0,0.0,1.4,1.2,1.6,1.4,0.1716977999999998,0.8363726000000002,-0.6646748000000005,0.1716977999999998,0.8363726000000002,1.2124838,1.3163462000000001,1.0883312,1.9582079999999997,414250.0,2.167230205691744
2022-01-22,Southampton,Man City,1.0,1.0,1.00222,1.62907,-12,-7,9,15,2.2,2.8,1.8,0.8,12.0,14.6,5.6,5.4,5.2,7.8,-2.5999999999999996,2.4,1.0,1.4,D,-305.674951240823,-2.5999999999999996,0.1999999999999993,0.3928571428571429,0.5185185185185185,7,7,0.0,0.0,1.0,1.8,1.0,2.4,0.6,-0.78294,1.408624,-2.191564,-0.78294,1.408624,1.2196666,2.3323840000000002,1.3788025999999998,0.5394348,-725700.0,0.2743
2022-01-23,Chelsea,Tottenham,2.0,0.0,1.04212,0.328818,3,-5,7,8,1.4,2.0,1.2,1.0,11.0,19.2,3.8,8.2,5.8,6.4,-0.6000000000000005,2.0,2.0,0.0,H,60.47135642899775,-8.2,-4.3999999999999995,0.3684210526315789,0.24390243902439027,5,4,0.0,1.0,0.0,1.6,1.4,1.0,0.8,0.29376400000000014,2.0556837999999997,-1.7619197999999996,0.29376400000000014,2.0556837999999997,2.0897076,2.0935592,1.099167,0.9878906000000001,225150.0,1.326612025821426
2022-01-23,Leicester,Brighton,1.0,1.0,1.70979,1.19738,-2,-3,9,6,2.2,1.6,2.2,1.0,10.8,14.8,4.6,4.4,3.6,6.6,-2.9999999999999996,1.2,0.8,0.3999999999999999,D,17.869699595336897,-4.0,0.1999999999999993,0.47826086956521746,0.36363636363636365,4,5,1.0,0.0,0.0,2.2,1.6,1.2,1.4,-1.0243916,0.27310339999999966,-1.2974949999999996,-1.0243916,0.27310339999999966,1.4567372000000003,1.1202573999999998,2.4882948000000003,1.2298096,208550.0,1.6558176100628932
2022-01-23,Arsenal,Burnley,0.0,0.0,1.35507,0.388963,13,10,12,2,3.0,0.4,0.6,1.4,16.0,8.6,6.6,1.6,5.6,4.4,1.1999999999999993,2.0,1.4,0.6000000000000001,D,181.6131255138789,7.4,5.0,0.4545454545454546,0.25,22,21,0.0,1.0,0.0,1.8,0.4,0.6,1.6,1.6091874,-0.8171674,2.4263548,1.6091874,-0.8171674,2.0146138000000002,0.6612878,0.6928683999999999,1.8546502,475200.0,4.447225244831339
2022-01-23,Crystal Palace,Liverpool,1.0,3.0,1.62615,1.49697,-10,-3,7,8,1.6,2.0,1.8,1.2,11.4,19.8,3.8,7.4,4.6,8.6,-4.0,1.2,1.6,-0.40000000000000013,A,-248.01003135219756,-8.4,-3.6000000000000005,0.4210526315789474,0.27027027027027023,9,7,1.0,0.0,0.0,2.2,1.6,1.8,1.2,-0.23810439999999988,1.4219244,-1.6600287999999999,-0.23810439999999988,1.4219244,1.9270057999999999,2.269844,1.0361284000000002,1.0820184,-647850.0,0.29497224942866473
2022-02-05,Burnley,Watford,0.0,0.0,0.765905,0.933965,-1,1,6,4,0.4,0.6,1.4,2.2,9.4,11.8,1.6,4.0,4.2,4.0,0.20000000000000018,1.2,0.4,0.7999999999999999,D,60.744687192687024,-2.4000000000000004,-2.4,0.25,0.15,13,15,0.0,0.0,0.0,1.2,1.0,1.8,2.0,-0.9071579999999998,-0.7776907999999998,-0.1294672,-0.9071579999999998,-0.7776907999999998,1.1359118,1.6073425999999997,1.0708824,1.6719560000000002,-18350.0,0.8825224071702945
2022-02-08,Newcastle,Everton,3.0,1.0,2.68732,0.823607,-3,4,6,1,0.8,1.0,1.8,2.0,9.8,12.2,3.0,4.2,3.2,5.6,-2.3999999999999995,2.4,2.4,0.0,H,40.67776956812327,-2.3999999999999986,-1.2000000000000002,0.26666666666666666,0.23809523809523808,17,17,0.0,0.0,0.0,0.8,1.4,0.6,2.0,-1.4247884000000004,-0.627456,-0.7973324000000004,-1.4247884000000004,-0.627456,1.0682136000000002,0.7358168,1.8028798000000001,2.022742,-165150.0,0.6552551925686254
2022-02-08,West Ham,Watford,1.0,0.0,0.905143,0.335474,14,7,7,2,2.2,0.4,1.4,1.8,11.4,12.8,4.4,4.6,4.8,5.0,-0.20000000000000018,1.4,0.8,0.5999999999999999,H,218.7691953546398,-1.4000000000000004,-0.1999999999999993,0.5,0.08695652173913045,17,3,0.0,1.0,0.0,2.0,1.8,0.8,1.6,0.4960600000000004,-0.4907916000000003,0.9868516000000007,0.4960600000000004,-0.4907916000000003,1.9897420000000001,1.1734476,1.3199614,1.456959,198700.0,2.2720870678617158
2022-02-08,Burnley,Man United,1.0,1.0,0.772721,1.83387,-15,-7,7,9,0.4,1.8,1.2,1.0,10.0,14.2,1.8,4.4,4.4,5.6,-1.1999999999999993,1.2,1.2,0.0,D,-197.8340610365574,-4.199999999999999,-2.6000000000000005,0.22222222222222224,0.40909090909090906,3,17,1.0,0.0,0.0,1.2,0.8,1.6,1.0,-0.7204717999999999,0.3778043999999998,-1.0982761999999997,-0.7204717999999999,0.3778043999999998,1.133978,1.5661753999999999,1.0378194,1.7012113999999996,-631300.0,0.1792238185009426
2022-02-09,Aston Villa,Leeds,3.0,3.0,1.5013,2.52914,4,1,7,4,1.4,1.4,1.4,3.0,12.4,13.6,4.8,4.2,4.8,4.2,0.5999999999999996,2.0,2.4,-0.3999999999999999,D,-0.201253579110471,-1.1999999999999993,0.5999999999999996,0.2916666666666667,0.3333333333333333,18,18,0.0,0.0,0.0,1.6,1.6,1.2,2.8,-0.03234440000000016,-0.8991610000000001,0.8668165999999999,-0.03234440000000016,-0.8991610000000001,1.1983184000000002,1.3114794,1.3533301999999998,2.52785,188300.0,1.6288195024211054
2022-02-09,Man City,Brentford,2.0,0.0,1.98246,0.461305,13,10,15,1,2.2,1.0,1.0,2.6,15.0,10.0,5.0,3.6,8.8,3.4,5.4,0.6,1.2,-0.6,H,381.8188212561079,5.0,1.4,0.44000000000000006,0.2777777777777778,18,18,0.0,1.0,0.0,3.4,0.8,0.6,2.6,0.8394636,-0.8354274,1.6748910000000001,0.8394636,-0.8354274,2.7529806,0.7053248,0.7047103800000001,1.9037706,726700.0,3.658982802780827
2022-02-09,Norwich,Crystal Palace,1.0,1.0,0.296411,1.22883,-5,2,4,2,1.0,1.4,2.2,2.0,8.8,11.2,2.6,3.6,4.4,4.2,0.20000000000000018,1.4,1.6,-0.20000000000000018,D,-126.2522576912063,-2.3999999999999986,-1.0,0.3846153846153846,0.38888888888888884,19,17,1.0,0.0,0.0,0.4,1.8,0.8,1.8,-1.3971984,-0.3857197999999997,-1.0114786000000002,-1.3971984,-0.3857197999999997,0.8098392000000001,0.7328632,1.5548708000000002,1.7792852,-107850.0,0.6021029330381849
2022-02-09,Tottenham,Southampton,2.0,3.0,1.74286,1.73293,6,2,13,4,1.6,2.0,1.0,1.6,18.4,10.4,7.8,5.4,5.8,4.4,1.3999999999999995,1.4,2.2,-0.8000000000000003,A,69.31811760707546,7.999999999999998,2.3999999999999995,0.20512820512820515,0.37037037037037035,17,18,0.0,0.0,1.0,2.4,0.6,1.2,2.8,1.6633574000000002,-0.7348585999999999,2.398216,1.6633574000000002,-0.7348585999999999,2.4031700000000003,0.8734480000000001,0.8971532,2.097226,415050.0,2.513124316441852
2022-02-10,Wolves,Arsenal,0.0,1.0,0.641359,1.45247,-2,3,8,6,1.4,2.4,0.4,0.6,9.4,17.0,3.8,6.6,4.2,6.2,-2.0,1.2,1.6,-0.40000000000000013,A,-69.52066874402749,-7.6,-2.8,0.3684210526315789,0.36363636363636365,19,18,0.0,0.0,0.0,0.8,0.4,2.4,2.0,0.07466000000000017,1.4859938000000001,-1.4113338,0.07466000000000017,1.4859938000000001,0.9492858,1.8114209999999997,0.9532839999999998,1.6718163999999998,-236100.0,0.6148764374847077
2022-02-10,Liverpool,Leicester,2.0,0.0,2.72997,0.544954,10,1,15,5,2.0,2.2,1.2,2.0,18.2,11.4,7.2,4.6,7.4,3.2,4.2,1.6,1.0,0.6000000000000001,H,189.72708025928432,6.799999999999999,2.6000000000000005,0.2777777777777778,0.47826086956521746,18,18,1.0,0.0,0.0,3.0,0.2,1.8,2.4,0.8495444000000001,-0.7487964000000003,1.5983408000000003,0.8495444000000001,-0.7487964000000003,3.237688,1.3309592,0.3915572,2.144392,392350.0,1.7451334156300446
2022-02-12,Man United,Southampton,1.0,1.0,2.99207,0.677386,4,0,12,7,1.4,2.0,1.0,1.6,15.0,12.8,4.2,6.2,6.2,5.6,0.6000000000000005,1.4,2.2,-0.8000000000000003,D,102.24110676115993,2.1999999999999993,-2.0,0.3333333333333333,0.3225806451612903,4,3,0.0,0.0,1.0,1.6,0.8,1.8,2.4,0.4028297999999999,-0.7006406000000001,1.1034704,0.4028297999999999,-0.7006406000000001,1.4122856000000001,1.0268076,0.7275326,1.8312420000000003,494850.0,2.8040466642362376
2022-02-12,Brentford,Crystal Palace,0.0,0.0,1.97576,0.49802,-1,-5,6,2,0.6,1.6,2.8,1.6,9.2,13.0,3.2,4.6,3.4,5.0,-1.6,0.8,1.8,-1.0,D,-38.436299721890464,-3.8000000000000007,-1.3999999999999995,0.18749999999999997,0.3478260869565218,3,3,0.0,0.0,1.0,1.2,1.6,0.4,1.4,-1.0122821999999998,0.3293952,-1.3416773999999998,-1.0122821999999998,0.3293952,1.0783442,0.6289512,0.9990589999999999,1.6301194000000003,2250.0,1.0083010514665192
2022-02-12,Everton,Leeds,3.0,0.0,2.58561,0.242668,-1,-6,4,5,1.0,2.0,2.0,2.2,12.0,15.6,3.6,5.2,5.6,6.0,-0.40000000000000036,2.6,2.8,-0.19999999999999973,H,-45.529583196161866,-3.5999999999999996,-1.6,0.2777777777777778,0.3846153846153846,4,3,0.0,0.0,1.0,1.0,1.8,1.6,3.0,-0.8355826,-0.07639459999999998,-0.759188,-0.8355826,-0.07639459999999998,1.0473257999999999,1.5239294,1.4127825999999999,2.364622,179600.0,1.5997662381031892
2022-02-12,Watford,Brighton,0.0,2.0,0.532979,1.80456,-10,-5,0,7,0.2,1.4,1.2,1.2,11.2,14.6,3.8,4.4,5.4,6.4,-1.0,0.8,0.8,0.0,A,-192.15005046314104,-3.4000000000000004,-0.6000000000000005,0.052631578947368425,0.3181818181818181,4,20,1.0,0.0,0.0,0.6,2.6,1.4,1.2,-0.2394174000000001,0.20263279999999995,-0.44205020000000006,-0.2394174000000001,0.20263279999999995,0.8579711999999999,1.243176,2.1288752,1.3578756,-161800.0,0.4911949685534591
2022-02-12,Norwich,Man City,0.0,4.0,0.356755,4.44653,-17,-6,4,13,1.2,1.4,1.4,0.4,9.0,14.6,2.4,4.6,4.6,7.8,-3.2,1.4,0.4,0.9999999999999999,A,-469.8588521960992,-5.6,-2.1999999999999997,0.5,0.30434782608695654,3,3,1.0,0.0,0.0,0.6,2.0,2.2,0.6,-1.0394466000000002,0.8648066,-1.9042532000000003,-1.0394466000000002,0.8648066,0.5881814000000001,2.454404,1.7412053999999997,0.5854622,-836800.0,0.1632
2022-02-13,Newcastle,Aston Villa,1.0,0.0,0.527571,0.455206,-6,3,8,9,1.2,1.6,1.4,2.0,13.0,11.4,4.4,4.4,4.4,4.0,0.40000000000000036,2.2,2.0,0.20000000000000018,H,-8.28395461055743,1.5999999999999996,0.0,0.2727272727272727,0.36363636363636365,5,4,1.0,0.0,0.0,1.2,1.4,1.2,0.8,-0.5055018,-0.5299050000000001,0.02440320000000007,-0.5055018,-0.5299050000000001,1.3744056,0.9111885999999998,1.6654332,1.183263,-173850.0,0.6435674013326499
2022-02-13,Tottenham,Wolves,0.0,2.0,0.838197,1.87026,1,-3,10,10,1.4,1.2,1.6,0.6,16.6,10.8,7.2,3.6,5.4,4.8,0.6000000000000005,1.6,1.6,0.0,A,-0.6669770245612199,5.800000000000001,3.6,0.19444444444444442,0.3333333333333333,4,3,0.0,1.0,0.0,2.4,1.0,0.8,0.4,1.1367122,-0.07079819999999992,1.2075103999999999,1.1367122,-0.07079819999999992,2.2882540000000002,0.50998738,0.9503612,1.4232710000000002,312400.0,1.8287571295927842
2022-02-13,Burnley,Liverpool,0.0,1.0,1.16081,1.95722,-18,-7,7,8,0.6,2.0,1.4,0.8,10.0,19.0,2.2,8.2,3.6,8.0,-4.4,1.2,1.0,0.19999999999999996,A,-306.65781512504964,-9.0,-5.999999999999999,0.2727272727272727,0.24390243902439027,5,3,1.0,0.0,0.0,1.4,1.0,1.6,1.2,-0.8425409999999998,1.5362136,-2.3787545999999997,-0.8425409999999998,1.5362136,1.1715772000000002,1.9971039999999998,1.26987,1.3047958000000002,-781050.0,0.15001632386549135
2022-02-13,Leicester,West Ham,2.0,2.0,1.40693,0.745068,-9,-5,10,7,1.4,1.6,2.4,1.2,10.8,10.6,3.8,3.8,3.6,4.8,-1.1999999999999997,0.6,1.4,-0.7999999999999999,D,-31.35081842456134,0.20000000000000107,0.0,0.3684210526315789,0.4210526315789474,3,5,1.0,0.0,0.0,2.4,1.2,1.4,1.2,-1.4949548000000004,0.2446858000000003,-1.7396406000000006,-1.4949548000000004,0.2446858000000003,1.6987944,1.329599,2.2134148,1.7655480000000001,171650.0,1.483657368272753
2022-02-15,Man United,Brighton,2.0,0.0,2.74936,1.26179,4,0,10,9,1.6,1.6,1.0,1.0,15.6,13.2,5.4,4.4,5.8,5.8,0.0,1.6,1.0,0.6000000000000001,H,110.58220204788654,2.4000000000000004,1.0,0.2962962962962963,0.36363636363636365,3,3,0.0,0.0,0.0,1.2,0.6,1.6,1.0,0.8802012000000001,0.4523145999999998,0.42788660000000034,0.8802012000000001,0.4523145999999998,1.6395056000000001,1.3519480000000001,0.6297338,1.2351134,451150.0,2.4187106918238994
2022-02-19,West Ham,Newcastle,1.0,1.0,0.847948,0.932574,12,-4,9,4,1.4,1.4,1.2,0.6,10.2,14.0,3.4,4.6,5.4,4.4,1.0,1.4,2.6,-1.2000000000000002,D,81.74751568104989,-3.8000000000000007,-1.1999999999999997,0.4117647058823529,0.30434782608695654,6,6,0.0,1.0,0.0,2.0,1.6,0.6,2.0,0.20442939999999998,0.20350159999999984,0.0009278000000001452,0.20442939999999998,0.20350159999999984,1.9414126,0.45801559999999997,1.1349162,2.080582,41000.0,1.130614845492195
2022-02-19,Arsenal,Brentford,2.0,1.0,1.52247,0.640726,8,9,10,1,2.2,0.4,0.6,2.0,15.2,10.0,5.4,2.8,6.0,3.6,2.4,1.8,0.8,1.0,H,211.8221003177316,5.199999999999999,2.6000000000000005,0.40740740740740744,0.14285714285714288,9,7,1.0,0.0,0.0,1.6,0.4,0.6,2.6,1.153023,-0.5224154000000001,1.6754384,1.153023,-0.5224154000000001,1.9872118,0.7524873999999999,0.6723292,1.8857665999999997,339750.0,2.243139407244786
2022-02-19,Aston Villa,Watford,0.0,1.0,1.0267,1.82051,7,3,5,2,1.4,0.2,1.6,1.4,12.0,11.8,4.4,3.2,4.8,5.6,-0.7999999999999998,2.2,1.4,0.8000000000000003,A,99.61792700909996,0.1999999999999993,1.2000000000000002,0.3181818181818181,0.0625,6,7,1.0,0.0,0.0,1.8,2.2,0.8,1.6,-0.07348379999999977,-0.16693239999999987,0.0934486000000001,-0.07348379999999977,-0.16693239999999987,1.2846864,1.1422105999999999,1.7426008,1.3395716,331550.0,3.1225992317541613
2022-02-19,Brighton,Burnley,0.0,3.0,0.44587,0.821228,11,3,6,2,1.0,0.4,1.0,1.0,12.8,9.6,4.0,2.6,5.2,3.6,1.6,1.0,1.2,-0.19999999999999996,A,58.36267283339112,3.200000000000001,1.4,0.25,0.15384615384615385,4,6,0.0,1.0,0.0,0.8,0.6,0.4,1.4,0.2234026,-0.8146186000000002,1.0380212000000002,0.2234026,-0.8146186000000002,1.3955220000000002,0.604266,0.8336568,1.5244942,180150.0,2.306855277475517
2022-02-19,Crystal Palace,Chelsea,0.0,1.0,0.624023,1.12339,-10,-3,7,5,1.0,1.2,1.6,1.0,10.4,12.0,4.0,4.4,5.2,6.8,-1.5999999999999996,1.6,2.2,-0.6000000000000001,A,-219.25516804005224,-1.5999999999999996,-0.40000000000000036,0.25,0.2727272727272727,7,27,1.0,0.0,0.0,2.2,1.8,1.2,1.2,-0.32528199999999985,-0.034469799999999995,-0.29081219999999985,-0.32528199999999985,-0.034469799999999995,2.0598099999999997,1.2359386,1.2446614,0.8924119999999999,-643450.0,0.2963914707490432
2022-02-19,Liverpool,Norwich,3.0,1.0,3.15449,0.66975,18,6,15,4,2.2,1.2,0.6,1.6,17.2,8.2,8.2,2.4,7.2,3.8,3.4000000000000004,1.0,1.0,0.0,H,401.87131234909816,9.0,5.799999999999999,0.26829268292682934,0.5,6,7,0.0,1.0,0.0,2.6,0.2,0.8,1.8,1.27331,-1.4982723999999998,2.7715824,1.27331,-1.4982723999999998,2.988934,0.8878306,0.446943,1.9502099999999998,755700.0,5.630514705882353
2022-02-19,Southampton,Everton,2.0,0.0,2.72851,0.19991,6,5,7,1,2.0,1.4,1.6,1.8,13.6,15.2,6.6,5.0,5.8,6.4,-0.6000000000000005,1.8,2.2,-0.40000000000000013,H,104.07241468039592,-1.5999999999999996,1.5999999999999996,0.30303030303030304,0.27999999999999997,7,7,1.0,0.0,0.0,1.8,1.2,0.8,2.0,-0.6723520000000001,0.14797819999999984,-0.8203301999999999,-0.6723520000000001,0.14797819999999984,1.2404746,0.8471594,1.5974012,2.0376019999999997,-204750.0,0.5725915875169606
2022-02-19,Man City,Tottenham,2.0,3.0,2.31773,2.00235,7,7,15,8,2.0,1.2,0.4,1.8,16.6,15.8,5.8,6.4,9.2,5.4,3.799999999999999,0.8,1.8,-1.0,A,187.2934518256457,0.8000000000000007,-0.6000000000000005,0.3448275862068966,0.18749999999999997,7,6,1.0,0.0,0.0,3.4,0.6,1.0,1.0,1.5270013999999996,0.43907419999999986,1.0879271999999998,1.5270013999999996,0.43907419999999986,2.6050986000000003,2.0248832,0.76261878,0.8493786,310650.0,1.4506419090447522
2022-02-20,Leeds,Man United,2.0,4.0,1.74476,2.60999,-11,-4,7,9,1.8,1.6,2.0,0.6,15.2,16.8,4.8,5.6,6.4,6.6,-0.1999999999999993,2.4,1.8,0.5999999999999999,A,-167.19375497234955,-1.6000000000000014,-0.7999999999999998,0.375,0.28571428571428575,8,5,1.0,0.0,0.0,1.4,1.6,1.6,1.0,-0.06978300000000037,1.2725271999999994,-1.3423101999999998,-0.06978300000000037,1.2725271999999994,1.577324,1.8202759999999998,1.5433062,1.3867056,-469700.0,0.3893258792173178
2022-02-20,Wolves,Leicester,2.0,1.0,0.472777,1.55048,3,7,5,2,1.6,1.2,0.6,1.6,12.2,10.6,4.8,2.6,4.6,3.8,0.7999999999999998,1.8,0.4,1.4,H,58.607729679118165,1.5999999999999996,2.1999999999999997,0.33333333333333337,0.4615384615384615,7,7,1.0,0.0,0.0,0.6,0.6,1.4,2.6,0.23013060000000007,-1.0836944,1.313825,0.23013060000000007,-1.0836944,0.8137516,1.239442,1.1565117999999999,2.4568079999999997,-149600.0,0.7158864305384104
2022-02-23,Liverpool,Leeds,6.0,0.0,5.3303,0.141547,13,11,15,4,2.4,1.6,0.4,2.6,21.0,14.0,8.6,4.6,7.6,5.2,2.3999999999999995,0.6,3.2,-2.6,H,269.260548731105,7.0,4.0,0.27906976744186046,0.3478260869565218,4,3,0.0,1.0,0.0,2.4,0.4,1.6,3.6,1.6902640000000004,-0.45910240000000013,2.149366400000001,1.6902640000000004,-0.45910240000000013,3.005276,1.3994972,0.3876666,2.500748,619450.0,3.0686258139923193
2022-02-23,Burnley,Tottenham,1.0,0.0,1.55576,0.691655,-11,0,4,10,0.8,1.6,0.4,2.2,10.0,12.8,3.0,5.6,3.8,4.0,-0.20000000000000018,1.8,2.2,-0.40000000000000013,H,-102.5079169563876,-2.8000000000000007,-2.5999999999999996,0.26666666666666666,0.28571428571428575,4,4,0.0,0.0,0.0,0.8,1.0,1.6,1.4,-0.5232736000000002,0.049196999999999935,-0.5724706000000002,-0.5232736000000002,0.049196999999999935,0.8579372,2.2649936,1.4944516,1.1933433999999998,-551500.0,0.1999709871618191
2022-02-23,Watford,Crystal Palace,1.0,4.0,1.71917,0.818403,-6,1,0,3,0.2,0.6,1.2,1.2,9.8,7.4,3.0,2.8,5.4,4.2,1.2000000000000002,1.4,1.8,-0.40000000000000013,A,-112.105187557519,2.4000000000000004,0.20000000000000018,0.06666666666666667,0.2142857142857143,4,4,0.0,0.0,0.0,0.4,2.6,0.4,1.2,-0.09970639999999975,-0.5172714000000002,0.4175650000000004,-0.09970639999999975,-0.5172714000000002,0.7663916,0.5870896,2.3080724,1.6289114000000002,-114850.0,0.5762774395867921
2022-02-24,Arsenal,Wolves,2.0,1.0,2.50961,1.10934,1,-2,10,12,1.8,1.8,0.6,0.8,15.8,10.6,4.6,4.2,8.0,4.4,3.5999999999999996,1.8,2.4,-0.5999999999999999,H,72.96949196742207,5.200000000000001,0.39999999999999947,0.391304347826087,0.42857142857142855,5,4,0.0,1.0,0.0,1.6,0.6,1.2,0.4,0.8541718,0.00015539999999991672,0.8540164000000001,0.8541718,0.00015539999999991672,1.7227198000000001,0.82460798,0.7633978000000001,1.3099703999999999,236100.0,1.626343016315161
2022-02-25,Southampton,Norwich,2.0,0.0,3.08863,0.424877,10,1,9,3,1.6,1.4,1.4,1.8,15.0,8.0,7.6,2.0,5.6,4.2,1.3999999999999995,1.8,1.2,0.6000000000000001,H,215.52326168581607,7.0,5.6,0.2105263157894737,0.7,6,6,1.0,0.0,0.0,1.8,0.8,0.8,2.2,-0.3609507999999999,-1.4854558,1.124505,-0.3609507999999999,-1.4854558,1.4038386,0.7196126,1.3493631999999998,2.349836,111100.0,1.6807598039215685
2022-02-26,Everton,Man City,0.0,1.0,0.770819,1.93422,-15,-7,6,13,1.0,2.0,1.6,0.8,13.6,17.8,3.8,6.2,5.6,10.2,-4.6,2.4,0.4,2.0,A,-358.70246958824805,-4.200000000000001,-2.4000000000000004,0.2631578947368421,0.3225806451612903,7,7,1.0,0.0,0.0,1.6,1.8,2.4,0.4,-0.42634380000000016,1.3682212000000002,-1.7945650000000004,-0.42634380000000016,1.3682212000000002,1.4448666000000001,2.537264,1.3009566,0.5217922,-520950.0,0.47905
2022-02-26,Leeds,Tottenham,0.0,4.0,1.89569,2.47025,-7,-2,4,9,1.0,1.0,3.4,2.0,11.0,9.8,4.0,4.0,4.6,3.8,0.7999999999999998,3.4,1.8,1.5999999999999999,A,-122.18447981008694,1.1999999999999993,0.0,0.25,0.25,3,3,1.0,0.0,0.0,1.6,2.4,1.4,1.4,-1.4796410000000004,-0.5829840000000004,-0.896657,-1.4796410000000004,-0.5829840000000004,1.5299159999999998,1.8414905999999998,1.9238386000000003,1.4338868,-389900.0,0.43439471966345106
2022-02-26,Brentford,Newcastle,0.0,2.0,0.494232,2.25373,3,-10,4,4,0.6,1.4,1.8,0.6,10.0,14.2,3.0,3.6,3.6,5.4,-1.8000000000000003,0.8,2.6,-1.8,A,-94.11079214919732,-4.199999999999999,-0.6000000000000001,0.19999999999999998,0.38888888888888884,7,7,0.0,0.0,1.0,0.8,1.4,0.6,2.0,-0.07589740000000011,0.31842879999999985,-0.39432619999999996,-0.07589740000000011,0.31842879999999985,1.1078982,0.5990662,0.9863522,1.9639256,-40600.0,0.8706594456833386
2022-02-26,Crystal Palace,Burnley,1.0,1.0,1.03765,0.255988,7,-3,4,4,1.2,1.0,1.2,0.4,8.2,11.0,3.6,3.6,5.0,3.6,1.4,1.6,1.4,0.20000000000000018,D,-1.1628455044799466,-2.8000000000000007,0.0,0.3333333333333333,0.2777777777777778,3,3,0.0,0.0,1.0,1.6,1.8,1.0,1.4,-0.363255,-0.15723120000000002,-0.20602379999999998,-0.363255,-0.15723120000000002,1.7648866,0.7294042000000001,1.2142274,1.47133,133200.0,1.9662676822633296
2022-02-26,Man United,Watford,0.0,0.0,2.41457,0.437185,15,7,10,5,1.8,0.4,0.8,1.4,17.2,8.4,6.4,2.4,5.4,5.6,-0.1999999999999993,2.4,1.8,0.5999999999999999,D,268.090452504269,8.799999999999999,4.0,0.28125,0.16666666666666669,6,3,1.0,0.0,0.0,1.4,0.6,0.6,0.8,1.4498351999999999,0.004277400000000098,1.4455577999999998,1.4498351999999999,0.004277400000000098,2.0153024,1.0295466000000002,0.7779732,1.1128576,612950.0,4.924135723431498
2022-02-26,Brighton,Aston Villa,0.0,2.0,0.627107,1.3027,3,0,5,6,0.8,1.2,1.4,1.4,11.2,12.8,3.4,3.6,4.2,5.4,-1.2000000000000002,1.2,2.0,-0.8,A,2.237486544625199,-1.6000000000000014,-0.20000000000000018,0.23529411764705885,0.3333333333333333,7,7,1.0,0.0,0.0,0.8,1.2,0.8,0.8,-0.18583879999999997,-0.3596219999999999,0.17378319999999992,-0.18583879999999997,-0.3596219999999999,1.1037,0.9113688,0.8249366,1.0963514,-169750.0,0.6519733470015376
2022-02-27,West Ham,Wolves,1.0,0.0,1.62241,0.892018,2,-4,7,12,1.2,1.4,1.4,1.0,9.8,10.0,3.0,3.6,3.8,4.8,-1.0,2.0,2.2,-0.20000000000000018,H,29.53416620765256,-0.1999999999999993,-0.6000000000000001,0.39999999999999997,0.38888888888888884,8,3,1.0,0.0,0.0,1.6,1.4,1.4,0.6,-0.3222603999999998,-0.5562766,0.23401620000000023,-0.3222603999999998,-0.5562766,1.7075222,1.0312192,1.047333,1.2120624,-22050.0,0.9415041782729805
2022-03-01,Burnley,Leicester,0.0,2.0,1.04214,1.79558,-5,6,6,1,1.2,1.2,0.6,2.0,9.4,12.8,3.4,3.8,3.6,5.6,-1.9999999999999996,1.6,1.2,0.40000000000000013,A,-83.0304718591592,-3.4000000000000004,-0.3999999999999999,0.35294117647058826,0.3157894736842105,3,9,0.0,0.0,1.0,0.4,0.4,1.4,2.8,-0.27995159999999975,-0.44596820000000026,0.1660166000000005,-0.27995159999999975,-0.44596820000000026,0.9606411999999999,1.3904796,1.2831046,2.1582613999999998,-388700.0,0.2617984996676479
2022-03-05,Leicester,Leeds,1.0,0.0,0.359129,2.14389,4,4,8,4,1.2,1.0,1.4,4.0,14.4,12.2,4.2,3.8,6.6,4.0,2.5999999999999996,1.2,3.4,-2.2,H,102.61903286040706,2.200000000000001,0.40000000000000036,0.2857142857142857,0.2631578947368421,4,7,0.0,0.0,1.0,2.0,1.2,1.2,4.2,0.1640798000000001,-1.588729,1.7528088000000002,0.1640798000000001,-1.588729,1.5481264,1.0819386,1.8856624,3.0171200000000002,227100.0,1.758390382367674
2022-03-05,Aston Villa,Southampton,4.0,0.0,2.85379,1.32947,-4,-4,5,8,1.2,1.8,1.0,0.8,12.0,17.8,2.6,7.4,5.2,6.2,-1.0,2.8,1.4,1.4,H,-19.57075925640538,-5.800000000000001,-4.800000000000001,0.4615384615384615,0.24324324324324323,7,8,1.0,0.0,0.0,1.6,2.0,2.0,2.0,-0.3193154,0.44817780000000007,-0.7674932000000001,-0.3193154,0.44817780000000007,1.3356097999999998,1.0618417999999998,1.9029088,2.012798,213450.0,1.7781625956981406
2022-03-05,Burnley,Chelsea,0.0,4.0,0.849232,2.2868,-15,-1,5,8,1.0,1.2,0.8,0.8,9.4,11.6,3.2,4.0,4.4,5.6,-1.1999999999999993,1.4,2.0,-0.6000000000000001,A,-233.5466153242869,-2.1999999999999993,-0.7999999999999998,0.3125,0.3,4,14,0.0,0.0,1.0,0.4,0.8,1.0,0.6,-0.2184098,0.07003799999999993,-0.2884477999999999,-0.2184098,0.07003799999999993,1.0594671999999998,1.1865185999999999,1.4424579999999998,0.6137366,-776650.0,0.15073810825587752
2022-03-05,Newcastle,Brighton,2.0,1.0,1.58028,1.64995,-2,9,8,8,1.6,0.6,0.4,1.6,17.0,11.6,5.6,3.2,5.8,4.6,1.2000000000000002,2.2,1.8,0.40000000000000013,H,41.96341010154947,5.4,2.3999999999999995,0.28571428571428575,0.18749999999999997,7,7,0.0,0.0,1.0,1.2,1.4,1.4,1.2,0.7618644000000002,-0.3558699999999999,1.1177344000000002,0.7618644000000002,-0.3558699999999999,1.1387018000000002,1.3068659999999999,1.6355546,1.5165134,-4100.0,0.9871069182389937
2022-03-05,Norwich,Brentford,1.0,3.0,0.77334,2.22064,-5,3,4,0,1.0,0.4,2.0,1.6,6.8,7.6,1.6,1.6,3.8,3.6,0.19999999999999973,1.0,1.4,-0.3999999999999999,A,-102.8174231056255,-0.7999999999999998,0.0,0.625,0.25,8,7,0.0,1.0,0.0,0.6,2.6,0.4,2.6,-2.110307,-0.4320590000000001,-1.678248,-2.110307,-0.4320590000000001,0.46231099999999997,0.6407145999999999,2.2108774,1.9064685999999997,-110100.0,0.5971459934138309
2022-03-05,Wolves,Crystal Palace,0.0,2.0,0.710865,2.53759,5,0,7,6,1.0,1.2,1.0,0.8,11.4,8.8,3.4,3.4,5.2,5.6,-0.39999999999999947,1.6,0.8,0.8,A,46.11747129101741,2.5999999999999996,0.0,0.29411764705882354,0.35294117647058826,6,7,1.0,0.0,0.0,1.0,0.8,1.2,1.2,-0.5974826,-0.23275860000000026,-0.3647239999999997,-0.5974826,-0.23275860000000026,0.7659688000000001,0.6466516,1.4275004,1.7986702,105900.0,1.3907028223574986
2022-03-05,Liverpool,West Ham,1.0,0.0,2.18865,1.33829,3,7,15,7,3.0,1.0,0.4,0.8,20.2,9.4,9.0,2.8,6.6,3.6,2.9999999999999996,0.6,1.6,-1.0,H,176.85267240827488,10.799999999999999,6.2,0.3333333333333333,0.35714285714285715,10,6,1.0,0.0,0.0,3.4,0.4,1.8,1.6,2.1051478000000006,-0.19339400000000007,2.2985418000000006,2.1051478000000006,-0.19339400000000007,3.5289740000000003,1.27885,0.38786139999999997,1.937332,564000.0,2.5891800507185123
2022-03-06,Watford,Arsenal,2.0,3.0,1.29603,1.00457,-13,-6,0,9,0.4,1.2,1.4,0.8,8.2,17.8,1.8,4.4,4.8,8.0,-3.2,1.4,1.6,-0.20000000000000018,A,-287.04256884003144,-9.600000000000001,-2.6000000000000005,0.22222222222222224,0.2727272727272727,8,10,1.0,0.0,0.0,0.4,2.8,2.6,1.2,-0.42481159999999996,0.5899902000000001,-1.0148018,-0.42481159999999996,0.5899902000000001,0.9752046,2.04831,1.6653069999999999,1.0053402,-456850.0,0.2547916156920316
2022-03-06,Man City,Man United,4.0,1.0,2.74434,0.361782,4,1,12,9,2.0,1.6,0.8,0.8,18.2,18.0,6.6,6.4,9.2,5.6,3.5999999999999996,0.8,2.2,-1.4000000000000001,H,169.27637444945367,0.1999999999999993,0.1999999999999993,0.30303030303030304,0.25,8,8,0.0,1.0,0.0,3.6,1.2,2.2,1.4,1.5433122000000004,1.5412036,0.002108600000000349,1.5433122000000004,1.5412036,2.4688146,1.92264,1.1478319999999997,1.5384362,230850.0,1.3001365143340051
2022-03-07,Tottenham,Everton,5.0,0.0,3.24279,0.208263,10,3,7,1,1.8,0.8,1.6,1.4,11.6,12.4,5.6,3.2,4.4,4.6,-0.1999999999999993,2.0,2.8,-0.7999999999999998,H,175.2830025231749,-0.8000000000000007,2.3999999999999995,0.32142857142857145,0.25,9,9,0.0,0.0,1.0,2.0,1.4,0.8,2.2,-0.3254116,-0.5669233999999999,0.24151179999999983,-0.3254116,-0.5669233999999999,2.0413974,0.6935264,1.2793148,2.3436779999999997,210300.0,1.4389938419789166
2022-03-10,Leeds,Aston Villa,0.0,3.0,0.194028,1.2729,-5,-7,3,9,0.4,1.8,3.6,1.0,12.8,13.2,3.0,3.8,3.8,5.6,-1.7999999999999998,3.2,2.4,0.8000000000000003,A,-82.14277264284874,-0.3999999999999986,-0.7999999999999998,0.13333333333333333,0.4736842105263158,5,5,0.0,0.0,1.0,1.2,2.8,1.2,0.6,-1.4373448,0.0611796,-1.4985244,-1.4373448,0.0611796,1.625262,1.1437941999999999,2.1779706,0.6794108000000001,-188300.0,0.613941568426448
2022-03-10,Wolves,Watford,4.0,0.0,1.55037,0.498696,11,2,7,6,1.0,0.8,1.2,1.8,10.8,9.6,3.6,3.0,5.2,3.8,1.4000000000000004,1.2,1.6,-0.40000000000000013,H,189.9412298000932,1.200000000000001,0.6000000000000001,0.2777777777777778,0.26666666666666666,5,4,0.0,1.0,0.0,1.0,1.0,0.4,0.4,-0.8006054000000002,-0.2525858000000001,-0.5480196000000002,-0.8006054000000002,-0.2525858000000001,0.8891084000000001,1.0046728,1.4503544,1.2301736,220750.0,2.4132522407170294
2022-03-10,Southampton,Newcastle,1.0,2.0,1.79835,0.812233,4,-3,11,7,1.6,1.8,1.4,0.6,18.6,16.0,7.0,5.8,7.2,5.2,2.0,1.0,2.0,-1.0,A,-23.41545344764677,2.6000000000000014,1.2000000000000002,0.2285714285714286,0.3103448275862069,5,5,0.0,0.0,1.0,2.0,0.6,1.0,1.6,0.26868380000000025,0.7421063999999998,-0.4734225999999996,0.26868380000000025,0.7421063999999998,1.7530926,1.0127356,1.1368985999999999,1.493786,-39600.0,0.8738451736221726
2022-03-10,Norwich,Chelsea,1.0,3.0,0.965723,2.1308,-17,-9,4,10,0.6,1.6,2.6,0.4,8.4,10.8,2.6,3.8,4.6,4.8,-0.20000000000000018,1.2,1.8,-0.6000000000000001,A,-375.1108869536761,-2.4000000000000004,-1.1999999999999997,0.23076923076923075,0.4210526315789474,5,5,1.0,0.0,0.0,0.8,2.8,1.8,0.6,-2.3235974,0.4375456,-2.761143,-2.3235974,0.4375456,0.5164496,1.4850882,2.2624834,0.7193088,-751300.0,0.17845817386550028
2022-03-12,Brighton,Liverpool,0.0,2.0,0.629316,2.48312,-11,-12,5,8,0.6,2.6,1.8,0.2,11.8,21.6,3.0,8.6,5.0,6.4,-1.4000000000000004,1.8,0.8,1.0,A,-289.82269624154515,-9.8,-5.6,0.19999999999999998,0.3023255813953489,7,7,0.0,0.0,1.0,0.8,1.4,1.6,1.2,-0.23945399999999983,2.3010558,-2.5405097999999997,-0.23945399999999983,2.3010558,0.9888853999999998,1.9038840000000001,0.8620046,1.5179243999999998,-600900.0,0.34606594841658506
2022-03-12,Brentford,Burnley,2.0,0.0,1.82002,0.825311,3,-3,4,5,0.8,1.0,1.4,1.4,7.4,9.0,2.6,2.4,3.4,4.4,-1.0000000000000004,2.0,1.8,0.19999999999999996,H,3.041673099351101,-1.5999999999999996,0.20000000000000018,0.3076923076923077,0.4166666666666667,7,7,1.0,0.0,0.0,0.8,1.6,1.2,1.4,-0.24747140000000023,-0.3466414000000001,0.09916999999999987,-0.24747140000000023,-0.3466414000000001,1.1589788,0.659682,1.2335721999999998,1.337642,135450.0,1.9825897714907508
2022-03-12,Man United,Tottenham,3.0,2.0,1.0181,1.62374,2,-1,8,9,1.6,2.4,1.4,1.0,14.6,12.8,5.8,6.4,4.2,5.0,-0.7999999999999998,2.2,2.0,0.20000000000000018,H,61.8372738596122,1.799999999999999,-0.6000000000000005,0.27586206896551724,0.37499999999999994,6,5,0.0,1.0,0.0,0.8,0.4,2.0,1.4,0.8524621999999997,0.27950779999999975,0.5729544,0.8524621999999997,0.27950779999999975,2.1366644,1.9480366,0.6910626,1.7523220000000002,79800.0,1.1157612243417712
2022-03-13,Chelsea,Newcastle,1.0,0.0,1.07072,0.246037,11,0,9,10,2.2,1.6,0.4,0.6,13.0,13.6,5.0,4.8,6.2,5.0,1.2000000000000002,1.8,1.8,0.0,H,173.8742362340167,-0.5999999999999996,0.20000000000000018,0.44000000000000006,0.33333333333333337,3,3,0.0,1.0,0.0,1.8,1.2,1.4,1.0,0.7281502,0.17214039999999997,0.5560098,0.7281502,0.17214039999999997,1.8290815999999999,1.0727954,1.0522572000000001,1.4419140000000001,600600.0,2.9133482000637145
2022-03-13,Everton,Wolves,0.0,1.0,0.397268,0.712135,-9,-3,6,9,0.8,1.4,2.2,1.2,10.6,10.6,3.0,3.2,3.2,5.6,-2.3999999999999995,1.8,1.4,0.40000000000000013,A,-146.32897190966924,0.0,-0.20000000000000018,0.26666666666666666,0.43749999999999994,6,3,1.0,0.0,0.0,1.4,1.2,1.2,0.8,-1.2494597999999997,-0.7966831999999999,-0.45277659999999975,-1.2494597999999997,-0.7966831999999999,1.4965778,0.9861508000000001,1.1156666,1.2963084,102100.0,1.2708582040058363
2022-03-13,Leeds,Norwich,2.0,1.0,3.11755,1.40148,4,0,3,3,0.4,0.6,3.6,3.0,12.2,9.2,3.2,3.0,3.8,4.4,-0.6000000000000005,4.0,1.0,3.0,H,145.59345702139308,3.0,0.20000000000000018,0.125,0.19999999999999998,3,3,0.0,1.0,0.0,1.0,2.6,0.8,2.0,-1.1845308,-2.3701290000000004,1.1855982000000003,-1.1845308,-2.3701290000000004,1.4012516,0.591464,1.6945346000000001,2.566226,136250.0,1.8348651960784315
2022-03-13,Southampton,Watford,1.0,2.0,1.25696,1.29385,9,3,10,5,1.2,0.8,1.4,2.2,16.8,9.6,6.0,2.8,8.0,3.4,4.6,0.6,1.4,-0.7999999999999999,A,108.90095370786844,7.200000000000001,3.2,0.19999999999999998,0.28571428571428575,3,3,0.0,1.0,0.0,2.0,0.8,0.2,1.0,0.46789320000000023,-0.2086043999999998,0.6764976,0.46789320000000023,-0.2086043999999998,2.042154,0.805166,0.7375111999999999,1.3325376,118100.0,1.7560819462227912
2022-03-13,West Ham,Aston Villa,2.0,1.0,1.58468,1.05391,2,-1,10,9,1.0,1.8,0.8,0.4,10.8,13.8,3.6,4.8,4.2,5.4,-1.2000000000000002,1.6,2.8,-1.1999999999999997,H,83.75329930158546,-3.0,-1.1999999999999997,0.2777777777777778,0.375,8,3,0.0,1.0,0.0,1.4,0.8,1.4,0.6,-0.05935740000000034,0.482522,-0.5418794000000003,-0.05935740000000034,0.482522,1.7245142000000002,1.0058522,0.9544505999999998,0.617687,-132850.0,0.7276268580215274
2022-03-13,Arsenal,Leicester,2.0,0.0,2.93665,0.54911,6,6,10,3,1.6,1.2,0.8,1.2,19.6,12.8,4.8,4.0,8.0,6.8,1.2000000000000002,1.4,1.4,0.0,H,120.4234825755459,6.800000000000001,0.7999999999999998,0.33333333333333337,0.3,7,8,0.0,1.0,0.0,1.4,0.8,1.4,2.4,0.7535543999999998,-0.2953543999999997,1.0489087999999995,0.7535543999999998,-0.2953543999999997,1.8077838,1.4615756000000002,0.8848227999999999,1.9843514,86500.0,1.1642768967809325
2022-03-14,Crystal Palace,Man City,0.0,0.0,0.474002,2.04021,-10,-4,4,13,1.4,2.6,0.6,0.8,8.6,19.0,4.0,7.6,5.8,8.8,-3.000000000000001,1.0,0.8,0.19999999999999996,D,-284.1208452093274,-10.4,-3.5999999999999996,0.35,0.34210526315789475,9,8,0.0,1.0,0.0,1.4,1.6,1.8,0.4,-0.053897400000000095,1.8944538,-1.9483512,-0.053897400000000095,1.8944538,1.6739286,2.194736,1.1403884000000002,0.6411144000000001,-728950.0,0.27105
2022-03-16,Brighton,Tottenham,0.0,2.0,1.04171,2.05196,-5,-9,2,6,0.2,2.8,2.2,1.2,11.2,11.4,2.4,5.6,5.4,4.6,0.8000000000000007,2.0,1.6,0.3999999999999999,A,-133.49278010730677,-0.20000000000000107,-3.1999999999999997,0.08333333333333334,0.5,4,4,0.0,0.0,0.0,0.4,1.8,1.8,1.6,-0.864531,0.6070484,-1.4715794,-0.864531,0.6070484,0.9260759999999999,1.4233626,1.1379446000000002,1.56588,-371350.0,0.46130412707623125
2022-03-16,Arsenal,Liverpool,0.0,2.0,0.534265,1.27681,-2,0,10,10,2.0,2.6,0.8,0.2,19.8,20.8,5.4,8.2,6.0,6.2,-0.20000000000000018,1.4,0.8,0.5999999999999999,A,-119.75116413210073,-1.0,-2.799999999999999,0.37037037037037035,0.3170731707317074,3,4,1.0,0.0,0.0,1.4,0.8,1.6,0.8,1.037841,2.2348133999999997,-1.1969723999999997,1.037841,2.2348133999999997,1.8321498000000003,2.09062,0.9268737999999999,1.0842336,-305850.0,0.6671563826314071
2022-03-17,Everton,Newcastle,1.0,0.0,0.708809,0.75803,-3,-7,3,10,0.6,1.4,1.8,0.8,10.0,13.0,2.8,4.8,3.8,4.8,-1.0,1.6,1.8,-0.19999999999999996,H,-72.12965061553018,-3.0,-2.0,0.2142857142857143,0.2916666666666667,4,4,1.0,0.0,0.0,1.0,1.2,1.2,0.6,-0.9396905999999997,-0.007269199999999865,-0.9324213999999998,-0.9396905999999997,-0.007269199999999865,1.3638153999999998,1.0807228,1.0466476,1.068234,165150.0,1.526122969098439
2022-03-18,Wolves,Leeds,2.0,3.0,1.24075,2.82103,8,3,9,4,1.2,0.4,1.0,3.0,11.2,11.6,3.2,3.4,4.6,4.4,0.1999999999999993,0.8,3.4,-2.5999999999999996,A,65.87118225662789,-0.40000000000000036,-0.19999999999999973,0.37499999999999994,0.11764705882352942,5,5,0.0,0.0,1.0,1.8,1.0,1.2,3.0,-0.5181691999999999,-0.6682707999999999,0.15010160000000006,-0.5181691999999999,-0.6682707999999999,1.1349082,1.465217,1.3913031999999999,2.4262478,77500.0,1.2588078143262649
2022-03-19,Aston Villa,Arsenal,0.0,1.0,0.309375,1.14522,-5,-3,5,12,2.0,1.8,0.6,1.2,14.2,19.2,6.0,5.4,5.6,5.4,0.1999999999999993,2.0,0.8,1.2,A,-163.88117740798657,-5.0,0.5999999999999996,0.3333333333333333,0.3333333333333333,6,3,1.0,0.0,0.0,2.0,1.8,2.8,1.0,0.390841,0.7271097999999998,-0.3362687999999998,0.390841,0.7271097999999998,1.5367318,2.0159480000000003,1.97228,0.8933522,-125300.0,0.7956121034173396
2022-03-20,Leicester,Brentford,2.0,1.0,1.27865,1.72466,3,0,8,3,1.2,1.2,1.2,1.0,13.0,8.8,4.4,3.0,6.8,3.2,3.5999999999999996,2.0,2.2,-0.20000000000000018,H,127.93338622131682,4.199999999999999,1.4000000000000004,0.2727272727272727,0.39999999999999997,7,8,0.0,1.0,0.0,1.4,1.2,1.0,2.4,-0.3358591999999998,0.25570139999999997,-0.5915605999999998,-0.3358591999999998,0.25570139999999997,1.2084101999999999,0.8641586,2.2120536,1.8724640000000001,253250.0,1.9266373948042443
2022-03-20,Tottenham,West Ham,3.0,1.0,2.54795,0.644964,-1,1,7,7,2.6,1.2,0.8,1.0,13.6,11.2,6.0,3.8,5.2,4.2,1.0,1.4,1.6,-0.20000000000000018,H,33.29761256939696,2.4000000000000004,2.2,0.43333333333333335,0.3157894736842105,4,7,1.0,0.0,0.0,2.4,1.4,1.8,1.4,0.8721743999999998,-0.0671371999999999,0.9393115999999997,0.8721743999999998,-0.0671371999999999,2.2886194,1.4787370000000002,1.1078434,1.812098,334450.0,1.942378134685827
2022-04-02,Man United,Leicester,1.0,1.0,0.902127,1.07638,4,1,11,3,2.0,1.2,1.6,1.0,14.2,12.8,5.4,4.8,4.8,6.2,-1.4000000000000004,1.8,2.0,-0.19999999999999996,D,80.95253333111873,1.3999999999999986,0.6000000000000005,0.37037037037037035,0.25,21,13,1.0,0.0,0.0,1.4,0.6,1.2,2.4,0.2683973999999998,-0.5574336000000002,0.825831,0.2683973999999998,-0.5574336000000002,2.186534,1.3748748,0.8476256,2.2020454000000003,242600.0,1.460734972937043
2022-04-02,Wolves,Aston Villa,2.0,1.0,1.62151,1.91256,2,-3,6,9,1.4,2.0,1.2,0.6,12.8,11.8,4.4,6.0,4.2,4.8,-0.5999999999999996,0.8,2.4,-1.5999999999999999,H,66.62964460673061,1.0,-1.5999999999999996,0.3181818181818181,0.3333333333333333,15,14,0.0,1.0,0.0,1.6,1.4,1.4,0.6,-0.5541711999999999,0.38243400000000016,-0.9366052,-0.5541711999999999,0.38243400000000016,0.9232241999999999,0.9889922,1.7720531999999998,0.8343572,-110800.0,0.7728344438749359
2022-04-02,Leeds,Southampton,1.0,1.0,1.50715,2.06387,-5,0,3,7,1.0,1.2,2.2,1.6,14.0,16.8,4.2,6.6,5.4,9.4,-4.0,3.6,1.2,2.4000000000000004,D,-16.193776346326104,-2.8000000000000007,-2.3999999999999995,0.23809523809523808,0.18181818181818182,15,20,1.0,0.0,0.0,0.8,2.6,1.6,2.4,0.6855358,0.9234519999999999,-0.2379161999999999,0.6855358,0.9234519999999999,1.6163896000000002,1.2026992,1.782732,2.285068,25150.0,1.0916879329201603
2022-04-02,Chelsea,Brentford,1.0,4.0,1.29014,2.43422,12,9,9,3,2.2,1.4,0.2,1.4,11.6,10.0,5.0,3.8,6.2,3.6,2.6,2.2,2.4,-0.19999999999999973,A,219.04216065165724,1.5999999999999996,1.2000000000000002,0.44000000000000006,0.3684210526315789,20,13,0.0,1.0,0.0,1.4,0.8,1.0,2.0,0.9279994,0.04935539999999983,0.8786440000000002,0.9279994,0.04935539999999983,1.4935375999999998,1.0847974,0.7555966,1.809582,641200.0,3.3461397731430664
2022-04-02,Burnley,Man City,0.0,2.0,0.0591223,1.62008,-18,-6,4,11,0.4,2.2,1.8,0.8,8.4,19.6,1.8,7.0,5.4,8.2,-2.799999999999999,1.2,1.0,0.19999999999999996,A,-359.56413878025955,-11.200000000000001,-5.2,0.22222222222222224,0.31428571428571433,21,19,1.0,0.0,0.0,0.4,1.6,1.6,0.4,-0.6206547999999998,1.9034644,-2.5241192,-0.6206547999999998,1.9034644,1.0761325999999998,2.399252,1.7130249999999996,0.688149,-862150.0,0.13785
2022-04-02,Brighton,Norwich,0.0,0.0,2.38297,0.494112,7,0,1,3,0.2,0.8,2.2,2.6,12.2,10.0,1.8,3.2,6.2,4.0,2.2,2.2,1.2,1.0000000000000002,D,142.09075309244372,2.1999999999999993,-1.4000000000000001,0.11111111111111112,0.25,17,20,0.0,0.0,1.0,0.2,2.0,1.0,1.8,-0.7690669999999996,-1.8953880000000003,1.1263210000000008,-0.7690669999999996,-1.8953880000000003,0.698312,0.7529332,1.4464004,2.71178,154800.0,1.9485294117647058
2022-04-02,Liverpool,Watford,2.0,0.0,2.23651,0.753307,16,11,15,7,2.8,1.0,0.2,2.4,20.2,9.8,8.0,3.0,5.8,3.0,2.8,0.8,1.4,-0.5999999999999999,H,398.77978530614473,10.399999999999999,5.0,0.35,0.3333333333333333,17,20,0.0,1.0,0.0,3.0,0.2,0.6,1.2,2.2240404,-0.3599884000000002,2.5840288,2.2240404,-0.3599884000000002,3.3788799999999997,0.8771429999999999,0.6142394,1.4307485999999998,762700.0,5.882842509603073
2022-04-03,West Ham,Everton,2.0,1.0,1.49657,0.657846,9,4,10,1,1.0,0.2,1.2,1.8,10.8,7.6,3.4,1.4,4.0,3.8,0.20000000000000018,1.4,1.8,-0.40000000000000013,H,163.30768421225775,3.200000000000001,2.0,0.29411764705882354,0.14285714285714288,14,17,0.0,1.0,0.0,1.4,1.0,0.6,2.6,-0.3153619999999999,-1.4181231999999997,1.1027611999999998,-0.3153619999999999,-1.4181231999999997,1.4630161999999998,0.480067,1.0965631999999998,2.572508,-124150.0,0.7408412483039348
2022-04-03,Tottenham,Newcastle,5.0,1.0,3.6081,0.538152,9,3,9,7,3.2,1.2,0.8,0.8,14.6,13.6,6.4,5.4,4.8,4.8,0.0,1.4,1.4,0.0,H,127.62788974010846,1.0,1.0,0.5,0.2222222222222222,14,17,0.0,1.0,0.0,2.6,1.2,1.0,0.8,1.4255925999999997,-0.01435019999999998,1.4399427999999996,1.4255925999999997,-0.01435019999999998,2.2386554,1.0005207999999999,0.9269482,0.9840117999999999,375450.0,2.196081554635234
2022-04-04,Crystal Palace,Arsenal,3.0,0.0,1.39707,1.05199,-7,-4,2,15,1.4,1.6,0.6,1.0,8.8,16.4,3.6,4.4,4.4,3.6,0.8000000000000003,1.6,1.2,0.40000000000000013,H,-113.16595629915923,-7.599999999999998,-0.8000000000000003,0.38888888888888884,0.36363636363636365,21,16,0.0,0.0,1.0,0.8,1.6,2.8,0.6,-0.07159100000000018,0.7179299999999997,-0.7895209999999999,-0.07159100000000018,0.7179299999999997,1.2907730000000002,2.033546,1.4296036,0.7430112,-342000.0,0.44213359432346466
2022-04-06,Burnley,Everton,3.0,2.0,2.24439,2.31574,-2,-2,3,0,0.2,0.4,2.2,1.8,6.0,8.4,1.2,1.8,5.0,3.8,1.2000000000000002,1.4,1.6,-0.20000000000000018,H,40.49795561624524,-2.4000000000000004,-0.6000000000000001,0.16666666666666669,0.22222222222222224,4,3,1.0,0.0,0.0,0.2,1.8,0.6,2.8,-1.1056673399999999,-1.0801479999999999,-0.02551934,-1.1056673399999999,-1.0801479999999999,0.93341286,0.48613059999999997,1.6702670000000002,2.231344,-341200.0,0.28775701910030266
2022-04-08,Newcastle,Wolves,1.0,0.0,1.43878,0.306867,-7,-3,11,9,1.0,1.8,1.8,1.2,10.0,12.2,3.4,5.2,4.2,4.0,0.20000000000000018,1.8,1.6,0.19999999999999996,H,-20.59611738032549,-2.1999999999999993,-1.8000000000000003,0.29411764705882354,0.34615384615384615,5,6,1.0,0.0,0.0,1.6,0.8,1.2,0.8,-0.9802394,-0.4663028,-0.5139366,-0.9802394,-0.4663028,1.4199161999999999,0.9603927999999999,1.2361726,1.2220115999999999,-63050.0,0.8327364371932617
2022-04-09,Watford,Leeds,0.0,3.0,1.07422,0.895612,-3,-3,0,4,0.8,1.2,2.0,1.6,9.2,12.6,3.2,4.2,2.4,5.6,-3.1999999999999997,1.2,3.0,-1.8,A,-118.37790581485592,-3.4000000000000004,-1.0,0.25,0.2857142857142857,7,7,1.0,0.0,0.0,0.6,2.6,1.2,3.0,-0.8367824,0.6891037999999998,-1.5258862,-0.8367824,0.6891037999999998,1.0315505999999999,1.5756549999999998,1.298053,2.2034178000000004,-143250.0,0.5216229754550008
2022-04-09,Southampton,Chelsea,0.0,6.0,0.564726,4.39683,-9,-8,7,10,1.0,2.0,1.8,1.0,15.8,12.8,5.6,5.2,10.0,6.6,3.4000000000000004,1.4,1.8,-0.40000000000000013,A,-201.42804455831788,3.0,0.39999999999999947,0.17857142857142858,0.3846153846153846,7,7,1.0,0.0,0.0,1.4,1.0,1.8,0.6,0.5290760000000003,0.5565229999999999,-0.027446999999999555,0.5290760000000003,0.5565229999999999,1.974934,1.3455482,0.871988,0.8176475999999999,-640200.0,0.29994532531437945
2022-04-09,Aston Villa,Tottenham,0.0,4.0,1.48712,0.983601,-7,-6,5,9,1.8,3.4,1.0,1.0,13.0,15.4,6.2,5.4,6.2,4.0,2.2,2.0,1.4,0.6000000000000001,A,-156.4261173341688,-2.4000000000000004,0.7999999999999998,0.2903225806451613,0.6296296296296295,7,6,1.0,0.0,0.0,1.8,1.4,2.2,1.2,0.30552540000000006,1.9246702000000002,-1.6191448000000002,0.30552540000000006,1.9246702000000002,1.503801,1.7679909999999999,1.635624,1.565798,-201600.0,0.7075505911365779
2022-04-09,Everton,Man United,1.0,0.0,0.357295,0.762357,-10,-5,6,8,0.8,1.8,2.2,1.8,10.4,12.6,2.2,5.0,4.4,4.0,0.40000000000000036,1.4,1.6,-0.20000000000000018,H,-182.5488901694157,-2.1999999999999993,-2.8,0.36363636363636365,0.36,3,7,0.0,0.0,1.0,0.8,0.6,2.2,2.0,-0.8331978,-0.06396720000000022,-0.7692305999999998,-0.8331978,-0.06396720000000022,1.1401812,1.6438224,0.9014596000000001,1.8341321999999998,-290100.0,0.6228303971917051
2022-04-09,Arsenal,Brighton,1.0,2.0,2.35153,0.596106,8,8,10,7,1.2,0.2,1.4,1.6,13.6,16.2,4.0,2.4,3.0,7.6,-4.6,1.4,2.2,-0.8000000000000003,A,138.67221022222498,-2.5999999999999996,1.6,0.3,0.08333333333333334,5,7,0.0,0.0,1.0,1.2,0.8,1.4,1.4,0.3688600000000001,-0.3162237999999997,0.6850837999999998,0.3688600000000001,-0.3162237999999997,1.7716129999999999,1.47953,0.7929898,1.6798777999999999,295050.0,1.9278301886792453
2022-04-10,Brentford,West Ham,2.0,0.0,1.85534,0.244824,-9,0,4,4,2.0,1.2,1.2,1.2,12.2,10.8,4.6,3.8,5.0,3.8,1.2000000000000002,2.2,1.0,1.2000000000000002,H,-88.39905182485177,1.3999999999999986,0.7999999999999998,0.4347826086956522,0.3157894736842105,8,7,0.0,1.0,0.0,0.8,1.4,1.2,1.8,0.45452019999999993,-0.13069200000000025,0.5852122000000002,0.45452019999999993,-0.13069200000000025,1.422717,1.0395618,1.1709924,2.1188279999999997,-81600.0,0.7700760777683855
2022-04-10,Leicester,Crystal Palace,2.0,1.0,0.879235,1.52767,-1,-1,8,9,1.2,2.0,0.8,0.4,11.6,8.6,4.0,4.6,5.2,3.6,1.6,1.6,1.4,0.20000000000000018,H,61.83764608574688,3.0,-0.5999999999999996,0.3,0.4347826086956522,8,6,0.0,0.0,1.0,1.6,1.4,1.6,0.6,-0.7381235999999998,0.0972983999999999,-0.8354219999999997,-0.7381235999999998,0.0972983999999999,1.3409618,1.1185047999999997,2.0116216000000002,1.3765472,255500.0,1.9426305109758346
2022-04-10,Norwich,Burnley,2.0,0.0,1.6723,1.44652,-2,-2,4,5,0.6,0.6,2.0,2.4,10.0,7.6,3.0,1.8,3.6,6.0,-2.4,1.2,1.4,-0.19999999999999996,H,-92.34429962587863,2.4000000000000004,1.2,0.19999999999999998,0.3333333333333333,8,4,0.0,0.0,1.0,1.0,2.4,1.0,1.2,-1.7762116,-0.96360494,-0.8126066599999999,-1.7762116,-0.96360494,0.6787518,0.6503966,2.1135653999999997,1.340094,25350.0,1.1838955386289445
2022-04-10,Man City,Liverpool,2.0,2.0,1.34647,1.29983,1,-5,12,13,1.8,2.6,0.8,0.0,18.8,18.4,6.4,7.0,7.4,5.8,1.6000000000000005,0.6,1.0,-0.4,D,14.456940039037136,0.40000000000000213,-0.5999999999999996,0.28125,0.37142857142857144,8,8,0.0,0.0,1.0,3.0,1.4,2.0,0.6,1.39770094,2.023733,-0.62603206,1.39770094,2.023733,2.3549846000000003,1.800618,1.1746887999999998,1.0679082,81100.0,1.0882576994232234
2022-04-16,Tottenham,Brighton,0.0,1.0,0.58624,0.711155,7,8,9,7,3.2,0.6,1.0,1.4,14.8,15.4,5.0,2.8,3.6,6.6,-2.9999999999999996,1.6,2.2,-0.6000000000000001,A,108.33710990805116,-0.5999999999999996,2.2,0.64,0.2142857142857143,7,7,0.0,1.0,0.0,3.0,1.4,1.2,1.2,1.217061,-0.5321899999999997,1.7492509999999997,1.217061,-0.5321899999999997,2.3959794,1.3019572,0.9989138000000001,1.7847878000000001,371350.0,2.1677672955974843
2022-04-16,Man United,Norwich,3.0,2.0,1.66737,1.79754,13,1,9,4,1.0,1.0,1.6,1.6,12.0,11.8,4.0,4.0,4.8,3.6,1.1999999999999997,1.4,1.0,0.3999999999999999,H,292.3005280638963,0.1999999999999993,0.0,0.25,0.25,7,6,0.0,1.0,0.0,1.4,0.8,1.0,1.4,-0.15600079999999972,-1.198305,1.0423042000000002,-0.15600079999999972,-1.198305,2.0152454,0.7830862000000001,1.0152962,2.60994,605950.0,4.712928921568627
2022-04-16,Southampton,Arsenal,1.0,0.0,1.04007,1.35002,-9,-5,6,12,0.6,0.8,3.0,1.4,11.2,14.4,4.0,4.0,8.0,4.2,3.8,1.4,1.6,-0.20000000000000018,H,-92.19143378336844,-3.200000000000001,0.0,0.15,0.2,7,7,1.0,0.0,0.0,1.2,2.0,2.0,1.0,-0.7700953999999995,0.7782368,-1.5483321999999995,-0.7700953999999995,0.7782368,1.8874352,1.5059280000000002,1.42554,0.7596092,-338750.0,0.4474349563657124
2022-04-16,Watford,Brentford,1.0,2.0,1.50381,2.12457,-5,-9,0,6,0.8,2.4,2.6,0.8,8.8,14.0,3.0,5.8,2.4,4.6,-2.1999999999999997,1.6,1.6,0.0,A,-132.7617552073084,-5.199999999999999,-2.8,0.26666666666666666,0.41379310344827586,7,6,1.0,0.0,0.0,0.6,3.0,1.8,1.6,-0.40558380000000027,1.1285229999999997,-1.5341068,-0.40558380000000027,1.1285229999999997,1.1856918,1.4963102,1.0896713999999998,1.369412,-117100.0,0.5715331137943652
2022-04-17,Newcastle,Leicester,2.0,1.0,2.54294,0.541084,-6,-4,13,4,0.8,1.2,1.6,1.0,10.4,9.6,3.4,3.4,3.6,4.2,-0.6000000000000001,1.8,1.6,0.19999999999999996,H,-24.417690400563515,0.8000000000000007,0.0,0.23529411764705885,0.35294117647058826,9,7,1.0,0.0,0.0,1.6,0.6,0.8,1.4,-0.7399227999999999,-1.0184986,0.27857580000000015,-0.7399227999999999,-1.0184986,1.4545001999999998,1.1033008,0.946372,1.6167327999999999,-212650.0,0.5961447156015574
2022-04-17,West Ham,Burnley,1.0,1.0,2.79175,1.88137,11,3,13,5,1.0,0.6,1.6,2.4,9.2,9.4,3.2,2.2,4.4,6.2,-1.7999999999999998,1.0,1.4,-0.3999999999999999,D,126.4245909144704,-0.20000000000000107,1.0,0.3125,0.2727272727272727,7,7,0.0,0.0,1.0,1.4,0.6,0.8,1.0,-0.5988735999999999,-0.8580729399999996,0.25919933999999967,-0.5988735999999999,-0.8580729399999996,1.2913501999999997,0.747602,0.7743643999999998,1.266182,217050.0,2.574537540805223
2022-04-19,Liverpool,Man United,4.0,0.0,2.25967,0.110227,3,6,15,7,1.8,1.6,0.4,2.0,15.0,11.6,4.8,5.2,5.2,5.2,0.0,1.8,1.4,0.40000000000000013,H,174.61850646664948,3.4000000000000004,-0.40000000000000036,0.375,0.3076923076923077,9,3,0.0,1.0,0.0,2.8,0.2,1.8,1.8,0.9766544000000003,-0.5775117999999998,1.5541662,0.9766544000000003,-0.5775117999999998,3.1279839999999997,1.5255378,0.6895696000000001,1.5400231999999998,149750.0,1.1946954430215173
2022-04-20,Chelsea,Arsenal,2.0,4.0,0.593801,1.87331,2,9,8,9,3.0,0.4,1.0,1.6,15.8,14.8,7.4,3.6,6.4,5.4,1.0,1.2,1.8,-0.6000000000000001,A,47.397079473753365,1.0,3.8000000000000003,0.4054054054054054,0.11111111111111112,11,4,0.0,1.0,0.0,1.4,1.4,1.0,1.2,1.2230704000000001,0.3627188000000001,0.8603516,1.2230704000000001,0.3627188000000001,1.1110875999999998,1.200854,1.116935,0.9367808,301450.0,1.49172171927249
2022-04-20,Everton,Leicester,1.0,1.0,1.68819,0.786333,-8,-1,9,4,1.0,1.2,1.2,1.4,10.6,9.8,2.8,3.0,5.0,4.2,0.7999999999999998,1.8,1.8,0.0,D,-111.7863248646122,0.7999999999999989,-0.20000000000000018,0.35714285714285715,0.39999999999999997,11,3,0.0,0.0,0.0,1.0,0.4,1.0,1.4,-0.30730480000000004,-1.0619176000000001,0.7546128000000001,-0.30730480000000004,-1.0619176000000001,0.9639602,1.1025268000000001,0.881882,1.5793268,-47500.0,0.9097901433861931
2022-04-20,Newcastle,Crystal Palace,1.0,0.0,0.767855,0.432788,-1,-2,15,8,0.8,1.4,1.6,0.6,12.0,9.4,4.0,4.2,3.2,3.6,-0.3999999999999999,2.0,1.4,0.6000000000000001,H,48.880640795898216,2.5999999999999996,-0.20000000000000018,0.2,0.3333333333333333,3,10,0.0,0.0,1.0,1.8,0.6,1.6,0.8,-0.14232819999999968,0.4071387999999999,-0.5494669999999996,-0.14232819999999968,0.4071387999999999,1.7553782000000002,1.3221026000000002,0.7553428,1.1162882,42850.0,1.1580889134845969
2022-04-20,Man City,Brighton,3.0,0.0,1.52844,0.117354,8,4,10,9,1.8,0.6,0.6,1.0,16.8,14.8,6.6,3.0,6.2,6.0,0.20000000000000018,0.8,2.6,-1.8,H,301.06772481089183,2.0,3.5999999999999996,0.27272727272727276,0.19999999999999998,10,4,0.0,1.0,0.0,2.2,1.2,1.2,1.0,1.34395294,-0.5211410000000003,1.8650939400000004,1.34395294,-0.5211410000000003,1.8585406,1.2047122000000001,0.9478047999999999,1.5600778,682000.0,3.1446540880503147
2022-04-21,Burnley,Southampton,2.0,0.0,2.14743,1.31837,-5,0,6,5,0.8,0.8,1.8,2.2,10.0,10.8,2.2,4.4,6.0,7.8,-1.7999999999999998,1.4,1.6,-0.20000000000000018,H,-31.701590027835664,-0.8000000000000007,-2.2,0.36363636363636365,0.18181818181818182,4,5,0.0,0.0,1.0,0.8,2.0,1.2,2.2,-0.7526353399999999,-0.5272213999999997,-0.22541394000000015,-0.7526353399999999,-0.5272213999999997,1.1501288600000001,1.3441872,1.741971,2.279008,-136450.0,0.502551950419249
2022-04-23,Arsenal,Man United,3.0,1.0,2.54173,2.04244,1,-1,9,4,1.2,1.4,1.6,2.0,15.8,11.0,4.0,5.0,5.4,5.0,0.40000000000000036,2.0,1.6,0.3999999999999999,H,34.57892937349152,4.800000000000001,-1.0,0.3,0.27999999999999997,3,4,1.0,0.0,0.0,1.4,1.2,1.2,2.4,0.7671295999999999,-0.5308887999999999,1.2980183999999997,0.7671295999999999,-0.5308887999999999,1.9709050000000001,1.1356452,0.8344184,1.5757572,-156100.0,0.7970486901124618
2022-04-23,Leicester,Aston Villa,0.0,0.0,0.235635,0.593202,6,5,11,6,1.4,1.0,1.2,1.8,10.8,12.0,3.0,6.0,3.8,7.2,-3.4000000000000004,1.4,2.2,-0.8000000000000003,D,68.4147172418468,-1.1999999999999993,-3.0,0.4666666666666666,0.16666666666666666,3,14,1.0,0.0,0.0,1.6,1.0,1.4,1.0,-0.7647810000000002,0.10136520000000004,-0.8661462000000002,-0.7647810000000002,0.10136520000000004,1.1267468,1.1994551999999998,1.4677335999999999,0.9109792000000001,38800.0,1.0795489492567913
2022-04-23,Man City,Watford,5.0,1.0,3.68,0.42632,18,8,10,7,2.2,0.6,0.6,2.4,17.6,9.6,6.0,2.4,6.8,3.4,3.4,0.4,1.8,-1.4,H,446.4880056876728,8.000000000000002,3.6,0.3666666666666667,0.25,3,7,0.0,1.0,0.0,2.6,1.2,0.6,1.4,1.3934899399999998,-0.5880277999999999,1.9815177399999997,1.3934899399999998,-0.5880277999999999,1.9838879999999999,0.9607095999999998,0.8485242,1.697022,843800.0,6.402048655569782
2022-04-23,Norwich,Newcastle,0.0,3.0,0.657661,1.87558,-9,-5,4,6,1.2,1.0,1.6,1.4,11.8,13.2,3.4,4.4,4.0,3.2,0.7999999999999998,0.6,1.6,-1.0,A,-232.0437661188446,-1.3999999999999986,-1.0000000000000004,0.35294117647058826,0.22727272727272727,7,3,0.0,0.0,1.0,1.0,2.2,1.0,1.6,-0.8828110000000002,0.0896218000000002,-0.9724328000000004,-0.8828110000000002,0.0896218000000002,0.8129058,0.9216364,2.294664,1.5360422,-150700.0,0.5199107996177127
2022-04-23,Brentford,Tottenham,0.0,0.0,1.3153,0.517755,-7,0,7,9,2.2,2.8,0.8,0.6,15.2,13.8,5.6,4.4,4.6,3.4,1.1999999999999997,0.8,2.0,-1.2,D,-110.63422537481006,1.3999999999999986,1.1999999999999993,0.3928571428571429,0.6363636363636362,7,7,1.0,0.0,0.0,1.0,0.8,2.4,0.8,0.9632149999999999,1.0709499999999998,-0.10773499999999991,0.9632149999999999,1.0709499999999998,1.377585,1.5642411999999999,0.8080192,1.399676,-416050.0,0.3964604337419308
2022-04-24,Liverpool,Everton,2.0,0.0,1.70397,0.424961,15,6,15,0,2.4,1.2,0.4,1.2,13.4,11.6,4.8,3.0,6.4,5.0,1.4000000000000004,1.6,2.0,-0.3999999999999999,H,355.3791215193967,1.8000000000000007,1.7999999999999998,0.5,0.39999999999999997,5,4,0.0,1.0,0.0,3.2,0.2,0.8,3.0,1.2364709999999999,-0.0639599999999998,1.3004309999999997,1.2364709999999999,-0.0639599999999998,3.033924,0.8410732,0.6026241999999999,2.4799160000000002,439850.0,1.918171380857948
2022-04-24,Chelsea,West Ham,1.0,0.0,2.34959,0.388975,4,2,7,1,2.6,1.2,1.8,1.6,15.8,10.8,6.8,3.8,7.2,5.8,1.4000000000000004,1.8,1.2,0.6000000000000001,H,125.93703062531472,5.0,3.0,0.3823529411764706,0.3157894736842105,4,7,1.0,0.0,0.0,1.6,2.0,0.6,1.8,0.6796550000000001,-0.2467256,0.9263806000000001,0.6796550000000001,-0.2467256,1.0771562,0.6422345999999999,1.334271,1.9514880000000001,559600.0,2.5767821921668075
2022-04-24,Burnley,Wolves,1.0,0.0,1.27298,0.592902,-10,-2,6,6,1.2,1.8,1.4,1.0,11.8,10.8,3.2,4.6,6.2,3.0,3.2,1.6,1.8,-0.19999999999999996,H,-42.20925107614198,1.0,-1.3999999999999995,0.37499999999999994,0.391304347826087,3,16,0.0,0.0,1.0,1.0,2.0,0.8,0.8,-0.3878815400000002,-0.3273404,-0.060541140000000215,-0.3878815400000002,-0.3273404,1.26846286,0.978124,1.8673139999999997,1.361253,-239100.0,0.3656983684838838
2022-04-24,Brighton,Southampton,2.0,2.0,1.87343,0.926764,1,3,1,5,0.6,0.6,1.2,2.2,13.6,10.2,2.6,4.0,5.4,7.4,-2.0,2.6,1.8,0.8,D,11.138894313167157,3.4000000000000004,-1.4,0.23076923076923075,0.15,4,3,0.0,0.0,1.0,0.0,1.8,1.0,2.0,-0.4325973999999999,-0.8902568000000002,0.45765940000000027,-0.4325973999999999,-0.8902568000000002,1.0253945999999998,1.4244052,1.430624,2.24866,43700.0,1.1593146190302588
2022-04-25,Crystal Palace,Leeds,0.0,0.0,1.61656,0.374044,2,-3,5,6,1.2,1.8,0.6,1.4,9.2,10.8,3.8,4.4,3.6,5.2,-1.6,1.6,2.6,-1.0,D,12.18676033534257,-1.6000000000000014,-0.6000000000000005,0.3157894736842105,0.40909090909090906,5,16,1.0,0.0,0.0,1.0,1.0,1.2,2.4,0.1837930000000001,0.29642999999999975,-0.11263699999999965,0.1837930000000001,0.29642999999999975,1.031779,1.2489493999999999,1.1937096,2.1180017999999996,-28400.0,0.9051594590081816
2022-04-28,Man United,Chelsea,1.0,1.0,0.618456,2.46868,-3,-5,11,13,1.0,2.2,2.2,1.6,11.8,18.0,4.8,6.4,5.6,6.2,-0.6000000000000005,2.0,1.6,0.3999999999999999,D,-70.46946856651016,-6.199999999999999,-1.6000000000000005,0.20833333333333334,0.34375,5,4,0.0,0.0,1.0,1.8,1.0,3.0,0.4,-0.5096187999999999,0.8387625999999997,-1.3483813999999996,-0.5096187999999999,0.8387625999999997,1.7503053999999998,2.1021628,1.239327,0.7502522,-145350.0,0.8410606889010388
2022-04-30,Newcastle,Liverpool,0.0,1.0,0.115353,2.73435,-7,-1,15,13,1.6,2.4,1.2,0.4,12.4,13.4,4.6,3.8,2.4,7.8,-5.4,1.8,1.8,0.0,A,-249.58408903269947,-1.0,0.7999999999999998,0.3478260869565218,0.631578947368421,7,6,1.0,0.0,0.0,1.4,0.4,2.0,0.6,0.32336140000000024,1.121512,-0.7981505999999998,0.32336140000000024,1.121512,1.3714852,1.7027899999999998,0.677179,1.0594021999999998,-605000.0,0.34160409184894985
2022-04-30,Aston Villa,Norwich,2.0,0.0,2.31192,0.352212,5,-3,4,1,0.4,1.0,1.8,1.6,11.2,11.0,4.8,3.2,7.4,3.8,3.6000000000000005,2.0,0.6,1.4,H,175.41443134168503,0.1999999999999993,1.5999999999999996,0.08333333333333334,0.3125,7,7,0.0,1.0,0.0,1.4,1.8,0.8,2.0,-0.04289580000000015,-0.8933793999999995,0.8504835999999993,-0.04289580000000015,-0.8933793999999995,1.4356570000000002,0.9575518000000001,1.5615881999999999,2.682202,324550.0,2.9886642156862746
2022-04-30,Southampton,Crystal Palace,1.0,2.0,0.650256,0.756217,1,0,6,7,0.8,0.8,2.2,0.6,11.2,10.2,3.6,3.6,6.4,3.4,3.0000000000000004,1.2,1.4,-0.19999999999999996,A,-43.985783378414,1.0,0.0,0.22222222222222224,0.22222222222222224,6,5,0.0,0.0,1.0,1.0,2.0,1.4,0.8,-1.072212,0.0669512000000001,-1.1391632,-1.072212,0.0669512000000001,1.5497472,1.1628942,1.6555619999999998,1.2105770000000002,3250.0,1.0119904076738608
2022-04-30,Watford,Burnley,1.0,2.0,0.785742,1.37022,-2,-7,0,5,0.8,1.4,2.6,1.0,8.8,14.0,2.8,4.0,3.8,6.6,-2.8,1.4,2.0,-0.6000000000000001,A,-140.2728808842362,-5.199999999999999,-1.2000000000000002,0.28571428571428575,0.35,7,6,0.0,0.0,1.0,0.8,2.8,1.0,1.2,-1.028429,0.06032559999999987,-1.0887546,-1.028429,0.06032559999999987,1.2252418,1.0460834,1.329543,1.553518,18350.0,1.1331157054769678
2022-04-30,Wolves,Brighton,0.0,3.0,0.525912,2.90679,4,-2,9,6,1.0,1.0,1.2,1.2,10.8,12.2,4.4,3.6,3.2,5.4,-2.2,1.6,2.4,-0.7999999999999998,A,-15.207986142367872,-1.3999999999999986,0.8000000000000003,0.22727272727272727,0.2777777777777778,6,6,0.0,1.0,0.0,2.0,1.4,0.8,1.6,-0.6736908,-0.04121419999999998,-0.6324766,-0.6736908,-0.04121419999999998,1.1192544,0.8672709999999999,1.8640711999999997,1.75917,58950.0,1.185377358490566
2022-04-30,Leeds,Man City,0.0,4.0,1.03608,3.01431,-15,0,4,11,1.8,2.4,0.8,0.6,11.8,17.0,4.6,5.6,5.2,7.2,-2.0,2.0,0.6,1.4,A,-323.1050579375931,-5.199999999999999,-1.0,0.391304347826087,0.4285714285714286,5,7,1.0,0.0,0.0,1.0,2.6,1.6,0.2,0.2637012000000003,1.56771434,-1.3040131399999997,0.2637012000000003,1.56771434,1.6918355999999999,2.334022,1.9636980000000002,0.53258366,-700550.0,0.29945
2022-05-01,West Ham,Arsenal,1.0,2.0,0.451976,0.964564,-3,-2,11,9,0.8,1.6,1.6,1.8,9.8,16.6,3.4,4.8,5.0,4.6,0.40000000000000036,1.0,2.0,-1.0,A,-107.5207715825568,-6.800000000000001,-1.4,0.23529411764705885,0.33333333333333337,7,8,1.0,0.0,0.0,1.4,0.8,1.6,1.6,-0.7450026000000001,0.6998186000000002,-1.4448212000000002,-0.7450026000000001,0.6998186000000002,1.6686716000000001,1.285022,1.0835436,0.9272692000000001,-258150.0,0.5789087350134573
2022-05-01,Everton,Chelsea,1.0,0.0,1.11712,1.21141,-15,-3,7,13,1.0,2.2,1.6,1.8,11.6,20.6,2.6,7.0,4.2,6.6,-2.3999999999999995,2.6,1.0,1.6,H,-184.2062299479635,-9.000000000000002,-4.4,0.3846153846153846,0.31428571428571433,7,3,0.0,0.0,1.0,0.6,0.6,3.0,0.4,-0.3099176000000001,1.0438708,-1.3537884000000002,-0.3099176000000001,1.0438708,0.7844762000000001,2.4813,0.990615,0.724432,-435450.0,0.5238381629305632
2022-05-01,Tottenham,Leicester,3.0,1.0,1.65338,0.274133,6,4,9,5,2.4,1.0,0.6,1.0,12.2,9.4,3.0,2.6,4.4,4.8,-0.39999999999999947,1.8,1.8,0.0,H,83.41391930842519,2.799999999999999,0.3999999999999999,0.7999999999999999,0.3846153846153846,8,8,0.0,1.0,0.0,2.6,1.0,1.0,1.2,0.7093910000000001,-0.7470924000000001,1.4564834000000002,0.7093910000000001,-0.7470924000000001,2.1646554,0.9496974,0.7945588,1.8224094000000002,162800.0,1.3091824138258474
2022-05-02,Man United,Brentford,3.0,0.0,1.84111,0.681425,8,-6,9,9,1.0,1.8,2.2,0.8,10.8,15.6,4.4,5.2,4.8,6.6,-1.7999999999999998,1.6,1.0,0.6000000000000001,H,128.95568114086996,-4.799999999999999,-0.7999999999999998,0.22727272727272727,0.34615384615384615,4,9,0.0,1.0,0.0,1.6,1.2,2.2,1.4,-0.8448129999999996,0.9237822000000001,-1.7685951999999996,-0.8448129999999996,0.9237822000000001,1.3241246,1.8289632,1.480705,1.2736820000000002,495850.0,2.814306622758873
2022-05-07,Liverpool,Tottenham,1.0,1.0,1.0481,0.982635,3,3,15,10,2.2,2.4,0.4,0.6,16.4,11.4,5.2,3.6,7.8,4.8,3.0,2.2,2.2,0.0,D,164.5075812432258,4.999999999999998,1.6,0.4230769230769231,0.6666666666666666,7,6,0.0,0.0,1.0,3.0,0.0,2.4,0.6,1.4968024,0.6046432,0.8921591999999999,1.4968024,0.6046432,2.7438200000000004,1.5294611999999999,0.5536664,1.3515840000000001,229550.0,1.332994850221223
2022-05-07,Brentford,Southampton,3.0,0.0,3.68223,0.988574,1,6,8,3,1.6,0.8,1.0,2.4,15.0,10.0,4.8,3.0,7.2,6.2,1.0,0.6,1.2,-0.6,H,44.01152801761782,5.0,1.7999999999999998,0.33333333333333337,0.26666666666666666,5,7,1.0,0.0,0.0,0.8,0.4,0.8,2.0,0.6026431999999999,-1.2047481999999998,1.8073913999999998,0.6026431999999999,-1.2047481999999998,1.4921304000000002,1.263172,0.867928,2.274774,-1000.0,0.99635435654393
2022-05-07,Burnley,Aston Villa,1.0,3.0,1.31028,1.81256,-2,6,9,7,1.2,0.6,0.8,1.4,14.8,12.8,4.4,4.6,6.0,6.4,-0.40000000000000036,2.0,2.8,-0.7999999999999998,A,-37.259089106150896,2.0,-0.1999999999999993,0.2727272727272727,0.13043478260869565,7,7,0.0,0.0,0.0,1.2,1.6,1.4,0.8,0.19149119999999997,0.45519979999999993,-0.26370859999999996,0.19149119999999997,0.45519979999999993,1.3146308599999998,1.2270543999999999,1.6267783999999998,0.8525919999999999,-349900.0,0.28262429523321375
2022-05-07,Chelsea,Wolves,2.0,2.0,1.82098,1.6842,5,4,9,3,2.0,0.8,1.2,1.8,19.8,10.2,6.4,4.0,5.8,4.2,1.5999999999999996,2.0,1.8,0.19999999999999996,D,134.95928216358902,9.600000000000001,2.4000000000000004,0.3125,0.2,6,7,0.0,0.0,1.0,1.4,1.6,0.4,1.0,1.2915448,-1.2128397999999998,2.5043846,1.2915448,-1.2128397999999998,1.2692742,0.7226524000000001,1.054272,1.4482095999999998,537550.0,2.4260512004244594
2022-05-07,Crystal Palace,Watford,1.0,0.0,2.49142,0.255373,5,7,6,4,1.2,0.6,0.8,2.8,11.6,9.6,4.4,2.0,4.4,4.2,0.20000000000000018,1.4,1.2,0.19999999999999996,H,188.1414434440221,2.0,2.4000000000000004,0.2727272727272727,0.3,7,7,0.0,1.0,0.0,0.8,0.4,0.6,2.4,0.4013850000000001,-1.1527025999999998,1.5540876,0.4013850000000001,-1.1527025999999998,1.029861,0.6818715999999999,0.9691244000000001,2.227682,114850.0,1.7352752880921896
2022-05-07,Brighton,Man United,4.0,0.0,2.82636,0.930715,-4,3,2,3,1.6,1.6,1.2,2.0,9.4,10.2,4.6,4.6,3.8,4.0,-0.20000000000000018,2.4,1.4,1.0,H,-57.94051061005848,-0.7999999999999989,0.0,0.3478260869565218,0.3478260869565218,7,5,1.0,0.0,0.0,0.4,1.6,1.2,2.8,0.057189799999999735,-0.6938883999999996,0.7510781999999994,0.057189799999999735,-0.6938883999999996,1.3109065999999998,1.1773592,1.4517312,1.9295589999999998,-451150.0,0.4134434115582136
2022-05-08,Norwich,West Ham,0.0,4.0,0.77895,3.25894,-13,0,3,1,0.8,0.8,1.6,1.4,10.4,10.2,3.0,3.8,4.0,5.0,-1.0,0.6,1.2,-0.6,A,-236.70410690058884,0.20000000000000107,-0.7999999999999998,0.26666666666666666,0.2105263157894737,8,7,1.0,0.0,0.0,0.8,2.6,0.6,1.8,-0.942107,-0.46692299999999975,-0.4751840000000003,-0.942107,-0.46692299999999975,0.8851557999999999,0.6724242,2.4240139999999997,2.069692,-191700.0,0.45984784446322907
2022-05-08,Man City,Newcastle,5.0,0.0,4.05613,0.995099,11,1,10,6,3.2,1.4,0.6,0.4,17.2,11.6,6.0,4.8,7.2,1.8,5.4,0.8,1.4,-0.5999999999999999,H,268.24498290492807,5.6,1.2000000000000002,0.5333333333333333,0.2916666666666667,8,8,0.0,1.0,0.0,3.2,1.4,1.2,1.6,1.65011874,0.4135516,1.23656714,1.65011874,0.4135516,2.3233960000000002,0.8460063999999999,0.8415272,1.568728,686100.0,3.1857279388340234
2022-05-08,Arsenal,Leeds,2.0,1.0,2.7227,0.696785,13,1,9,7,2.0,1.4,1.4,1.4,16.8,10.6,5.6,3.6,5.6,4.6,1.0,2.0,1.6,0.3999999999999999,H,180.40496630856452,6.200000000000001,1.9999999999999996,0.35714285714285715,0.38888888888888884,7,8,0.0,1.0,0.0,1.6,1.2,1.2,1.8,0.8713522,-0.4751588,1.346511,0.8713522,-0.4751588,2.174757,1.2752246,1.1147611999999998,1.9241918000000002,313600.0,2.047253297712473
2022-05-08,Leicester,Everton,1.0,2.0,1.47479,1.55635,4,-2,11,0,1.0,1.0,1.4,1.2,8.4,10.8,2.4,3.0,4.4,4.0,0.40000000000000036,2.0,3.0,-1.0,A,34.68105124149224,-2.4000000000000004,-0.6000000000000001,0.4166666666666667,0.3333333333333333,7,7,0.0,0.0,1.0,1.4,0.8,0.6,2.8,-1.0577924000000003,-0.16103080000000003,-0.8967616000000003,-1.0577924000000003,-0.16103080000000003,0.8319158,0.761344,1.346898,2.283246,47500.0,1.099154576766517
2022-05-10,Aston Villa,Liverpool,1.0,2.0,1.44726,1.75417,-9,-4,6,13,1.2,2.0,1.4,0.6,13.6,16.8,5.8,5.2,6.2,8.2,-1.9999999999999991,2.6,2.6,0.0,A,-295.933306229764,-3.200000000000001,0.5999999999999996,0.20689655172413793,0.3846153846153846,3,3,1.0,0.0,0.0,1.2,1.2,1.6,0.4,0.7228248000000002,1.2132548,-0.4904299999999999,0.7228248000000002,1.2132548,1.597781,1.9502659999999998,1.1262025999999998,0.7572428,-431150.0,0.5307976928936772
2022-05-11,Leeds,Chelsea,0.0,3.0,0.499789,1.46853,-15,0,4,10,1.0,1.2,1.4,1.6,8.2,18.8,2.8,4.8,4.0,7.0,-3.0,1.2,2.2,-1.0000000000000002,A,-184.4089036451992,-10.600000000000001,-2.0,0.35714285714285715,0.25,3,4,1.0,0.0,0.0,0.6,2.6,2.8,0.6,-1.1963978000000002,0.5524800000000001,-1.7488778000000003,-1.1963978000000002,0.5524800000000001,1.5500996,2.4989039999999996,2.044562,0.8230514,-615050.0,0.32744669218151995
2022-05-11,Leicester,Norwich,3.0,0.0,2.57058,1.21966,6,-1,10,1,0.8,0.8,1.6,2.4,9.2,10.8,3.6,3.4,5.0,5.4,-0.40000000000000036,2.4,0.6,1.7999999999999998,H,223.596992842364,-1.6000000000000014,0.20000000000000018,0.22222222222222224,0.23529411764705885,3,3,0.0,1.0,0.0,1.2,0.8,0.6,1.8,-0.9444174000000001,-1.0603334000000002,0.11591600000000013,-0.9444174000000001,-1.0603334000000002,0.8454878000000001,0.8940442000000001,1.5091544000000001,2.513688,363350.0,3.2264093137254903
2022-05-11,Watford,Everton,0.0,0.0,0.232236,0.812193,-3,-10,0,3,0.6,1.0,2.6,0.8,9.8,9.6,1.8,3.0,4.6,3.0,1.5999999999999996,1.2,2.6,-1.4000000000000001,D,-133.79317404464814,0.20000000000000107,-1.2,0.3333333333333333,0.3333333333333333,4,3,0.0,1.0,0.0,1.0,2.8,1.0,2.6,-1.3032713999999996,-0.15898880000000015,-1.1442825999999995,-1.3032713999999996,-0.15898880000000015,1.2757944,1.032632,1.242675,2.032502,-322850.0,0.32606199770378874
2022-05-11,Wolves,Man City,1.0,5.0,0.411857,3.39304,-7,-9,6,13,0.8,3.8,1.6,0.6,10.2,17.8,3.2,6.6,4.4,7.2,-2.8,2.2,1.0,1.2000000000000002,A,-315.72695314290104,-7.600000000000001,-3.3999999999999995,0.25,0.5757575757575758,4,3,1.0,0.0,0.0,1.6,1.8,2.2,0.0,-0.9241398000000003,1.9501333999999997,-2.8742732,-0.9241398000000003,1.9501333999999997,1.1298814,2.6110700000000002,2.1353332000000003,0.53935566,-623050.0,0.37695
2022-05-12,Tottenham,Arsenal,3.0,0.0,3.42522,0.387446,-1,-4,12,9,1.6,2.2,0.6,1.2,9.2,16.6,3.0,6.6,5.4,5.0,0.40000000000000036,2.2,1.8,0.40000000000000013,H,7.350702569978239,-7.400000000000002,-3.5999999999999996,0.5333333333333333,0.33333333333333337,5,4,1.0,0.0,0.0,3.2,0.8,1.4,1.4,-0.022439399999999887,0.9254504000000001,-0.9478898,-0.022439399999999887,0.9254504000000001,2.327692,1.2770208,0.47533339999999996,0.7584584000000001,76300.0,1.124459668868771
2022-05-15,Everton,Brentford,2.0,3.0,2.69589,1.81626,-3,-2,10,9,0.8,1.4,0.8,0.8,11.4,15.2,3.4,4.6,4.6,6.6,-2.0,2.6,0.6,2.0,A,-53.69543064599475,-3.799999999999999,-1.1999999999999997,0.23529411764705885,0.30434782608695654,4,8,1.0,0.0,0.0,0.8,0.4,2.0,1.6,0.03801499999999991,0.9125584,-0.8745434000000001,0.03801499999999991,0.9125584,0.8537364000000001,1.8371029999999997,0.846053,1.33741,205750.0,1.7528357116721551
2022-05-15,Wolves,Norwich,1.0,1.0,0.999066,1.53212,12,1,6,1,0.6,0.4,2.4,3.0,9.4,9.2,2.8,3.2,4.8,4.6,0.20000000000000018,1.4,0.4,0.9999999999999999,D,183.68592031784036,0.20000000000000107,-0.40000000000000036,0.2142857142857143,0.125,4,4,0.0,0.0,1.0,1.8,2.4,0.6,2.0,-1.4621664000000003,-1.3756734000000002,-0.08649300000000015,-1.4621664000000003,-1.3756734000000002,1.0700798,1.0530008,2.3064232000000002,2.410078,213750.0,2.3097426470588234
2022-05-15,West Ham,Man City,2.0,2.0,1.0088,2.14723,-6,-11,10,13,1.2,4.4,1.2,0.4,10.6,18.8,3.8,6.6,5.6,6.8,-1.2000000000000002,1.2,1.0,0.19999999999999996,D,-251.02170858432123,-8.200000000000001,-2.8,0.3157894736842105,0.6666666666666667,7,4,1.0,0.0,0.0,1.4,1.0,2.4,0.2,-0.13866979999999995,2.5370419999999996,-2.6757117999999993,-0.13866979999999995,2.5370419999999996,1.5894772,2.400372,1.0899416,0.55037606,-645100.0,0.3549
2022-05-15,Watford,Leicester,1.0,5.0,2.58968,2.27297,-8,-4,1,2,0.6,1.2,2.0,1.2,9.4,11.6,1.6,4.8,4.2,6.0,-1.7999999999999998,1.0,2.0,-1.0,A,-198.84672837725495,-2.1999999999999993,-3.1999999999999997,0.37499999999999994,0.25,4,4,1.0,0.0,0.0,0.8,2.0,0.8,1.8,-1.4549844,-0.27386220000000017,-1.1811222,-1.4549844,-0.27386220000000017,0.9784075999999999,0.645408,1.241433,1.9446574,-370350.0,0.2966479916437185
2022-05-15,Aston Villa,Crystal Palace,1.0,1.0,0.799443,1.39009,-1,0,6,9,1.2,0.8,1.4,0.8,12.4,13.4,5.6,4.8,4.8,6.0,-1.2000000000000002,2.0,1.8,0.19999999999999996,D,-20.71152146815689,-1.0,0.7999999999999998,0.2142857142857143,0.16666666666666669,5,8,0.0,1.0,0.0,1.4,1.4,1.8,1.0,0.6032327999999999,0.7795783999999999,-0.1763456,0.6032327999999999,0.7795783999999999,1.681893,1.2145336,1.1129346,0.9454762000000001,216700.0,1.7994834901309722
2022-05-15,Tottenham,Burnley,1.0,0.0,2.39449,0.629888,12,-2,12,5,1.4,1.4,0.6,1.0,10.2,14.0,3.2,4.8,5.2,5.4,-0.20000000000000018,1.8,2.0,-0.19999999999999996,H,192.64674622349185,-3.8000000000000007,-1.5999999999999996,0.43749999999999994,0.2916666666666667,3,8,1.0,0.0,0.0,2.8,0.8,0.8,1.4,0.6858191999999997,0.13619119999999985,0.5496279999999999,0.6858191999999997,0.13619119999999985,2.364178,1.1558818,0.51117,1.6214923999999997,551500.0,5.000725426187885
2022-05-15,Leeds,Brighton,1.0,1.0,2.22282,2.25898,-8,-6,4,9,0.8,2.0,1.8,1.0,6.8,11.2,2.2,5.2,3.4,4.8,-1.4,1.2,1.6,-0.40000000000000013,D,-63.45786397608481,-4.3999999999999995,-3.0,0.36363636363636365,0.3846153846153846,4,8,0.0,0.0,1.0,0.6,2.4,1.4,1.2,-1.278802,0.7874036000000003,-2.0662056000000004,-1.278802,0.7874036000000003,1.2709194000000001,1.196271,1.8442180000000001,1.3144804,-18550.0,0.9416666666666667
2022-05-16,Newcastle,Arsenal,2.0,0.0,1.68299,0.492454,-9,-3,12,6,1.2,2.2,1.4,1.6,10.6,13.6,4.6,6.2,2.0,3.8,-1.7999999999999998,1.8,2.2,-0.40000000000000013,H,-52.92453141279225,-3.0,-1.6000000000000005,0.2608695652173913,0.3548387096774194,8,4,1.0,0.0,0.0,1.2,0.6,1.2,2.0,-0.4250372,0.2559056000000002,-0.6809428000000002,-0.4250372,0.2559056000000002,1.2890416000000002,1.1254659999999999,1.1330078000000001,1.3816274000000002,-299150.0,0.5120300138651007
2022-05-17,Southampton,Liverpool,1.0,2.0,0.121506,1.19178,-13,-9,3,13,0.8,2.0,1.8,0.4,13.0,19.0,3.6,5.6,7.0,8.6,-1.5999999999999996,1.2,1.8,-0.6000000000000001,A,-349.0891525476768,-6.0,-1.9999999999999996,0.22222222222222224,0.35714285714285715,10,7,1.0,0.0,0.0,0.8,2.4,1.8,0.6,-0.9770586,1.2839647999999997,-2.2610233999999996,-0.9770586,1.2839647999999997,1.0620724000000001,1.909656,1.72183,0.8145328,-644600.0,0.2985090869517902
2022-05-19,Everton,Crystal Palace,3.0,2.0,0.813157,1.6023,-3,-1,10,7,1.0,0.8,1.2,0.6,10.8,14.4,3.8,5.0,4.6,6.2,-1.6000000000000005,2.0,2.2,-0.20000000000000018,H,-24.190859710814493,-3.5999999999999996,-1.2000000000000002,0.2631578947368421,0.16,4,4,1.0,0.0,0.0,1.2,0.8,1.2,1.0,0.03356960000000009,0.7680208000000001,-0.7344512,0.03356960000000009,0.7680208000000001,1.3134608,1.328871,1.066878,0.7615308,208000.0,1.7673860911270982
2022-05-19,Aston Villa,Burnley,1.0,1.0,0.996403,1.63117,4,-1,4,4,1.4,1.2,0.8,1.0,13.2,13.8,4.8,4.8,3.2,5.0,-1.7999999999999998,1.8,2.0,-0.19999999999999996,D,37.84598850834072,-0.6000000000000014,0.0,0.2916666666666667,0.25,4,4,0.0,1.0,0.0,0.8,1.6,0.6,1.4,0.38439960000000006,-0.03465319999999994,0.4190528,0.38439960000000006,-0.03465319999999994,1.2710236000000001,1.2306618,1.1250586,1.8928604,349900.0,3.538266231410954
2022-05-19,Chelsea,Leicester,1.0,1.0,1.61996,0.0417972,6,1,7,5,1.4,2.0,0.8,1.2,20.0,12.0,5.2,5.6,6.8,5.8,1.0,1.6,2.0,-0.3999999999999999,D,106.55841734376804,8.0,-0.39999999999999947,0.2692307692307692,0.35714285714285715,8,4,0.0,1.0,0.0,1.4,2.0,1.8,1.6,1.00213,-0.1568328000000001,1.1589628,1.00213,-0.1568328000000001,1.4250462,0.99018,1.3253484,1.8752634000000001,387950.0,1.736777134175292
2022-05-22,Leicester,Southampton,4.0,1.0,3.42058,1.05141,6,6,10,2,2.2,0.8,1.4,2.2,11.4,12.0,5.4,3.4,4.4,6.0,-1.5999999999999996,1.6,1.2,0.40000000000000013,H,110.23598155342712,-0.5999999999999996,2.0000000000000004,0.40740740740740744,0.23529411764705885,3,5,0.0,0.0,1.0,1.6,0.8,0.6,2.4,-0.4009519599999998,-1.1291234,0.7281714400000003,-0.4009519599999998,-1.1291234,1.2877779999999999,1.3254096,1.3243084,2.412806,252250.0,1.9196135617936565
2022-05-22,Man City,Aston Villa,3.0,2.0,3.3209,0.247841,13,5,13,7,4.2,1.6,0.8,1.0,21.6,15.4,7.2,6.0,7.2,4.6,2.6000000000000005,1.2,1.4,-0.19999999999999996,H,315.51820224246035,6.200000000000001,1.2000000000000002,0.5833333333333334,0.26666666666666666,7,3,0.0,1.0,0.0,3.8,0.8,1.6,1.0,2.4825108000000005,0.18593280000000023,2.2965780000000002,2.4825108000000005,0.18593280000000023,2.671076,1.3290264,0.640077,0.9892266000000001,512250.0,2.0502306509482318
2022-05-22,Liverpool,Wolves,3.0,1.0,3.19385,1.11708,7,11,13,4,1.6,0.8,0.6,2.4,21.0,11.8,5.6,3.2,8.4,5.4,3.0,1.6,1.2,0.40000000000000013,H,317.4530073712001,9.2,2.3999999999999995,0.28571428571428575,0.25,5,7,0.0,1.0,0.0,2.0,0.2,0.6,1.0,1.068131,-1.3423945999999998,2.4105255999999997,1.068131,-1.3423945999999998,1.8873799999999998,0.8376243999999999,0.721884,1.3104836000000002,541950.0,2.437723836052527
2022-05-22,Crystal Palace,Man United,1.0,0.0,0.354618,0.782005,-7,4,9,0,1.2,1.0,1.0,2.4,13.8,9.2,5.6,3.8,6.2,4.0,2.2,2.6,1.8,0.8,H,-48.90351608535048,4.600000000000001,1.7999999999999998,0.2142857142857143,0.2631578947368421,3,15,1.0,0.0,0.0,1.0,0.2,0.4,3.2,0.9928628000000004,-1.0469833999999996,2.0398462,0.9928628000000004,-1.0469833999999996,1.4033404,0.8415041999999999,0.795521,2.145879,-498100.0,0.3524020022102321
2022-05-22,Norwich,Tottenham,0.0,5.0,0.310789,3.815,-16,-10,3,8,0.2,1.6,2.6,0.4,8.4,13.4,2.8,4.8,3.8,6.0,-2.2,1.0,1.8,-0.8,A,-351.7787034737187,-5.0,-2.0,0.07142857142857144,0.33333333333333337,7,7,1.0,0.0,0.0,0.8,2.6,1.8,0.8,-1.2950966000000002,1.0637226,-2.3588192,-1.2950966000000002,1.0637226,0.9695948,1.2319381999999997,2.1864959999999996,1.182066,-526150.0,0.23674475955610358
2022-05-22,Burnley,Newcastle,1.0,2.0,1.49164,1.74291,-4,-2,9,3,1.0,1.2,1.2,1.2,12.6,10.6,4.6,4.0,4.2,3.8,0.40000000000000036,1.8,1.4,0.40000000000000013,A,-124.61517844377975,2.0,0.5999999999999996,0.2173913043478261,0.3,3,6,1.0,0.0,0.0,1.4,1.4,0.8,2.4,-0.0735117999999999,-0.5873012000000002,0.5137894000000003,-0.0735117999999999,-0.5873012000000002,1.4068404600000002,0.8825796,1.5319303999999998,2.0202839999999997,-176050.0,0.43915259636827014
2022-05-22,Brighton,West Ham,3.0,1.0,1.67774,0.268845,-5,3,5,3,2.0,1.6,1.2,1.2,12.0,10.8,5.4,4.0,4.2,5.2,-1.0,1.4,1.6,-0.20000000000000018,H,10.65196567243197,1.1999999999999993,1.4000000000000004,0.37037037037037035,0.4,7,7,0.0,0.0,1.0,1.2,1.2,1.0,1.4,0.7696526000000001,-0.044252599999999864,0.8139052,0.7696526000000001,-0.044252599999999864,1.7507572,1.1751985999999999,1.3773342,1.944096,-36900.0,0.8960270498732037
2022-05-22,Brentford,Leeds,1.0,2.0,0.844985,1.47786,5,8,10,7,1.6,0.4,1.2,2.0,15.8,8.6,4.6,2.2,6.2,3.4,2.8000000000000003,1.2,1.8,-0.6000000000000001,A,10.095555014975387,7.200000000000001,2.3999999999999995,0.3478260869565218,0.18181818181818182,7,7,0.0,0.0,1.0,1.4,0.4,1.4,1.0,0.41452920000000026,-1.2503124,1.6648416000000004,0.41452920000000026,-1.2503124,1.8334244000000002,1.3862722,0.9660388000000001,1.4026718,-26150.0,0.9126732342628152
2022-05-22,Arsenal,Everton,5.0,1.0,4.35597,1.08601,11,-1,9,4,1.4,1.6,1.6,1.2,13.0,11.4,5.8,4.8,5.2,5.2,0.0,2.6,1.4,1.2000000000000002,H,157.17378631890483,1.5999999999999996,1.0,0.24137931034482757,0.33333333333333337,6,3,1.0,0.0,0.0,1.6,1.2,1.0,1.6,-0.2381034000000002,0.13154279999999985,-0.36964620000000004,-0.2381034000000002,0.13154279999999985,2.2173749999999997,1.153418,1.0322502,1.4303912,134000.0,1.2797202797202798
2022-05-22,Chelsea,Watford,2.0,1.0,2.59231,0.575755,16,5,5,3,1.4,0.6,1.0,2.6,18.8,8.6,5.6,1.8,7.4,4.4,3.0,2.2,0.6,1.6,H,319.7687587104899,10.200000000000001,3.8,0.25,0.3333333333333333,3,7,0.0,1.0,0.0,1.4,2.2,0.6,2.6,0.9256395600000002,-1.2674904000000005,2.1931299600000007,0.9256395600000002,-1.2674904000000005,1.5348942,0.6455092,1.28450044,2.243052,758300.0,5.854673495518566
2022-08-05,Crystal Palace,Arsenal,0.0,2.0,1.20637,1.43601,0,1,11,6,1.4,1.8,1.0,1.6,11.6,15.4,4.8,6.2,5.6,7.4,-1.8000000000000007,2.6,2.0,0.6000000000000001,A,-125.76716012565224,-3.8000000000000007,-1.4000000000000004,0.2916666666666667,0.2903225806451613,75,75,0.5,0.0,0.5,1.0,0.0,1.2,1.8,0.6588822000000001,0.3160306000000004,0.3428515999999997,0.6588822000000001,0.3160306000000004,1.266734,1.0135588,0.9007244,1.4388114,-676950.0,0.32305
2022-08-06,Everton,Chelsea,0.0,1.0,0.541983,1.92315,0,-1,10,10,1.6,1.6,2.2,1.0,10.8,18.4,4.4,6.0,5.0,6.2,-1.2000000000000002,1.0,2.0,-1.0,A,-195.98412811232583,-7.599999999999998,-1.5999999999999996,0.36363636363636365,0.26666666666666666,76,76,0.5,0.0,0.5,1.6,1.2,2.6,0.6,-0.5035912000000002,0.9589057600000003,-1.4624969600000006,-0.5035912000000002,0.9589057600000003,1.3343303999999998,2.33525,1.235732,0.7531627999999999,-581800.0,0.4152469973365496
2022-08-06,Newcastle,Nott'm Forest,2.0,0.0,1.8591,0.235825,0,9,12,0,1.4,0.0,1.4,0.0,9.6,0.0,4.4,0.0,3.8,0.0,3.8,1.2,0.0,1.2,H,133.6921072643754,9.6,4.4,0.3181818181818181,0.0,76,7,0.0,0.0,0.0,1.2,0.4,0.0,0.0,-0.6040606,0.0,-0.6040606,-0.6040606,0.0,1.3095835999999998,0.0,0.9015086,0.0,165350.0,1.439468438538206
2022-08-06,Tottenham,Southampton,4.0,1.0,1.6172,0.386546,0,12,12,2,2.6,1.0,0.4,2.6,15.4,11.2,7.4,3.2,4.8,4.6,0.20000000000000018,1.8,1.0,0.8,H,231.49582059361865,4.200000000000001,4.2,0.35135135135135137,0.3125,76,76,0.0,0.5,0.5,2.4,0.6,0.8,2.4,1.9240737999999997,-1.4371454000000004,3.3612192,1.9240737999999997,-1.4371454000000004,2.3334859999999997,1.2697976,0.5081548,2.526164,229150.0,1.5456601976425766
2022-08-06,Bournemouth,Aston Villa,2.0,0.0,0.588341,0.488895,0,-5,0,4,0.0,1.6,0.0,1.6,0.0,12.0,0.0,5.2,0.0,4.4,-4.4,0.0,0.8,-0.8,H,-46.46778164996499,-12.0,-5.2,0.0,0.3076923076923077,7,76,0.0,0.0,0.0,0.0,0.0,1.4,1.6,0.0,-0.8206206000000003,0.8206206000000003,0.0,-0.8206206000000003,0.0,1.1240146000000002,0.0,1.614601,-222350.0,0.5636345795309586
2022-08-06,Fulham,Liverpool,2.0,2.0,1.26822,2.34111,0,-13,0,13,0.0,1.8,0.0,0.8,0.0,23.2,0.0,6.4,0.0,6.8,-6.8,0.0,1.4,-1.4,D,-404.15713188289146,-23.2,-6.4,0.0,0.28125,7,76,0.0,0.0,0.0,0.0,0.0,1.8,0.8,0.0,1.2276832,-1.2276832,0.0,1.2276832,0.0,1.651388,0.0,0.7129708,-516750.0,0.3634907926341073
2022-08-06,Leeds,Wolves,2.0,1.0,0.88917,1.10119,0,2,5,4,0.8,1.0,2.2,2.8,9.6,11.2,3.0,3.4,3.2,4.8,-1.5999999999999996,1.6,1.0,0.6000000000000001,H,30.506247540197137,-1.5999999999999996,-0.3999999999999999,0.26666666666666666,0.29411764705882354,76,76,0.0,0.5,0.5,0.8,2.0,0.8,1.4,-0.8752342,-1.6217329999999994,0.7464987999999995,-0.8752342,-1.6217329999999994,1.6766777999999998,0.8826368,2.0414339999999997,1.6247716,-152500.0,0.6935597307344519
2022-08-07,Leicester,Brentford,2.0,2.0,0.455695,0.931067,0,3,10,9,2.8,1.4,1.0,1.4,12.6,15.4,6.2,4.6,4.4,5.8,-1.3999999999999995,1.0,1.4,-0.3999999999999999,D,48.51042537893591,-2.8000000000000007,1.6000000000000005,0.4516129032258064,0.30434782608695654,77,77,0.5,0.5,0.0,2.0,0.8,2.0,1.8,0.34873144000000034,0.16380220000000012,0.18492924000000022,0.34873144000000034,0.16380220000000012,1.7161640000000002,1.7562269999999998,1.1896584000000001,1.7219200000000001,119500.0,1.3219288793103448
2022-08-07,Man United,Brighton,1.0,2.0,1.42103,1.7289,0,-7,11,10,1.0,2.6,1.8,0.8,10.8,15.2,4.4,6.6,4.8,4.4,0.39999999999999947,2.2,1.0,1.2000000000000002,A,-10.185484016101327,-4.399999999999999,-2.1999999999999993,0.22727272727272727,0.393939393939394,77,77,1.0,0.0,0.0,2.2,1.2,1.4,1.0,-0.5316174000000002,1.3336488000000002,-1.8652662000000004,-0.5316174000000002,1.3336488000000002,1.2094326000000002,1.318077,1.529553,1.4429884000000002,317950.0,1.6001321253303133
2022-08-07,West Ham,Man City,0.0,2.0,0.246188,2.58739,0,-9,8,11,1.6,3.8,1.6,1.0,8.0,22.2,2.8,6.6,3.8,7.6,-3.8,1.4,1.0,0.3999999999999999,A,-283.80985767169955,-14.2,-3.8,0.5714285714285715,0.5757575757575758,77,77,0.5,0.0,0.5,1.6,1.4,2.6,0.6,-0.5081076000000002,2.4463866000000003,-2.9544942000000005,-0.5081076000000002,2.4463866000000003,1.4667552000000001,2.442974,1.3409840000000002,0.5979722599999999,-684400.0,0.4048695652173913
2022-08-13,Aston Villa,Everton,2.0,1.0,2.66696,1.37507,-3,-2,5,4,1.0,1.2,1.8,2.2,12.6,10.4,4.2,4.4,4.4,5.6,-1.1999999999999993,1.0,1.6,-0.6000000000000001,H,44.90033443659809,2.1999999999999993,-0.20000000000000018,0.23809523809523808,0.2727272727272727,7,7,0.5,0.5,0.0,1.0,1.6,1.0,2.2,-0.9409657999999999,-0.7961366000000001,-0.14482919999999977,-0.9409657999999999,-0.7961366000000001,1.4084292,1.2390508,1.2222486,2.0022712,96400.0,1.2333292992859737
2022-08-13,Arsenal,Leicester,4.0,2.0,3.0107,0.690679,10,-2,9,5,1.8,3.0,1.4,1.0,14.8,12.2,5.2,5.4,7.0,4.2,2.8,2.0,0.4,1.6,H,114.68424071471122,2.6000000000000014,-0.20000000000000018,0.34615384615384615,0.5555555555555555,8,6,0.5,0.5,0.0,2.2,1.4,1.8,1.6,0.2594409999999998,0.2699690400000003,-0.010528040000000516,0.2594409999999998,0.2699690400000003,2.501239,0.78326344,1.1396302,2.0188300000000003,509300.0,2.037905033625433
2022-08-13,Brighton,Newcastle,0.0,0.0,1.60835,0.183952,-4,4,8,6,2.6,1.2,0.6,1.4,16.6,11.6,6.4,5.0,3.6,5.4,-1.8000000000000003,1.0,0.8,0.19999999999999996,D,-18.66634392848732,5.000000000000002,1.4000000000000004,0.40625,0.24,6,7,0.5,0.0,0.5,1.8,1.0,1.2,2.4,1.2058895999999995,-0.5229894000000002,1.7288789999999996,1.2058895999999995,-0.5229894000000002,1.960442,1.1819542,0.9344791999999998,2.104468,-11800.0,0.9782127031019202
2022-08-13,Man City,Bournemouth,4.0,0.0,1.69064,0.123946,-1,10,13,0,3.4,2.0,1.0,0.0,21.2,7.0,5.8,3.0,7.2,5.0,2.2,0.8,3.0,-2.2,H,393.6016988683832,14.2,2.8,0.5862068965517241,0.6666666666666666,6,7,0.0,0.0,0.0,3.6,1.0,0.0,0.0,2.518981,0.09944599999999998,2.419535,2.518981,0.09944599999999998,2.7863879999999996,0.0,0.6172888000000001,0.0,862800.0,4.004178272980502
2022-08-13,Southampton,Leeds,2.0,2.0,1.40906,1.99694,-14,-7,3,10,0.8,1.2,3.0,1.6,9.6,10.6,2.6,3.4,3.8,3.8,0.0,1.0,1.8,-0.8,D,-63.592943604260654,-1.0,-0.7999999999999998,0.3076923076923077,0.35294117647058826,7,7,0.5,0.0,0.5,0.8,2.4,1.8,1.0,-1.4939429999999998,-0.5219922000000001,-0.9719507999999997,-1.4939429999999998,-0.5219922000000001,0.7267035999999999,1.2530662,1.7977393999999998,1.4998429999999998,74800.0,1.2167173692597422
2022-08-13,Wolves,Fulham,0.0,0.0,0.975375,1.08813,-5,1,4,0,1.2,2.0,2.6,2.0,12.0,9.0,4.4,3.0,4.2,4.0,0.20000000000000018,0.6,2.0,-1.4,D,76.55755275497268,3.0,1.4000000000000004,0.2727272727272727,0.6666666666666666,7,7,0.0,0.0,0.0,1.2,2.6,0.0,0.0,-1.1031533999999998,-1.0728900000000001,-0.03026339999999972,-1.1031533999999998,-1.0728900000000001,0.9598190000000001,0.0,2.513108,0.0,202550.0,1.6863774991528295
2022-08-13,Brentford,Man United,4.0,0.0,1.38785,0.896038,4,3,10,0,1.8,1.0,1.8,1.6,14.0,11.4,4.8,4.4,4.6,4.6,0.0,1.0,2.2,-1.2000000000000002,H,-19.616031077685875,2.5999999999999996,0.39999999999999947,0.375,0.22727272727272727,6,6,0.5,0.5,0.0,1.6,0.4,0.2,2.6,0.09936759999999989,-0.49333340000000026,0.5927010000000001,0.09936759999999989,-0.49333340000000026,1.903575,0.9255488,0.8108647999999998,1.6679346,-476550.0,0.4378649365968741
2022-08-14,Nott'm Forest,West Ham,1.0,0.0,1.9717,2.08634,1,-4,0,3,0.0,1.6,2.0,1.8,5.0,8.0,0.0,2.6,1.0,3.8,-2.8,3.0,1.4,1.6,H,-40.63923915488749,-3.0,-2.6,0.0,0.6153846153846154,8,7,0.0,0.0,0.0,0.0,0.0,1.2,1.8,-1.623275,-0.5842250000000002,-1.0390499999999998,-1.623275,-0.5842250000000002,0.0,0.9613095999999999,0.0,1.8419139999999998,-89350.0,0.8080970790378007
2022-08-14,Chelsea,Tottenham,2.0,2.0,1.83945,1.58708,-1,-2,8,11,1.8,2.8,0.8,0.4,18.0,16.4,6.2,7.6,7.8,5.4,2.3999999999999995,1.4,2.0,-0.6000000000000001,D,-6.0830377362108266,1.6000000000000014,-1.3999999999999995,0.2903225806451613,0.3684210526315789,8,8,0.5,0.5,0.0,1.6,1.6,2.4,0.2,1.21628116,1.8943552,-0.6780740399999998,1.21628116,1.8943552,1.7953282000000002,1.6701902,0.9128074399999999,1.0406038,345850.0,1.532814666461254
2022-08-15,Liverpool,Crystal Palace,1.0,1.0,2.23596,1.64468,5,4,13,4,2.0,1.0,1.2,1.2,20.6,10.8,5.2,4.2,6.4,4.8,1.6000000000000005,0.8,2.2,-1.4000000000000001,D,258.09496550256745,9.8,1.0,0.3846153846153846,0.23809523809523808,9,10,0.5,0.5,0.0,2.4,0.4,1.2,1.6,0.9184618,0.5917619999999999,0.3266998000000001,0.9184618,0.5917619999999999,2.08842,1.1418130000000002,0.6776420000000001,0.7819892,488800.0,2.51307847082495
2022-08-20,Tottenham,Wolves,1.0,0.0,1.46608,0.686123,10,11,12,1,3.0,0.8,0.6,2.2,16.8,10.6,8.0,3.8,5.4,4.6,0.8000000000000007,1.6,0.6,1.0,H,211.22308727283237,6.200000000000001,4.2,0.375,0.2105263157894737,6,7,0.0,1.0,0.0,2.2,0.6,0.8,1.8,1.8569742000000002,-1.0983484,2.9553226,1.8569742000000002,-1.0983484,1.935306,0.9604478000000001,0.47783359999999997,1.723152,151450.0,1.3043303526574903
2022-08-20,Crystal Palace,Aston Villa,3.0,1.0,2.91137,0.803828,-6,0,10,4,1.0,1.2,1.4,1.6,9.2,13.2,3.4,4.2,3.6,5.0,-1.4,2.6,1.8,0.8,H,61.34871077266257,-4.0,-0.8000000000000003,0.29411764705882354,0.2857142857142857,5,7,0.0,0.5,0.5,1.0,0.4,1.2,1.6,0.026296600000000003,-0.6212058,0.6475024,0.026296600000000003,-0.6212058,1.4132076,1.0110116,0.7798844,1.4153331999999998,-186500.0,0.6339907761750564
2022-08-20,Everton,Nott'm Forest,1.0,1.0,1.43408,0.918315,-8,0,7,0,1.4,0.5,2.6,1.0,10.2,9.0,4.2,3.0,4.6,3.5,1.0999999999999996,1.4,3.5,-2.1,D,-23.982868203222097,1.1999999999999993,1.2000000000000002,0.3333333333333333,0.16666666666666666,7,6,0.0,0.0,0.0,1.4,1.4,0.0,2.0,-1.170506,-0.8689574999999998,-0.3015485000000002,-1.170506,-0.8689574999999998,1.371268,0.235825,1.4678906,1.8591,36900.0,1.0980730897009967
2022-08-20,Fulham,Brentford,3.0,2.0,2.89934,1.59352,-10,-8,1,10,1.0,2.6,1.0,1.2,9.0,14.2,3.0,5.4,3.5,4.6,-1.0999999999999996,2.5,1.0,1.5,H,-82.80252658301652,-5.199999999999999,-2.4000000000000004,0.3333333333333333,0.48148148148148145,7,7,0.0,0.0,0.0,2.0,2.0,2.2,1.8,-0.4800675000000001,0.42966700000000024,-0.9097345000000003,-0.4800675000000001,0.42966700000000024,1.26822,1.5975084,2.34111,1.5573289999999997,-76100.0,0.794989224137931
2022-08-20,Leicester,Southampton,1.0,2.0,0.242948,1.24155,3,7,8,1,2.8,1.0,1.8,3.0,9.4,10.8,4.2,2.8,2.6,3.0,-0.3999999999999999,0.6,1.0,-0.4,A,58.88290784263722,-1.4000000000000004,1.4000000000000004,0.6666666666666666,0.35714285714285715,7,7,0.5,0.0,0.5,2.0,1.0,0.8,3.0,-0.46421915999999985,-1.5903268000000002,1.1261076400000003,-0.46421915999999985,-1.5903268000000002,1.631456,0.9343328,1.0703378,2.5481740000000004,70750.0,1.1684724371949042
2022-08-20,Bournemouth,Arsenal,0.0,3.0,0.211335,1.71081,-10,-6,3,9,1.0,2.2,2.0,1.6,5.0,14.8,2.0,4.8,3.0,6.6,-3.5999999999999996,3.0,1.8,1.2,A,-238.0553528148214,-9.8,-2.8,0.5,0.45833333333333337,7,7,0.0,0.0,0.0,2.0,0.0,1.6,1.6,-0.733624,0.31826220000000016,-1.0518862000000002,-0.733624,0.31826220000000016,0.588341,1.0307568,0.488895,1.4720714,-712800.0,0.2872
2022-08-21,Leeds,Chelsea,3.0,0.0,2.20971,0.692492,1,-3,5,10,1.4,1.8,1.6,0.8,12.6,17.4,4.0,5.6,4.4,7.6,-3.1999999999999993,2.0,1.8,0.19999999999999996,H,-112.6820207552073,-4.799999999999999,-1.5999999999999996,0.35,0.32142857142857145,8,7,0.5,0.5,0.0,0.8,2.0,2.2,0.4,0.0007668000000000674,1.2393991599999996,-1.2386323599999995,0.0007668000000000674,1.2393991599999996,1.2310018,2.2937199999999995,1.9813759999999998,0.6684148,-649800.0,0.3469018543645409
2022-08-21,West Ham,Brighton,0.0,2.0,0.768634,1.82645,-11,-7,5,10,1.4,2.0,1.6,0.6,10.2,15.8,3.0,6.0,4.6,4.4,0.1999999999999993,1.2,1.2,0.0,A,-80.90798689145618,-5.600000000000001,-3.0,0.4666666666666666,0.3333333333333333,7,8,0.5,0.0,0.5,1.2,1.6,1.4,1.0,-0.45877940000000006,1.0145936,-1.473373,-0.45877940000000006,1.0145936,1.1990568,1.5446358,1.6476799999999998,1.2568884,-64200.0,0.8788221970554927
2022-08-21,Newcastle,Man City,3.0,3.0,2.2127,3.67382,-3,-3,12,13,1.2,3.2,1.2,1.0,11.6,20.8,4.8,5.4,6.0,7.8,-1.7999999999999998,1.2,0.6,0.6,D,-215.2433969516369,-9.200000000000001,-0.6000000000000005,0.25,0.5925925925925926,8,8,0.5,0.5,0.0,1.4,0.4,3.0,0.6,-0.28406960000000003,2.2201136,-2.5041832,-0.28406960000000003,2.2201136,1.3936476,2.5524099999999996,0.8873002,0.5524094599999999,-608400.0,0.47095652173913044
2022-08-22,Man United,Liverpool,2.0,1.0,2.01764,1.52301,-4,-8,8,11,0.8,2.0,2.2,1.2,13.2,21.0,4.6,5.4,4.6,5.0,-0.40000000000000036,3.0,0.6,2.4,H,-192.76404840610556,-7.800000000000001,-0.8000000000000007,0.1739130434782609,0.37037037037037035,9,7,0.5,0.5,0.0,1.8,1.2,1.8,1.2,-0.22165100000000004,1.0236248000000001,-1.2452758000000002,-0.22165100000000004,1.0236248000000001,1.2900186000000002,1.864248,1.5505849999999999,0.8597618,35900.0,1.0442199913777175
2022-08-27,Arsenal,Fulham,2.0,1.0,2.47427,0.926007,6,7,12,1,2.8,1.6666666666666667,1.0,1.3333333333333333,16.0,12.0,5.2,5.0,7.0,4.333333333333333,2.666666666666667,1.4,2.6666666666666665,-1.2666666666666666,H,256.57252882851844,4.0,0.20000000000000018,0.5384615384615384,0.33333333333333337,7,7,0.0,0.0,0.0,3.0,1.4,0.0,0.0,1.2257120000000001,0.11522833333333304,1.110483666666667,1.2257120000000001,0.11522833333333304,2.9965260000000002,1.08813,1.022404,0.975375,704900.0,3.388681802778719
2022-08-27,Man City,Crystal Palace,4.0,2.0,2.3853,0.091976,7,4,15,5,2.8,1.4,1.4,1.4,21.8,9.4,6.4,4.4,8.4,3.4,5.0,0.8,2.4,-1.5999999999999999,H,283.48753666125026,12.4,2.0,0.43749999999999994,0.3181818181818181,6,7,0.0,0.5,0.5,4.0,0.6,1.2,1.4,1.9161010000000005,0.32967559999999985,1.5864254000000007,1.9161010000000005,0.32967559999999985,2.855222,1.1652150000000001,0.382112,1.0533341999999999,826950.0,3.5598204612289117
2022-08-27,Liverpool,Bournemouth,9.0,0.0,4.86035,0.180991,-1,5,11,0,1.8,0.6666666666666666,1.4,2.3333333333333335,21.0,5.333333333333333,5.2,1.6666666666666667,6.0,3.0,3.0,0.8,2.6666666666666665,-1.8666666666666665,H,344.59776721855883,15.666666666666668,3.533333333333333,0.34615384615384615,0.39999999999999997,5,7,0.0,0.0,0.0,2.2,0.6,0.0,4.0,0.8633167999999998,-0.9889076666666667,1.8522244666666665,0.8633167999999998,-0.9889076666666667,2.08831,0.123946,0.8559165999999999,1.69064,524650.0,2.826775766016713
2022-08-27,Southampton,Man United,0.0,1.0,1.35887,1.34359,3,1,4,0,1.4,0.6,2.6,2.4,8.8,13.8,2.6,4.4,2.6,5.2,-2.6,1.4,3.4,-2.0,A,-129.13571605040374,-5.0,-1.8000000000000003,0.5384615384615384,0.13636363636363635,7,5,0.0,0.0,1.0,1.0,2.4,0.2,3.2,-0.8518752000000003,-0.35466200000000003,-0.49721320000000024,-0.8518752000000003,-0.35466200000000003,0.7571236,0.952285,1.9383574,1.8740455999999999,-427800.0,0.49537009731642584
2022-08-27,Brighton,Leeds,1.0,0.0,1.60986,1.14874,-1,0,9,8,1.6,2.0,0.6,1.0,14.6,14.0,5.2,5.2,3.8,5.0,-1.2000000000000002,1.2,1.8,-0.6000000000000001,H,84.96730561186519,0.5999999999999996,0.0,0.3076923076923077,0.3846153846153846,6,6,0.0,0.0,1.0,1.8,0.6,1.6,1.0,0.8470278000000001,0.49795860000000025,0.34906919999999986,0.8470278000000001,0.49795860000000025,2.07377,1.0882482,0.5608776,1.533505,184650.0,1.5349847892220774
2022-08-27,Brentford,Everton,1.0,1.0,2.28391,1.65465,7,3,10,4,2.4,1.2,1.8,2.2,13.2,12.0,5.4,4.8,4.4,4.8,-0.39999999999999947,1.4,2.0,-0.6000000000000001,D,44.3027898664318,1.1999999999999993,0.6000000000000005,0.4444444444444444,0.25,7,7,0.5,0.5,0.0,2.0,0.4,0.8,2.0,-0.3702282000000001,-1.243279,0.8730507999999999,-0.3702282000000001,-1.243279,1.8171410000000001,1.0509168,0.8250102,2.0867852000000005,-41950.0,0.8984630279559482
2022-08-27,Chelsea,Leicester,2.0,1.0,1.74916,1.96023,6,3,9,5,1.2,2.0,1.4,2.0,16.8,8.0,5.4,3.0,7.8,2.4,5.4,2.0,0.8,1.2,H,141.130664104498,8.8,2.4000000000000004,0.2222222222222222,0.6666666666666666,6,7,0.0,0.5,0.5,1.6,1.2,2.0,2.0,0.7422073600000001,-0.60059756,1.34280492,0.7422073600000001,-0.60059756,2.044458,0.81318244,0.8555614400000001,2.112382,504250.0,2.0276136132056246
2022-08-28,Aston Villa,West Ham,0.0,1.0,0.304555,0.334589,5,3,8,3,1.2,0.6,2.0,2.0,13.2,10.2,4.4,2.6,5.2,4.6,0.6000000000000005,1.8,1.4,0.40000000000000013,A,-52.99807128891325,3.0,1.8000000000000003,0.2727272727272727,0.23076923076923075,8,7,0.5,0.5,0.0,1.4,1.0,1.0,1.4,-0.9245847999999999,-1.1663405999999998,0.24175579999999997,-0.9245847999999999,-1.1663405999999998,1.6443971999999998,1.2495848,1.3005423999999999,1.7266640000000002,43950.0,1.0943943298969072
2022-08-28,Wolves,Newcastle,1.0,1.0,1.13248,1.93362,-9,-9,5,7,0.6,1.8,1.4,0.8,13.2,12.6,3.8,5.4,4.6,6.6,-2.0,1.0,1.4,-0.3999999999999999,D,-122.79050909273816,0.5999999999999996,-1.6000000000000005,0.15789473684210525,0.3333333333333333,8,7,1.0,0.0,0.0,0.8,2.0,1.2,2.2,-0.6581031999999999,0.03591260000000007,-0.6940158,-0.6581031999999999,0.03591260000000007,0.906744,1.0671386,2.1665279999999996,2.2843761999999996,-43950.0,0.9188515509601182
2022-08-28,Nott'm Forest,Tottenham,0.0,2.0,0.801369,2.44473,-8,-9,3,9,0.6666666666666666,2.6,1.0,0.6,10.666666666666666,15.8,3.6666666666666665,7.6,3.0,6.6,-3.5999999999999996,3.0,1.8,1.2,A,-215.715559473168,-5.133333333333335,-3.933333333333333,0.18181818181818182,0.34210526315789475,8,8,0.0,0.0,0.0,1.0,0.0,2.4,0.6,-0.7512266666666663,1.4054107999999998,-2.156637466666666,-0.7512266666666663,1.4054107999999998,1.9717,1.5772142,2.08634,1.2001518,-272850.0,0.5796487444153443
2022-08-30,Southampton,Chelsea,2.0,1.0,1.44086,1.5047,-7,-6,4,7,1.2,1.4,2.4,1.4,11.4,14.2,3.2,4.6,3.4,7.2,-3.8000000000000003,1.0,1.4,-0.3999999999999999,H,-151.89503822728284,-2.799999999999999,-1.3999999999999995,0.37499999999999994,0.30434782608695654,3,3,0.5,0.5,0.0,1.0,1.4,1.0,1.0,-0.6347644000000001,0.38436079999999984,-1.0191252,-0.6347644000000001,0.38436079999999984,0.9159523999999999,1.5528524,1.3277094000000003,0.9974115999999998,-575000.0,0.42208151163375046
2022-08-30,Leeds,Everton,1.0,1.0,1.04551,1.17189,13,8,7,5,1.8,0.8,1.0,2.0,12.2,12.4,4.6,5.0,4.0,5.0,-1.0,1.8,2.0,-0.19999999999999996,D,53.93214055810836,-0.20000000000000107,-0.40000000000000036,0.391304347826087,0.16,3,3,0.5,0.0,0.5,1.2,1.8,1.0,1.8,0.4129666000000001,-1.2113024000000003,1.6242690000000004,0.4129666000000001,-1.2113024000000003,1.3715138,1.2968546,1.7071003999999999,2.2027732,-68000.0,0.8354108677235871
2022-08-30,Crystal Palace,Brentford,1.0,1.0,0.777363,1.61808,-2,2,10,7,1.4,2.0,1.6,1.6,8.4,13.4,3.8,5.0,2.6,5.6,-2.9999999999999996,2.2,1.2,1.0000000000000002,D,34.93825478083022,-5.0,-1.2000000000000002,0.3684210526315789,0.4,3,3,0.0,0.0,1.0,1.0,0.6,1.8,2.2,-0.2868178000000001,-0.06845020000000002,-0.2183676000000001,-0.2868178000000001,-0.06845020000000002,1.7160676,1.4293684,0.7302519999999999,1.8791689999999999,-48150.0,0.8702855603448276
2022-08-30,Fulham,Brighton,2.0,1.0,1.07093,1.75359,-8,-8,4,10,1.5,1.6,1.5,0.4,11.75,14.0,4.5,4.8,3.75,4.6,-0.8499999999999996,2.75,1.2,1.55,H,-139.1646911618327,-2.25,-0.2999999999999998,0.3333333333333333,0.33333333333333337,3,3,0.0,0.0,0.0,2.5,2.0,1.6,1.0,-0.3006445000000002,0.9320197999999998,-1.2326643000000002,-0.3006445000000002,0.9320197999999998,2.08378,1.7676948,1.9673150000000001,1.2933672,-234700.0,0.5570026425066062
2022-08-31,Arsenal,Aston Villa,2.0,1.0,2.79971,0.297168,15,12,15,4,3.2,1.0,0.8,2.0,18.2,10.6,6.4,3.2,7.2,3.2,4.0,1.2,2.2,-1.0000000000000002,H,217.2355940950281,7.6,3.2,0.5,0.3125,4,3,0.5,0.5,0.0,3.2,1.2,1.2,1.8,1.7734718000000003,-0.8036382,2.5771100000000002,1.7734718000000003,-0.8036382,3.0210739999999996,0.7892652,1.0883842,1.6733052000000002,490450.0,1.9625159454420567
2022-08-31,Bournemouth,Wolves,0.0,0.0,0.362035,1.53246,1,1,3,1,0.5,0.6,4.0,1.4,5.25,11.8,1.75,3.8,2.5,4.4,-1.9000000000000004,2.25,1.4,0.8500000000000001,D,-46.51527948811122,-6.550000000000001,-2.05,0.2857142857142857,0.15789473684210525,4,3,0.0,0.0,0.0,1.0,1.5,0.8,1.8,-1.9115205,-0.7117203999999997,-1.1998001000000003,-1.9115205,-0.7117203999999997,0.399838,1.036299,1.0998525,1.728612,-210450.0,0.5771124284135437
2022-08-31,Man City,Nott'm Forest,6.0,0.0,3.83759,0.729752,12,9,15,1,3.2,0.5,1.4,1.25,19.2,12.25,5.8,3.0,7.8,3.75,4.05,0.8,3.75,-2.95,H,359.6285005330726,6.949999999999999,2.8,0.5517241379310345,0.16666666666666666,4,3,0.0,0.0,0.0,4.2,1.0,0.5,1.5,2.1470798,-0.9742602499999997,3.1213400499999997,2.1470798,-0.9742602499999997,3.0265940000000002,0.57707,0.3770364,1.64659,773750.0,3.0564784053156147
2022-08-31,West Ham,Tottenham,1.0,1.0,1.52267,0.723285,-15,-10,2,9,0.4,2.8,1.6,0.6,10.4,15.2,2.6,7.4,4.2,5.2,-1.0,0.8,1.4,-0.5999999999999999,D,-150.65724685114037,-4.799999999999999,-4.800000000000001,0.15384615384615385,0.37837837837837834,3,3,1.0,0.0,0.0,0.8,1.8,2.0,0.6,-0.9326478000000004,1.3811625999999997,-2.3138104,-0.9326478000000004,1.3811625999999997,1.0534696000000001,1.8694399999999998,1.8814008000000002,1.0630016,-183500.0,0.7173008781389616
2022-08-31,Liverpool,Newcastle,2.0,1.0,1.76119,0.643546,-2,-1,11,8,3.2,1.6,1.2,1.0,20.0,13.6,6.6,5.8,5.8,6.8,-1.0,0.8,1.6,-0.8,H,188.0486715757236,6.4,0.7999999999999998,0.4848484848484849,0.27586206896551724,4,3,0.5,0.5,0.0,3.2,0.6,1.2,1.4,1.5851338,-0.0419666000000003,1.6271004000000002,1.5851338,-0.0419666000000003,2.608446,1.3462322,0.8700694,1.7892522,270250.0,1.4989844903988183
2022-09-01,Leicester,Man United,0.0,1.0,0.615266,1.09969,-8,-2,7,3,2.0,0.8,2.2,1.6,11.0,13.0,3.8,4.6,4.6,4.6,0.0,1.0,3.6,-2.6,A,-95.3744149570282,-2.0,-0.7999999999999998,0.5263157894736842,0.1739130434782609,5,5,0.5,0.0,0.5,2.2,1.4,0.4,2.4,-0.24275099999999994,0.021410999999999847,-0.2641619999999998,-0.24275099999999994,0.021410999999999847,1.6329186,1.1989576,1.2000074,1.6938855999999998,-357050.0,0.5788263049248009
2022-09-03,Tottenham,Fulham,2.0,1.0,2.67823,0.381556,5,3,15,1,2.0,1.6,0.8,1.4,14.0,11.4,5.6,4.2,5.6,3.6,1.9999999999999996,2.2,2.6,-0.3999999999999999,H,254.20286552227932,2.5999999999999996,1.3999999999999995,0.35714285714285715,0.38095238095238093,3,4,0.0,0.0,0.0,2.4,0.4,0.5,1.0,0.5204434,-0.3770476000000005,0.8974910000000005,0.5204434,-0.3770476000000005,2.111274,1.0070685,0.47282720000000006,1.7248225000000001,354000.0,2.1995933581836664
2022-09-03,Aston Villa,Man City,1.0,1.0,0.279392,1.92143,-16,-10,5,11,0.8,3.8,1.8,1.0,10.6,17.8,3.4,6.6,3.6,7.2,-3.6,2.6,0.8,1.8,D,-340.5532680465251,-7.200000000000001,-3.1999999999999997,0.23529411764705885,0.5757575757575758,3,3,0.5,0.5,0.0,1.0,1.2,3.2,1.2,-0.6895348000000001,2.1540356000000003,-2.8435704000000004,-0.6895348000000001,2.1540356000000003,1.2429242,2.9631580000000004,1.2970178,0.9831249999999999,-640450.0,0.44308695652173913
2022-09-03,Wolves,Southampton,1.0,0.0,1.10039,1.20838,-10,-4,3,4,0.4,1.4,0.8,1.8,13.8,11.8,3.6,4.2,4.8,3.8,1.0,1.6,1.2,0.40000000000000013,H,27.116478273938583,2.0,-0.6000000000000001,0.11111111111111112,0.3333333333333333,3,4,0.5,0.5,0.0,0.6,2.0,1.2,2.8,-0.06228140000000004,-0.17369839999999992,0.11141699999999988,-0.06228140000000004,-0.17369839999999992,0.808938,0.9189688,2.17074,2.1672776,77700.0,1.1850220264317182
2022-09-03,Nott'm Forest,Bournemouth,2.0,3.0,1.32895,0.905041,1,0,3,0,0.4,0.4,2.2,3.2,11.4,5.2,2.6,1.8,3.2,2.4,0.8000000000000003,3.2,2.2,1.0,A,6.522897788140654,6.2,0.8,0.15384615384615385,0.22222222222222224,3,3,0.0,0.0,0.0,0.5,1.0,0.0,6.5,-1.4009757999999997,-1.7633014000000002,0.3623256000000006,-1.4009757999999997,-1.7633014000000002,1.3865345,0.1524685,2.265535,3.2754950000000003,89050.0,1.3100626740947074
2022-09-03,Brentford,Leeds,5.0,2.0,2.7485,1.796,-5,-2,8,5,2.0,1.6,1.4,1.0,12.4,12.2,4.6,4.4,6.2,5.6,0.6000000000000005,1.2,2.2,-1.0000000000000002,H,22.401613693391027,0.20000000000000107,0.1999999999999993,0.4347826086956522,0.36363636363636365,4,4,0.0,0.5,0.5,1.8,0.6,1.0,1.2,0.2262681999999998,0.2611155999999999,-0.034847400000000084,0.2262681999999998,0.2611155999999999,1.9028550000000002,1.1388738,1.1069754,1.640633,26050.0,1.075474431406635
2022-09-03,Chelsea,West Ham,2.0,1.0,0.707333,1.4196,6,3,9,6,1.2,0.4,1.6,1.2,12.4,11.8,3.8,3.0,7.2,3.6,3.6,1.6,1.0,0.6000000000000001,H,122.72864036448664,0.5999999999999996,0.7999999999999998,0.3157894736842105,0.13333333333333333,4,3,1.0,0.0,0.0,1.8,1.4,1.2,1.0,-0.006182200000000249,-0.4909918000000002,0.48480959999999995,-0.006182200000000249,-0.4909918000000002,1.924372,1.2675378,1.16981244,1.416507,529350.0,2.1369201030927836
2022-09-03,Newcastle,Crystal Palace,0.0,0.0,2.90672,0.920595,2,1,10,5,1.4,1.4,1.2,1.8,13.0,9.8,5.0,4.0,6.4,2.8,3.6000000000000005,2.0,2.0,0.0,D,45.30327526361884,3.1999999999999993,1.0,0.27999999999999997,0.35,3,4,0.5,0.0,0.5,1.6,0.8,1.6,2.0,-0.31574940000000007,-0.36948380000000025,0.05373440000000018,-0.31574940000000007,-0.36948380000000025,1.3275995999999999,1.0970526,1.5138474000000002,1.3768232,218550.0,1.6765206624361555
2022-09-03,Everton,Liverpool,0.0,0.0,1.39169,1.38617,-11,-5,7,10,0.8,3.0,1.2,1.2,12.6,18.8,5.0,6.2,5.0,7.4,-2.4000000000000004,2.4,0.6,1.7999999999999998,D,-293.1337434140851,-6.200000000000001,-1.2000000000000002,0.16,0.48387096774193544,4,3,0.5,0.5,0.0,1.4,1.4,1.6,1.2,-0.5320343999999999,1.3933086000000006,-1.9253430000000005,-0.5320343999999999,1.3933086000000006,1.320446,1.9088839999999998,1.494287,0.9939957999999999,-398700.0,0.508899427234095
2022-09-04,Brighton,Leicester,5.0,2.0,2.73166,1.06549,16,9,11,4,1.2,1.2,0.6,2.2,11.8,10.6,4.2,3.0,4.2,4.2,0.0,1.2,1.2,0.0,H,103.2542759286166,1.200000000000001,1.2000000000000002,0.2857142857142857,0.39999999999999997,5,3,0.5,0.0,0.5,2.0,0.6,2.0,2.2,0.7867728000000003,-0.8134697999999998,1.6002426,0.7867728000000003,-0.8134697999999998,1.9191479999999999,1.04796184,0.6918032000000001,2.1245760000000002,39100.0,1.0796820868147545
2022-09-04,Man United,Arsenal,3.0,1.0,2.02904,1.42238,-7,-6,10,9,1.0,2.6,1.4,0.8,12.8,17.4,4.2,6.4,4.0,6.8,-2.8,3.4,1.6,1.7999999999999998,H,-44.54116354532971,-4.599999999999998,-2.2,0.23809523809523808,0.40625,3,4,1.0,0.0,0.0,2.0,1.2,1.4,1.2,0.0328183999999998,1.6199881999999997,-1.5871697999999999,0.0328183999999998,1.6199881999999997,1.5131212,0.9982568,1.6399110000000001,1.3955781999999999,-152250.0,0.84775
2022-09-16,Aston Villa,Southampton,1.0,0.0,1.34365,0.218302,-5,-3,6,3,1.0,1.2,1.6,1.2,8.2,12.2,3.2,4.0,2.8,4.6,-1.7999999999999998,2.4,1.6,0.7999999999999998,H,44.08958511113951,-4.0,-0.7999999999999998,0.3125,0.3,13,13,1.0,0.0,0.0,1.0,1.0,0.8,2.6,-0.9980532000000002,0.09403040000000007,-1.0920836000000003,-0.9980532000000002,0.09403040000000007,1.0093505999999999,0.9752919999999999,1.3304698,2.0126695999999997,89600.0,1.2133587331825217
2022-09-16,Nott'm Forest,Fulham,2.0,3.0,1.41541,1.3496,-9,-3,3,1,0.8,1.4,2.4,1.4,12.6,11.4,3.2,4.2,3.8,3.4,0.3999999999999999,3.0,3.0,0.0,A,-16.10581019167853,1.1999999999999993,-1.0,0.25,0.3333333333333333,13,13,0.0,0.0,0.0,1.0,1.6666666666666667,0.6666666666666666,1.3333333333333333,-0.991539,-0.6218044,-0.3697345999999999,-0.991539,-0.6218044,1.3673396666666668,0.7985643333333333,1.812037,2.0426249999999997,81150.0,1.2749915282954931
2022-09-17,Newcastle,Bournemouth,1.0,1.0,1.54758,0.976948,3,0,8,3,1.0,0.6,1.2,3.6,13.0,5.4,4.2,1.8,6.8,2.6,4.199999999999999,2.4,1.8,0.5999999999999999,D,130.2522882323267,7.6,2.4000000000000004,0.23809523809523808,0.3333333333333333,14,14,0.0,0.0,0.0,1.4,0.8,1.0,5.0,-0.2431794000000005,-1.8679724000000002,1.6247929999999997,-0.2431794000000005,-1.8679724000000002,1.7553726,0.403326,1.6114088000000002,2.626646666666667,254400.0,1.8857938718662952
2022-09-17,Tottenham,Leicester,6.0,2.0,1.98619,1.59449,17,11,15,4,1.6,1.2,0.8,2.8,15.0,9.0,6.0,2.8,5.6,3.4,2.1999999999999997,2.2,1.4,0.8000000000000003,H,214.87141930610412,6.0,3.2,0.26666666666666666,0.4285714285714286,14,13,0.5,0.5,0.0,2.2,0.4,2.2,2.6,0.7336474000000002,-1.0516294000000002,1.7852768000000003,0.7336474000000002,-1.0516294000000002,2.3162439999999997,1.20623324,0.4943118000000001,2.340232,158400.0,1.3228041573262685
2022-09-17,Wolves,Man City,0.0,3.0,0.310995,1.4242,-12,-5,6,9,0.4,3.6,0.4,1.2,12.2,17.6,2.8,7.0,5.0,7.2,-2.2,2.4,0.6,1.7999999999999998,A,-335.21817097048097,-5.400000000000002,-4.2,0.14285714285714288,0.5142857142857143,14,14,0.5,0.5,0.0,0.8,1.4,2.6,1.4,-0.12628340000000016,2.0142028000000005,-2.1404862000000007,-0.12628340000000016,2.0142028000000005,0.9238336000000003,2.744582,1.831058,0.8317874,-652350.0,0.4327391304347826
2022-09-18,Brentford,Arsenal,0.0,3.0,0.54011,1.32021,-6,-4,10,6,2.6,2.4,1.4,1.4,13.6,18.6,5.6,6.6,5.4,6.8,-1.3999999999999995,1.6,1.8,-0.19999999999999996,A,-159.08125677194835,-5.000000000000002,-1.0,0.46428571428571436,0.36363636363636365,15,14,1.0,0.0,0.0,2.8,1.0,1.2,1.6,0.32169380000000003,1.4527282000000001,-1.1310344,0.32169380000000003,1.4527282000000001,2.189495,1.08982,1.3626244,1.710991,-628800.0,0.3712
2022-09-18,Everton,West Ham,1.0,0.0,0.39773,0.655351,1,0,5,6,0.8,0.6,1.0,1.2,13.8,11.8,4.8,3.4,5.6,4.0,1.5999999999999996,2.2,1.4,0.8000000000000003,H,-10.051126376780758,2.0,1.4,0.16666666666666669,0.17647058823529413,15,15,0.5,0.5,0.0,1.2,1.4,1.4,1.2,-0.25469699999999973,0.1197020000000002,-0.3743989999999999,-0.25469699999999973,0.1197020000000002,1.3753600000000001,1.4736628,1.5292389999999998,1.0880556000000001,-52450.0,0.8873496563573883
2022-10-01,Southampton,Everton,1.0,2.0,1.95961,1.99979,-1,-1,4,3,0.8,0.8,1.0,0.6,10.8,12.2,3.4,4.4,4.8,5.0,-0.20000000000000018,1.6,2.6,-1.0,A,-72.11724698959847,-1.3999999999999986,-1.0000000000000004,0.23529411764705885,0.18181818181818182,15,13,1.0,0.0,0.0,1.2,1.6,0.8,1.8,-0.01346320000000012,-0.047843199999999975,0.034379999999999855,-0.01346320000000012,-0.047843199999999975,0.9961104000000001,1.2199626000000001,1.3586454000000001,2.1169172000000005,6800.0,1.0164589132276414
2022-10-01,Arsenal,Tottenham,3.0,1.0,2.48403,1.5027,2,-1,15,9,2.2,2.4,1.0,0.8,17.4,16.2,6.6,7.2,6.2,5.8,0.40000000000000036,2.0,2.4,-0.3999999999999999,H,9.219230818470578,1.1999999999999993,-0.6000000000000005,0.33333333333333337,0.3333333333333333,13,14,1.0,0.0,0.0,3.0,1.2,2.2,0.8,1.144744,0.8624614000000002,0.28228259999999983,1.144744,0.8624614000000002,3.07267,1.910546,0.7393297999999999,1.1044756,350900.0,1.5405946695424433
2022-10-01,Bournemouth,Brentford,0.0,0.0,0.758128,1.046,-3,0,4,5,0.8,1.8,3.0,2.0,6.8,12.0,2.2,4.6,2.6,4.4,-1.8000000000000003,1.6,1.6,0.0,D,-55.01325259681562,-5.2,-2.3999999999999995,0.36363636363636365,0.391304347826087,14,13,0.0,0.0,0.0,0.6666666666666666,1.0,1.6,2.2,-1.6687600000000002,0.06731139999999991,-1.7360714000000002,-1.6687600000000002,0.06731139999999991,0.387237,1.3280703999999999,1.244055,1.7338796000000003,-84000.0,0.7737068965517241
2022-10-01,Crystal Palace,Chelsea,1.0,2.0,0.70987,1.25506,-7,-1,10,6,1.4,1.4,1.4,1.8,11.6,11.0,5.4,3.2,3.2,6.0,-2.8,2.0,2.0,0.0,A,-123.01564714191773,0.5999999999999996,2.2,0.25925925925925924,0.43749999999999994,28,28,0.5,0.5,0.0,1.2,0.8,1.0,1.2,-0.7207808,-0.42486900000000016,-0.29591179999999984,-0.7207808,-0.42486900000000016,1.5482282,1.3600564,0.9790592,1.1618924,-671900.0,0.32468968289863814
2022-10-01,Fulham,Newcastle,1.0,4.0,0.683701,4.67198,5,5,7,5,2.0,1.2,1.8,1.4,12.6,16.2,5.0,5.4,4.8,7.8,-3.0,3.2,2.2,1.0,A,-151.1577359270459,-3.5999999999999996,-0.40000000000000036,0.4,0.2222222222222222,15,14,0.0,0.0,0.0,2.3333333333333335,1.6666666666666667,0.8,1.8,-0.6575174000000001,0.15582660000000015,-0.8133440000000003,-0.6575174000000001,0.15582660000000015,1.7461633333333335,1.0998253999999998,1.896073333333333,2.009958,-246500.0,0.5448670605612999
2022-10-01,Liverpool,Brighton,3.0,3.0,2.1515,2.36567,-7,-2,11,10,2.6,1.8,0.8,0.8,21.2,13.4,7.0,5.6,8.4,5.8,2.6000000000000005,1.0,1.2,-0.19999999999999996,D,159.63474077619708,7.799999999999999,1.4000000000000004,0.37142857142857144,0.32142857142857145,28,27,0.0,0.5,0.5,3.2,0.8,1.8,0.8,1.1776266,1.0584328000000003,0.11919379999999968,1.1776266,1.0584328000000003,2.61989,2.094942,0.9137864,1.2018651999999999,282050.0,1.5323707059267648
2022-10-01,West Ham,Wolves,2.0,0.0,1.03934,0.575988,-1,-1,2,2,0.6,0.4,1.2,1.0,10.8,12.0,3.2,2.8,5.4,5.0,0.40000000000000036,1.4,2.2,-0.8000000000000003,H,46.47616445786389,-1.1999999999999993,0.40000000000000036,0.18749999999999997,0.14285714285714288,13,14,1.0,0.0,0.0,0.8,1.8,0.8,1.6,0.14829820000000005,-0.3263733999999998,0.47467159999999986,0.14829820000000005,-0.3263733999999998,0.7996536000000001,1.2242105999999997,1.6497837999999998,1.546423,-32050.0,0.9355973073445193
2022-10-02,Leeds,Aston Villa,0.0,0.0,0.298626,1.89645,1,1,8,3,1.6,0.8,1.8,1.4,13.2,8.0,4.8,3.0,5.6,3.0,2.5999999999999996,2.2,2.2,0.0,D,7.136730651729977,5.199999999999999,1.7999999999999998,0.33333333333333337,0.26666666666666666,29,16,0.0,0.5,0.5,1.4,1.2,1.4,2.2,0.11301959999999966,-1.0313616000000003,1.1443812,0.11301959999999966,-1.0313616000000003,1.3733998,0.7300584,1.3386164,2.1861202000000004,-164400.0,0.6773623785693259
2022-10-02,Man City,Man United,6.0,3.0,3.01103,1.71335,4,-1,15,6,3.4,1.4,1.2,1.2,17.0,11.4,7.0,4.4,6.4,3.2,3.2,0.8,3.2,-2.4000000000000004,H,219.4970120363696,5.6,2.5999999999999996,0.4857142857142857,0.3181818181818181,15,28,0.5,0.5,0.0,4.4,0.8,0.4,1.8,1.9235049999999998,0.21572440000000004,1.7077805999999998,1.9235049999999998,0.21572440000000004,3.058112,1.0104076000000002,0.4377228000000001,1.3085928,302250.0,1.3565319964612208
2022-10-03,Leicester,Nott'm Forest,4.0,0.0,1.2497,1.22169,-1,-1,7,1,1.2,1.0,3.2,3.0,11.6,12.2,3.8,2.6,3.2,3.0,0.20000000000000018,1.6,2.6,-1.0,H,74.09533765401648,-0.5999999999999996,1.1999999999999997,0.3157894736842105,0.3846153846153846,16,17,0.0,0.0,0.0,2.0,1.2,0.3333333333333333,3.0,-0.6659652,-0.9554490000000002,0.2894838000000002,-0.6659652,-0.9554490000000002,1.4610138,0.627964,1.1086754,2.3769233333333335,114450.0,1.304186046511628
2022-10-08,Bournemouth,Leicester,2.0,1.0,1.14891,1.18125,6,3,5,1,0.8,1.8,2.4,2.8,7.0,13.8,2.2,5.0,3.4,4.0,-0.6000000000000001,1.4,1.6,-0.20000000000000018,H,-5.194707818410052,-6.800000000000001,-2.8,0.36363636363636365,0.36,7,5,0.0,0.0,0.0,0.5,0.75,1.6,3.6,-1.4264393999999998,-0.4606427999999998,-0.9657966,-1.4264393999999998,-0.4606427999999998,0.47995975,1.0705372400000002,1.19454125,2.2195340000000003,-203500.0,0.5852863256572244
2022-10-08,Chelsea,Wolves,3.0,0.0,2.43092,0.748449,13,4,11,1,1.4,0.4,1.6,1.2,10.4,11.0,3.2,3.0,4.8,5.0,-0.20000000000000018,2.0,2.2,-0.20000000000000018,H,200.0841273527908,-0.5999999999999996,0.20000000000000018,0.43749999999999994,0.13333333333333333,7,7,0.0,0.0,1.0,1.8,1.2,0.4,1.6,-0.36630499999999966,-0.2630524000000002,-0.10325259999999947,-0.36630499999999966,-0.2630524000000002,1.7016426000000002,1.0025682,1.1168924400000002,1.3900949999999999,497300.0,1.9992966944639807
2022-10-08,Man City,Southampton,4.0,0.0,2.73536,0.101148,14,10,15,3,4.0,0.6,1.2,1.2,17.2,13.4,7.0,4.0,6.4,5.2,1.2000000000000002,0.4,1.4,-0.9999999999999999,H,400.9784767985848,3.799999999999999,3.0,0.5714285714285714,0.15,6,7,0.0,0.0,1.0,4.6,1.4,0.8,2.2,1.8908169999999997,-0.22121959999999996,2.1120365999999997,1.8908169999999997,-0.22121959999999996,2.849092,0.8212375999999999,0.5813729999999999,1.5449536,730050.0,2.7384212406238837
2022-10-08,Newcastle,Brentford,5.0,1.0,2.44631,1.13466,3,0,9,6,1.4,1.4,1.0,1.4,17.6,12.0,6.2,4.4,8.4,5.4,3.0,1.4,1.6,-0.20000000000000018,H,107.25188271413776,5.600000000000001,1.7999999999999998,0.2258064516129032,0.3181818181818181,7,7,0.0,0.5,0.5,1.6,0.8,1.6,1.6,1.2457064,0.3860497999999999,0.8596566000000001,1.2457064,0.3860497999999999,2.041818,1.4009854,1.2599284000000002,1.5172832,170400.0,1.459051724137931
2022-10-08,Brighton,Tottenham,0.0,1.0,0.899735,0.771641,-3,0,13,8,2.4,2.4,1.4,1.4,12.0,15.4,5.4,7.0,4.8,4.6,0.20000000000000018,1.0,2.2,-1.2000000000000002,A,-104.15343987366714,-3.4000000000000004,-1.5999999999999996,0.4444444444444444,0.34285714285714286,7,7,0.0,1.0,0.0,2.6,0.6,2.2,1.2,0.8163871999999996,0.5102039999999999,0.30618319999999977,0.8163871999999996,0.5102039999999999,2.090794,2.0145589999999998,0.7195484000000001,1.3916616000000002,-119300.0,0.8162070559235866
2022-10-09,Everton,Man United,1.0,2.0,0.365844,1.82612,-4,-3,8,6,1.0,2.0,0.6,1.6,10.8,10.8,3.8,5.2,5.0,3.0,2.0,2.4,3.0,-0.6000000000000001,A,-126.14091606064812,0.0,-1.4000000000000004,0.2631578947368421,0.3846153846153846,8,7,0.5,0.0,0.5,1.0,0.8,1.0,2.2,-0.14296019999999987,0.05455080000000012,-0.197511,-0.14296019999999987,0.05455080000000012,0.915728,1.1669345999999998,1.2970572,1.3455268,-434600.0,0.48734886464169863
2022-10-09,Arsenal,Liverpool,3.0,2.0,2.81968,0.765151,8,4,15,8,2.2,3.0,1.2,1.2,19.0,19.4,7.2,7.6,6.4,9.4,-3.0,2.2,0.8,1.4000000000000001,H,-32.62253117522141,-0.3999999999999986,-0.39999999999999947,0.3055555555555556,0.39473684210526316,8,8,0.5,0.5,0.0,3.2,1.2,1.4,1.2,1.041115,1.0165366000000002,0.024578399999999778,1.041115,1.0165366000000002,3.0249360000000003,1.6392479999999998,0.9005128000000001,1.2492632000000001,188150.0,1.2317546344768122
2022-10-09,West Ham,Fulham,3.0,1.0,3.43676,0.549848,-6,1,5,4,1.0,1.6,0.8,2.2,11.8,9.6,3.6,3.4,4.6,3.8,0.7999999999999998,1.4,3.0,-1.6,H,101.31473759636174,2.200000000000001,0.20000000000000018,0.2777777777777778,0.4705882352941177,8,8,0.0,0.0,0.0,1.0,1.4,1.25,1.5,0.45253179999999993,-1.7163372,2.168869,0.45253179999999993,-1.7163372,0.9171264000000001,0.9363232499999999,1.5720686000000001,1.8858212500000002,170500.0,1.5777702473737716
2022-10-09,Crystal Palace,Leeds,2.0,1.0,1.65194,1.06564,-3,0,7,4,1.4,1.2,1.6,1.4,11.6,12.4,5.4,4.0,3.8,5.0,-1.2000000000000002,1.4,2.2,-0.8000000000000003,H,61.04006282933642,-0.8000000000000007,1.4000000000000004,0.25925925925925924,0.3,8,7,0.5,0.0,0.5,1.2,1.2,1.4,2.2,-0.7115627999999998,-0.3241212,-0.38744159999999983,-0.7115627999999998,-0.3241212,1.1919182,1.423265,1.1789966,1.867021,-22100.0,0.935969868173258
2022-10-10,Nott'm Forest,Aston Villa,1.0,1.0,0.221346,0.657187,-4,-5,3,1,0.8,0.6,3.6,0.8,11.4,9.2,2.2,3.4,3.8,4.4,-0.6000000000000005,3.0,2.4,0.6000000000000001,D,-64.48517564914437,2.200000000000001,-1.1999999999999997,0.36363636363636365,0.17647058823529413,7,8,0.0,0.0,0.0,1.25,2.0,0.8,2.0,-0.8578980000000003,-0.2902884000000001,-0.5676096000000002,-0.8578980000000003,-0.2902884000000001,1.3793572500000002,0.7468364000000001,1.6964277499999998,1.9837893999999998,-133300.0,0.7383966244725738
2022-10-14,Brentford,Brighton,2.0,0.0,1.90636,2.15668,-4,-2,7,8,1.4,2.0,2.2,1.6,9.4,12.6,4.0,5.8,4.8,5.2,-0.40000000000000036,1.4,1.2,0.19999999999999996,H,-50.15702231070304,-3.1999999999999993,-1.7999999999999998,0.35,0.3448275862068966,6,6,0.5,0.5,0.0,2.2,1.6,1.8,1.4,-0.0021321999999996955,0.6304428,-0.6325749999999997,-0.0021321999999996955,0.6304428,1.561071,1.9867180000000002,1.4289516,1.5269828,-158600.0,0.700641751604379
2022-10-15,Leicester,Crystal Palace,0.0,0.0,0.973426,0.346808,-5,-2,7,3,1.8,1.2,2.8,1.6,12.2,10.8,5.0,4.6,2.2,4.0,-1.7999999999999998,1.6,1.6,0.0,D,-62.13987270883308,1.3999999999999986,0.40000000000000036,0.36,0.2608695652173913,7,6,0.5,0.0,0.5,2.2,1.2,1.2,1.8,-0.4963888000000001,-1.0158112,0.5194223999999998,-0.4963888000000001,-1.0158112,1.1968378000000002,1.1299282,1.1090813999999998,1.828116,167650.0,1.5189599133261105
2022-10-15,Fulham,Bournemouth,2.0,2.0,1.61738,1.62829,-1,-3,7,4,1.6,1.2,2.4,0.8,9.0,8.0,3.2,2.6,3.8,4.6,-0.7999999999999998,3.0,1.4,1.6,D,-39.819558697128286,1.0,0.6000000000000001,0.5,0.4615384615384615,6,7,0.0,0.0,0.0,2.0,2.25,1.0,4.0,-1.984067,-0.49703560000000013,-1.4870313999999998,-1.984067,-0.49703560000000013,1.48054775,0.5467315,2.59005,2.35688,7900.0,1.0275069637883008
2022-10-15,Wolves,Nott'm Forest,1.0,0.0,1.22368,1.24761,2,3,6,1,0.2,1.0,1.6,3.4,10.6,9.2,2.6,2.6,4.6,2.8,1.7999999999999998,1.8,2.4,-0.5999999999999999,H,66.51934448201746,1.4000000000000004,0.0,0.07692307692307693,0.3846153846153846,7,5,0.0,0.0,0.0,0.6,1.0,0.25,3.25,-0.4393185999999998,-0.6163939999999999,0.1770754000000001,-0.4393185999999998,-0.6163939999999999,0.9036612000000002,0.7763955,1.43729,2.0951175,121400.0,1.32265780730897
2022-10-15,Tottenham,Everton,2.0,0.0,2.49409,0.560039,9,2,15,5,2.2,1.0,1.4,0.8,13.4,10.2,6.2,2.8,4.8,5.0,-0.20000000000000018,2.4,2.4,0.0,H,212.67253960849732,3.200000000000001,3.4000000000000004,0.3548387096774194,0.35714285714285715,7,6,0.5,0.0,0.5,2.8,0.8,1.2,2.0,0.15591299999999975,-0.3091634000000001,0.46507639999999983,0.15591299999999975,-0.3091634000000001,2.028438,1.4574820000000002,0.7357206,2.462392,235950.0,1.5711000847149945
2022-10-16,Man United,Newcastle,0.0,0.0,1.41606,0.78815,1,4,10,8,2.0,2.2,1.6,1.0,10.8,16.6,5.2,6.2,2.6,7.6,-5.0,2.6,1.2,1.4000000000000001,D,14.738773348042969,-5.800000000000001,-1.0,0.3846153846153846,0.3548387096774194,7,8,0.5,0.0,0.5,2.0,1.0,1.6,1.0,0.2476799999999999,1.3478084,-1.1001284,0.2476799999999999,1.3478084,1.5854552000000002,1.8352016,1.564879,1.3354722,306150.0,1.5652695716395864
2022-10-16,Southampton,West Ham,1.0,1.0,0.524479,1.70727,-5,-4,4,3,0.6,1.4,1.8,1.0,11.0,13.8,3.0,4.8,4.4,5.0,-0.5999999999999996,1.6,1.6,0.0,D,-90.11030275009556,-2.8000000000000007,-1.7999999999999998,0.19999999999999998,0.2916666666666667,8,7,0.0,0.5,0.5,1.2,1.6,0.6,1.4,-0.751118,1.0239074,-1.7750253999999999,-0.751118,1.0239074,1.2579812000000001,0.9529449999999999,1.60736,1.0118116000000001,-45650.0,0.9019544673539519
2022-10-16,Aston Villa,Chelsea,0.0,2.0,2.44542,1.23643,-12,-6,8,9,0.8,2.0,0.8,1.0,9.8,11.6,3.2,4.0,4.6,4.4,0.1999999999999993,2.6,2.2,0.3999999999999999,A,-190.8253065465442,-1.799999999999999,-0.7999999999999998,0.25,0.5,6,8,0.5,0.5,0.0,1.0,0.8,1.4,1.2,-0.1971134,0.2736328000000001,-0.4707462000000001,-0.1971134,0.2736328000000001,1.118192,1.3687864,1.0961121999999999,1.0804424000000001,-485400.0,0.5121362882556912
2022-10-16,Leeds,Arsenal,0.0,1.0,2.02232,0.821757,-14,-10,9,9,0.8,2.4,1.8,1.4,12.0,16.8,3.6,7.0,4.8,5.4,-0.6000000000000005,2.8,2.0,0.7999999999999998,A,-236.7411277249585,-4.800000000000001,-3.4,0.22222222222222224,0.34285714285714286,7,7,0.5,0.5,0.0,1.4,0.6,1.8,1.0,-0.7448248,1.1423681999999997,-1.8871929999999997,-0.7448248,1.1423681999999997,1.3331672,1.2763728,1.4242004,1.133969,-654850.0,0.34515
2022-10-16,Liverpool,Man City,1.0,0.0,1.9992,0.911493,-10,-5,11,9,3.2,4.0,1.4,0.8,17.6,17.8,7.2,7.6,8.4,7.0,1.4000000000000004,1.0,0.2,0.8,H,-51.25072000734281,-0.1999999999999993,-0.39999999999999947,0.4444444444444445,0.5263157894736842,7,8,0.0,0.0,1.0,3.6,1.2,2.2,1.2,0.7045568000000002,1.9589946,-1.2544377999999998,0.7045568000000002,1.9589946,2.84057,2.350814,1.1903934,0.811615,-338150.0,0.7059565217391305
2022-10-18,Crystal Palace,Wolves,2.0,1.0,1.25617,0.857837,4,0,7,1,0.8,0.4,0.8,1.6,12.0,9.0,4.4,2.2,4.2,4.4,-0.20000000000000018,1.6,2.0,-0.3999999999999999,H,91.97652648649364,3.0,2.2,0.18181818181818182,0.18181818181818182,3,3,0.5,0.5,0.0,1.4,1.4,0.2,1.6,-0.68247,-0.6781896000000001,-0.004280399999999962,-0.68247,-0.6781896000000001,1.4513826,0.9288420000000001,1.2357236,1.237509,-174600.0,0.6491510097458053
2022-10-18,Brighton,Nott'm Forest,0.0,0.0,2.10188,0.195003,13,3,10,1,1.8,1.0,2.0,2.4,14.2,9.6,6.4,2.8,6.4,3.6,2.8000000000000003,1.0,2.6,-1.6,D,143.5958967222748,4.6,3.6000000000000005,0.28125,0.35714285714285715,4,3,0.0,0.0,0.0,1.8,0.8,0.2,2.8,0.5882828,0.009959599999999957,0.5783232,0.5882828,0.009959599999999957,1.7054690000000001,0.8706384,0.6877336000000002,1.92083,153550.0,1.4081063122923587
2022-10-19,Bournemouth,Southampton,0.0,1.0,0.810452,1.23878,7,8,8,3,1.6,0.4,1.2,1.8,9.0,11.2,3.4,3.2,5.4,4.2,1.2000000000000002,1.0,1.4,-0.3999999999999999,A,-0.1561305929633363,-2.1999999999999993,0.19999999999999973,0.4705882352941177,0.125,4,3,0.0,0.0,0.0,0.8,0.8,0.6,2.2,-0.26076860000000024,-0.9749081999999999,0.7141395999999997,-0.26076860000000024,-0.9749081999999999,0.6137498000000001,0.6311852,1.191883,1.4079096,-132750.0,0.6838909393975473
2022-10-19,Brentford,Chelsea,0.0,0.0,1.45228,0.557405,-5,-5,10,9,1.6,2.0,2.0,0.8,9.0,11.8,4.0,4.2,4.0,4.0,0.0,1.6,2.6,-1.0,D,-140.63662186277907,-2.8000000000000007,-0.20000000000000018,0.4,0.47619047619047616,5,3,0.0,1.0,0.0,2.4,1.2,1.2,1.2,-0.22033959999999997,0.07404880000000036,-0.2943884000000003,-0.22033959999999997,0.07404880000000036,1.773346,1.3223663999999997,1.5647156,1.4695686,-623750.0,0.3730840745766119
2022-10-19,Liverpool,West Ham,1.0,0.0,2.24066,2.48649,4,1,11,4,1.6,1.4,1.4,1.0,16.4,16.0,5.2,4.8,7.8,7.2,0.5999999999999996,1.6,1.4,0.20000000000000018,H,248.2030817295856,0.3999999999999986,0.40000000000000036,0.3076923076923077,0.2916666666666667,3,3,1.0,0.0,0.0,3.2,1.0,0.6,1.0,-0.013773600000000386,1.1005885999999996,-1.1143622,-0.013773600000000386,1.1005885999999996,2.60164,1.24063,1.149276,0.7811594,346250.0,1.743664089347079
2022-10-19,Newcastle,Everton,1.0,0.0,1.13393,0.0609567,8,2,9,5,2.0,0.8,0.6,1.0,17.4,9.6,6.2,2.4,8.4,4.8,3.6000000000000005,1.0,2.6,-1.6,H,139.93614046291896,7.799999999999999,3.8000000000000003,0.3225806451612903,0.33333333333333337,3,4,1.0,0.0,0.0,2.2,1.0,1.0,1.4,1.4457551999999998,-0.7212496,2.1670048,1.4457551999999998,-0.7212496,2.194482,1.3522878,1.3883696,2.090016,128450.0,1.3109040300133123
2022-10-19,Man United,Tottenham,2.0,0.0,1.70973,0.658526,-4,-2,10,8,1.8,2.4,1.6,1.2,11.6,15.0,4.4,6.8,2.8,5.4,-2.6000000000000005,2.6,1.6,1.0,H,-40.296213058390094,-3.4000000000000004,-2.3999999999999995,0.40909090909090906,0.35294117647058826,3,4,0.5,0.5,0.0,1.8,0.8,1.4,1.2,0.37631800000000015,0.7026002,-0.32628219999999986,0.37631800000000015,0.7026002,1.744976,1.4058872,1.228773,1.5094508000000002,198650.0,1.3060391311046065
2022-10-20,Fulham,Aston Villa,3.0,0.0,2.892,0.711487,5,-2,8,2,1.6,0.6,2.6,0.8,10.8,12.6,3.4,4.0,4.2,5.4,-1.2000000000000002,3.0,2.0,1.0,H,-13.336099392423876,-1.799999999999999,-0.6000000000000001,0.4705882352941177,0.15,5,4,0.0,0.0,0.0,2.0,2.2,0.6,1.6,-1.849717,0.545193,-2.3949100000000003,-1.849717,0.545193,1.5079141999999996,0.8287056000000002,2.397698,1.3638786,-214450.0,0.5791384554999509
2022-10-20,Leicester,Leeds,2.0,0.0,0.655249,1.19464,-4,2,5,4,1.8,0.8,2.6,1.8,13.0,13.2,5.6,4.0,3.8,5.4,-1.6000000000000005,1.8,2.2,-0.40000000000000013,H,34.486327685521246,-0.1999999999999993,1.5999999999999996,0.32142857142857145,0.2,5,4,0.5,0.0,0.5,1.4,1.0,1.4,2.2,-0.2741804000000001,-0.41248819999999986,0.13830779999999976,-0.2741804000000001,-0.41248819999999986,0.7074070000000001,1.497036,0.9681609999999999,1.6528690000000001,145550.0,1.421700709836303
2022-10-22,Chelsea,Man United,1.0,1.0,1.20238,0.730935,1,3,13,9,1.8,2.0,0.4,1.6,12.6,15.4,4.4,6.0,3.8,3.8,0.0,2.4,2.2,0.19999999999999973,D,22.726186208101808,-2.8000000000000007,-1.5999999999999996,0.40909090909090906,0.3333333333333333,3,3,0.0,0.0,1.0,2.2,1.0,1.4,2.2,-0.11769419999999986,0.48967399999999994,-0.6073681999999998,-0.11769419999999986,0.48967399999999994,1.8638346,1.3757575999999998,1.2582228,1.3477720000000002,147200.0,1.1736360955470362
2022-10-22,Man City,Brighton,3.0,1.0,1.86239,0.52863,6,5,15,7,2.8,1.6,1.0,1.6,17.6,16.6,7.0,7.0,6.2,7.6,-1.3999999999999995,0.4,1.4,-0.9999999999999999,H,263.24095494813287,1.0,0.0,0.39999999999999997,0.2285714285714286,6,4,0.5,0.5,0.0,4.8,1.0,1.6,1.6,1.1198856,0.8331261999999999,0.2867594,1.1198856,0.8331261999999999,2.731984,1.9662579999999998,0.5520343999999999,1.4636907999999997,620200.0,2.1706304265760665
2022-10-22,Nott'm Forest,Liverpool,1.0,0.0,2.50163,2.19752,-13,-6,4,5,0.6,1.4,1.8,1.2,8.0,16.2,2.2,5.4,3.0,6.8,-3.8,2.4,1.6,0.7999999999999998,H,-293.48115160894554,-8.2,-3.2,0.2727272727272727,0.25925925925925924,4,3,0.0,0.0,0.0,1.2,1.8,1.4,1.6,-0.45619759999999987,-0.2864684000000002,-0.1697291999999997,-0.45619759999999987,-0.2864684000000002,1.147755,1.4414441999999998,1.4885796,1.5237472,-435600.0,0.4634476812219006
2022-10-22,Everton,Crystal Palace,3.0,0.0,1.93396,0.597167,-4,-2,5,3,0.8,1.0,1.2,0.8,7.0,12.2,1.8,4.4,3.8,4.2,-0.40000000000000036,3.0,2.0,1.0,H,-40.534766594551,-5.199999999999999,-2.6000000000000005,0.4444444444444445,0.22727272727272727,3,4,1.0,0.0,0.0,0.6,0.8,1.0,1.6,-0.9369482599999999,-0.43466000000000005,-0.5022882599999998,-0.9369482599999999,-0.43466000000000005,0.8262653999999999,0.9212717999999999,1.3418211999999998,1.8629126,90100.0,1.2789041943971522
2022-10-23,Aston Villa,Brentford,4.0,0.0,3.45617,1.00462,-7,0,7,3,0.4,0.6,1.2,1.6,14.4,7.8,5.0,3.4,6.6,4.8,1.7999999999999998,2.0,1.2,0.8,H,-24.177656712644648,6.6000000000000005,1.6,0.08,0.17647058823529413,3,4,0.5,0.0,0.5,0.8,1.0,1.2,2.2,0.43749799999999994,-0.23186459999999998,0.6693625999999999,0.43749799999999994,-0.23186459999999998,1.4079953999999997,1.2646654,1.0171642,1.4673672,138350.0,1.3727101293103448
2022-10-23,Leeds,Fulham,2.0,3.0,1.96384,2.47512,-8,-6,8,4,0.6,2.0,2.0,2.2,13.2,12.6,3.4,4.4,5.2,5.4,-0.20000000000000018,1.8,2.2,-0.40000000000000013,A,-19.982995843241724,0.5999999999999996,-1.0000000000000004,0.17647058823529413,0.45454545454545453,3,3,0.0,0.0,0.0,1.2,0.6,1.2,1.8,-0.27933399999999975,-0.9542796,0.6749456000000003,-0.27933399999999975,-0.9542796,1.2930672,0.8590282000000002,1.1367558,2.196009,50050.0,1.169603524229075
2022-10-23,Southampton,Arsenal,1.0,1.0,0.622653,1.57897,-15,-8,5,12,0.6,2.2,1.6,1.2,10.6,14.2,3.6,6.0,3.6,4.0,-0.3999999999999999,1.6,2.0,-0.3999999999999999,D,-241.37634160167613,-3.5999999999999996,-2.4,0.16666666666666666,0.3666666666666667,4,7,1.0,0.0,0.0,1.2,1.4,2.0,0.6,-0.9108406,0.4017472000000002,-1.3125878000000002,-0.9108406,0.4017472000000002,1.3385757999999999,1.3422334,1.7104579999999998,1.201835,-580050.0,0.41995
2022-10-23,Wolves,Leicester,0.0,4.0,1.61785,0.989075,2,-4,8,0,0.4,1.8,2.0,1.6,9.6,12.8,2.6,5.0,4.0,4.0,0.0,1.4,2.0,-0.6000000000000001,A,-61.70898255098882,-3.200000000000001,-2.4,0.15384615384615385,0.36,5,3,1.0,0.0,0.0,0.6,0.8,1.6,3.8,-0.7362582,-0.04882460000000011,-0.6874335999999999,-0.7362582,-0.04882460000000011,0.948584,1.2984278,1.380388,2.125324,6950.0,1.0141634399836967
2022-10-23,Tottenham,Newcastle,1.0,2.0,1.56513,1.1294,3,-2,15,6,2.0,2.2,1.4,0.6,12.2,16.0,5.2,5.8,4.0,7.4,-3.4000000000000004,1.0,1.0,0.0,A,26.06703399400203,-3.8000000000000007,-0.5999999999999996,0.3846153846153846,0.37931034482758624,4,4,0.5,0.5,0.0,3.0,0.8,1.2,0.8,0.03302460000000007,1.2631248599999998,-1.2301002599999997,0.03302460000000007,1.2631248599999998,2.048358,1.6442495999999998,0.7217508,1.3203562,107500.0,1.1984859675036927
2022-10-24,West Ham,Bournemouth,2.0,0.0,1.97715,0.730443,-4,1,7,5,1.2,1.0,0.8,1.0,16.4,10.4,4.8,3.4,7.2,5.6,1.6000000000000005,1.0,1.0,0.0,H,92.07128269213058,5.999999999999998,1.4,0.25,0.29411764705882354,5,5,0.0,0.0,0.0,1.2,1.2,1.2,3.6,1.0073012,-0.26165240000000023,1.2689536000000001,1.0073012,-0.26165240000000023,1.4027184,0.7630432,1.2525922,2.20898,178400.0,1.6211699164345403
2022-10-29,Fulham,Everton,0.0,0.0,1.76438,1.19166,5,1,10,5,2.0,1.2,2.2,1.2,11.8,7.4,4.0,2.6,4.6,3.4,1.1999999999999997,1.6,3.0,-1.4,D,-27.45415913439342,4.4,1.4,0.5,0.4615384615384615,6,7,0.0,0.0,0.0,2.2,1.8,0.8,1.2,-0.8388615999999995,-0.6180654600000002,-0.22079613999999936,-0.8388615999999995,-0.6180654600000002,1.8326702000000001,1.0894651400000002,2.0717733999999997,1.7834100000000004,-118050.0,0.7142684255113155
2022-10-29,Liverpool,Leeds,1.0,2.0,1.90889,1.61271,10,6,13,1,1.4,0.6,1.4,1.6,14.6,12.6,5.2,3.2,7.2,4.6,2.6000000000000005,1.4,1.6,-0.20000000000000018,A,239.33727092957795,2.0,2.0,0.2692307692307692,0.18749999999999997,7,6,0.5,0.5,0.0,3.2,0.8,1.0,2.4,-0.34618640000000034,-0.1910900000000002,-0.15509640000000013,-0.34618640000000034,-0.1910900000000002,2.6025800000000006,1.440392,1.3176379999999999,1.6149218,466700.0,2.352165725047081
2022-10-29,Crystal Palace,Southampton,1.0,0.0,1.00384,1.35803,4,2,10,6,1.0,0.8,1.4,1.6,10.2,11.2,3.0,4.0,4.0,4.8,-0.7999999999999998,2.6,1.8,0.8,H,98.46162346391225,-1.0,-1.0,0.3333333333333333,0.2,7,6,0.0,0.5,0.5,1.8,1.2,0.6,1.4,-0.3047935999999999,-0.8770344000000001,0.5722408000000002,-0.3047935999999999,-0.8770344000000001,1.4613425999999998,0.801632,1.120089,1.2465600000000001,-96900.0,0.7692582450291702
2022-10-29,Newcastle,Aston Villa,4.0,0.0,4.18808,0.270814,12,8,9,2,2.4,1.0,0.6,1.2,14.6,16.0,5.4,6.6,7.2,6.8,0.40000000000000036,1.0,1.6,-0.6000000000000001,H,172.60684588875824,-1.4000000000000004,-1.1999999999999993,0.4444444444444444,0.15151515151515152,6,6,1.0,0.0,0.0,2.0,1.0,0.6,1.8,1.0618524599999999,0.7027384000000001,0.3591140599999998,1.0618524599999999,0.7027384000000001,2.049448,0.8732240000000001,1.35339594,1.8246103999999999,32050.0,1.0628986360514179
2022-10-29,Brentford,Wolves,1.0,1.0,1.29257,0.557605,6,2,8,1,0.6,0.4,1.8,2.2,9.2,12.6,3.6,3.4,5.4,4.8,0.6000000000000005,1.2,1.4,-0.19999999999999996,D,50.72246943096957,-3.4000000000000004,0.20000000000000018,0.16666666666666666,0.11764705882352942,6,6,0.0,1.0,0.0,1.6,1.2,0.2,1.6,-0.5661546000000002,-0.3878621999999998,-0.17829240000000035,-0.5661546000000002,-0.3878621999999998,1.786232,0.8801714,1.4969890000000001,1.3109089999999999,-126450.0,0.7459057570581734
2022-10-29,Bournemouth,Tottenham,2.0,3.0,0.887533,2.1946,-10,-1,5,7,0.8,1.0,1.2,1.4,9.4,12.4,3.4,4.0,5.4,4.0,1.4000000000000004,1.0,1.6,-0.6000000000000001,A,-235.203992993796,-3.0,-0.6000000000000001,0.23529411764705885,0.25,5,6,0.0,0.0,0.0,0.4,1.0,1.0,1.2,-0.3968674000000001,0.04183059999999994,-0.43869800000000003,-0.3968674000000001,0.04183059999999994,0.6581720000000001,1.2201764,1.34186,1.4835068000000002,-361900.0,0.44245878909258973
2022-10-29,Leicester,Man City,0.0,1.0,0.693597,0.703827,-16,-2,7,8,2.2,3.2,0.4,1.0,10.0,17.0,4.4,7.0,4.2,6.8,-2.5999999999999996,1.8,0.6,1.2000000000000002,A,-316.1273955461729,-7.0,-2.5999999999999996,0.5,0.4571428571428572,6,7,0.5,0.5,0.0,1.4,0.6,1.8,1.0,-0.09623959999999987,1.0582299999999998,-1.1544695999999997,-0.09623959999999987,1.0582299999999998,0.7473178,2.1036666,1.0208755999999999,1.009695,-659300.0,0.42669565217391303
2022-10-29,Brighton,Chelsea,4.0,1.0,2.881,1.07554,-5,-9,8,7,0.8,1.6,1.8,0.4,13.6,12.2,5.2,4.2,6.2,3.0,3.2,1.8,1.8,0.0,H,-67.16235740791967,1.4000000000000004,1.0,0.15384615384615385,0.38095238095238093,7,7,0.0,0.0,1.0,1.2,0.6,1.0,1.2,0.23314020000000002,0.11904819999999994,0.11409200000000008,0.23314020000000002,0.11904819999999994,1.7902970000000002,1.0492173999999999,0.6729652,1.6516279999999999,-465150.0,0.5324890698025027
2022-10-30,Arsenal,Nott'm Forest,5.0,0.0,3.00699,0.206127,18,8,15,2,2.2,0.4,0.8,1.2,13.4,7.8,6.0,3.0,3.8,3.0,0.7999999999999998,1.6,2.4,-0.7999999999999998,H,270.9073730802816,5.6000000000000005,3.0,0.3666666666666667,0.13333333333333333,7,8,0.0,0.0,0.0,2.8,1.4,0.2,2.4,0.7143426000000002,-0.4085376000000003,1.1228802000000004,0.7143426000000002,-0.4085376000000003,2.7176780000000003,0.8624740000000001,0.836341,1.969386,623750.0,2.6578073089700998
2022-10-30,Man United,West Ham,1.0,0.0,1.7514,1.00033,7,-2,10,4,1.6,1.6,1.6,0.6,16.0,17.6,6.0,4.8,4.2,5.4,-1.2000000000000002,2.4,0.8,1.5999999999999999,H,131.18681732674577,-1.6000000000000014,1.2000000000000002,0.26666666666666666,0.33333333333333337,8,6,0.5,0.5,0.0,1.6,0.8,0.6,1.0,0.2740530000000001,1.2051183999999997,-0.9310653999999996,0.2740530000000001,1.2051183999999997,1.7187000000000001,1.3206600000000002,1.2241932,0.8349513999999999,382150.0,1.8207689003436427
2022-11-05,Leeds,Bournemouth,4.0,3.0,2.22532,1.55594,-1,-1,5,5,1.0,1.2,1.8,1.8,13.6,9.2,4.2,4.0,5.2,4.4,0.7999999999999998,1.2,1.0,0.19999999999999996,H,68.05794455437285,4.4,0.20000000000000018,0.23809523809523808,0.3,7,7,0.0,0.0,0.0,1.2,1.0,1.2,3.2,0.06923879999999993,-0.6007064,0.6699451999999999,0.06923879999999993,-0.6007064,1.5080012,0.8843425999999999,1.4115418,2.266282,57950.0,1.201775766016713
2022-11-05,Man City,Fulham,2.0,1.0,2.39332,0.843884,5,4,15,6,2.8,1.8,1.0,1.4,16.8,16.0,6.6,5.0,7.4,7.0,0.40000000000000036,0.4,1.6,-1.2000000000000002,H,362.99172658803946,0.8000000000000007,1.5999999999999996,0.42424242424242425,0.36,7,7,0.0,0.0,0.0,4.6,1.2,1.8,2.2,0.8376349999999997,0.0733381999999998,0.7642967999999999,0.8376349999999997,0.0733381999999998,2.7663339999999996,1.1364262,0.6329712,2.393702,854900.0,3.8969840731955268
2022-11-05,Nott'm Forest,Brentford,2.0,2.0,1.29696,1.2204,-8,0,4,2,0.4,0.8,1.4,2.0,6.8,9.0,2.8,3.4,2.6,4.4,-1.8000000000000003,1.8,1.4,0.40000000000000013,D,-57.40326898551075,-2.2,-0.6000000000000001,0.14285714285714288,0.23529411764705885,6,7,0.0,0.0,0.0,1.2,1.8,0.8,2.6,-0.9631081999999995,-0.47673600000000027,-0.48637219999999926,-0.9631081999999995,-0.47673600000000027,1.2537410000000002,1.279376,1.5108156,2.0674622000000005,5050.0,1.013604525862069
2022-11-05,Wolves,Brighton,2.0,3.0,1.29252,1.87375,-11,0,7,4,0.6,1.0,2.0,1.4,12.4,16.2,3.4,5.8,4.8,7.4,-2.6000000000000005,1.6,1.8,-0.19999999999999996,A,-144.63254921268094,-3.799999999999999,-2.4,0.17647058823529413,0.1724137931034483,7,7,0.0,1.0,0.0,0.6,1.6,1.4,2.0,-0.44218480000000016,0.5513982000000002,-0.9935830000000003,-0.44218480000000016,0.5513982000000002,1.077079,1.7262040000000003,1.360577,1.5519627999999996,-32150.0,0.9393167232918083
2022-11-05,Everton,Leicester,0.0,2.0,1.3729,2.2679,5,-3,8,3,0.8,1.4,1.0,0.6,6.8,8.6,2.4,4.0,3.0,3.6,-0.6000000000000001,2.8,1.4,1.4,A,-42.980742728003634,-1.7999999999999998,-1.6,0.33333333333333337,0.35,7,7,0.0,0.5,0.5,1.2,0.6,2.0,3.0,-0.7406454600000001,-0.10388759999999986,-0.6367578600000002,-0.7406454600000001,-0.10388759999999986,1.1046608,1.358107,1.0766246,1.846754,-77550.0,0.8419604646423476
2022-11-06,Tottenham,Liverpool,1.0,2.0,1.81736,1.46548,6,3,12,2,1.4,1.0,1.2,1.2,15.6,16.0,4.8,5.8,7.4,8.2,-0.7999999999999989,1.8,1.2,0.6000000000000001,A,-71.8159862897196,-0.40000000000000036,-1.0,0.2916666666666667,0.1724137931034483,8,8,0.0,0.0,1.0,2.4,1.0,1.0,1.6,0.4995099999999999,-0.24411640000000023,0.7436264000000001,0.4995099999999999,-0.24411640000000023,2.037944,1.6425922,0.8703215999999999,1.999772,-162750.0,0.7995319332388988
2022-11-06,West Ham,Crystal Palace,1.0,2.0,0.192579,1.03344,-3,-3,10,3,1.2,1.0,0.8,1.0,16.6,11.2,4.8,3.0,7.2,4.6,2.6000000000000005,1.0,3.0,-2.0,A,-57.6035224736911,5.400000000000002,1.7999999999999998,0.25,0.3333333333333333,7,8,0.0,0.5,0.5,1.6,0.8,0.6,1.6,0.9622339999999998,-0.2665936,1.2288275999999998,0.9622339999999998,-0.2665936,1.7489107999999998,0.7202452,0.8812028000000002,2.0870732,142550.0,1.4412629623897228
2022-11-06,Aston Villa,Man United,3.0,1.0,0.578563,0.517189,-13,-7,7,10,1.0,1.2,2.0,0.4,12.8,16.8,5.2,5.0,5.0,5.0,0.0,1.4,2.0,-0.6000000000000001,H,-132.98294487047633,-4.0,0.20000000000000018,0.1923076923076923,0.24,8,7,0.0,0.5,0.5,1.2,0.8,1.6,1.6,-0.4002796000000002,0.6838029999999999,-1.0840826000000001,-0.4002796000000002,0.6838029999999999,1.5658374,1.342737,0.9430742000000001,1.310678,-338200.0,0.6010616337363609
2022-11-06,Chelsea,Arsenal,0.0,1.0,0.278815,2.37846,-5,-5,11,10,1.4,2.6,1.0,0.8,12.6,15.6,5.0,6.6,4.0,5.0,-1.0,1.6,1.2,0.40000000000000013,A,-93.59214751375724,-3.0,-1.5999999999999996,0.27999999999999997,0.393939393939394,8,7,0.0,1.0,0.0,2.0,1.0,1.8,0.8,-0.3510817999999998,1.1184952,-1.4695769999999997,-0.3510817999999998,1.1184952,1.5858486,1.3708254,1.2892588,1.0850916000000002,-5050.0,0.99495
2022-11-06,Southampton,Newcastle,1.0,4.0,1.65228,1.42101,-14,-8,5,8,0.6,2.4,1.4,0.4,9.6,14.8,3.6,4.8,4.2,6.2,-2.0,2.0,1.2,0.8,A,-209.6171914526717,-5.200000000000001,-1.1999999999999997,0.16666666666666666,0.5,8,8,0.0,0.5,0.5,1.0,1.2,1.6,1.0,-0.7981604,1.0476498600000002,-1.8458102600000001,-0.7981604,1.0476498600000002,1.1812944,1.8333392,1.626864,1.3117122,-121650.0,0.7753877400295421
2022-11-12,Man City,Brentford,1.0,2.0,1.605,3.29012,9,6,15,3,2.0,1.0,0.6,1.4,15.6,9.0,5.6,3.2,8.2,4.0,4.199999999999999,0.8,1.6,-0.8,A,270.9064183302512,6.6,2.3999999999999995,0.35714285714285715,0.3125,7,7,0.5,0.5,0.0,4.2,1.0,0.8,2.4,0.8879862000000004,-0.2297180000000001,1.1177042000000004,0.8879862000000004,-0.2297180000000001,2.767938,1.204752,0.7833528000000001,1.7469862000000003,778800.0,3.0980603448275863
2022-11-12,Bournemouth,Everton,3.0,0.0,2.45642,0.768756,-1,-3,5,5,1.4,0.6,2.4,1.0,9.0,7.0,4.4,2.4,3.6,3.6,0.0,1.2,2.4,-1.2,H,-22.75676281884489,2.0,2.0000000000000004,0.3181818181818181,0.25,7,7,0.0,0.0,0.0,0.8,1.0,0.6,1.0,-0.7281144000000002,-0.6275902600000003,-0.10052413999999987,-0.7281144000000002,-0.6275902600000003,0.7934116,0.99686714,1.438618,1.679504,-125950.0,0.6951470410262617
2022-11-12,Liverpool,Southampton,3.0,1.0,2.74418,1.43427,10,4,10,3,1.0,0.8,0.8,1.4,17.0,11.8,6.4,4.6,8.2,5.6,2.5999999999999996,0.8,2.0,-1.2,H,293.7462782546981,5.199999999999999,1.8000000000000007,0.15625,0.1739130434782609,6,6,0.5,0.5,0.0,1.6,1.2,0.2,1.4,0.09641339999999987,-0.22506399999999993,0.3214773999999998,0.09641339999999987,-0.22506399999999993,2.0122880000000003,0.8249279999999999,1.6039818000000001,1.3987384,391900.0,1.9332063340873913
2022-11-12,Nott'm Forest,Crystal Palace,1.0,0.0,1.23752,1.14552,-9,-5,5,5,0.6,1.0,1.6,1.0,8.6,11.6,3.6,3.2,3.0,4.6,-1.5999999999999996,1.6,2.6,-1.0,H,-78.52471471749413,-3.0,0.3999999999999999,0.16666666666666666,0.3125,7,6,0.0,0.0,0.0,1.6,1.8,0.8,1.6,-0.8606279999999997,-0.21568140000000002,-0.6449465999999997,-0.8606279999999997,-0.21568140000000002,1.3528591999999997,0.5979972,1.2659495999999997,1.6783969999999997,53200.0,1.1646803900325027
2022-11-12,Tottenham,Leeds,4.0,3.0,2.58046,1.71731,9,0,9,3,1.4,1.6,1.6,2.0,16.8,15.2,5.2,4.2,8.0,7.2,0.7999999999999998,1.4,1.0,0.3999999999999999,H,185.01225596375684,1.6000000000000014,1.0,0.2692307692307692,0.38095238095238093,6,7,0.5,0.5,0.0,2.4,1.4,1.0,2.2,0.5955048000000003,0.3203748000000004,0.2751299999999999,0.5955048000000003,0.3203748000000004,2.1082,1.363546,1.026193,1.7148878,303950.0,1.8806316094451687
2022-11-12,West Ham,Leicester,0.0,2.0,0.720721,1.60566,-1,-6,10,6,0.8,1.6,1.0,0.2,14.2,11.2,3.6,4.6,6.8,3.8,3.0,1.0,1.0,0.0,A,-46.37346745102559,3.0,-0.9999999999999996,0.22222222222222224,0.3478260869565218,6,7,0.5,0.0,0.5,1.8,0.8,2.2,2.6,0.21667940000000008,0.06864440000000016,0.14803499999999992,0.21667940000000008,0.06864440000000016,1.6336998,1.419641,0.7226008,1.771502,-25100.0,0.9488485836560017
2022-11-12,Newcastle,Chelsea,1.0,0.0,1.3601,0.359105,4,8,11,7,2.2,0.8,0.4,1.2,13.0,9.6,4.4,3.8,4.8,4.0,0.7999999999999998,1.2,2.2,-1.0000000000000002,H,52.39160441931813,3.4000000000000004,0.6000000000000005,0.5,0.2105263157894737,6,6,0.5,0.5,0.0,2.2,0.4,1.2,1.4,0.7390658600000004,-1.107505,1.8465708600000004,0.7390658600000004,-1.107505,2.4445240000000004,1.125827,0.6727947400000001,1.7858860000000003,-453350.0,0.54434896225941
2022-11-12,Wolves,Arsenal,0.0,2.0,0.512339,2.27996,-19,-9,6,10,1.0,2.2,2.0,0.6,12.4,14.0,4.0,5.2,5.2,5.2,0.0,2.0,1.2,0.8,A,-292.47731517674856,-1.5999999999999996,-1.2000000000000002,0.25,0.4230769230769231,7,6,0.5,0.5,0.0,0.8,2.0,1.4,0.8,-0.22193660000000026,1.3421582,-1.5640948000000003,-0.22193660000000026,1.3421582,1.1090870000000002,1.5043554000000001,1.348603,1.0985876,-502350.0,0.49765
2022-11-13,Fulham,Man United,1.0,2.0,1.70218,3.37664,-4,0,8,7,1.8,1.0,1.2,0.8,15.2,16.0,5.0,4.8,6.6,5.2,1.3999999999999995,1.8,2.4,-0.5999999999999999,A,-182.92725761611064,-0.8000000000000007,0.20000000000000018,0.36,0.20833333333333334,8,7,0.0,0.0,0.0,1.6,1.4,1.6,2.2,0.34083339999999995,0.37947300000000017,-0.03863960000000022,0.34083339999999995,0.37947300000000017,1.6056782000000003,1.1774568,1.9914014000000002,1.1546166,-552650.0,0.3480979062223533
2022-11-13,Brighton,Aston Villa,1.0,2.0,0.829107,1.15437,8,1,10,2,1.6,1.4,1.6,2.0,17.2,11.6,6.6,5.6,8.0,4.8,3.2,1.6,1.4,0.20000000000000018,A,50.54397936988107,5.6,1.0,0.24242424242424246,0.25,8,7,0.5,0.5,0.0,2.0,0.8,0.4,2.0,0.6420253999999999,-0.47517299999999985,1.1171983999999997,0.6420253999999999,-0.47517299999999985,2.0448269999999997,0.7666212,0.8512827999999999,2.0799524,20250.0,1.0397409478952016
2022-12-26,Brentford,Tottenham,2.0,2.0,2.25263,0.883787,-6,0,8,7,1.0,1.8,1.6,2.2,9.6,15.4,4.2,5.4,4.0,8.4,-4.4,1.4,1.4,0.0,D,-123.45393615739476,-5.800000000000001,-1.2000000000000002,0.23809523809523808,0.3333333333333333,44,44,0.5,0.0,0.5,1.6,1.2,1.2,1.6,0.15737,0.3813246000000001,-0.22395460000000011,0.15737,0.3813246000000001,1.587964,1.1701503999999998,1.2775800000000002,1.5007396,-277900.0,0.571868741334155
2022-12-26,Crystal Palace,Fulham,0.0,3.0,0.421754,2.69927,-1,2,10,6,1.0,1.6,1.2,1.2,11.6,14.2,3.0,5.6,5.2,7.6,-2.3999999999999995,3.0,1.6,1.4,A,48.042903109352665,-2.5999999999999996,-2.5999999999999996,0.3333333333333333,0.28571428571428575,44,43,0.0,0.0,0.0,1.4,1.0,1.8,2.2,-0.10875780000000002,0.008123400000000336,-0.11688120000000035,-0.10875780000000002,0.008123400000000336,1.0798366,1.1200016,1.2309294000000002,2.3775120000000003,27950.0,1.0947136563876652
2022-12-26,Everton,Wolves,1.0,2.0,1.22653,1.22076,3,3,7,2,0.6,0.8,1.2,2.4,9.2,12.8,3.0,4.0,4.4,5.6,-1.1999999999999993,1.6,2.2,-0.6000000000000001,A,-10.194025790459136,-3.6000000000000014,-1.0,0.19999999999999998,0.2,44,44,0.5,0.5,0.0,1.0,0.8,0.4,1.6,-0.57831286,-0.5706748,-0.007638060000000002,-0.57831286,-0.5706748,1.0924247999999999,0.8544678000000001,1.3465415999999997,1.2762069999999999,-84500.0,0.8302019491610569
2022-12-26,Leicester,Newcastle,0.0,3.0,0.31099,1.76382,-10,-3,7,10,2.0,2.4,0.2,0.4,10.2,13.2,4.8,4.6,2.4,5.0,-2.6,0.8,1.6,-0.8,A,-150.5761112332052,-3.0,0.20000000000000018,0.4166666666666667,0.5217391304347826,44,44,1.0,0.0,0.0,1.2,0.4,2.2,1.0,0.12030859999999999,1.0648468600000003,-0.9445382600000003,0.12030859999999999,1.0648468600000003,0.8374476,1.7308172,0.913331,1.4156722,-50900.0,0.9060192023633677
2022-12-26,Southampton,Brighton,1.0,3.0,1.70709,1.00714,-12,-3,5,4,0.8,1.8,1.8,1.6,11.6,14.4,4.0,5.6,4.8,8.0,-3.2,2.2,1.8,0.40000000000000013,A,-149.27714768972692,-2.8000000000000007,-1.5999999999999996,0.2,0.32142857142857145,44,43,0.0,0.0,1.0,1.2,1.8,1.6,2.4,-0.2504877999999999,0.5269088,-0.7773965999999999,-0.2504877999999999,0.5269088,1.2399764,1.7356639999999999,1.6423480000000001,1.6567400000000003,-109850.0,0.7926576066440166
2022-12-26,Aston Villa,Liverpool,1.0,3.0,1.69155,3.50694,-5,0,10,4,1.8,1.4,1.8,1.0,9.6,17.4,4.6,7.4,4.2,8.4,-4.2,2.8,0.2,2.5999999999999996,A,-230.02722601735832,-7.799999999999999,-2.8000000000000007,0.391304347826087,0.18918918918918917,43,44,0.5,0.5,0.0,1.8,0.8,1.0,1.4,-0.6519184,0.14085400000000003,-0.7927724,-0.6519184,0.14085400000000003,1.620639,1.4674662,0.9795942,2.1096,-302300.0,0.6276405739976597
2022-12-26,Arsenal,West Ham,3.0,1.0,1.88828,1.02652,15,10,15,1,2.0,0.6,0.2,1.2,14.6,12.8,4.6,4.0,5.2,5.4,-0.20000000000000018,1.4,1.4,0.0,H,250.81409450745423,1.799999999999999,0.5999999999999996,0.4347826086956522,0.15,44,44,0.5,0.5,0.0,3.0,1.0,0.4,1.2,1.2847766000000003,-0.1968666000000001,1.4816432000000004,1.2847766000000003,-0.1968666000000001,2.7169360000000005,1.4538082,0.7394306,1.1243204000000002,534400.0,2.147766323024055
2022-12-27,Chelsea,Bournemouth,2.0,0.0,1.91378,0.44307,5,-1,10,5,0.4,1.6,1.4,2.0,9.0,10.2,3.4,5.0,4.4,3.0,1.4000000000000004,2.0,1.6,0.3999999999999999,H,194.33453476490968,-1.1999999999999993,-1.6,0.11764705882352942,0.32,45,45,0.0,0.0,0.0,1.6,0.8,1.8,2.2,-1.065906,-0.3927635999999999,-0.6731424000000001,-1.065906,-0.3927635999999999,1.2737216,1.1593323999999998,1.4475348000000001,1.7392759999999998,707750.0,3.464310584958217
2022-12-27,Man United,Nott'm Forest,3.0,0.0,2.13668,0.477076,14,2,13,1,1.4,0.8,1.0,1.4,15.8,8.4,6.2,3.6,5.0,2.2,2.8,2.0,1.4,0.6000000000000001,H,190.7047895970195,7.4,2.6,0.2258064516129032,0.22222222222222224,44,45,0.0,0.0,0.0,1.6,0.4,0.0,3.2,0.5887830000000001,-0.8470140000000002,1.4357970000000002,0.5887830000000001,-0.8470140000000002,1.784774,0.7200363999999999,1.0784791999999999,2.2839679999999998,471500.0,2.253156146179402
2022-12-28,Leeds,Man City,1.0,3.0,0.603751,4.16249,-12,-3,5,8,2.2,1.4,2.6,1.0,14.4,17.2,4.4,5.2,6.4,8.4,-2.0,1.2,1.2,0.0,A,-329.3249991984155,-2.799999999999999,-0.7999999999999998,0.5,0.2692307692307692,46,46,0.5,0.5,0.0,1.4,1.6,1.6,1.0,-0.09236779999999989,0.024119800000000025,-0.11648759999999991,-0.09236779999999989,0.024119800000000025,1.5111231999999999,1.7269539999999999,1.5842314,1.0991768,-804850.0,0.3001304347826087
2022-12-30,Liverpool,Leicester,2.0,1.0,2.02463,0.863312,7,0,10,9,1.8,1.6,1.2,0.8,16.2,10.8,7.8,5.0,8.0,3.0,5.0,0.2,0.4,-0.2,H,226.0174335623128,5.399999999999999,2.8,0.23076923076923078,0.32,4,4,1.0,0.0,0.0,1.8,1.2,2.2,1.6,0.5530980000000001,-0.06237919999999986,0.6154772,0.5530980000000001,-0.06237919999999986,2.208886,1.527675,1.7621265999999998,1.3693141999999998,321150.0,1.6544732015488077
2022-12-30,West Ham,Brentford,0.0,2.0,1.13979,1.51436,-6,-3,9,5,0.8,1.4,1.6,2.0,12.8,9.8,4.2,4.2,5.8,4.0,1.7999999999999998,1.8,2.0,-0.19999999999999996,A,-76.69929989554953,3.0,0.0,0.19047619047619047,0.3333333333333333,4,4,0.5,0.5,0.0,1.6,1.0,1.0,2.4,-0.4183846000000002,0.25216360000000004,-0.6705482000000003,-0.4183846000000002,0.25216360000000004,1.4733100000000001,1.53916,0.8990758,1.9125135999999998,94400.0,1.2543103448275863
2022-12-31,Wolves,Man United,0.0,1.0,0.587672,2.44728,-13,-6,3,7,1.0,1.6,2.2,1.0,12.2,13.6,4.0,5.8,5.4,5.2,0.20000000000000018,3.2,2.4,0.8000000000000003,A,-208.4869146802214,-1.4000000000000004,-1.7999999999999998,0.25,0.27586206896551724,5,4,0.0,1.0,0.0,0.6,2.4,1.8,2.4,-0.4921621999999999,0.7104630000000003,-1.2026252000000002,-0.4921621999999999,0.7104630000000003,0.9914768,1.6328468,1.562919,1.3719994,-350100.0,0.5870244765555883
2022-12-31,Bournemouth,Crystal Palace,0.0,2.0,0.895819,1.75264,-3,-3,7,5,1.6,0.6,2.2,1.6,9.0,9.6,5.2,2.2,3.2,4.6,-1.3999999999999995,1.4,2.4,-1.0,A,-116.99574029941004,-0.5999999999999996,3.0,0.3076923076923077,0.2727272727272727,4,5,0.0,0.0,0.0,1.4,1.0,0.4,1.0,-0.6012399999999998,-0.6439276000000002,0.04268760000000038,-0.6012399999999998,-0.6439276000000002,1.2122886,0.8087060000000001,1.2858772,1.448841,-35850.0,0.8890264664912553
2022-12-31,Fulham,Southampton,2.0,1.0,1.49305,0.698711,10,6,5,3,1.6,0.8,1.2,2.4,15.2,12.6,6.2,4.2,7.4,5.0,2.4000000000000004,1.6,1.8,-0.19999999999999996,H,74.93334183757611,2.5999999999999996,2.0,0.25806451612903225,0.19047619047619047,5,5,0.0,0.0,0.0,1.4,1.6,0.4,1.8,0.02752399999999966,-0.1961634000000001,0.22368739999999976,0.02752399999999966,-0.1961634000000001,1.7319282,0.8701060000000002,2.3160114,1.7274964000000002,-124850.0,0.7027027027027027
2022-12-31,Man City,Everton,1.0,1.0,2.36333,0.0760019,14,8,12,4,2.0,0.8,1.0,1.4,19.2,11.4,5.8,4.2,8.2,4.4,3.799999999999999,1.6,1.0,0.6000000000000001,D,334.9432549725864,7.799999999999999,1.5999999999999996,0.3448275862068966,0.19047619047619047,3,5,0.5,0.5,0.0,3.2,1.4,0.4,1.4,0.953409,-0.3625642000000002,1.3159732000000002,0.953409,-0.3625642000000002,2.3214200000000003,0.9162403400000001,1.2954264,1.9616860000000003,736850.0,2.783492678204042
2022-12-31,Newcastle,Leeds,0.0,0.0,2.78846,0.517099,12,9,13,3,2.8,2.4,0.4,2.8,12.4,13.4,4.8,4.2,4.4,5.2,-0.7999999999999998,1.2,1.6,-0.40000000000000013,D,187.06096176292863,-1.0,0.5999999999999996,0.5833333333333334,0.5714285714285714,5,3,0.0,0.5,0.5,2.4,0.4,1.6,2.8,1.1408182,-0.9119937999999996,2.0528119999999994,1.1408182,-0.9119937999999996,2.1352,1.47726,0.56049674,1.9090078,196450.0,1.5691728234101114
2022-12-31,Brighton,Arsenal,2.0,4.0,1.15663,3.22106,-7,-4,7,13,2.4,2.4,1.8,0.4,12.0,16.0,5.0,4.8,6.6,6.0,0.5999999999999996,1.6,1.0,0.6000000000000001,A,-177.1240985109721,-4.0,0.20000000000000018,0.48,0.5,5,5,0.0,0.5,0.5,2.0,1.2,1.6,0.2,0.005543400000000087,1.6972411999999997,-1.6916977999999996,0.005543400000000087,1.6972411999999997,1.8886764,1.6758713999999997,0.8524087999999999,0.7952473999999999,-470200.0,0.5298
2023-01-01,Tottenham,Aston Villa,0.0,2.0,0.569383,1.21733,7,-2,9,5,2.2,2.0,2.2,1.8,16.8,9.6,6.6,4.6,8.8,2.8,6.000000000000001,1.6,2.4,-0.7999999999999998,A,103.78584639941324,7.200000000000001,2.0,0.33333333333333337,0.4347826086956522,6,6,0.5,0.5,0.0,2.8,1.8,0.6,1.8,0.3177968000000002,-0.5788938000000001,0.8966906000000003,0.3177968000000002,-0.5788938000000001,2.088646,0.9380615999999999,1.2933438,1.6858318,139550.0,1.273869100186439
2023-01-01,Nott'm Forest,Chelsea,1.0,1.0,0.985219,1.37305,-10,3,8,7,0.8,0.8,2.0,1.4,9.4,9.2,4.2,3.4,3.8,5.2,-1.4000000000000004,1.4,2.0,-0.6000000000000001,D,-153.73203928881412,0.20000000000000107,0.8000000000000003,0.19047619047619047,0.23529411764705885,5,5,0.0,0.0,0.0,1.4,1.2,1.0,1.2,-0.7975594000000001,-0.5927889999999998,-0.20477040000000035,-0.7975594000000001,-0.5927889999999998,1.3345732,0.896708,1.3140454,1.7697340000000001,-618700.0,0.3781597065179155
2023-01-02,Brentford,Liverpool,3.0,1.0,2.0991,2.10461,-4,-3,6,7,1.8,2.2,1.2,1.2,9.2,17.4,4.8,7.4,3.0,6.6,-3.5999999999999996,2.0,0.0,2.0,H,-149.82888175245375,-8.2,-2.6000000000000005,0.375,0.2972972972972973,3,3,0.5,0.0,0.5,1.0,1.2,1.4,1.2,0.8173876,0.8461835999999998,-0.028795999999999822,0.8173876,0.8461835999999998,1.48879,1.8642522,1.0951374,2.044382,-440650.0,0.4572273203177927
2023-01-03,Man United,Bournemouth,3.0,0.0,2.97383,0.679022,11,9,13,2,1.6,1.6,0.8,2.2,14.2,9.2,5.8,5.0,5.4,3.6,1.8000000000000003,2.2,1.8,0.40000000000000013,H,249.71446430968533,5.0,0.7999999999999998,0.27586206896551724,0.32,3,3,0.0,0.0,0.0,1.8,0.2,1.2,2.2,1.1766736000000002,-0.5232627999999999,1.6999364000000001,1.1766736000000002,-0.5232627999999999,1.8085820000000001,1.0669382,0.8692924,1.856242,560550.0,2.951775766016713
2023-01-03,Leicester,Fulham,0.0,1.0,1.45221,1.33493,-5,-1,7,9,1.0,1.4,1.2,1.0,11.2,14.6,4.6,5.6,3.6,7.0,-3.4,0.4,1.4,-0.9999999999999999,A,-3.437824292303276,-3.4000000000000004,-1.0,0.2173913043478261,0.25,4,3,0.0,0.0,0.0,1.2,0.8,2.2,1.8,-0.16888780000000003,0.08413580000000032,-0.25302360000000035,-0.16888780000000003,0.08413580000000032,0.7765924,1.5835443999999999,1.046157,1.9262168,195600.0,1.6628261606235175
2023-01-03,Arsenal,Newcastle,0.0,0.0,0.970637,0.959523,3,2,15,13,3.0,2.4,0.6,0.2,16.4,13.0,5.6,4.8,6.0,4.8,1.2000000000000002,1.4,1.4,0.0,D,68.4287642716622,3.3999999999999986,0.7999999999999998,0.5357142857142857,0.5,3,3,1.0,0.0,0.0,3.2,1.0,2.6,0.6,1.9188637999999998,1.6822364,0.2366273999999997,1.9188637999999998,1.6822364,2.599738,1.954872,0.7595332,1.1256322,458400.0,1.846381093057607
2023-01-03,Everton,Brighton,1.0,4.0,1.16896,2.50731,-6,-7,6,7,0.4,2.6,1.6,2.0,10.0,12.2,3.2,5.6,4.0,7.4,-3.4000000000000004,1.2,1.6,-0.40000000000000013,A,-133.72523870435705,-2.1999999999999993,-2.3999999999999995,0.125,0.46428571428571436,3,3,0.0,1.0,0.0,1.2,1.2,2.0,2.2,-1.0873884200000001,-0.14059060000000034,-0.9467978199999998,-1.0873884200000001,-0.14059060000000034,1.0593928,1.586374,1.3134595999999998,1.783972,-116650.0,0.7798225745564364
2023-01-04,Southampton,Nott'm Forest,0.0,1.0,0.62937,1.22324,-2,-5,2,1,0.8,0.8,2.6,2.2,12.4,9.8,4.2,3.8,4.0,3.6,0.3999999999999999,1.6,1.4,0.20000000000000018,A,-76.65854684762348,2.5999999999999996,0.40000000000000036,0.19047619047619047,0.2105263157894737,4,3,0.0,0.0,0.0,1.0,2.2,0.0,2.6,-0.1637677999999998,-0.9359476000000001,0.7721798000000003,-0.1637677999999998,-0.9359476000000001,1.2932224,0.6695012,1.542836,1.943786,43700.0,1.1161461794019933
2023-01-04,Leeds,West Ham,2.0,2.0,1.2577,1.29245,3,7,4,1,2.0,0.4,2.2,2.0,12.2,12.8,3.4,4.4,5.2,6.4,-1.2000000000000002,2.4,2.0,0.3999999999999999,D,10.355385091548214,-0.6000000000000014,-1.0000000000000004,0.5882352941176471,0.09090909090909091,4,5,0.0,1.0,0.0,1.4,2.0,0.4,1.4,-1.2640100000000003,-0.74264,-0.5213700000000003,-1.2640100000000003,-0.74264,1.4227714,1.3751922,2.1823514,1.3605098000000002,-120450.0,0.7413015463917526
2023-01-04,Aston Villa,Wolves,1.0,1.0,1.03226,0.832522,7,5,9,4,1.6,1.0,1.8,1.6,8.4,10.0,3.2,3.6,2.0,5.0,-3.0,2.8,3.0,-0.20000000000000018,D,77.6867246168249,-1.5999999999999996,-0.3999999999999999,0.5,0.2777777777777778,3,4,0.5,0.5,0.0,1.8,1.2,0.8,1.8,-0.9396144,-0.9898388000000004,0.05022440000000039,-0.9396144,-0.9898388000000004,1.9030706000000002,0.7921278,1.2966962,1.449106,11900.0,1.023912388224656
2023-01-04,Crystal Palace,Tottenham,0.0,4.0,0.787525,1.66514,-6,2,9,7,1.0,2.0,1.0,2.2,10.8,14.6,3.0,6.0,5.2,8.6,-3.3999999999999995,1.8,1.6,0.19999999999999996,A,-123.37294657461462,-3.799999999999999,-3.0,0.3333333333333333,0.3333333333333333,4,3,1.0,0.0,0.0,1.2,1.4,1.4,1.8,-0.2052048000000002,0.10106139999999986,-0.30626620000000004,-0.2052048000000002,0.10106139999999986,1.0087148,1.2022507999999998,1.4471674,1.6467316,-326050.0,0.49768910799568633
2023-01-05,Chelsea,Man City,0.0,1.0,0.493576,1.71972,-8,-6,10,10,0.8,1.6,1.4,1.0,9.4,20.4,3.4,5.6,4.4,8.2,-3.799999999999999,2.2,2.0,0.20000000000000018,A,-191.50942644772292,-10.999999999999998,-2.1999999999999997,0.23529411764705885,0.28571428571428575,4,5,0.5,0.5,0.0,1.6,0.6,1.6,0.6,-0.6095117999999999,1.1441226199999999,-1.7536344199999998,-0.6095117999999999,1.1441226199999999,1.3066456,1.824688,1.1441028000000002,0.777387,-155050.0,0.8651739130434782
2023-01-12,Fulham,Chelsea,2.0,1.0,0.711266,2.39911,3,5,8,5,1.6,0.6,1.0,0.8,12.0,8.0,4.8,2.4,5.0,3.6,1.4,2.2,2.2,0.0,H,-60.79931782023096,4.0,2.4,0.33333333333333337,0.25,9,7,0.0,0.0,0.0,1.6,1.0,0.8,1.2,-0.05386420000000025,-0.4936486,0.43978439999999974,-0.05386420000000025,-0.4936486,1.8937979999999999,0.9203060000000001,1.5213576,1.8248038000000002,-699850.0,0.29659781898587867
2023-01-13,Aston Villa,Leeds,2.0,1.0,1.64599,2.46295,3,5,7,4,1.8,2.0,1.2,2.4,10.4,12.2,4.0,3.4,3.4,5.8,-2.4,2.8,2.8,0.0,H,73.26392869946903,-1.799999999999999,0.6000000000000001,0.45,0.5882352941176471,9,9,0.0,0.3333333333333333,0.6666666666666666,1.8,1.4,1.2,1.8,-0.11621360000000003,-1.2117240000000002,1.0955104000000002,-0.11621360000000003,-1.2117240000000002,1.8407926,1.2214798,1.4195402000000001,1.9169998,164400.0,1.4763146458061713
2023-01-14,Brighton,Liverpool,3.0,0.0,2.40062,1.28853,-1,-3,4,6,2.6,2.2,2.0,1.4,12.2,16.2,5.4,6.6,6.2,5.6,0.6000000000000005,1.6,0.6,1.0,H,-98.67408967784672,-4.0,-1.1999999999999993,0.48148148148148145,0.33333333333333337,11,12,0.0,0.3333333333333333,0.6666666666666666,1.4,1.6,1.6,1.8,-0.23401260000000024,0.7880495999999999,-1.0220622000000001,-0.23401260000000024,0.7880495999999999,1.5736704,2.0079402,1.2835227999999999,2.185864,-282050.0,0.6525836053458152
2023-01-14,Brentford,Bournemouth,2.0,0.0,1.29815,0.269283,7,8,9,1,2.2,1.2,1.2,2.2,8.8,9.4,5.6,5.0,3.2,4.2,-1.0,1.6,2.2,-0.6000000000000001,H,179.05373144552095,-0.5999999999999996,0.5999999999999996,0.3928571428571429,0.24,12,11,0.0,0.0,1.0,1.6,0.8,1.0,2.6,0.6692925999999999,-0.7208109999999999,1.3901035999999998,0.6692925999999999,-0.7208109999999999,1.8005879999999999,1.007353,1.2520174000000002,2.1414920000000004,84000.0,1.2924791086350975
2023-01-14,Wolves,West Ham,1.0,0.0,0.806232,0.735105,-2,3,3,2,1.0,0.8,1.6,2.2,9.2,13.2,3.4,3.8,5.4,4.6,0.8000000000000007,3.0,1.6,1.4,H,12.107689235499492,-4.0,-0.3999999999999999,0.29411764705882354,0.2105263157894737,10,10,1.0,0.0,0.0,0.6,2.0,0.8,1.6,-0.8827934000000002,-0.5854759999999998,-0.2973174000000004,-0.8827934000000002,-0.5854759999999998,1.0468122,1.502612,1.767535,1.5325038000000002,32050.0,1.068835910652921
2023-01-14,Man United,Man City,2.0,1.0,1.98228,0.73695,-2,2,13,12,2.0,1.6,0.8,1.0,14.6,19.8,6.4,5.2,5.6,6.6,-1.0,2.0,2.0,0.0,H,-94.54453990816933,-5.200000000000001,1.2000000000000002,0.3125,0.3076923076923077,11,9,0.6666666666666666,0.3333333333333333,0.0,1.8,0.0,1.6,0.4,1.4854212000000004,1.3873054200000001,0.09811578000000032,1.4854212000000004,1.3873054200000001,1.99754,1.784346,0.7206208000000001,0.8202238,-302250.0,0.7371739130434782
2023-01-14,Everton,Southampton,1.0,2.0,1.18191,1.08412,1,1,3,3,0.6,0.8,2.4,2.6,10.2,11.2,3.2,3.4,4.2,4.4,-0.20000000000000018,1.6,1.4,0.20000000000000018,A,8.888362227100288,-1.0,-0.19999999999999973,0.18749999999999997,0.23529411764705885,11,10,0.6666666666666666,0.3333333333333333,0.0,1.2,2.0,0.6,2.0,-1.2405144199999998,-0.3533797999999999,-0.8871346199999999,-1.2405144199999998,-0.3533797999999999,1.2136387999999998,0.9661878000000002,1.6838514,1.7573764,-6800.0,0.9838075961423979
2023-01-14,Nott'm Forest,Leicester,2.0,0.0,1.75313,0.803421,-3,2,9,9,1.0,1.0,1.2,1.2,11.0,12.2,3.6,4.8,3.2,4.2,-1.0,1.6,0.8,0.8,H,8.360552712747676,-1.1999999999999993,-1.1999999999999997,0.2777777777777778,0.20833333333333334,10,11,1.0,0.0,0.0,1.2,0.8,2.0,0.8,-0.25700100000000003,-0.1433857999999999,-0.11361520000000014,-0.25700100000000003,-0.1433857999999999,1.248535,1.3814394,1.3187354,1.3770022000000002,-114450.0,0.7667617689015692
2023-01-15,Newcastle,Fulham,1.0,0.0,1.96256,0.989872,2,-1,13,9,1.6,1.8,0.2,0.8,10.6,12.8,3.6,5.0,5.2,6.0,-0.7999999999999998,2.0,2.2,-0.20000000000000018,H,165.56805430172972,-2.200000000000001,-1.4,0.4444444444444445,0.36,12,3,0.0,1.0,0.0,2.2,0.2,1.8,1.4,0.8965604000000003,-0.0815458,0.9781062000000003,0.8965604000000003,-0.0815458,2.3833759999999997,1.5806103999999999,0.46852694,1.9335768000000002,246500.0,1.8353100643849543
2023-01-15,Chelsea,Crystal Palace,1.0,0.0,2.12987,0.837366,2,-2,7,7,0.8,0.8,1.0,1.8,11.0,12.2,4.2,3.2,4.2,5.6,-1.3999999999999995,1.8,1.4,0.40000000000000013,H,90.44825807908614,-1.1999999999999993,1.0,0.19047619047619047,0.25,3,11,0.3333333333333333,0.6666666666666666,0.0,1.2,0.6,0.8,1.0,0.2638492000000001,-0.3098897999999999,0.573739,0.2638492000000001,-0.3098897999999999,1.2638942,0.975115,1.2041267999999998,1.0466608,671900.0,3.0798637981736574
2023-01-15,Tottenham,Arsenal,0.0,2.0,1.71032,2.04232,-4,-6,6,13,2.2,2.0,1.8,0.6,12.8,15.0,5.8,4.4,5.6,5.2,0.39999999999999947,1.6,2.2,-0.6000000000000001,A,-118.33358512613972,-2.1999999999999993,1.3999999999999995,0.37931034482758624,0.45454545454545453,11,12,1.0,0.0,0.0,1.6,1.8,1.8,0.6,0.015171000000000268,1.360914,-1.3457429999999997,0.015171000000000268,1.360914,1.8052845999999998,2.0560414000000002,1.2179118,0.9185514000000001,-350900.0,0.6491
2023-01-18,Crystal Palace,Man United,1.0,1.0,0.413339,1.39437,-8,-12,9,10,0.4,2.2,1.8,0.4,11.2,14.6,3.0,6.6,6.0,4.8,1.2000000000000002,2.2,2.0,0.20000000000000018,D,-158.11335835709383,-3.4000000000000004,-3.5999999999999996,0.13333333333333333,0.33333333333333337,3,4,1.0,0.0,0.0,1.0,1.8,1.4,1.2,-0.7365628,1.746762,-2.4833248,-0.7365628,1.746762,1.0242457999999999,1.7796328,1.5291834,0.8873277999999999,-524700.0,0.38106753170156293
2023-01-19,Man City,Tottenham,4.0,2.0,2.34166,1.16499,3,0,10,10,1.4,2.0,1.2,1.8,17.6,13.4,4.4,6.2,5.2,5.4,-0.20000000000000018,1.6,2.4,-0.7999999999999998,H,162.22503046765246,4.200000000000001,-1.7999999999999998,0.3181818181818181,0.3225806451612903,5,4,0.5,0.5,0.0,2.2,1.0,2.0,1.2,0.8283522200000004,-0.12160499999999996,0.9499572200000004,0.8283522200000004,-0.12160499999999996,2.1918800000000003,1.2347388000000001,0.96795678,1.3074306,500900.0,1.77168386997381
2023-01-21,Crystal Palace,Newcastle,0.0,0.0,0.333154,1.44384,-8,-7,7,11,0.6,1.0,1.8,0.0,11.6,13.2,4.0,3.8,5.6,6.8,-1.2000000000000002,1.6,2.2,-0.6000000000000001,D,-150.98847081752615,-1.5999999999999996,0.20000000000000018,0.15,0.2631578947368421,3,6,0.3333333333333333,0.0,0.6666666666666666,0.8,1.8,1.8,0.4,-0.9143689999999999,1.1373520000000004,-2.051721,-0.9143689999999999,1.1373520000000004,0.7765256,1.2123806,1.5949294,1.1830193999999998,-218550.0,0.59647341211226
2023-01-21,Southampton,Aston Villa,0.0,1.0,0.672444,1.16432,-9,-7,2,7,1.0,1.6,2.0,1.2,10.6,11.4,3.4,4.2,3.6,2.8,0.8000000000000003,1.8,2.6,-0.8,A,-144.37551625726974,-0.8000000000000007,-0.8000000000000003,0.29411764705882354,0.38095238095238093,7,8,1.0,0.0,0.0,0.8,2.0,1.0,1.8,-0.4191918000000001,-0.29188040000000015,-0.12731139999999996,-0.4191918000000001,-0.29188040000000015,1.0271744,0.8022376,1.387526,1.7399832,-89600.0,0.8241585712883918
2023-01-21,West Ham,Everton,2.0,0.0,2.46879,0.286826,1,0,6,2,0.6,0.8,2.0,2.4,15.4,10.2,4.2,3.6,4.8,3.8,1.0,1.8,1.6,0.19999999999999996,H,57.13667111673704,5.200000000000001,0.6000000000000001,0.14285714285714285,0.22222222222222224,7,7,0.6666666666666666,0.3333333333333333,0.0,1.2,1.4,0.2,1.4,-0.4315291999999997,-1.04195642,0.6104272200000003,-0.4315291999999997,-1.04195642,1.4934,0.53148272,1.0867502,2.0424300000000004,52450.0,1.1269514704102626
2023-01-21,Bournemouth,Nott'm Forest,1.0,1.0,1.80549,1.57544,-5,-7,6,4,0.6,1.0,1.8,0.8,9.0,11.0,4.2,3.2,4.2,3.2,1.0,2.0,1.4,0.6000000000000001,D,-83.50193359321338,-2.0,1.0,0.14285714285714285,0.3125,7,7,0.0,1.0,0.0,1.4,1.4,0.2,1.8,-0.7927083999999999,-0.08237120000000009,-0.7103371999999998,-0.7927083999999999,-0.08237120000000009,1.2398268,0.6698112,1.4272052000000002,1.8197199999999998,-89050.0,0.7633222591362127
2023-01-21,Leicester,Brighton,2.0,2.0,1.35941,1.94491,-9,-6,4,9,0.6,2.6,1.6,1.6,9.0,11.6,3.4,5.6,4.6,5.8,-1.2000000000000002,1.2,1.8,-0.6000000000000001,D,-105.22360814062836,-2.5999999999999996,-2.1999999999999997,0.17647058823529413,0.46428571428571436,7,7,0.6666666666666666,0.0,0.3333333333333333,0.4,1.0,2.2,1.8,-0.5123276000000001,-0.12784059999999986,-0.38448700000000025,-0.5123276000000001,-0.12784059999999986,0.8170944,1.614702,1.068805,1.5874640000000002,-39100.0,0.9261985654964138
2023-01-21,Liverpool,Chelsea,0.0,0.0,1.30125,1.84467,1,2,12,2,1.8,1.0,1.8,0.8,14.8,13.0,5.8,4.8,5.2,5.8,-0.5999999999999996,1.2,1.8,-0.6000000000000001,D,90.2027614841802,1.8000000000000007,1.0,0.3103448275862069,0.20833333333333334,7,6,0.0,0.0,1.0,1.6,0.8,0.6,1.6,0.6360075999999997,0.7225489999999999,-0.08654140000000021,0.6360075999999997,0.7225489999999999,2.183512,1.1528420000000001,1.461655,1.477973,-183100.0,0.8159706517915473
2023-01-22,Arsenal,Man United,3.0,2.0,2.90273,0.272246,3,0,13,8,2.2,2.0,0.6,0.4,15.0,14.8,5.0,5.6,4.6,4.8,-0.20000000000000018,2.2,2.2,0.0,H,102.53856261251916,0.1999999999999993,-0.5999999999999996,0.44000000000000006,0.35714285714285715,7,4,1.0,0.0,0.0,2.8,0.8,1.2,1.2,1.0073850000000002,1.6080762000000002,-0.6006912,1.0073850000000002,1.6080762000000002,2.2339234,1.6932828,0.8920041999999999,0.8968268,152250.0,1.1795930404010617
2023-01-22,Leeds,Brentford,0.0,0.0,0.374736,0.17114,-7,-11,4,7,1.4,2.2,2.2,0.8,11.8,10.0,3.4,6.0,5.4,3.6,1.8000000000000003,2.8,1.4,1.4,D,-103.01145132918737,1.8000000000000007,-2.6,0.4117647058823529,0.3666666666666667,9,8,0.3333333333333333,0.3333333333333333,0.3333333333333333,1.8,2.4,1.4,2.4,-1.182208,0.8903780000000001,-2.0725860000000003,-1.182208,0.8903780000000001,1.6145862000000002,1.6328319999999998,2.0615514,1.9888460000000001,-26050.0,0.9298221982758621
2023-01-22,Man City,Wolves,3.0,0.0,3.32757,0.469277,15,3,10,5,2.0,0.8,1.2,1.0,15.0,11.0,4.4,3.2,4.8,5.4,-0.6000000000000005,1.4,2.6,-1.2000000000000002,H,329.2675194853639,4.0,1.2000000000000002,0.45454545454545453,0.25,3,8,0.3333333333333333,0.6666666666666666,0.0,2.2,1.4,1.0,1.6,1.40071022,-0.7523219999999999,2.15303222,1.40071022,-0.7523219999999999,2.1131400000000005,0.8434346000000001,1.18072518,1.4476900000000001,652350.0,2.3108610469205266
2023-01-23,Fulham,Tottenham,0.0,1.0,1.09339,0.993805,-2,8,10,7,1.6,1.6,0.6,2.0,11.0,12.4,3.6,5.2,5.0,4.2,0.7999999999999998,2.6,2.6,0.0,A,-130.35216429608568,-1.4000000000000004,-1.6,0.4444444444444445,0.3076923076923077,8,4,1.0,0.0,0.0,1.6,0.8,2.2,2.0,0.05880859999999988,-0.5295690000000002,0.5883776000000001,0.05880859999999988,-0.5295690000000002,1.7125751999999999,1.3134086,1.6755215999999997,1.5958156,-354000.0,0.45462948698197503
2023-02-03,Chelsea,Fulham,0.0,0.0,1.41471,0.493341,-3,-4,7,9,0.6,1.0,0.8,0.8,12.2,8.4,4.2,2.4,5.6,4.0,1.5999999999999996,2.0,2.8,-0.7999999999999998,D,90.24007535550118,3.799999999999999,1.8000000000000003,0.14285714285714285,0.4166666666666667,13,11,1.0,0.0,0.0,0.8,0.6,1.6,1.0,0.5370910000000002,-0.3767775999999998,0.9138686,0.5370910000000002,-0.3767775999999998,1.2036842,1.6686152,1.2219102,1.6387367999999998,699850.0,3.3715689596746867
2023-02-04,Everton,Arsenal,1.0,0.0,2.09191,0.690102,-18,-12,3,13,0.8,2.4,2.2,1.0,8.2,17.2,3.4,5.2,4.6,6.2,-1.6000000000000005,1.8,2.0,-0.19999999999999996,H,-296.82231974123124,-9.0,-1.8000000000000003,0.23529411764705885,0.4615384615384615,14,13,1.0,0.0,0.0,1.2,2.0,2.0,0.6,-1.14081642,1.1799576,-2.32077402,-1.14081642,1.1799576,1.376852,2.300154,1.5354514,0.8561513999999999,-586850.0,0.41315
2023-02-04,Aston Villa,Leicester,2.0,4.0,1.4989,2.49784,3,9,10,9,1.4,0.6,1.0,2.0,13.0,9.0,4.8,2.6,2.4,5.2,-2.8000000000000003,1.6,1.0,0.6000000000000001,A,23.677108817922544,4.0,2.1999999999999997,0.2916666666666667,0.23076923076923075,14,14,0.5,0.0,0.5,2.2,1.2,1.8,0.8,-0.25855780000000017,-0.8064153999999999,0.5478575999999997,-0.25855780000000017,-0.8064153999999999,1.6809066000000001,1.3058736,1.6648442000000003,1.4978462,18850.0,1.0384145098838393
2023-02-04,Brentford,Southampton,3.0,0.0,2.36747,0.644385,12,8,9,6,1.8,0.8,0.6,1.6,9.2,10.4,4.4,3.4,3.8,4.0,-0.20000000000000018,1.4,1.6,-0.20000000000000018,H,186.18928559996948,-1.200000000000001,1.0000000000000004,0.40909090909090906,0.23529411764705885,13,14,1.0,0.0,0.0,1.6,0.8,1.0,1.4,0.5126348,-0.25558499999999984,0.7682197999999998,0.5126348,-0.25558499999999984,1.6789459999999998,1.1627822,0.874538,1.4466864000000002,-48750.0,0.8839147517561614
2023-02-04,Brighton,Bournemouth,1.0,0.0,2.55696,0.908298,11,9,7,0,2.8,0.2,1.6,2.0,12.8,9.0,6.0,3.2,4.8,4.4,0.39999999999999947,1.6,1.8,-0.19999999999999996,H,205.71051624248932,3.8000000000000007,2.8,0.4666666666666666,0.0625,14,14,0.0,0.0,0.0,2.0,1.4,0.6,2.6,0.054311999999999916,-1.0842312,1.1385432,0.054311999999999916,-1.0842312,1.8738474,0.7355516,1.3869006000000001,2.077646,242600.0,1.8447075208913648
2023-02-04,Man United,Crystal Palace,2.0,1.0,2.07035,1.3798,8,5,15,6,1.8,0.6,1.0,1.2,12.6,12.0,4.8,4.2,3.8,6.0,-2.2,2.0,2.4,-0.3999999999999999,H,158.42252864458078,0.5999999999999996,0.5999999999999996,0.375,0.14285714285714285,13,14,0.6666666666666666,0.0,0.3333333333333333,2.2,0.2,0.8,1.2,0.7500585999999998,-0.6810029999999998,1.4310615999999996,0.7500585999999998,-0.6810029999999998,2.1107839999999998,1.0732266,0.7103808,1.2779496,524700.0,2.624206779136357
2023-02-04,Wolves,Liverpool,3.0,0.0,2.63328,1.30193,-8,0,3,6,0.8,1.2,1.2,1.6,10.8,14.8,3.0,5.0,5.6,5.0,0.5999999999999996,2.4,1.8,0.5999999999999999,H,-182.1155579917024,-4.0,-2.0,0.26666666666666666,0.24,13,14,0.5,0.5,0.0,0.6,2.0,1.2,1.8,-0.9704564000000002,0.26534159999999996,-1.2357980000000002,-0.9704564000000002,0.26534159999999996,0.9633225999999999,2.112616,1.665034,2.102052,-314200.0,0.6129826938473856
2023-02-04,Newcastle,West Ham,1.0,1.0,1.22883,1.27831,13,5,13,1,0.8,1.0,0.0,1.6,14.4,14.0,4.6,3.8,8.8,4.2,4.6000000000000005,2.0,1.4,0.6000000000000001,D,189.15181340016125,0.40000000000000036,0.7999999999999998,0.1739130434782609,0.2631578947368421,14,14,0.0,0.5,0.5,1.4,0.0,0.6,1.6,1.1592902,0.18185140000000044,0.9774387999999996,1.1592902,0.18185140000000044,2.286626,1.308179,0.4395693400000001,1.5888544,76000.0,1.1632302405498283
2023-02-05,Tottenham,Man City,1.0,0.0,1.42168,0.773747,-3,-4,3,9,1.4,2.0,1.6,1.0,11.2,12.4,4.2,4.0,4.8,4.8,0.0,3.0,1.0,2.0,H,-109.98031888679634,-1.200000000000001,0.20000000000000018,0.3333333333333333,0.5,13,14,0.6666666666666666,0.3333333333333333,0.0,1.2,2.2,1.2,0.8,-0.2757174,1.26062102,-1.53633842,-0.2757174,1.26062102,1.6485306000000002,1.646896,1.514368,1.1544808,-500900.0,0.5644347826086956
2023-02-05,Nott'm Forest,Leeds,1.0,0.0,0.3325,1.12331,3,5,11,4,1.0,0.8,1.0,1.4,13.2,11.2,3.8,3.4,4.2,5.4,-1.2000000000000002,1.6,3.0,-1.4,H,47.09105039585347,2.0,0.3999999999999999,0.2631578947368421,0.23529411764705885,15,14,0.0,0.0,0.0,1.4,0.6,1.2,1.8,-0.14678119999999995,-0.9688588,0.8220776000000001,-0.14678119999999995,-0.9688588,1.5548918,1.5009418,1.3479822000000001,1.9158098,31100.0,1.0901057511227004
2023-02-08,Man United,Leeds,2.0,2.0,2.00007,0.554798,14,7,15,4,2.0,0.6,1.2,1.0,12.2,11.4,4.6,4.0,3.8,5.2,-1.4000000000000004,1.6,2.8,-1.1999999999999997,D,197.5527010149572,0.7999999999999989,0.5999999999999996,0.4347826086956522,0.15,4,3,0.5,0.5,0.0,2.2,0.4,1.2,1.6,0.5162469999999999,-0.09894900000000018,0.6151960000000001,0.5162469999999999,-0.09894900000000018,2.1829080000000003,1.4866758,0.8546355999999999,1.85126,502600.0,2.4561784731276255
2023-02-11,West Ham,Chelsea,1.0,1.0,1.07615,0.900465,-8,0,6,2,1.0,0.4,1.2,0.6,14.4,13.2,3.2,4.4,3.6,6.4,-2.8000000000000003,1.2,1.8,-0.6000000000000001,D,-111.83352222713552,1.200000000000001,-1.2000000000000002,0.3125,0.09090909090909091,7,8,1.0,0.0,0.0,1.0,1.2,0.6,1.6,0.36409939999999996,0.6437986,-0.27969920000000004,0.36409939999999996,0.6437986,1.299806,1.410295,1.0341458,1.447767,-529350.0,0.4679632142318709
2023-02-11,Arsenal,Brentford,1.0,1.0,1.36738,2.17538,6,-3,13,8,1.8,2.0,1.0,0.2,17.0,10.2,4.8,4.2,5.8,3.4,2.4,2.2,1.0,1.2000000000000002,D,139.23225150945905,6.800000000000001,0.5999999999999996,0.375,0.47619047619047616,7,7,0.6666666666666666,0.3333333333333333,0.0,2.8,1.0,1.2,1.4,0.727244,0.5834831999999999,0.14376080000000013,0.727244,0.5834831999999999,2.3176634,1.440128,0.6459134,1.5745312,628800.0,2.6939655172413794
2023-02-11,Crystal Palace,Brighton,1.0,1.0,0.928279,2.64981,-6,-8,5,10,0.4,2.4,1.6,1.4,11.0,15.4,3.6,6.4,5.6,5.8,-0.20000000000000018,2.6,1.8,0.8,D,-81.22517800896276,-4.4,-2.8000000000000003,0.11111111111111112,0.37499999999999994,7,7,0.0,0.0,1.0,0.4,1.6,2.6,1.8,-0.9904772,0.5240343999999999,-1.5145115999999998,-0.9904772,0.5240343999999999,0.5919224,1.5723479999999999,1.7121299999999997,1.4780739999999999,-206750.0,0.6097583993959985
2023-02-11,Fulham,Nott'm Forest,2.0,0.0,1.69704,0.686824,5,-4,7,5,0.6,1.2,0.6,0.4,8.8,12.8,2.8,3.6,3.6,2.4,1.2000000000000002,3.6,2.2,1.4,H,36.8683631972242,-4.0,-0.8000000000000003,0.2142857142857143,0.3333333333333333,8,6,0.0,1.0,0.0,1.0,1.0,0.4,1.8,-0.7199191999999999,0.026977599999999935,-0.7468967999999998,-0.7199191999999999,0.026977599999999935,1.3528532,0.7353772,1.7319852,1.936082,-81150.0,0.7843189368770764
2023-02-11,Leicester,Tottenham,4.0,1.0,1.41208,1.11709,-9,-5,4,10,1.4,1.6,1.8,1.2,9.2,12.4,3.2,4.4,4.8,4.6,0.20000000000000018,1.4,2.6,-1.2000000000000002,H,-104.54636937592204,-3.200000000000001,-1.2000000000000002,0.43749999999999994,0.36363636363636365,7,6,0.6666666666666666,0.3333333333333333,0.0,0.8,1.4,2.4,1.6,-0.31606139999999994,-0.01654140000000015,-0.2995199999999998,-0.31606139999999994,-0.01654140000000015,0.8942912,1.3804644,1.3884253999999998,1.4725476000000002,-158400.0,0.7559698043444769
2023-02-11,Southampton,Wolves,1.0,2.0,1.30203,0.615651,-4,-4,1,5,0.6,1.0,1.6,1.0,10.4,11.8,3.8,3.4,4.0,5.6,-1.5999999999999996,1.8,1.4,0.40000000000000013,A,-112.99063979054448,-1.4000000000000004,0.3999999999999999,0.15789473684210525,0.29411764705882354,7,7,0.6666666666666666,0.3333333333333333,0.0,0.6,2.0,1.0,1.6,-0.740192,-0.7030324000000001,-0.03715959999999985,-0.740192,-0.7030324000000001,1.0567674,0.7876002000000001,1.278936,1.6270200000000004,-77700.0,0.8438661710037175
2023-02-11,Bournemouth,Newcastle,1.0,1.0,1.54458,1.54853,-15,-6,4,11,0.2,0.4,1.8,0.2,9.6,13.6,2.8,4.0,3.4,8.6,-5.199999999999999,2.0,2.4,-0.3999999999999999,D,-248.07516941215613,-4.0,-1.2000000000000002,0.07142857142857144,0.1,7,7,0.0,0.0,1.0,1.2,1.4,1.8,0.4,-1.1198215999999999,0.8588281999999999,-1.9786498,-1.1198215999999999,0.8588281999999999,1.3711427999999999,1.3435186,1.5060432,0.9664382,-254400.0,0.5302806499261448
2023-02-12,Man City,Aston Villa,3.0,1.0,3.60987,0.275348,9,-1,10,9,1.8,1.6,1.0,1.2,12.2,14.4,4.4,4.4,4.6,4.6,0.0,1.0,1.6,-0.6000000000000001,H,248.92674088697595,-2.200000000000001,0.0,0.40909090909090906,0.36363636363636365,7,8,0.3333333333333333,0.3333333333333333,0.3333333333333333,2.2,1.2,1.0,1.6,0.6735687999999997,-0.09526780000000024,0.7688366,0.6735687999999997,-0.09526780000000024,2.406176,0.9036642,1.16885458,1.8302028,640450.0,2.256893337258365
2023-02-12,Leeds,Man United,0.0,2.0,1.89163,1.30375,-14,-5,5,7,1.0,1.8,1.4,1.6,11.4,13.4,4.2,4.8,5.6,3.8,1.7999999999999998,2.4,1.8,0.5999999999999999,A,-213.0940731626697,-2.0,-0.5999999999999996,0.23809523809523808,0.375,4,4,0.3333333333333333,0.3333333333333333,0.3333333333333333,1.8,2.2,1.4,1.6,0.06626880000000002,0.3463398,-0.28007099999999996,0.06626880000000002,0.3463398,1.2850694,1.6015450000000002,1.931428,1.2368968,-502600.0,0.40713653789442644
2023-02-13,Liverpool,Everton,2.0,0.0,2.23291,0.402331,8,0,10,2,0.6,0.8,2.0,1.8,16.0,8.2,4.0,3.0,5.2,5.6,-0.39999999999999947,2.0,2.4,-0.3999999999999999,H,242.8185486686741,7.800000000000001,1.0,0.15,0.26666666666666666,9,9,0.3333333333333333,0.3333333333333333,0.3333333333333333,1.4,0.8,0.2,1.4,-0.36400639999999984,-0.8616088199999999,0.4976024200000001,-0.36400639999999984,-0.8616088199999999,2.043922,0.47684012000000003,1.6482903999999998,2.03737,398700.0,1.9650248093912623
2023-02-15,Arsenal,Man City,1.0,3.0,1.70139,2.00841,1,-1,11,9,1.2,2.2,0.8,1.2,18.8,13.2,4.8,5.6,6.4,5.8,0.6000000000000005,1.6,1.2,0.40000000000000013,A,-72.63360258905391,5.600000000000001,-0.7999999999999998,0.25,0.3928571428571429,4,3,0.5,0.5,0.0,2.4,0.8,1.2,0.8,0.15275799999999995,1.0952444000000001,-0.9424864000000002,0.15275799999999995,1.0952444000000001,2.0272034,1.6193468,0.9279592000000001,1.0389768,-150000.0,0.8695652173913043
2023-02-18,Aston Villa,Arsenal,2.0,4.0,0.335752,2.85981,-9,0,7,12,1.4,1.4,1.8,1.4,13.0,17.4,4.0,4.2,4.8,5.6,-0.7999999999999998,1.4,1.2,0.19999999999999996,A,-206.28627119514292,-4.399999999999999,-0.20000000000000018,0.35,0.3333333333333333,6,3,0.6666666666666666,0.3333333333333333,0.0,1.8,2.0,1.8,0.6,-0.8917615999999999,0.08913119999999997,-0.9808927999999999,-0.8917615999999999,0.08913119999999997,1.2894526000000002,2.1223804,1.9634882,1.1500027999999998,-490450.0,0.50955
2023-02-18,Brentford,Crystal Palace,1.0,1.0,0.610105,1.12202,4,8,11,6,1.8,0.6,0.4,1.0,10.2,8.4,3.4,3.0,4.0,3.8,0.20000000000000018,1.4,3.2,-1.8000000000000003,D,66.2522368002767,1.799999999999999,0.3999999999999999,0.5294117647058824,0.19999999999999998,7,7,0.0,0.0,1.0,2.2,0.8,1.0,1.0,0.6701692000000001,-1.1592604,1.8294296,0.6701692000000001,-1.1592604,1.861984,1.2297531999999998,0.891934,1.3052276,48150.0,1.149048134963628
2023-02-18,Brighton,Fulham,0.0,1.0,2.71375,0.224214,2,4,9,7,2.2,0.8,0.8,0.6,17.0,9.8,6.8,3.0,5.6,4.0,1.5999999999999996,1.4,2.4,-1.0,A,35.09670016029986,7.199999999999999,3.8,0.3235294117647059,0.26666666666666666,7,7,1.0,0.0,0.0,2.2,1.4,1.0,0.6,1.2812266,-0.49441999999999975,1.7756466,1.2812266,-0.49441999999999975,1.9648634,1.2722593999999998,1.5295596,1.5289108,234700.0,1.7953236191121653
2023-02-18,Chelsea,Southampton,0.0,1.0,1.61723,0.619532,10,3,7,3,0.6,0.6,0.6,1.6,14.0,12.0,4.8,3.6,7.0,4.2,2.8,1.6,2.0,-0.3999999999999999,A,159.22341397108357,2.0,1.1999999999999997,0.125,0.16666666666666666,7,7,0.6666666666666666,0.3333333333333333,0.0,0.6,0.4,0.8,2.0,0.8538903999999999,-0.4440484,1.2979387999999998,0.8538903999999999,-0.4440484,1.2461502,1.0439032000000001,1.1743914,1.75809,575000.0,2.369210620311942
2023-02-18,Everton,Leeds,1.0,0.0,1.53811,0.597403,-1,1,3,2,0.6,0.6,2.0,1.4,9.0,11.8,3.0,4.2,6.0,5.4,0.5999999999999996,2.2,2.2,0.0,H,9.177892566367746,-2.8000000000000007,-1.2000000000000002,0.19999999999999998,0.14285714285714285,5,6,0.3333333333333333,0.0,0.6666666666666666,0.8,2.0,1.2,1.8,-0.7702589999999996,0.19079480000000015,-0.9610537999999997,-0.7702589999999996,0.19079480000000015,1.4084419999999997,1.2750934,1.5540384,1.8694960000000003,68000.0,1.1970157902361291
2023-02-18,Nott'm Forest,Man City,1.0,1.0,1.12735,2.80966,-12,-2,11,9,1.0,2.6,0.6,1.0,12.4,14.0,2.8,6.6,3.0,6.0,-3.0,2.0,1.8,0.19999999999999996,D,-277.8698030547205,-1.5999999999999996,-3.8,0.35714285714285715,0.393939393939394,7,3,1.0,0.0,0.0,1.4,0.6,1.6,1.0,-0.09749940000000024,1.4057143999999997,-1.5032138,-0.09749940000000024,1.4057143999999997,1.1210657999999998,1.8802633999999998,1.1331402000000002,1.2405354000000002,-773750.0,0.32717391304347826
2023-02-18,Wolves,Bournemouth,0.0,1.0,0.911415,1.15274,5,8,6,0,1.4,0.4,1.0,1.6,12.0,10.6,3.2,3.4,4.6,3.8,0.7999999999999998,1.6,1.6,0.0,A,50.94642125203109,1.4000000000000004,-0.19999999999999973,0.43749999999999994,0.11764705882352942,7,7,0.0,0.0,1.0,1.2,1.2,0.6,2.4,-0.4683866000000001,-0.9492473999999997,0.48086079999999964,-0.4683866000000001,-0.9492473999999997,1.1664086,0.7711226,1.727605,2.193608,210450.0,1.7327646239554317
2023-02-18,Newcastle,Liverpool,0.0,2.0,1.74852,2.16549,5,3,11,6,0.6,0.6,0.4,1.8,13.4,14.8,4.4,4.2,8.0,5.0,3.0,2.4,2.2,0.19999999999999973,A,-50.11675211648844,-1.4000000000000004,0.20000000000000018,0.13636363636363635,0.14285714285714285,7,5,0.6666666666666666,0.3333333333333333,0.0,1.4,0.2,1.2,2.2,0.4053460000000002,-0.23015419999999986,0.6355002000000001,0.4053460000000002,-0.23015419999999986,2.305606,1.9334980000000002,0.68304,2.128382,-270250.0,0.6671183100326415
2023-02-19,Man United,Leicester,3.0,0.0,4.24663,1.39678,11,1,13,9,1.8,2.0,1.4,1.6,14.0,10.8,5.0,4.2,4.2,4.0,0.20000000000000018,1.4,2.2,-0.8000000000000003,H,159.8485587995633,3.1999999999999993,0.7999999999999998,0.36,0.47619047619047616,7,8,0.3333333333333333,0.3333333333333333,0.3333333333333333,2.4,0.8,1.8,1.2,-0.020302199999999937,-0.02479980000000026,0.0044976000000003236,-0.020302199999999937,-0.02479980000000026,2.2326420000000002,1.6076266000000001,0.7655291999999998,1.4740562000000001,357050.0,1.727633992255961
2023-02-19,Tottenham,West Ham,2.0,0.0,1.43042,0.365173,13,0,6,2,1.0,1.2,2.0,1.0,11.8,12.4,4.0,2.6,4.8,3.0,1.7999999999999998,2.6,1.2,1.4000000000000001,H,171.89349854090165,-0.5999999999999996,1.4,0.25,0.4615384615384615,8,8,0.6666666666666666,0.0,0.3333333333333333,1.2,1.8,0.8,1.6,-0.25106240000000013,0.47415039999999997,-0.7252128000000001,-0.25106240000000013,0.47415039999999997,1.6198406000000003,1.066543,1.4432374,1.3864884,183500.0,1.394115120274914
2023-02-24,Fulham,Wolves,1.0,1.0,0.913133,0.997097,9,-2,9,8,0.6,1.2,0.4,1.0,9.2,13.0,2.8,3.4,3.4,5.4,-2.0000000000000004,2.6,1.6,1.0,D,59.81657433974988,-3.8000000000000007,-0.6000000000000001,0.2142857142857143,0.35294117647058826,6,6,0.0,0.0,1.0,1.4,1.0,1.2,1.4,-0.6547584,-0.476704,-0.17805439999999995,-0.6547584,-0.476704,1.3393852000000002,0.739163,1.6310180000000003,1.6361919999999999,-202550.0,0.5929870390836933
2023-02-25,Crystal Palace,Liverpool,0.0,0.0,0.989086,1.35123,-4,-3,3,6,0.8,0.8,1.0,1.2,8.4,14.2,2.8,4.4,3.6,4.6,-0.9999999999999996,2.6,1.8,0.8,D,-155.22916158198723,-5.799999999999999,-1.6000000000000005,0.28571428571428575,0.18181818181818182,7,7,0.3333333333333333,0.3333333333333333,0.3333333333333333,0.4,1.8,1.2,2.0,-0.7983766000000002,-0.14786219999999983,-0.6505144000000004,-0.7983766000000002,-0.14786219999999983,0.5768101999999999,2.0735,1.970486,2.114614,-488800.0,0.3979183346677342
2023-02-25,Bournemouth,Man City,1.0,4.0,1.08527,2.98206,-15,-5,5,7,0.6,2.0,1.0,0.8,10.2,16.0,2.8,6.6,3.2,6.4,-3.2,1.6,1.6,0.0,A,-357.1260801204571,-5.800000000000001,-3.8,0.2142857142857143,0.30303030303030304,7,7,1.0,0.0,0.0,1.4,1.4,1.2,1.0,-0.4420207999999999,1.5068424,-1.9488632,-0.4420207999999999,1.5068424,1.5179684,1.6096974000000004,1.5679931999999996,1.3452552,-862800.0,0.2497391304347826
2023-02-25,West Ham,Nott'm Forest,4.0,0.0,3.05032,0.350849,-5,-3,4,4,0.8,1.0,1.0,0.8,10.6,11.0,2.4,2.8,4.2,2.6,1.6,1.2,1.8,-0.6000000000000001,H,7.982190105906966,-0.40000000000000036,-0.3999999999999999,0.33333333333333337,0.35714285714285715,6,7,1.0,0.0,0.0,0.8,1.4,0.4,2.2,0.2541509999999999,-0.5527354000000002,0.8068864000000001,0.2541509999999999,-0.5527354000000002,1.119606,0.8337414000000001,1.0681502,1.855114,89350.0,1.2374750830564785
2023-02-25,Everton,Aston Villa,0.0,2.0,1.54109,2.06037,-6,0,6,9,0.6,1.6,1.2,2.4,10.0,11.8,3.4,4.2,6.2,3.8,2.4000000000000004,2.0,1.6,0.3999999999999999,A,-93.4458059948497,-1.8000000000000007,-0.8000000000000003,0.17647058823529413,0.38095238095238093,7,7,0.6666666666666666,0.3333333333333333,0.0,1.0,1.6,1.2,1.6,-0.31444760000000005,-1.4365207999999994,1.1220731999999993,-0.31444760000000005,-1.4365207999999994,1.4414840000000002,0.8164364,1.219939,1.9737768000000002,-96400.0,0.8108134628593857
2023-02-25,Leeds,Southampton,1.0,0.0,0.720048,0.391128,1,-4,5,6,0.4,0.8,1.2,1.4,10.2,12.0,3.4,4.6,4.0,3.4,0.6000000000000001,2.4,2.8,-0.3999999999999999,H,59.63592612907473,-1.8000000000000007,-1.1999999999999997,0.11764705882352942,0.1739130434782609,7,7,0.3333333333333333,0.0,0.6666666666666666,1.4,2.0,1.0,1.8,-0.16073860000000018,-0.524814,0.3640753999999998,-0.16073860000000018,-0.524814,1.2706274,0.8962036,1.697154,1.8807680000000002,-74800.0,0.821883557566377
2023-02-25,Leicester,Arsenal,0.0,1.0,0.0203463,0.722059,-12,0,4,12,2.0,1.8,2.0,1.8,11.6,18.6,3.6,4.2,4.0,6.8,-2.8,2.2,1.0,1.2000000000000002,A,-217.97060871899063,-7.000000000000002,-0.6000000000000001,0.5555555555555556,0.42857142857142855,6,7,0.6666666666666666,0.3333333333333333,0.0,1.2,1.6,2.4,1.0,-0.6182257999999998,0.5275428,-1.1457685999999998,-0.6182257999999998,0.5275428,1.0456574,2.2186504,1.3729153999999997,1.1613902,-509300.0,0.4907
2023-02-26,Tottenham,Chelsea,2.0,0.0,0.926313,0.262281,6,3,9,3,1.4,0.4,1.6,0.4,11.6,13.4,3.8,3.8,4.8,7.2,-2.4000000000000004,2.2,1.6,0.6000000000000001,H,100.452888929271,-1.8000000000000007,0.0,0.3684210526315789,0.10526315789473685,7,8,0.3333333333333333,0.3333333333333333,0.3333333333333333,1.4,1.4,0.6,1.0,0.02838699999999994,0.7158612000000002,-0.6874742000000003,0.02838699999999994,0.7158612000000002,1.5424526,1.37528,1.2231759999999998,1.086797,-345850.0,0.6523945926931002
2023-03-01,Arsenal,Everton,4.0,0.0,3.06919,1.604,17,1,8,2,1.4,0.4,1.4,1.2,15.6,10.6,3.6,3.6,6.0,6.0,0.0,1.0,2.4,-1.4,H,304.3312837131714,5.0,0.0,0.38888888888888884,0.11111111111111112,4,4,1.0,0.0,0.0,1.6,1.4,0.2,1.6,0.14178853999999985,-0.4378616000000002,0.57965014,0.14178853999999985,-0.4378616000000002,1.7660834,0.5451149799999999,1.2884157999999999,2.2571660000000002,586850.0,2.4204284158296017
2023-03-01,Liverpool,Wolves,2.0,0.0,2.70191,0.78681,8,1,10,8,0.8,1.2,0.6,1.2,15.4,11.2,4.8,3.0,5.0,5.2,-0.20000000000000018,2.2,1.6,0.6000000000000001,H,217.07035759036512,4.200000000000001,1.7999999999999998,0.16666666666666669,0.39999999999999997,4,5,0.6666666666666666,0.3333333333333333,0.0,1.6,0.8,1.2,1.4,0.1469845999999997,-0.47413660000000024,0.6211211999999999,0.1469845999999997,-0.47413660000000024,2.042372,0.8270614000000001,1.2314586,1.5603045999999998,314200.0,1.6313674269064604
2023-03-04,Wolves,Tottenham,1.0,0.0,0.562477,1.25588,-11,-5,6,7,1.2,1.4,1.0,0.8,10.0,11.4,3.0,3.8,4.2,5.0,-0.7999999999999998,1.8,2.2,-0.40000000000000013,H,-135.94480901230622,-1.4000000000000004,-0.7999999999999998,0.39999999999999997,0.3684210526315789,3,6,0.3333333333333333,0.6666666666666666,0.0,0.8,0.8,2.0,2.0,-0.28549800000000003,0.3965274000000001,-0.6820254000000001,-0.28549800000000003,0.3965274000000001,1.0901876,1.1649623999999998,1.5834030000000001,1.577457,-151450.0,0.766676937297797
2023-03-04,Southampton,Leicester,1.0,0.0,1.34332,1.67051,-5,-4,0,6,0.4,2.0,1.4,1.8,11.0,10.6,4.0,3.4,3.0,3.0,0.0,3.0,1.8,1.2,H,-75.27099275109845,0.40000000000000036,0.6000000000000001,0.1,0.5882352941176471,7,7,0.3333333333333333,0.3333333333333333,0.3333333333333333,0.6,2.2,1.4,1.8,-0.57104,-0.5686265399999999,-0.0024134600000000894,-0.57104,-0.5686265399999999,1.1926428,1.4334026,1.0862722,2.0488022,-70750.0,0.8558182188710006
2023-03-04,Chelsea,Leeds,1.0,0.0,1.8678,0.633995,7,-1,7,2,0.2,0.6,0.8,1.2,12.4,11.2,3.2,3.2,5.8,5.4,0.39999999999999947,1.8,2.4,-0.5999999999999999,H,124.50309678017538,1.200000000000001,0.0,0.0625,0.18749999999999997,6,7,0.6666666666666666,0.3333333333333333,0.0,0.6,0.4,0.6,1.2,0.3245540000000001,-0.13567380000000007,0.4602278000000002,0.3245540000000001,-0.13567380000000007,1.5138331999999999,1.051112,0.8226058,1.6610260000000001,649800.0,2.882659713168188
2023-03-04,Aston Villa,Crystal Palace,1.0,0.0,0.890605,0.152761,1,2,4,4,1.6,0.6,2.2,0.8,11.4,7.6,4.2,1.8,4.0,4.0,0.0,1.4,2.8,-1.4,H,34.04488778224572,3.8000000000000007,2.4000000000000004,0.38095238095238093,0.3333333333333333,7,7,0.3333333333333333,0.3333333333333333,0.3333333333333333,1.6,2.6,0.8,1.0,-1.1692728,-0.6745992000000001,-0.4946735999999998,-1.1692728,-0.6745992000000001,1.2408904,1.2474691999999998,2.4320124,1.3887328,186500.0,1.5773100139297322
2023-03-04,Brighton,West Ham,4.0,0.0,3.49993,0.250045,8,0,6,2,1.4,1.6,0.8,0.8,17.4,11.0,6.6,2.6,7.2,6.0,1.2000000000000002,1.2,0.8,0.3999999999999999,H,113.31820024075272,6.399999999999999,3.9999999999999996,0.21212121212121213,0.6153846153846154,14,7,0.3333333333333333,0.3333333333333333,0.3333333333333333,1.4,1.4,0.8,1.8,1.5114637999999998,0.8082705999999998,0.7031932,1.5114637999999998,0.8082705999999998,1.9314134000000003,0.9395116000000001,1.3592944,1.3222924,64200.0,1.1378865979381443
2023-03-04,Arsenal,Bournemouth,3.0,2.0,2.46279,1.74267,19,5,8,3,2.2,0.8,1.2,1.4,15.6,11.4,4.0,2.8,6.0,3.4,2.6,0.8,1.8,-1.0,H,321.5622056307081,4.199999999999999,1.2000000000000002,0.55,0.28571428571428575,3,7,0.0,1.0,0.0,1.8,1.2,0.2,1.6,0.7151881400000002,-0.6156054,1.3307935400000002,0.7151881400000002,-0.6156054,2.0022653999999998,0.6904826000000001,1.4039118,1.930827,712800.0,3.481894150417827
2023-03-04,Man City,Newcastle,2.0,0.0,1.34144,0.359809,3,4,10,9,2.2,0.6,1.0,0.8,17.4,14.6,6.2,5.0,6.6,8.2,-1.5999999999999996,1.8,1.8,0.0,H,160.18836621172022,2.799999999999999,1.2000000000000002,0.3548387096774194,0.12,7,14,0.3333333333333333,0.3333333333333333,0.3333333333333333,2.4,1.2,1.6,0.4,1.3145418,0.3241748,0.990367,1.3145418,0.3241748,2.649486,1.4273446,1.05514738,0.9623282,608400.0,2.1233382570162482
2023-03-05,Nott'm Forest,Everton,2.0,2.0,0.799733,1.70877,4,-1,11,1,0.6,0.4,1.6,1.6,9.6,11.2,2.4,4.2,2.6,4.4,-1.8000000000000003,1.6,2.6,-1.0,D,45.53981471908469,-1.5999999999999996,-1.8000000000000003,0.25,0.09523809523809523,8,4,0.0,0.0,1.0,1.2,0.4,0.2,2.4,-1.2825714000000001,-0.29450679999999974,-0.9880646000000004,-1.2825714000000001,-0.29450679999999974,1.0871438,0.62758298,1.4509922000000002,2.518128,-36900.0,0.9106861914558877
2023-03-05,Liverpool,Man United,7.0,0.0,3.44269,0.837542,-3,0,13,10,1.2,2.2,0.6,1.2,15.4,16.2,5.4,5.8,5.0,4.8,0.20000000000000018,2.0,1.0,1.0,H,41.23874536340736,-0.7999999999999989,-0.39999999999999947,0.2222222222222222,0.37931034482758624,4,14,0.6666666666666666,0.3333333333333333,0.0,1.8,0.4,1.6,1.0,0.6386885999999998,0.3534615999999997,0.2852270000000001,0.6386885999999998,0.3534615999999997,2.200976,1.7588572,1.0662786,1.4995102,-35900.0,0.9576526098496019
2023-03-06,Brentford,Fulham,3.0,2.0,2.44358,1.67531,-2,1,11,10,1.4,0.8,0.4,0.4,10.6,10.2,3.0,3.8,3.6,3.2,0.3999999999999999,1.6,2.4,-0.7999999999999998,H,73.5821927821753,0.40000000000000036,-0.7999999999999998,0.4666666666666666,0.2105263157894737,16,10,1.0,0.0,0.0,2.2,0.8,1.0,0.2,0.5688882000000001,-0.47701360000000015,1.0459018000000002,0.5688882000000001,-0.47701360000000015,1.7254909999999999,1.1483253999999998,1.0048169999999998,1.5929968,76100.0,1.2578786851914605
2023-03-11,Crystal Palace,Man City,0.0,1.0,0.185498,2.1884,-10,-10,4,7,0.6,2.6,1.0,0.8,7.0,16.6,1.6,5.8,4.2,7.0,-2.8,2.6,1.6,1.0,A,-289.3015580788797,-9.600000000000001,-4.199999999999999,0.37499999999999994,0.4482758620689655,7,7,0.3333333333333333,0.3333333333333333,0.3333333333333333,0.4,1.2,1.8,1.2,-0.6000308,1.6404546,-2.2404854,-0.6000308,1.6404546,0.6902766,1.8621653999999999,1.7008780000000001,1.463594,-826950.0,0.28091304347826085
2023-03-11,Leicester,Chelsea,1.0,3.0,2.36139,1.49478,-5,1,4,3,1.6,0.4,1.6,0.8,11.0,12.8,3.0,3.4,2.8,5.8,-3.0,2.2,2.0,0.20000000000000018,A,-101.287886111347,-1.8000000000000007,-0.3999999999999999,0.5333333333333333,0.11764705882352942,7,7,0.3333333333333333,0.3333333333333333,0.3333333333333333,1.2,1.6,0.6,1.2,-0.3860885399999998,0.4626310000000001,-0.8487195399999999,-0.3860885399999998,0.4626310000000001,0.9110072600000001,1.3559151999999999,1.3765618,1.0000396,-504250.0,0.49319061259359764
2023-03-11,Tottenham,Nott'm Forest,3.0,1.0,1.73482,1.62805,10,4,9,4,1.2,0.8,1.0,1.8,13.6,7.6,4.4,2.2,5.0,2.0,3.0,1.8,1.8,0.0,H,172.49073832183376,6.0,2.2,0.2727272727272727,0.36363636363636365,7,6,0.0,1.0,0.0,1.0,0.8,0.4,2.0,0.5551250000000003,-1.4183688,1.9734938000000004,0.5551250000000003,-1.4183688,1.2116232000000002,0.8626858000000001,0.9321702000000001,1.8637799999999998,272850.0,1.7251827242524918
2023-03-11,Everton,Brentford,1.0,0.0,1.71599,1.95088,-9,-5,6,9,0.6,1.6,2.0,0.8,10.8,11.0,4.0,3.4,3.6,3.0,0.6000000000000001,2.8,1.4,1.4,H,-120.49375323096228,-0.1999999999999993,0.6000000000000001,0.15,0.4705882352941177,6,5,0.3333333333333333,0.3333333333333333,0.3333333333333333,0.8,1.6,1.4,0.8,-0.3930609999999999,0.5167687999999999,-0.9098297999999998,-0.3930609999999999,0.5167687999999999,1.5043960000000003,1.67428,1.3878609999999998,1.1567732,41950.0,1.1130118534482758
2023-03-11,Bournemouth,Liverpool,1.0,0.0,1.10128,2.13465,-15,-9,5,4,1.0,2.6,1.8,0.0,9.0,14.6,2.8,6.2,2.8,4.4,-1.6000000000000005,2.0,2.2,-0.20000000000000018,H,-233.514392090799,-5.6,-3.4000000000000004,0.35714285714285715,0.41935483870967744,7,6,1.0,0.0,0.0,1.2,1.6,0.6,1.8,-0.8056394,1.4259882000000004,-2.2316276000000004,-0.8056394,1.4259882000000004,1.5575158000000002,1.6423580000000002,1.7254852,1.9741212000000001,-524650.0,0.35375993102174047
2023-03-11,Leeds,Brighton,2.0,2.0,0.596738,1.51388,-11,-4,5,11,0.6,1.6,1.2,0.8,11.4,18.2,2.8,6.6,6.4,7.2,-0.7999999999999998,2.0,1.0,1.0,D,-134.75657973428542,-6.799999999999999,-3.8,0.2142857142857143,0.24242424242424246,7,7,0.3333333333333333,0.0,0.6666666666666666,0.8,1.4,2.6,1.4,-0.5405968,1.9390228,-2.4796196,-0.5405968,1.9390228,0.9695729999999999,1.9965839999999997,1.4641916,1.2912518,-184650.0,0.6514722536806342
2023-03-12,Fulham,Arsenal,0.0,3.0,0.61832,2.64355,-7,-4,10,12,1.2,2.6,0.8,1.4,10.0,17.2,3.8,4.4,3.2,8.0,-4.8,2.8,0.8,1.9999999999999998,A,-227.88503236790095,-7.199999999999999,-0.6000000000000005,0.3157894736842105,0.5909090909090908,6,8,1.0,0.0,0.0,1.4,0.8,2.2,1.0,-0.6505846,1.02081214,-1.67139674,-0.6505846,1.02081214,1.1815758,1.9070702000000002,1.1551094000000002,1.06299166,-704900.0,0.2951
2023-03-12,Man United,Southampton,0.0,0.0,0.910911,1.18053,17,4,13,6,1.8,0.6,2.0,1.2,16.6,11.6,5.8,4.0,4.6,3.2,1.3999999999999995,1.2,3.6,-2.4000000000000004,D,228.7646554814689,5.000000000000002,1.7999999999999998,0.3103448275862069,0.15,7,8,0.0,0.3333333333333333,0.6666666666666666,2.4,0.8,0.8,1.4,0.35852879999999976,-0.5381028000000001,0.8966315999999999,0.35852879999999976,-0.5381028000000001,2.654632,0.6875751999999999,0.94947,1.4759416,427800.0,2.0186927015120846
2023-03-12,West Ham,Aston Villa,1.0,1.0,2.14634,1.99139,-7,-1,7,12,1.2,1.6,1.6,2.2,9.4,9.8,2.2,3.4,5.8,4.0,1.7999999999999998,1.2,1.4,-0.19999999999999996,D,-61.973301271650826,-0.40000000000000036,-1.1999999999999997,0.5454545454545454,0.4705882352941177,8,8,0.3333333333333333,0.6666666666666666,0.0,1.4,1.0,1.6,0.8,-0.2780992,-1.1200792000000004,0.8419800000000004,-0.2780992,-1.1200792000000004,1.6911541999999997,1.1743476000000002,0.9316320000000001,1.4443788000000002,-43950.0,0.9137474241978216
2023-03-12,Newcastle,Wolves,2.0,1.0,2.45527,0.709895,7,-4,8,5,0.4,0.8,1.2,1.0,11.6,9.2,4.4,2.8,7.0,4.6,2.4000000000000004,2.4,1.8,0.5999999999999999,H,153.2895488317631,2.4000000000000004,1.6000000000000005,0.09090909090909091,0.28571428571428575,8,8,0.6666666666666666,0.0,0.3333333333333333,0.6,0.6,0.8,1.6,-0.066689,-0.6904486,0.6237596,-0.066689,-0.6904486,1.8176940000000001,0.7402713999999999,1.0619752000000002,1.8553806000000002,43950.0,1.0883150808801367
2023-03-15,Brighton,Crystal Palace,1.0,0.0,0.588727,1.21452,5,5,9,4,1.6,0.4,0.8,0.8,18.4,5.8,6.2,1.0,7.4,3.6,3.8000000000000003,1.0,2.6,-1.6,H,103.0564553409979,12.599999999999998,5.2,0.25806451612903225,0.4,4,4,0.0,0.0,1.0,2.0,1.0,0.8,1.0,2.0053512,-0.8625011999999999,2.8678523999999994,2.0053512,-0.8625011999999999,2.465578,1.0489173999999999,1.1784294,1.3193498,206750.0,1.6399938090078936
2023-03-15,Southampton,Brentford,0.0,2.0,0.358977,1.66591,-11,-1,3,8,0.6,1.6,0.6,1.0,12.2,12.2,3.6,4.2,4.0,4.0,0.0,3.2,1.2,2.0,A,-170.09476417009205,0.0,-0.6000000000000001,0.16666666666666666,0.38095238095238093,3,4,1.0,0.0,0.0,0.6,1.4,1.0,0.6,-0.13956199999999996,0.604466,-0.7440279999999999,-0.13956199999999996,0.604466,1.1308508,1.8203760000000002,1.1361722,1.2405792000000002,48750.0,1.1313308189655173
2023-03-17,Nott'm Forest,Newcastle,1.0,2.0,0.531985,2.50027,-9,-3,9,6,0.8,0.8,2.4,1.4,8.2,12.2,2.8,4.6,4.0,6.0,-2.0,1.2,2.2,-1.0000000000000002,A,-187.78896733871784,-4.0,-1.7999999999999998,0.28571428571428575,0.1739130434782609,6,5,1.0,0.0,0.0,1.4,0.8,0.8,0.6,-1.2815608000000003,0.0602488000000001,-1.3418096000000004,-1.2815608000000003,0.0602488000000001,0.9995863999999999,1.2151044,1.5636422,0.9001602000000002,-165350.0,0.6947008862629247
2023-03-18,Chelsea,Everton,2.0,2.0,1.90027,1.64675,5,0,7,2,1.0,0.8,1.0,1.6,12.8,12.2,4.0,5.0,5.6,4.0,1.5999999999999996,2.2,2.6,-0.3999999999999999,D,112.56476278914988,0.6000000000000014,-1.0,0.25,0.16,7,7,0.3333333333333333,0.3333333333333333,0.3333333333333333,0.4,0.4,0.6,2.2,0.10503519999999966,-0.07392319999999963,0.1789583999999993,0.10503519999999966,-0.07392319999999963,1.5046372,0.8155857799999999,0.8607908,2.1867905999999997,581800.0,2.408205252329662
2023-03-18,Wolves,Leeds,2.0,4.0,2.76358,1.6549,6,0,9,1,0.6,0.6,1.2,1.2,8.4,12.2,3.2,3.2,4.8,6.2,-1.4000000000000004,1.8,1.6,0.19999999999999996,A,1.8286579846380848,-3.799999999999999,0.0,0.18749999999999997,0.18749999999999997,6,7,0.3333333333333333,0.3333333333333333,0.3333333333333333,1.0,0.4,0.6,1.4,-0.9022477999999999,-0.4349708,-0.46727699999999994,-0.9022477999999999,-0.4349708,1.1002151999999998,1.0744912,1.378587,1.476894,152500.0,1.4418368825148487
2023-03-18,Brentford,Leicester,1.0,1.0,0.476467,1.42133,9,5,13,3,1.4,1.0,1.0,1.8,11.6,12.6,4.4,3.4,3.8,2.6,1.1999999999999997,1.4,2.0,-0.6000000000000001,D,98.12774922615154,-1.0,1.0000000000000004,0.3181818181818181,0.29411764705882354,3,7,0.3333333333333333,0.3333333333333333,0.3333333333333333,2.4,0.8,1.0,2.0,0.5212356000000002,-0.4125545399999997,0.9337901399999999,0.5212356000000002,-0.4125545399999997,1.7636809999999996,1.4463726,1.1631216000000002,2.1733219999999998,-119500.0,0.7564703484817608
2023-03-18,Aston Villa,Bournemouth,3.0,0.0,3.45474,0.50014,8,0,7,3,1.4,1.2,1.6,1.6,8.4,7.6,3.4,2.8,2.2,2.8,-0.5999999999999996,1.4,2.2,-0.8000000000000003,H,120.32283425249966,0.8000000000000007,0.6000000000000001,0.4117647058823529,0.4285714285714286,6,7,1.0,0.0,0.0,1.6,2.0,0.6,1.8,-0.9512812000000004,-0.6825809999999999,-0.2687002000000005,-0.9512812000000004,-0.6825809999999999,1.0807014000000001,0.9504026,1.7611766,2.040629,222350.0,1.7741991643454038
2023-03-18,Southampton,Tottenham,3.0,3.0,2.52077,1.88473,-16,-2,3,6,0.4,1.6,0.6,1.2,10.2,14.2,3.4,5.2,3.6,4.6,-0.9999999999999996,3.0,2.0,1.0,D,-207.4144800010115,-4.0,-1.8000000000000003,0.11764705882352942,0.3076923076923077,3,7,0.3333333333333333,0.3333333333333333,0.3333333333333333,0.4,1.2,1.6,1.8,-0.5382244,0.4468924000000001,-0.9851168000000001,-0.5382244,0.4468924000000001,0.8612282,1.239381,1.2679262000000002,1.2394264,-229150.0,0.6469727314743491
2023-03-19,Arsenal,Crystal Palace,4.0,1.0,1.53568,1.19194,11,13,10,1,3.0,0.2,0.8,0.8,18.2,6.8,5.6,1.4,9.4,4.2,5.2,0.6,2.2,-1.6,H,265.7393594387852,11.399999999999999,4.199999999999999,0.5357142857142857,0.14285714285714288,7,4,0.3333333333333333,0.3333333333333333,0.3333333333333333,2.4,1.6,0.4,1.2,1.48726214,-0.3930364000000003,1.88029854,1.48726214,-0.3930364000000003,2.300696,0.9412934,1.5605411999999999,1.2579314,676950.0,3.095496053242532
2023-04-01,Chelsea,Aston Villa,0.0,2.0,2.38024,0.765794,1,-3,8,10,1.2,1.8,1.2,1.0,14.4,11.2,4.6,4.8,6.0,3.2,2.8,2.4,1.2,1.2,A,-13.290994814491114,3.200000000000001,-0.20000000000000018,0.2608695652173913,0.375,14,14,0.3333333333333333,0.6666666666666666,0.0,0.8,0.6,1.4,0.8,0.19087619999999994,0.3065431999999999,-0.11566699999999996,0.19087619999999994,0.3065431999999999,1.7859760000000002,1.3417515999999998,0.8461968000000001,1.7078254000000002,485400.0,1.9526052399175744
2023-04-01,Crystal Palace,Leicester,2.0,1.0,1.93471,0.198959,5,0,4,4,0.2,0.4,1.4,1.8,6.4,12.4,1.4,2.2,3.8,3.2,0.5999999999999996,2.0,1.4,0.6000000000000001,H,35.61079702651455,-6.0,-0.8000000000000003,0.14285714285714288,0.18181818181818182,13,14,0.3333333333333333,0.0,0.6666666666666666,0.4,0.6,1.0,1.8,-0.5641674000000001,-0.28257994,-0.2815874600000001,-0.5641674000000001,-0.28257994,0.5698712,1.5579762000000001,1.8055299999999999,1.8636893999999997,-167650.0,0.6583452211126961
2023-04-01,Brighton,Brentford,3.0,3.0,3.8195,1.2788,1,0,12,8,1.6,1.4,0.8,1.0,16.6,12.0,6.0,4.4,6.2,4.6,1.6000000000000005,0.6,1.2,-0.6,D,13.56052529343333,4.600000000000001,1.5999999999999996,0.26666666666666666,0.3181818181818181,17,14,0.6666666666666666,0.3333333333333333,0.0,1.8,0.2,1.0,0.4,1.5504601999999998,0.1706629999999998,1.3797972,1.5504601999999998,0.1706629999999998,2.3519973999999997,1.4955340000000001,0.7771214000000001,0.9913746,158600.0,1.4272629310344827
2023-04-01,Nott'm Forest,Wolves,1.0,1.0,1.11441,0.383739,-3,-2,8,4,1.0,1.0,2.4,1.8,7.2,10.0,3.2,4.0,3.8,3.4,0.3999999999999999,2.0,1.8,0.19999999999999996,D,-7.3190051504723215,-2.8,-0.7999999999999998,0.3125,0.25,15,14,1.0,0.0,0.0,1.4,1.0,0.8,1.8,-1.4731746000000003,-0.6322467999999999,-0.8409278000000004,-1.4731746000000003,-0.6322467999999999,0.9089396000000001,0.715746,1.7890861999999998,2.1399826,-121400.0,0.7560534512207374
2023-04-01,Arsenal,Leeds,4.0,1.0,3.29548,0.497609,14,8,10,4,3.0,1.4,0.6,1.2,17.2,11.2,5.6,2.8,8.6,5.6,3.0,0.4,2.2,-1.8000000000000003,H,296.49704406030105,6.0,2.8,0.5357142857142857,0.5,13,14,0.3333333333333333,0.6666666666666666,0.0,2.6,1.4,1.2,1.4,1.0511985399999997,-0.7742827999999997,1.8254813399999994,1.0511985399999997,-0.7742827999999997,2.027286,0.9128812,1.74448,1.700412,654850.0,2.897291032884253
2023-04-01,Man City,Liverpool,4.0,1.0,3.01243,0.318171,6,3,13,4,2.2,2.2,0.6,0.2,16.0,14.6,4.8,6.2,6.6,5.4,1.1999999999999993,1.8,2.2,-0.40000000000000013,H,138.1710469797697,1.4000000000000004,-1.4000000000000004,0.45833333333333337,0.3548387096774194,21,21,0.3333333333333333,0.0,0.6666666666666666,2.6,0.8,0.4,1.4,1.3741306000000002,1.2665464000000002,0.10758420000000002,1.3741306000000002,1.2665464000000002,2.5967739999999995,1.648366,0.46908518,1.7745571999999998,338150.0,1.416517829648334
2023-04-01,Bournemouth,Fulham,2.0,1.0,3.14054,0.601049,-9,-1,5,7,1.0,1.2,2.0,1.4,7.4,10.4,2.4,3.4,3.2,3.6,-0.3999999999999999,2.6,2.0,0.6000000000000001,H,-45.97098086644701,-3.0,-1.0,0.4166666666666667,0.35294117647058826,14,20,0.0,0.0,1.0,0.8,1.6,0.8,0.8,-1.2727110000000001,-0.8713567999999998,-0.4013542000000003,-1.2727110000000001,-0.8713567999999998,1.2864878000000002,0.9435334000000001,1.9986640000000002,1.9973619999999996,-7900.0,0.9732294137580482
2023-04-02,West Ham,Southampton,1.0,0.0,1.40363,0.318261,1,0,8,7,1.2,0.8,1.6,1.2,10.8,12.4,3.2,3.8,8.0,5.2,2.8,1.2,2.0,-0.8,H,81.80733137943866,-1.5999999999999996,-0.5999999999999996,0.37499999999999994,0.2105263157894737,21,15,0.0,0.3333333333333333,0.6666666666666666,1.6,0.8,0.6,1.0,-0.25700520000000004,-0.21147680000000024,-0.0455283999999998,-0.25700520000000004,-0.21147680000000024,1.976278,0.7839389999999999,1.008778,1.3595138,45650.0,1.108703417073461
2023-04-02,Newcastle,Man United,2.0,0.0,3.33162,0.334127,-2,-1,8,7,1.0,1.4,1.4,1.8,13.6,15.8,5.0,5.6,6.6,5.0,1.5999999999999996,2.0,1.4,0.6000000000000001,H,26.60555937572508,-2.200000000000001,-0.5999999999999996,0.2,0.25,16,21,0.3333333333333333,0.0,0.6666666666666666,0.8,0.8,1.2,2.2,0.4638017999999997,0.16649500000000006,0.29730679999999965,0.4638017999999997,0.16649500000000006,2.036728,1.2510376,1.1321332,1.8476122,-306150.0,0.638867590681215
2023-04-03,Everton,Tottenham,1.0,1.0,0.823365,1.39177,-13,-5,9,4,1.0,2.0,2.0,1.0,11.6,15.4,4.4,5.0,3.2,4.2,-1.0,2.6,1.8,0.8,D,-156.35688719640848,-3.8000000000000007,-0.5999999999999996,0.22727272727272727,0.4,16,16,0.6666666666666666,0.0,0.3333333333333333,0.8,0.8,1.4,2.4,-0.31276859999999984,0.3786824,-0.6914509999999998,-0.31276859999999984,0.3786824,1.6138020000000002,1.283299,1.276575,1.5860754,-235950.0,0.6364966877214605
2023-04-04,Leicester,Aston Villa,1.0,2.0,0.671597,1.00159,-10,-12,4,10,0.6,1.8,1.6,0.2,9.2,10.8,2.0,4.2,2.2,3.2,-1.0,1.8,1.4,0.40000000000000013,A,-125.94724666467528,-1.6000000000000014,-2.2,0.3,0.42857142857142855,3,3,0.3333333333333333,0.3333333333333333,0.3333333333333333,1.4,1.6,1.4,0.8,-0.05976013999999985,0.48846560000000006,-0.5482257399999999,-0.05976013999999985,0.48846560000000006,1.32108726,1.2514444,1.3227538,2.0699968,-18850.0,0.9630065744284172
2023-04-04,Bournemouth,Brighton,0.0,2.0,1.15322,2.63392,-10,-2,8,9,1.2,2.0,2.2,1.2,8.8,19.8,3.6,7.6,3.6,7.8,-4.199999999999999,2.2,0.8,1.4000000000000001,A,-161.98517461561983,-11.0,-3.9999999999999996,0.3333333333333333,0.2631578947368421,3,3,1.0,0.0,0.0,1.2,1.4,2.4,1.4,-0.8130777999999999,1.714294,-2.5273718,-0.8130777999999999,1.714294,1.735432,1.92461,1.7683458,1.1520953999999999,-242600.0,0.542091355228388
2023-04-04,Leeds,Nott'm Forest,2.0,1.0,2.43248,0.613917,-2,5,6,4,1.6,1.0,1.8,2.4,11.0,9.8,3.8,4.4,5.4,4.6,0.8000000000000007,2.0,2.4,-0.3999999999999999,H,32.63033113460483,1.1999999999999993,-0.6000000000000005,0.4210526315789474,0.22727272727272727,3,3,1.0,0.0,0.0,1.0,1.2,0.6,2.0,-1.1457156000000002,-0.9905784,-0.1551372000000002,-1.1457156000000002,-0.9905784,0.9681704,1.0928806000000002,0.9344695999999999,1.783408,-31100.0,0.9173421926910299
2023-04-04,Chelsea,Liverpool,0.0,0.0,2.18903,0.202217,-2,0,5,4,1.2,2.0,1.4,1.0,16.4,12.8,5.2,5.0,7.0,4.2,2.8,2.4,2.2,0.19999999999999973,D,-100.51689817318288,3.599999999999998,0.20000000000000018,0.23076923076923075,0.4,3,3,0.0,0.0,1.0,0.6,1.0,0.6,1.6,0.3142258000000002,0.6443006,-0.3300747999999998,0.3142258000000002,0.6443006,1.8360499999999997,1.4542942,0.8318823999999999,1.8969192,183100.0,1.2255342735727044
2023-04-05,West Ham,Newcastle,1.0,5.0,0.83342,2.84091,-12,-2,11,6,1.2,1.2,1.4,1.2,11.2,15.0,3.2,4.8,8.0,6.8,1.2000000000000002,1.0,1.4,-0.3999999999999999,A,-188.4919852111664,-3.8000000000000007,-1.5999999999999996,0.37499999999999994,0.25,3,3,0.0,0.3333333333333333,0.6666666666666666,1.8,0.4,0.6,0.8,-0.07506840000000015,1.0625104000000005,-1.1375788000000007,-0.07506840000000015,1.0625104000000005,2.029046,1.3623944,0.7695582000000001,0.9443591999999998,-76000.0,0.8596750369276218
2023-04-05,Man United,Brentford,1.0,0.0,1.1445,0.64499,4,-1,11,6,1.0,1.8,1.8,1.4,12.2,11.0,4.4,4.4,4.6,4.2,0.39999999999999947,1.2,1.0,0.19999999999999996,H,82.85280647811737,1.1999999999999993,0.0,0.22727272727272727,0.40909090909090906,3,4,0.6666666666666666,0.3333333333333333,0.0,1.8,0.8,1.2,1.0,-0.7220580000000001,-0.2350939999999997,-0.4869640000000004,-0.7220580000000001,-0.2350939999999997,2.2420482,1.4484219999999999,1.0497716000000001,1.5273166,476550.0,2.2838092672413794
2023-04-08,Wolves,Chelsea,1.0,0.0,0.601153,0.815308,-3,-4,9,5,1.0,1.2,1.8,1.0,10.0,16.8,3.8,5.4,3.4,6.8,-3.4,2.8,2.0,0.7999999999999998,H,-53.52839895197326,-6.800000000000001,-1.6000000000000005,0.2631578947368421,0.2222222222222222,7,4,0.3333333333333333,0.0,0.6666666666666666,1.4,1.0,1.0,1.2,-0.7951737999999997,0.8443948000000001,-1.6395685999999998,-0.7951737999999997,0.8443948000000001,1.5353968,1.3802612,1.2201110000000002,1.2752738000000001,-497300.0,0.5001758882355898
2023-04-08,Tottenham,Brighton,2.0,1.0,0.594139,1.47549,1,-3,12,9,1.8,2.4,1.2,1.0,13.8,18.8,4.2,7.4,4.0,6.8,-2.8,2.0,1.0,1.0,H,50.10934011307586,-5.0,-3.2,0.42857142857142855,0.3243243243243243,5,4,0.0,1.0,0.0,1.6,0.6,2.2,1.2,0.27931400000000006,1.5125267999999998,-1.2332127999999998,0.27931400000000006,1.5125267999999998,1.4447106,2.249966,1.0143142,1.0413214,119300.0,1.2251793129482824
2023-04-08,Southampton,Man City,1.0,4.0,0.492801,3.05999,-18,-8,4,10,0.8,2.4,1.2,0.6,12.6,17.6,4.0,5.2,5.4,7.4,-2.0,1.6,1.4,0.20000000000000018,A,-400.1083232868748,-5.000000000000002,-1.2000000000000002,0.2,0.4615384615384615,6,7,0.3333333333333333,0.0,0.6666666666666666,1.0,1.6,1.8,0.8,-0.36276660000000005,1.8515783999999997,-2.214345,-0.36276660000000005,1.8515783999999997,1.2395082000000002,2.1524554,1.4002241999999998,1.1042376,-730050.0,0.36517391304347824
2023-04-08,Leicester,Bournemouth,0.0,1.0,0.731965,1.92396,-1,-5,4,3,0.8,1.0,1.8,1.8,10.8,9.0,2.8,3.8,3.0,3.8,-0.7999999999999998,2.2,2.0,0.20000000000000018,A,-20.53858561099537,1.8000000000000007,-1.0,0.28571428571428575,0.2631578947368421,4,4,1.0,0.0,0.0,1.6,1.8,0.6,1.8,0.014583800000000258,-0.7298597999999996,0.7444435999999999,0.014583800000000258,-0.7298597999999996,1.16496466,0.9146262000000001,1.2560858,2.1368110000000002,203500.0,1.708565459610028
2023-04-08,Aston Villa,Nott'm Forest,2.0,0.0,1.42718,0.232452,11,11,9,1,1.8,1.2,0.4,2.0,12.0,10.8,4.2,4.0,4.6,4.8,-0.20000000000000018,1.2,3.2,-2.0,H,157.01851375898104,1.1999999999999993,0.20000000000000018,0.42857142857142855,0.3,4,4,0.0,0.0,1.0,2.0,1.8,0.6,2.4,0.45060819999999957,-0.8143968000000001,1.2650049999999997,0.45060819999999957,-0.8143968000000001,1.5651974000000002,0.971016,1.6947001999999998,2.14403,133300.0,1.3542857142857143
2023-04-08,Brentford,Newcastle,1.0,2.0,2.06521,1.02337,-6,-7,11,8,1.2,2.2,1.2,1.0,9.4,15.2,3.4,5.6,4.4,6.8,-2.3999999999999995,1.4,1.4,0.0,A,-127.35235565804032,-5.799999999999999,-2.1999999999999997,0.35294117647058826,0.3928571428571429,3,3,0.3333333333333333,0.3333333333333333,0.3333333333333333,2.0,0.8,1.6,1.0,-0.48865000000000025,1.5474023999999997,-2.0360524,-0.48865000000000025,1.5474023999999997,1.4391544,1.7386717999999999,1.0264655999999999,0.9169158000000002,-170400.0,0.6853766617429837
2023-04-08,Man United,Everton,2.0,0.0,4.38578,0.949183,12,1,11,2,0.8,1.2,1.8,1.8,13.6,11.6,4.0,4.6,6.4,2.8,3.6000000000000005,1.6,2.2,-0.6000000000000001,H,199.05965312353737,2.0,-0.5999999999999996,0.2,0.2608695652173913,3,5,0.3333333333333333,0.3333333333333333,0.3333333333333333,1.6,0.6,0.8,2.4,-0.5045800000000003,-0.3225935999999996,-0.18198640000000066,-0.5045800000000003,-0.3225935999999996,2.0744922,1.1297354,1.0313796,2.0941786000000002,434600.0,2.051918189519545
2023-04-08,Fulham,West Ham,0.0,1.0,0.456524,1.23261,6,-3,7,2,1.0,1.4,1.8,2.0,9.2,11.4,3.2,3.4,3.2,8.0,-4.8,2.8,1.2,1.5999999999999999,A,-18.980362968797635,-2.200000000000001,-0.19999999999999973,0.3125,0.4117647058823529,7,3,1.0,0.0,0.0,1.0,1.2,0.6,2.0,-1.5812982,-0.2635169999999998,-1.3177812000000002,-1.5812982,-0.2635169999999998,1.0066298000000002,0.7842166,1.5440771999999998,1.6446224,-170500.0,0.6338058419243986
2023-04-09,Leeds,Crystal Palace,1.0,5.0,1.02075,3.22687,-2,4,8,1,1.8,0.6,2.0,1.6,12.4,11.4,4.2,3.2,5.8,4.8,1.0,1.8,2.2,-0.40000000000000013,A,-55.10040531670848,1.0,1.0,0.42857142857142855,0.18749999999999997,5,8,0.6666666666666666,0.0,0.3333333333333333,1.0,1.0,0.6,1.8,-0.8477870000000001,-0.14458840000000006,-0.7031986,-0.8477870000000001,-0.14458840000000006,1.2031264000000002,1.0122082,0.798763,1.1390933999999997,22100.0,1.06841046277666
2023-04-09,Liverpool,Arsenal,2.0,2.0,4.64012,1.53631,-7,-8,13,12,2.0,3.6,1.0,0.8,11.8,17.8,5.0,6.4,4.6,7.8,-3.2,2.0,0.2,1.8,D,-86.8060518530051,-6.0,-1.4000000000000004,0.4,0.5625,5,8,0.6666666666666666,0.3333333333333333,0.0,2.6,0.2,2.0,0.6,0.1745091999999997,1.4704301999999998,-1.295921,0.1745091999999997,1.4704301999999998,2.3406779999999996,1.7915682,0.9469329999999999,0.95532966,-188150.0,0.81185
2023-04-15,Wolves,Brentford,2.0,0.0,0.93912,1.5133,-4,2,9,5,1.2,1.4,1.4,1.4,11.0,9.4,4.4,3.8,4.6,4.0,0.5999999999999996,2.6,1.2,1.4000000000000001,H,-30.558461341391197,1.5999999999999996,0.6000000000000005,0.2727272727272727,0.3684210526315789,7,7,0.0,0.6666666666666666,0.3333333333333333,1.4,1.0,1.2,1.2,-0.45498479999999986,-0.3272599999999999,-0.12772479999999997,-0.45498479999999986,-0.3272599999999999,1.4943810000000002,1.543192,1.2361516000000001,1.6812694000000001,126450.0,1.3406519396551724
2023-04-15,Tottenham,Bournemouth,2.0,3.0,2.30604,1.20598,10,-1,15,6,1.8,0.8,1.4,1.2,14.0,12.0,4.2,4.4,3.8,4.8,-1.0,2.2,2.2,0.0,A,133.1612463810534,2.0,-0.20000000000000018,0.42857142857142855,0.18181818181818182,7,7,0.0,1.0,0.0,2.0,0.4,0.8,1.4,-0.02976259999999975,-0.3474367999999999,0.31767420000000013,-0.02976259999999975,-0.3474367999999999,1.2214744000000002,1.2455615999999998,0.9009481999999999,2.023574,361900.0,2.260097493036212
2023-04-15,Southampton,Crystal Palace,0.0,2.0,0.678449,0.86306,-7,-4,4,4,0.8,1.6,2.0,1.6,11.2,14.0,3.2,4.8,4.8,4.8,0.0,0.8,1.8,-1.0,A,-131.40294644947517,-2.8000000000000007,-1.5999999999999996,0.25,0.33333333333333337,7,6,0.3333333333333333,0.3333333333333333,0.3333333333333333,1.2,2.2,1.4,1.6,-0.8107663999999997,0.44420439999999983,-1.2549707999999995,-0.8107663999999997,0.44420439999999983,1.2035796,1.3816222,1.7793582000000001,0.9291734,96900.0,1.2999535675592013
2023-04-15,Man City,Leicester,3.0,1.0,1.60702,1.92692,17,14,15,4,3.0,0.8,0.6,1.8,15.0,11.4,5.6,3.6,7.4,3.4,4.0,1.8,1.8,0.0,H,376.19754091677873,3.5999999999999996,1.9999999999999996,0.5357142857142857,0.22222222222222224,7,7,0.3333333333333333,0.6666666666666666,0.0,3.2,0.8,1.2,1.8,2.0285542000000003,-0.2892532000000001,2.3178074000000004,2.0285542000000003,-0.2892532000000001,2.726594,1.4370838,0.517519,1.9000054,659300.0,2.343590788669248
2023-04-15,Chelsea,Brighton,1.0,2.0,0.46331,2.52107,-4,-3,5,6,1.0,1.8,1.2,1.4,16.8,18.2,5.0,6.4,7.4,6.8,0.6000000000000005,2.6,1.2,1.4000000000000001,A,-75.89239451746676,-1.3999999999999986,-1.4000000000000004,0.2,0.28125,7,7,0.3333333333333333,0.0,0.6666666666666666,0.6,1.0,1.6,1.4,0.6404648000000002,1.03882,-0.3983551999999999,0.6404648000000002,1.03882,1.9909139999999996,2.043602,0.7736576,0.9263572,465150.0,1.8779728199320498
2023-04-15,Aston Villa,Newcastle,3.0,0.0,1.91802,0.425086,-4,-2,9,10,2.0,2.6,0.4,0.8,12.0,16.2,4.6,6.0,4.4,7.0,-2.5999999999999996,1.4,0.6,0.7999999999999999,H,-52.321571573777646,-4.199999999999999,-1.4000000000000004,0.4347826086956522,0.43333333333333335,7,7,1.0,0.0,0.0,2.0,1.6,2.0,1.2,0.5419849999999999,1.5353606000000002,-0.9933756000000002,0.5419849999999999,1.5353606000000002,1.5214354,1.6545777999999998,1.2486006,1.2633269999999999,-32050.0,0.9408234859675036
2023-04-15,Everton,Fulham,1.0,3.0,2.24262,1.92209,-7,5,10,4,1.2,0.8,1.4,2.0,13.0,11.4,3.8,3.4,3.4,5.0,-1.6,1.8,2.0,-0.19999999999999996,A,-51.81018058546715,1.5999999999999996,0.3999999999999999,0.3157894736842105,0.23529411764705885,7,7,0.0,0.0,1.0,0.8,0.6,0.8,1.2,-0.7168749999999999,-1.2386081999999998,0.5217331999999999,-0.7168749999999999,-1.2386081999999998,1.5420930000000002,0.7967572,1.3381049999999999,2.335028,118050.0,1.4000338868180278
2023-04-16,West Ham,Arsenal,2.0,2.0,1.96095,2.71782,-14,-6,8,10,0.8,3.2,2.0,1.2,9.6,16.6,3.4,6.4,6.4,7.6,-1.1999999999999993,1.4,1.0,0.3999999999999999,D,-232.4794705221705,-7.000000000000002,-3.0000000000000004,0.23529411764705885,0.5,8,7,0.6666666666666666,0.3333333333333333,0.0,1.6,1.4,2.0,1.0,-0.6481939999999995,0.5566301999999999,-1.2048241999999993,-0.6481939999999995,0.5566301999999999,1.701972,1.6903661999999997,1.2803749999999998,1.54128966,-534400.0,0.4656
2023-04-16,Nott'm Forest,Man United,0.0,2.0,1.05289,3.33747,-14,-6,6,4,0.8,0.6,2.0,1.8,10.0,14.2,3.6,4.6,5.8,7.2,-1.4000000000000004,3.4,1.6,1.7999999999999998,A,-238.56069925813156,-4.199999999999999,-0.9999999999999996,0.22222222222222224,0.13043478260869565,8,8,1.0,0.0,0.0,1.2,1.2,1.0,2.6,-0.871535,-0.3872306000000003,-0.48430439999999964,-0.871535,-0.3872306000000003,0.7811956,0.828407,1.7051498000000003,2.3964018,-471500.0,0.44382188145089946
2023-04-17,Leeds,Liverpool,1.0,6.0,1.16748,2.65476,-8,2,7,5,2.0,2.0,2.8,1.4,12.4,13.0,5.2,5.0,4.8,4.6,0.20000000000000018,2.4,2.4,0.0,A,-219.3593877670878,-0.5999999999999996,0.20000000000000018,0.3846153846153846,0.4,8,8,0.3333333333333333,0.6666666666666666,0.0,1.2,2.0,0.6,1.0,-1.0422500000000001,0.4122511999999998,-1.4545012,-1.0422500000000001,0.4122511999999998,1.3323292,1.2343516,1.4099089999999999,1.8080691999999998,-466700.0,0.42514011208967173
2023-04-21,Arsenal,Southampton,3.0,3.0,2.39609,1.43063,19,10,12,4,3.0,0.8,1.2,2.4,12.6,10.0,5.6,3.2,4.6,4.4,0.1999999999999993,1.4,1.4,0.0,D,321.9836602837813,2.5999999999999996,2.3999999999999995,0.5357142857142857,0.25,5,6,0.6666666666666666,0.0,0.3333333333333333,3.2,1.4,0.2,1.0,0.5639802,-0.9016124000000001,1.4655926000000001,0.5639802,-0.9016124000000001,2.412906,0.6307672,1.4089258,1.4038578000000002,580050.0,2.381235861412073
2023-04-22,Fulham,Leeds,2.0,1.0,1.43763,1.07482,6,-3,4,4,1.2,1.8,2.0,3.6,13.6,12.6,3.8,5.0,5.8,4.8,1.0,2.0,2.2,-0.20000000000000018,H,70.41505331370354,1.0,-1.2000000000000002,0.3157894736842105,0.36,7,5,0.0,1.0,0.0,0.6,1.2,1.4,2.0,-1.2859213999999999,-1.1562776,-0.12964379999999998,-1.2859213999999999,-1.1562776,0.9556814000000001,0.787741,1.3107772,2.2930080000000004,-50050.0,0.8549905838041432
2023-04-22,Brentford,Aston Villa,1.0,1.0,2.03162,1.66602,-4,-13,8,10,1.0,2.4,1.8,0.2,9.2,12.8,3.4,5.0,3.8,5.4,-1.6000000000000005,1.0,1.6,-0.6000000000000001,D,-67.27672110089202,-3.6000000000000014,-1.6,0.29411764705882354,0.48,7,7,0.6666666666666666,0.0,0.3333333333333333,1.8,1.2,1.6,1.0,-0.47381059999999975,0.8715617999999999,-1.3453723999999996,-0.47381059999999975,0.8715617999999999,1.5925664,1.2188984,1.177283,2.0698274,-138350.0,0.7284859189480914
2023-04-22,Crystal Palace,Everton,0.0,0.0,0.368137,0.433712,5,4,6,2,2.0,1.0,1.4,1.6,15.0,14.0,5.2,4.6,4.8,3.6,1.1999999999999997,1.6,1.4,0.20000000000000018,D,75.7697570143664,1.0,0.6000000000000005,0.3846153846153846,0.2173913043478261,7,7,1.0,0.0,0.0,0.6,0.6,0.8,2.4,0.8817070000000002,-0.8345764,1.7162834000000002,0.8817070000000002,-0.8345764,0.8741454000000001,1.2622068,1.5664478,2.4775766,-90100.0,0.7819193997337529
2023-04-22,Leicester,Wolves,2.0,1.0,2.66929,0.59626,-6,-6,3,5,0.8,1.4,1.8,1.4,10.0,11.6,3.0,5.2,3.4,4.8,-1.4,1.8,2.6,-0.8,H,-33.057355490147074,-1.5999999999999996,-2.2,0.26666666666666666,0.2692307692307692,7,7,0.6666666666666666,0.3333333333333333,0.0,1.2,1.6,1.0,1.4,-0.39859520000000015,-0.4311402,0.032544999999999824,-0.39859520000000015,-0.4311402,1.0394756600000001,0.6986383999999999,1.2518958,1.6973506,-6950.0,0.9860343614990456
2023-04-22,Liverpool,Nott'm Forest,3.0,2.0,3.32745,0.724666,11,4,11,0,1.8,0.6,1.6,1.8,12.0,9.4,4.8,2.6,4.2,4.6,-0.39999999999999947,2.2,3.6,-1.4,H,258.9660846650395,2.5999999999999996,2.1999999999999997,0.375,0.23076923076923075,5,6,1.0,0.0,0.0,2.6,0.4,0.4,2.6,0.1886776000000001,-1.3070970000000002,1.4957746000000003,0.1886776000000001,-1.3070970000000002,2.8637759999999997,0.7024184000000001,1.0815326,2.068368,435600.0,2.1577408637873754
2023-04-23,Newcastle,Tottenham,6.0,1.0,3.98532,0.883001,1,4,10,5,2.2,2.2,1.2,1.8,14.0,14.6,4.8,4.6,5.4,3.8,1.6000000000000005,0.6,2.2,-1.6,H,75.31756157102927,-0.5999999999999996,0.20000000000000018,0.45833333333333337,0.47826086956521746,8,8,0.3333333333333333,0.6666666666666666,0.0,1.2,0.8,1.2,1.8,0.8876987999999997,0.05156880000000008,0.8361299999999996,0.8876987999999997,0.05156880000000008,2.1453599999999997,1.328655,1.0955388000000001,1.2824164000000002,-107500.0,0.8343860730241873
2023-04-23,Bournemouth,West Ham,0.0,4.0,0.974687,2.52322,1,1,7,4,1.2,1.2,1.6,1.6,12.2,12.2,5.2,3.6,4.4,7.2,-2.8,2.2,1.0,1.2000000000000002,A,-57.23959389100173,0.0,1.6,0.23076923076923075,0.3333333333333333,8,7,1.0,0.0,0.0,1.0,1.6,0.4,1.6,-0.36077479999999973,-0.1495909999999998,-0.21118379999999992,-0.36077479999999973,-0.1495909999999998,1.6049779999999998,0.7722486,1.9800418,1.4843872,-178400.0,0.6168384879725086
2023-04-25,Leeds,Leicester,1.0,1.0,2.09645,2.08594,1,0,7,1,1.2,1.0,3.6,1.8,12.4,10.2,4.6,4.4,5.2,2.8,2.4000000000000004,2.0,1.6,0.3999999999999999,D,-12.83974970850295,2.200000000000001,0.1999999999999993,0.2608695652173913,0.22727272727272727,3,3,0.6666666666666666,0.0,0.3333333333333333,1.4,2.8,0.6,2.0,-1.0071035999999998,-0.17296179999999994,-0.8341417999999998,-1.0071035999999998,-0.17296179999999994,1.1874992,1.3228997999999998,1.6801109999999997,1.9216293999999998,-145550.0,0.7033829223558182
2023-04-25,Wolves,Crystal Palace,2.0,0.0,1.12829,0.580294,-2,-3,9,6,1.4,2.0,1.4,1.2,13.4,15.2,5.0,5.0,5.6,5.6,0.0,2.8,1.4,1.4,H,-1.4940618782441106,-1.799999999999999,0.0,0.27999999999999997,0.4,3,3,0.6666666666666666,0.3333333333333333,0.0,1.2,1.0,1.6,1.4,-0.4966712,0.7434333999999999,-1.2401046,-0.4966712,0.7434333999999999,1.1555490000000002,1.3298302,1.2784255999999998,0.9428422000000001,174600.0,1.540473610896146
2023-04-25,Aston Villa,Fulham,1.0,0.0,0.839159,0.079864,3,7,12,7,2.0,1.2,0.4,1.6,11.6,14.2,3.6,3.8,4.4,6.8,-2.3999999999999995,1.8,1.6,0.19999999999999996,H,120.49712790880858,-2.5999999999999996,-0.19999999999999973,0.5555555555555556,0.3157894736842105,3,3,1.0,0.0,0.0,2.2,0.8,1.4,1.2,0.20752179999999987,-1.0597054000000001,1.2672272,0.20752179999999987,-1.0597054000000001,1.6052594,0.9832008,0.8340498000000001,2.39104,214450.0,1.7267028126058963
2023-04-26,Nott'm Forest,Brighton,3.0,1.0,2.43846,2.33064,-11,-9,3,8,0.8,1.8,2.0,1.2,10.6,20.6,3.0,8.0,4.6,7.0,-2.4000000000000004,2.8,1.4,1.4,H,-134.8623137065058,-10.000000000000002,-5.0,0.26666666666666666,0.225,4,11,0.0,0.0,1.0,1.0,1.6,1.6,1.2,-1.4339967999999998,1.2669436000000003,-2.7009404000000004,-1.4339967999999998,1.2669436000000003,0.9252736,2.1588339999999997,2.1479818,0.7471372000000001,-153550.0,0.7101736504341261
2023-04-26,Chelsea,Brentford,0.0,2.0,1.21124,0.695344,-1,0,5,4,0.6,1.0,1.4,1.8,16.0,8.2,4.2,4.0,6.8,3.8,3.0,2.6,1.4,1.2000000000000002,A,-44.0796107067481,7.800000000000001,0.20000000000000018,0.14285714285714285,0.25,11,4,0.0,0.6666666666666666,0.3333333333333333,0.8,1.2,1.0,1.4,0.4022348,-0.21171800000000007,0.6139528000000001,0.4022348,-0.21171800000000007,1.7601299999999998,1.4107759999999998,1.1539651999999998,1.5956173999999999,623750.0,2.6803609913793105
2023-04-26,West Ham,Liverpool,1.0,2.0,0.939348,1.7045,-7,2,8,5,1.8,2.4,1.4,1.8,12.4,12.6,4.4,4.8,5.6,4.4,1.1999999999999993,1.2,2.0,-0.8,A,-173.29028541332104,-0.1999999999999993,-0.39999999999999947,0.40909090909090906,0.5,3,4,1.0,0.0,0.0,1.8,1.6,1.4,1.2,0.12912559999999984,0.5025603999999992,-0.3734347999999994,0.12912559999999984,0.5025603999999992,1.8789319999999996,1.3322056000000002,1.643846,1.6918612,-346250.0,0.5735049578124037
2023-04-26,Man City,Arsenal,4.0,1.0,2.01168,0.398372,-1,6,15,11,2.8,3.0,0.6,1.8,13.4,14.6,5.4,5.4,7.4,4.4,3.0,1.6,1.4,0.20000000000000018,H,105.21937333722416,-1.1999999999999993,0.0,0.5185185185185185,0.5555555555555555,11,5,0.3333333333333333,0.6666666666666666,0.0,3.0,0.6,2.4,1.2,1.5852162000000003,0.35202620000000007,1.2331900000000002,1.5852162000000003,0.35202620000000007,2.579666,2.0959098,0.669905,1.51509766,150000.0,1.15
2023-04-27,Everton,Newcastle,1.0,4.0,0.777008,2.86368,-16,-9,7,9,0.8,3.0,1.6,1.2,13.4,16.0,4.4,5.6,2.8,5.8,-3.0,1.2,0.4,0.7999999999999999,A,-242.3511545844208,-2.5999999999999996,-1.1999999999999993,0.18181818181818182,0.5357142857142857,5,4,1.0,0.0,0.0,0.8,1.2,1.8,1.6,-0.7744834,1.1145055999999998,-1.8889889999999998,-0.7744834,1.1145055999999998,1.5722349999999998,1.429889,1.5845026,1.338015,-128450.0,0.7628323485967504
2023-04-27,Southampton,Bournemouth,0.0,1.0,0.477034,0.988554,-5,-7,4,9,1.4,1.2,2.6,1.8,10.2,13.6,4.2,5.6,4.2,4.8,-0.5999999999999996,2.2,1.6,0.6000000000000001,A,-85.75507911959016,-3.4000000000000004,-1.3999999999999995,0.3333333333333333,0.2142857142857143,6,4,0.0,1.0,0.0,1.0,2.2,1.4,1.6,-0.8333178000000001,-0.0795614,-0.7537564000000001,-0.8333178000000001,-0.0795614,1.0788634000000001,1.3050979999999999,1.82884,1.9733900000000002,132750.0,1.4622214484679665
2023-04-27,Tottenham,Man United,2.0,2.0,2.37239,1.96508,-3,-5,12,6,1.8,1.0,2.8,0.4,13.8,17.0,3.8,5.4,4.0,8.4,-4.4,2.2,1.4,0.8000000000000003,D,-57.86680826368365,-3.1999999999999993,-1.6000000000000005,0.4736842105263158,0.18518518518518517,4,11,0.6666666666666666,0.3333333333333333,0.0,2.2,1.0,1.2,2.4,-0.5902489999999998,0.5907149999999999,-1.1809639999999997,-0.5902489999999998,0.5907149999999999,1.3983463999999999,1.217027,0.9873948,2.524312,-198650.0,0.7656738425243291
2023-04-29,Brighton,Wolves,6.0,0.0,3.60471,0.603985,5,-3,10,2,1.8,1.4,1.8,0.6,21.8,10.6,8.4,4.0,8.2,5.8,2.3999999999999995,1.2,3.2,-2.0,H,99.6147964114566,11.200000000000001,4.4,0.21428571428571427,0.35,3,4,0.0,1.0,0.0,1.8,0.8,0.8,1.6,1.3705381999999997,-0.6088080000000001,1.9793461999999997,1.3705381999999997,-0.6088080000000001,2.6357734,0.6947602,0.7751754,1.9708026,32150.0,1.0646036370943435
2023-04-29,Crystal Palace,West Ham,4.0,3.0,2.31888,1.98262,3,3,6,7,1.8,1.8,0.8,1.8,16.4,11.4,5.0,4.4,7.0,5.2,1.7999999999999998,2.0,1.2,0.8,H,23.561727713062965,4.999999999999998,0.5999999999999996,0.36,0.40909090909090906,4,3,0.0,0.6666666666666666,0.3333333333333333,0.6,0.6,1.2,1.4,0.7025821999999999,-0.24097860000000026,0.9435608000000002,0.7025821999999999,-0.24097860000000026,0.881142,1.1298716,1.3644222,1.5180782000000002,-142550.0,0.6938359106529209
2023-04-29,Brentford,Nott'm Forest,2.0,1.0,1.32059,0.939693,8,1,6,0,0.8,1.2,1.2,2.0,8.2,9.6,3.2,2.6,4.2,4.2,0.0,1.6,2.6,-1.0,H,133.44229799089885,-1.4000000000000004,0.6000000000000001,0.25,0.4615384615384615,3,3,0.0,0.0,1.0,1.4,1.4,0.8,2.8,0.19324280000000016,-1.5585669999999996,1.7518097999999998,0.19324280000000016,-1.5585669999999996,1.5253964,0.7099868,1.38161,2.39445,-5050.0,0.986578073089701
2023-04-30,Liverpool,Tottenham,4.0,3.0,2.42911,1.44927,-2,6,13,2,2.6,1.6,1.2,2.6,15.8,14.0,5.4,4.6,5.4,4.6,0.8000000000000007,1.8,2.2,-0.40000000000000013,H,108.63956972461052,1.8000000000000007,0.8000000000000007,0.48148148148148145,0.3478260869565218,4,3,0.0,0.3333333333333333,0.6666666666666666,3.2,0.8,1.2,3.0,1.1944425999999995,-0.3815789999999999,1.5760215999999994,1.1944425999999995,-0.3815789999999999,3.2690159999999997,1.3064942,0.8575318000000001,1.8608024000000003,162750.0,1.2507317824680326
2023-04-30,Newcastle,Southampton,3.0,1.0,3.91457,0.897175,17,11,10,5,3.4,0.8,1.4,2.2,14.6,8.6,6.0,3.2,7.2,3.4,3.8000000000000003,0.6,2.0,-1.4,H,298.8112221945569,6.0,2.8,0.5666666666666667,0.25,3,3,0.0,0.6666666666666666,0.3333333333333333,2.2,1.0,0.8,1.0,0.9323414000000003,-1.0628297999999998,1.9951712000000001,0.9323414000000003,-1.0628297999999998,2.549912,0.7880162,1.0741646,1.4095818,121650.0,1.2896773425407786
2023-04-30,Bournemouth,Leeds,4.0,1.0,2.51723,1.33691,2,5,6,3,1.0,1.2,1.6,3.0,14.4,13.6,4.6,4.2,4.8,5.2,-0.40000000000000036,2.0,2.4,-0.3999999999999999,H,68.69927840379455,0.8000000000000007,0.39999999999999947,0.2173913043478261,0.2857142857142857,3,5,1.0,0.0,0.0,0.8,2.2,1.2,2.0,-0.48515560000000013,-0.4454274000000005,-0.03972819999999966,-0.48515560000000013,-0.4454274000000005,1.4909994000000002,0.8917454000000001,2.1749798,2.18052,-57950.0,0.8321019846443575
2023-04-30,Fulham,Man City,1.0,2.0,0.431813,2.32338,-8,-9,7,13,1.2,3.2,1.2,0.8,12.0,14.0,3.4,6.6,6.4,6.0,0.40000000000000036,2.0,1.8,0.19999999999999996,A,-333.22258749908,-2.0,-3.1999999999999997,0.35294117647058826,0.4848484848484849,5,4,1.0,0.0,0.0,1.0,1.2,2.6,0.8,-0.8065183999999996,1.7115515999999997,-2.5180699999999994,-0.8065183999999996,1.7115515999999997,1.0245294,2.6097040000000002,1.3269802,0.9184618,-854900.0,0.2566086956521739
2023-04-30,Man United,Aston Villa,1.0,0.0,1.3056,0.434738,3,-3,11,11,1.4,1.8,0.8,0.4,18.4,13.4,6.2,3.8,8.6,5.6,3.0,1.4,1.8,-0.40000000000000013,H,71.34068176900405,4.999999999999998,2.4000000000000004,0.2258064516129032,0.4736842105263158,3,5,0.3333333333333333,0.3333333333333333,0.3333333333333333,1.6,0.4,1.6,0.6,0.5631767999999999,0.6822699999999999,-0.11909320000000001,0.5631767999999999,0.6822699999999999,2.5375782,1.4970328,0.9452562,1.7541774000000003,338200.0,1.6637228927485035
2023-05-01,Leicester,Everton,2.0,2.0,3.32486,3.28648,1,2,3,3,1.0,0.6,1.6,2.0,12.6,13.6,4.6,4.8,3.8,3.0,0.7999999999999998,1.2,1.2,0.0,D,10.844731074458425,-1.0,-0.20000000000000018,0.2173913043478261,0.125,6,4,0.0,0.6666666666666666,0.3333333333333333,0.8,1.6,0.8,2.0,0.1720864000000002,-1.1411137999999998,1.3132002,0.1720864000000002,-1.1411137999999998,1.29091766,1.268483,1.1477298,2.104622,77550.0,1.1877042236475857
2023-05-02,Arsenal,Chelsea,3.0,1.0,2.7832,0.785202,10,5,13,5,2.4,0.2,2.4,1.4,13.2,15.0,4.8,3.6,4.0,6.2,-2.2,1.6,2.4,-0.7999999999999998,H,221.4958598932792,-1.8000000000000007,1.1999999999999997,0.5,0.05555555555555556,6,6,0.0,1.0,0.0,3.6,1.4,0.8,1.0,-0.03938340000000018,0.45470999999999995,-0.4940934000000001,-0.03938340000000018,0.45470999999999995,2.551846,1.0635008000000001,1.2933698000000002,1.2532512,5050.0,1.0050756319413037
2023-05-03,Man City,West Ham,3.0,0.0,2.99908,0.492075,13,8,15,6,3.4,2.2,1.0,1.6,13.6,11.6,7.6,4.8,5.8,4.8,1.0,2.0,1.2,0.8,H,336.866873710087,2.0,2.8,0.4473684210526316,0.45833333333333337,3,4,0.3333333333333333,0.3333333333333333,0.3333333333333333,3.2,0.8,1.6,2.0,1.6892845999999997,0.09326739999999978,1.5960172,1.6892845999999997,0.09326739999999978,2.3164880000000005,1.2707336000000002,0.655724,1.7360882,684400.0,2.4699312714776633
2023-05-03,Liverpool,Fulham,1.0,0.0,1.67372,0.740125,5,7,13,6,3.4,1.2,1.8,1.2,16.8,10.8,5.4,3.2,5.4,6.2,-0.7999999999999998,1.6,1.4,0.20000000000000018,H,221.59448286741235,6.0,2.2,0.6296296296296295,0.37499999999999994,3,3,0.0,0.0,1.0,3.6,1.4,1.4,1.4,1.787773199999999,-0.6769335999999999,2.464706799999999,1.787773199999999,-0.6769335999999999,3.308256,0.9005054000000001,1.0669196,2.2759298,516750.0,2.751101321585903
2023-05-04,Brighton,Man United,1.0,0.0,2.09953,1.32105,-4,-4,10,7,2.4,1.6,1.2,0.4,19.6,20.0,7.0,7.2,5.8,8.0,-2.2,1.0,1.8,-0.8,H,-45.07026090948239,-0.3999999999999986,-0.20000000000000018,0.34285714285714286,0.22222222222222224,5,4,0.6666666666666666,0.3333333333333333,0.0,2.8,0.8,1.2,2.2,1.4625431999999996,1.3368478,0.12569539999999968,1.4625431999999996,1.3368478,2.8453234000000003,1.5555938,0.7143128,2.418244,-317950.0,0.6249483928044824
2023-05-06,Liverpool,Brentford,1.0,0.0,1.992,0.183892,4,8,13,7,3.2,1.2,1.4,1.2,15.6,9.8,4.8,4.6,5.8,4.8,1.0,0.8,1.4,-0.5999999999999999,H,161.45511777667343,5.799999999999999,0.20000000000000018,0.6666666666666667,0.2608695652173913,3,7,0.6666666666666666,0.0,0.3333333333333333,3.4,1.4,1.4,1.2,1.3537301999999996,0.3693241999999999,0.9844059999999997,1.3537301999999996,0.3693241999999999,3.1026179999999997,1.1596688,1.0575826000000002,1.4946674,440650.0,2.1870959051724137
2023-05-06,Wolves,Aston Villa,1.0,0.0,0.80605,1.50158,-6,-1,12,8,1.2,1.4,1.6,0.4,11.0,11.8,4.2,3.0,6.2,4.8,1.4000000000000004,2.4,1.8,0.5999999999999999,H,-70.94121469235165,-0.8000000000000007,1.2000000000000002,0.2857142857142857,0.4666666666666666,7,6,0.3333333333333333,0.3333333333333333,0.3333333333333333,1.6,0.8,1.2,0.8,-1.0628188,0.442099,-1.5049178,-1.0628188,0.442099,1.198924,1.1719064,1.1639364,1.7070794000000002,-11900.0,0.9766460602492395
2023-05-06,Bournemouth,Chelsea,1.0,3.0,1.21755,1.76852,-1,11,9,4,1.8,0.4,1.4,1.6,14.0,11.0,5.4,2.8,4.2,4.0,0.20000000000000018,2.0,2.2,-0.20000000000000018,A,-40.170600625433735,3.0,2.6000000000000005,0.3333333333333333,0.14285714285714288,6,4,1.0,0.0,0.0,1.4,1.6,1.0,1.6,0.04704839999999999,-0.2677788000000001,0.3148272000000001,0.04704839999999999,-0.2677788000000001,1.7773913999999997,0.8516071999999999,1.8459498,1.5496412000000002,-707750.0,0.2886577214935424
2023-05-06,Man City,Leeds,2.0,1.0,2.83472,0.140924,16,14,15,3,3.2,1.0,0.8,3.6,13.4,12.4,7.4,4.2,5.6,4.2,1.3999999999999995,1.8,2.2,-0.40000000000000013,H,411.0732848165678,1.0,3.2,0.43243243243243246,0.23809523809523808,3,6,0.3333333333333333,0.6666666666666666,0.0,3.2,0.6,1.4,2.6,1.6518337999999997,-1.0452039999999998,2.6970377999999995,1.6518337999999997,-1.0452039999999998,2.19433,1.0396468,0.6990694,2.3763439999999996,804850.0,3.331884687816891
2023-05-06,Tottenham,Crystal Palace,1.0,0.0,1.15665,0.306669,5,-6,10,6,2.0,2.2,3.2,1.2,14.4,13.4,5.6,4.4,4.4,6.6,-2.1999999999999993,2.0,1.6,0.3999999999999999,H,95.37545465456196,1.0,1.1999999999999993,0.35714285714285715,0.5,6,7,0.6666666666666666,0.3333333333333333,0.0,2.2,1.4,1.6,1.6,-0.691228,0.42268400000000006,-1.113912,-0.691228,0.42268400000000006,1.5867404000000003,1.4153368,1.3073761999999998,0.9903791999999999,326050.0,2.0092864881597277
2023-05-07,Newcastle,Arsenal,0.0,2.0,1.37224,1.29061,-1,6,12,8,3.0,2.2,1.4,2.4,16.0,13.8,5.4,5.6,8.2,4.6,3.5999999999999996,0.6,1.6,-1.0,A,-65.32638124941468,2.1999999999999993,-0.1999999999999993,0.5555555555555555,0.3928571428571429,7,5,0.6666666666666666,0.0,0.3333333333333333,2.6,1.0,1.8,1.6,1.1343224,-0.19935799999999992,1.3336804,1.1343224,-0.19935799999999992,3.08706,1.6036221999999998,0.9979376,1.85028326,-458400.0,0.5416
2023-05-07,West Ham,Man United,1.0,0.0,1.76618,1.1942,-11,-6,5,4,2.0,1.4,2.2,0.6,11.0,19.6,4.2,7.6,4.6,6.8,-2.2,1.2,2.0,-0.8,H,-115.81572079397324,-8.600000000000001,-3.3999999999999995,0.47619047619047616,0.18421052631578946,4,3,0.6666666666666666,0.3333333333333333,0.0,1.2,2.0,0.8,2.4,-0.5633508000000005,1.0812497999999997,-1.6446006000000002,-0.5633508000000005,1.0812497999999997,1.4567375999999999,1.5590537999999998,1.9145761999999997,2.459824,-382150.0,0.5492185196107343
2023-05-08,Fulham,Leicester,5.0,3.0,1.75276,2.92566,6,1,4,2,1.2,1.2,1.2,1.6,9.4,13.8,3.2,5.0,5.0,3.4,1.6,1.2,1.6,-0.40000000000000013,H,62.96452784610733,-4.4,-1.7999999999999998,0.37499999999999994,0.24,5,7,0.0,1.0,0.0,0.8,1.6,0.8,1.6,-0.7084353999999998,0.24576100000000012,-0.9541964,-0.7084353999999998,0.24576100000000012,0.7714840000000001,1.4607318,1.6542914,1.4915934,-195600.0,0.6013857754228653
2023-05-08,Brighton,Everton,1.0,5.0,3.23717,2.94223,12,7,13,4,2.2,0.8,1.2,2.2,20.8,15.2,7.0,5.2,6.4,4.2,2.2,1.6,1.4,0.20000000000000018,A,123.12023764237006,5.600000000000001,1.7999999999999998,0.31428571428571433,0.15384615384615385,4,7,0.0,1.0,0.0,3.0,0.6,1.2,1.6,1.3220991999999994,-1.0351087999999993,2.3572079999999986,1.3220991999999994,-1.0351087999999993,2.7224794,1.6049789999999997,0.9336800000000001,2.1557559999999993,116650.0,1.2823429747065231
2023-05-08,Nott'm Forest,Southampton,4.0,3.0,1.91326,3.31096,1,2,5,2,1.2,1.0,2.0,2.6,8.0,7.6,3.0,3.2,3.4,3.2,0.19999999999999973,2.2,2.4,-0.19999999999999973,H,71.20173832613182,0.40000000000000036,-0.20000000000000018,0.39999999999999997,0.3125,9,8,0.0,1.0,0.0,1.4,1.6,0.8,1.6,-1.2710337999999992,-1.4492349999999998,0.17820120000000061,-1.2710337999999992,-1.4492349999999998,1.1874955999999999,0.8435448000000001,2.0521778,1.8690498000000002,-43700.0,0.8959399928562924
2023-05-13,Southampton,Fulham,0.0,2.0,0.149649,1.27085,-10,-5,1,3,1.4,1.6,2.6,1.6,10.6,8.6,4.0,3.2,5.4,3.8,1.6000000000000005,2.4,0.8,1.5999999999999999,A,-146.23524492206843,2.0,0.7999999999999998,0.35,0.5,5,5,1.0,0.0,0.0,0.8,2.4,1.2,1.6,-0.6562572,-0.8789094,0.22265219999999997,-0.6562572,-0.8789094,0.9056062,1.0036876000000001,1.6924488,2.0679238,124850.0,1.4230769230769231
2023-05-13,Man United,Wolves,2.0,0.0,3.10118,0.268789,9,-2,13,1,1.0,1.2,0.8,1.6,17.6,10.4,6.2,3.8,6.0,5.6,0.40000000000000036,2.4,2.6,-0.20000000000000018,H,141.8545646963628,7.200000000000001,2.4000000000000004,0.16129032258064516,0.3157894736842105,6,7,0.0,1.0,0.0,1.4,0.0,0.6,2.6,0.27953439999999996,-1.1590938000000002,1.4386282000000001,0.27953439999999996,-1.1590938000000002,2.3986842,0.6161378,0.9212442,2.509118,350100.0,1.7035064804581532
2023-05-13,Crystal Palace,Bournemouth,2.0,0.0,1.40237,0.262022,2,-2,8,9,1.2,1.8,1.2,2.0,11.6,12.2,3.2,4.8,6.6,4.4,2.1999999999999993,2.4,1.6,0.7999999999999998,H,59.57436031219368,-0.5999999999999996,-1.5999999999999996,0.37499999999999994,0.375,7,7,0.0,1.0,0.0,1.2,1.0,1.4,1.6,-0.18853619999999982,-0.30154459999999994,0.11300840000000012,-0.18853619999999982,-0.30154459999999994,1.1592622000000001,1.2722608000000002,1.2309842000000002,1.8865138000000001,35850.0,1.1248259052924792
2023-05-13,Aston Villa,Tottenham,2.0,1.0,1.79987,1.18505,-2,3,15,2,1.0,1.8,0.6,3.0,13.4,14.2,3.0,5.6,5.8,5.4,0.39999999999999947,1.8,2.0,-0.19999999999999996,H,12.819763033535992,-0.7999999999999989,-2.5999999999999996,0.3333333333333333,0.32142857142857145,7,7,0.3333333333333333,0.6666666666666666,0.0,2.0,0.0,1.6,3.0,0.3422594,-0.34496159999999976,0.6872209999999997,0.3422594,-0.34496159999999976,1.7059408,1.3729302,0.2780606,2.0642084,-139550.0,0.7850100138653521
2023-05-13,Leeds,Newcastle,2.0,2.0,2.01567,2.35118,-15,-8,5,12,1.0,2.6,3.0,1.6,11.0,16.4,3.2,5.6,4.0,9.0,-5.0,2.2,1.0,1.2000000000000002,D,-231.22214687301172,-5.399999999999999,-2.3999999999999995,0.3125,0.46428571428571436,7,6,0.0,0.3333333333333333,0.6666666666666666,1.4,3.0,2.6,1.4,-1.1427392000000003,1.3590163999999998,-2.5017556,-1.1427392000000003,1.3590163999999998,1.4627796,1.9306632000000001,2.0190734000000004,1.2251286000000001,-196450.0,0.6372784342688331
2023-05-13,Chelsea,Nott'm Forest,2.0,2.0,0.999181,1.96797,4,-3,2,0,1.0,2.0,1.8,2.2,10.8,8.6,3.2,3.4,4.8,2.2,2.5999999999999996,2.6,1.6,1.0,D,65.84070930385406,2.200000000000001,-0.19999999999999973,0.3125,0.5882352941176471,7,5,0.0,0.0,1.0,0.6,1.6,1.0,2.4,-0.5549473999999996,-1.3116282,0.7566808000000003,-0.5549473999999996,-1.3116282,1.6288179999999997,0.8277556,1.166235,2.048504,618700.0,2.6443853820598004
2023-05-14,Brentford,West Ham,2.0,0.0,4.42571,0.203312,5,1,8,6,1.0,1.8,1.0,1.8,8.4,10.8,3.6,4.4,4.2,4.2,0.0,1.8,1.0,0.8,H,67.40149905897806,-2.4000000000000004,-0.8000000000000003,0.2777777777777778,0.40909090909090906,8,7,0.3333333333333333,0.6666666666666666,0.0,1.6,1.4,1.6,2.2,-0.20066539999999988,-0.2975808000000002,0.09691540000000032,-0.20066539999999988,-0.2975808000000002,1.6674934000000001,1.296114,1.3451446,2.0498202,-94400.0,0.7972508591065293
2023-05-14,Everton,Man City,0.0,3.0,1.18597,1.04338,-16,-10,4,13,1.8,2.8,2.0,0.8,14.2,14.4,6.0,7.0,3.6,5.6,-1.9999999999999996,2.4,1.4,1.0,A,-376.2276743584514,-0.20000000000000107,-1.0,0.3,0.39999999999999997,6,8,0.3333333333333333,0.3333333333333333,0.3333333333333333,0.8,2.0,2.4,0.8,-0.4067774000000002,1.6771552,-2.0839326000000002,-0.4067774000000002,1.6771552,1.4200146,2.6726979999999996,2.037758,0.6645464000000001,-736850.0,0.3592608695652174
2023-05-14,Arsenal,Brighton,0.0,3.0,0.958651,2.21276,6,-1,13,7,2.2,2.2,2.0,1.8,14.0,22.0,5.8,7.2,4.6,8.0,-3.4000000000000004,1.0,1.6,-0.6000000000000001,A,106.41771255531398,-8.0,-1.4000000000000004,0.37931034482758624,0.3055555555555556,7,6,0.0,0.6666666666666666,0.3333333333333333,3.4,1.6,1.6,1.6,0.40507800000000005,1.2048169999999996,-0.7997389999999995,0.40507800000000005,1.2048169999999996,2.4946479999999998,2.0949999999999998,1.1296102000000001,1.0491734000000001,470200.0,1.8875047187617968
2023-05-15,Leicester,Liverpool,0.0,3.0,0.527496,1.77085,-14,-10,4,7,1.8,2.2,2.4,1.2,14.6,16.0,6.0,4.4,3.6,6.8,-3.1999999999999997,2.2,1.4,0.8000000000000003,A,-290.58147425728384,-1.4000000000000004,1.5999999999999996,0.3,0.5,7,9,1.0,0.0,0.0,1.2,1.8,1.8,1.4,0.7187400000000004,1.4178958000000002,-0.6991557999999998,0.7187400000000004,1.4178958000000002,1.9518204000000001,1.4028596,1.660614,1.6819136000000001,-321150.0,0.6044219991377717
2023-05-18,Newcastle,Brighton,4.0,1.0,4.11359,0.593493,3,1,12,9,3.0,2.4,1.4,1.6,18.4,19.2,6.2,6.4,9.8,6.8,3.000000000000001,1.2,1.6,-0.40000000000000013,H,80.8515281514351,-0.8000000000000007,-0.20000000000000018,0.48387096774193544,0.37499999999999994,5,4,0.3333333333333333,0.0,0.6666666666666666,2.6,1.0,1.8,1.2,1.7247051999999998,1.0440868,0.6806183999999997,1.7247051999999998,1.0440868,3.0118040000000006,2.234776,0.8229616,1.121556,11800.0,1.0222725556813892
2023-05-20,Nott'm Forest,Arsenal,1.0,0.0,1.1397,0.4902,-14,0,7,8,2.4,1.8,2.2,2.2,9.6,14.6,3.8,5.2,2.4,5.2,-2.8000000000000003,1.4,0.8,0.5999999999999999,H,-214.12470630282587,-5.0,-1.4000000000000004,0.631578947368421,0.34615384615384615,7,6,1.0,0.0,0.0,1.8,1.8,2.0,1.6,-0.6609543999999998,0.002882199999999946,-0.6638365999999998,-0.6609543999999998,0.002882199999999946,1.4102009999999998,1.7173324,2.3726158,2.1206620000000003,-623750.0,0.37625
2023-05-20,Wolves,Everton,1.0,1.0,1.28976,2.46976,4,1,12,6,0.8,1.6,2.0,2.0,9.2,12.6,2.0,5.2,6.0,4.4,1.5999999999999996,2.8,2.0,0.7999999999999998,D,36.96756963943176,-3.4000000000000004,-3.2,0.4,0.3076923076923077,7,6,0.3333333333333333,0.6666666666666666,0.0,1.6,0.8,1.8,1.4,-1.610736,-0.4423653999999999,-1.1683706,-1.610736,-0.4423653999999999,1.2476386000000002,1.8516709999999996,1.2130763999999998,2.6432434000000002,84500.0,1.2045262011376014
2023-05-20,Liverpool,Aston Villa,1.0,1.0,0.918508,1.46948,3,8,13,7,2.2,0.8,0.8,0.8,15.6,11.8,4.2,2.6,5.8,6.0,-0.20000000000000018,1.6,2.2,-0.6000000000000001,D,111.7164458329994,3.799999999999999,1.6,0.5238095238095238,0.3076923076923077,5,7,0.3333333333333333,0.6666666666666666,0.0,2.2,1.4,1.0,0.8,1.1460097999999999,0.1666365999999999,0.9793731999999999,1.1460097999999999,0.1666365999999999,2.81248,1.0739443999999998,0.9268526000000001,1.4390214000000001,302300.0,1.5932685703071336
2023-05-20,Bournemouth,Man United,0.0,1.0,0.815723,1.71783,-9,-1,6,4,1.2,1.0,2.0,0.8,12.0,18.6,3.6,6.4,4.6,6.4,-1.8000000000000007,1.6,2.6,-1.0,A,-196.2713463088612,-6.600000000000001,-2.8000000000000003,0.3333333333333333,0.15625,7,7,1.0,0.0,0.0,1.4,2.2,0.8,1.2,-0.30960220000000005,0.3890966,-0.6986988000000001,-0.30960220000000005,0.3890966,1.8006454,1.6303854000000002,1.7727238,2.1245220000000002,-560550.0,0.3387791212031849
2023-05-20,Tottenham,Brentford,1.0,3.0,1.61667,1.15344,1,-6,10,4,1.6,1.4,2.8,0.6,10.4,11.2,4.4,5.0,4.4,5.2,-0.7999999999999998,2.4,1.8,0.5999999999999999,A,-16.393022613795893,-0.7999999999999989,-0.5999999999999996,0.36363636363636365,0.27999999999999997,7,6,0.3333333333333333,0.0,0.6666666666666666,2.0,1.4,1.0,1.4,-0.6879375999999997,0.5289781999999998,-1.2169157999999995,-0.6879375999999997,0.5289781999999998,1.6328077999999997,0.8632652000000001,1.3162538,1.821272,277900.0,1.7486530172413792
2023-05-20,Fulham,Crystal Palace,2.0,2.0,1.95519,1.70785,2,-1,6,6,1.6,1.2,1.4,1.2,8.0,13.2,3.0,3.8,3.8,8.4,-4.6000000000000005,0.6,2.2,-1.6,D,-11.483605354798328,-5.199999999999999,-0.7999999999999998,0.5333333333333333,0.3157894736842105,7,7,0.0,1.0,0.0,1.6,2.0,1.6,1.6,-0.7272312000000002,0.0026111999999999247,-0.7298424000000001,-0.7272312000000002,0.0026111999999999247,0.9394094000000001,1.2337666,2.040004,1.1039638,-27950.0,0.9134808853118712
2023-05-21,West Ham,Leeds,3.0,1.0,2.48001,0.645828,3,1,7,3,1.0,1.2,2.2,2.2,8.0,10.2,3.2,3.4,4.2,3.6,0.6000000000000001,0.6,2.8,-2.1999999999999997,H,95.84251586543178,-2.1999999999999993,-0.19999999999999973,0.3125,0.35294117647058826,7,8,0.0,0.6666666666666666,0.3333333333333333,1.2,1.8,1.6,2.8,-1.451767,-0.9123851999999997,-0.5393818000000004,-1.451767,-0.9123851999999997,1.3807056,0.9410326000000001,1.7551381999999998,2.569728,120450.0,1.3489787049109083
2023-05-21,Brighton,Southampton,3.0,1.0,2.41418,0.863659,14,8,10,2,2.4,1.4,1.8,2.6,17.4,9.4,5.4,3.4,5.6,4.4,1.1999999999999993,2.4,2.2,0.19999999999999973,H,245.123443606208,7.999999999999998,2.0000000000000004,0.4444444444444444,0.4117647058823529,3,8,0.0,0.3333333333333333,0.6666666666666666,2.4,1.6,1.4,2.2,0.36163140000000027,-0.8435752000000001,1.2052066000000003,0.36163140000000027,-0.8435752000000001,2.6699274,1.4275112,1.4721170000000001,2.1076922,109850.0,1.2615787593761163
2023-05-21,Man City,Chelsea,1.0,0.0,1.20557,1.15648,11,11,15,6,2.8,1.4,0.6,2.0,13.8,11.0,7.0,4.2,5.6,3.6,1.9999999999999996,1.2,2.2,-1.0000000000000002,H,330.34211051010243,2.8000000000000007,2.8,0.39999999999999997,0.3333333333333333,7,8,0.3333333333333333,0.6666666666666666,0.0,3.2,0.8,1.4,1.6,1.7126172000000004,-0.7915361999999997,2.5041534,1.7126172000000004,-0.7915361999999997,2.492986,1.0252181999999999,0.6552924,1.5779212,155050.0,1.1558369767324992
2023-05-22,Newcastle,Leicester,0.0,0.0,2.05089,0.0839072,16,5,12,2,2.6,1.6,1.4,2.4,17.8,13.4,6.4,6.0,9.2,4.0,5.199999999999999,1.6,2.4,-0.7999999999999998,D,225.7015969676104,4.4,0.40000000000000036,0.40625,0.26666666666666666,4,7,0.6666666666666666,0.3333333333333333,0.0,3.0,1.0,1.4,2.4,1.8082607999999996,0.4060891999999998,1.4021715999999997,1.8082607999999996,0.4060891999999998,3.343468,1.7117618000000001,0.7996812,1.5734814,50900.0,1.1037293662115346
2023-05-24,Brighton,Man City,1.0,1.0,2.11486,1.92973,-5,-6,10,15,1.8,2.2,2.0,0.4,18.2,14.0,5.4,5.6,6.0,6.4,-0.40000000000000036,2.6,0.6,2.0,D,-219.2915705881533,4.199999999999999,-0.1999999999999993,0.3333333333333333,0.3928571428571429,3,3,0.6666666666666666,0.3333333333333333,0.0,2.8,1.8,2.8,0.6,0.07159059999999995,1.3997736,-1.3281830000000001,0.07159059999999995,1.3997736,3.035018,2.319442,1.4019448,0.6762703999999999,-620200.0,0.46069565217391306
2023-05-25,Man United,Chelsea,4.0,1.0,4.92231,1.68364,8,5,13,6,0.8,1.2,0.4,1.8,19.2,12.0,5.8,5.0,6.0,3.6,2.4,2.2,2.2,0.0,H,160.42935472245176,7.199999999999999,0.7999999999999998,0.13793103448275862,0.24,5,4,0.0,0.0,1.0,1.2,0.0,1.4,1.4,0.6509799999999997,-0.3898021999999999,1.0407821999999995,0.6509799999999997,-0.3898021999999999,2.1695941999999997,1.2040579999999999,0.695646,1.6337726,-147200.0,0.8520528669782401
2023-05-28,Southampton,Liverpool,4.0,4.0,1.33964,4.00345,-15,-13,1,10,1.0,2.0,2.6,0.8,8.8,13.6,2.4,4.4,4.6,6.4,-1.8000000000000007,2.2,2.2,0.0,D,-334.491289633929,-4.799999999999999,-2.0000000000000004,0.4166666666666667,0.45454545454545453,7,8,0.6666666666666666,0.3333333333333333,0.0,0.8,2.4,2.4,1.2,-0.9605873999999999,0.882785,-1.8433723999999998,-0.9605873999999999,0.882785,0.8637406000000001,1.3300996,1.6134368,1.5671568,-391900.0,0.5172753587485373
2023-05-28,Man United,Fulham,2.0,1.0,2.74766,1.88167,7,2,15,6,1.4,2.0,0.6,1.6,20.0,10.0,6.4,3.8,6.4,4.8,1.6000000000000005,2.0,0.8,1.2,H,169.18224645759142,10.0,2.6000000000000005,0.21874999999999997,0.5263157894736842,3,8,0.0,1.0,0.0,2.0,0.2,1.2,1.0,1.1245416,-0.5259042000000003,1.6504458000000002,1.1245416,-0.5259042000000003,2.9718740000000006,0.9227956,0.796268,1.6091376,552650.0,2.872754998305659
2023-05-28,Leicester,West Ham,2.0,1.0,2.03013,0.970352,-4,-3,4,6,1.2,1.4,2.2,2.0,10.6,10.4,4.6,4.6,4.0,5.4,-1.4000000000000004,2.2,0.8,1.4000000000000001,H,-35.00798981842536,0.1999999999999993,0.0,0.2608695652173913,0.30434782608695654,6,7,0.3333333333333333,0.3333333333333333,0.3333333333333333,1.0,1.8,1.6,1.8,-0.4019133599999998,-0.9319001999999998,0.5299868400000001,-0.4019133599999998,-0.9319001999999998,1.5850416,1.2867674,1.7158280000000001,2.2349761999999997,25100.0,1.0539089347079038
2023-05-28,Leeds,Tottenham,1.0,4.0,1.19151,2.03315,-11,-2,5,2,1.2,1.6,2.4,2.2,10.6,12.6,3.6,5.4,3.4,5.4,-2.0000000000000004,2.6,2.0,0.6000000000000001,A,-169.75194518152352,-2.0,-1.8000000000000003,0.3333333333333333,0.2962962962962963,7,8,0.6666666666666666,0.3333333333333333,0.0,1.4,3.0,1.8,3.2,-1.2066596,0.02517220000000009,-1.2318318000000001,-1.2066596,0.02517220000000009,1.746566,1.3587642,2.1865334,2.311687,-303950.0,0.5317362501925743
2023-05-28,Everton,Bournemouth,1.0,0.0,1.12933,0.432084,-3,-1,4,9,1.8,1.2,2.2,1.4,14.4,10.6,5.0,3.4,5.6,3.6,1.9999999999999996,2.0,1.6,0.3999999999999999,H,38.52258622711952,3.8000000000000007,1.6,0.36,0.35294117647058826,8,8,1.0,0.0,0.0,0.8,2.2,1.0,1.4,-0.21948039999999924,-0.18031699999999984,-0.039163399999999404,-0.21948039999999924,-0.18031699999999984,1.3489906,0.9761312,1.8343600000000002,1.6744298,125950.0,1.4385445682451254
2023-05-28,Brentford,Man City,1.0,0.0,1.43893,1.18649,-8,-1,8,13,1.8,2.0,0.6,0.4,12.2,14.2,4.8,4.6,4.0,5.6,-1.5999999999999996,1.4,0.2,1.2,H,-193.54334930025016,-2.0,0.20000000000000018,0.375,0.4347826086956522,8,4,0.3333333333333333,0.6666666666666666,0.0,1.4,1.0,2.2,0.6,0.36321219999999976,0.9844341999999997,-0.6212219999999999,0.36321219999999976,0.9844341999999997,2.0639194,2.108976,1.050745,0.8821884000000001,-778800.0,0.3227826086956522
2023-05-28,Chelsea,Newcastle,1.0,1.0,2.01924,1.51899,-8,-4,2,10,1.4,1.8,2.2,1.2,11.8,19.4,5.2,5.6,3.4,8.8,-5.4,2.2,1.8,0.40000000000000013,D,-152.05799950158212,-7.599999999999998,-0.39999999999999947,0.2692307692307692,0.32142857142857145,3,6,0.6666666666666666,0.3333333333333333,0.0,0.6,1.6,2.6,1.6,-1.1407154,1.78432296,-2.92503836,-1.1407154,1.78432296,1.4486002,1.9008451999999998,1.2304789999999999,1.5218656,453350.0,1.8370568685376663
2023-05-28,Aston Villa,Brighton,2.0,1.0,2.55845,1.23117,-3,0,15,6,0.8,1.8,0.8,2.2,10.2,17.8,2.8,5.6,6.0,5.4,0.5999999999999996,2.8,2.2,0.5999999999999996,H,25.59313913909955,-7.600000000000001,-2.8,0.28571428571428575,0.32142857142857145,8,4,0.3333333333333333,0.6666666666666666,0.0,2.2,0.2,1.6,2.0,0.3499509999999998,-0.04707939999999988,0.3970303999999997,0.3499509999999998,-0.04707939999999988,1.8877938,1.8266905999999998,0.48451839999999996,1.7136299999999998,-20250.0,0.9617780294450736
2023-05-28,Arsenal,Wolves,5.0,0.0,3.02466,0.38772,11,-1,10,1,1.2,0.8,1.8,1.8,11.8,8.6,4.6,2.4,5.0,4.8,0.20000000000000018,1.0,3.2,-2.2,H,206.3854515956939,3.200000000000001,2.1999999999999997,0.2608695652173913,0.33333333333333337,8,8,0.3333333333333333,0.6666666666666666,0.0,2.8,1.8,0.6,2.6,-0.3201097999999998,-1.4321300000000003,1.1120202000000006,-0.3201097999999998,-1.4321300000000003,2.1938201999999998,0.5125336,1.2236281999999998,2.588972,502350.0,2.009444388626545
2023-05-28,Crystal Palace,Nott'm Forest,1.0,1.0,1.00786,0.436439,5,-3,10,1,1.6,2.2,1.6,1.6,13.0,8.6,4.4,3.2,7.6,2.4,5.199999999999999,2.0,1.8,0.19999999999999996,D,42.70949271375889,4.4,1.2000000000000002,0.36363636363636365,0.6875,8,8,1.0,0.0,0.0,1.6,1.0,1.2,2.2,-0.033741800000000044,-0.010497599999999885,-0.02324420000000016,-0.033741800000000044,-0.010497599999999885,1.241919,0.8957396,1.0131426,1.9013762,-53200.0,0.8586046511627907
2023-08-11,Burnley,Man City,0.0,3.0,0.311032,2.40074,0,-6,9,10,1.0,1.4,1.6,0.6,12.2,14.4,4.6,3.8,5.2,5.2,0.0,1.4,0.2,1.2,A,-356.55439058934144,-2.200000000000001,0.7999999999999998,0.2173913043478261,0.3684210526315789,446,75,0.5,0.5,0.0,1.6,1.4,2.0,0.8,-0.25978140000000005,0.4325452000000001,-0.6923266000000001,-0.25978140000000005,0.4325452000000001,1.6933439999999997,1.9085940000000001,1.5564964,1.1328748000000002,-1186520.0,0.1873150684931507
2023-08-12,Everton,Fulham,0.0,1.0,2.59001,1.58144,0,1,4,6,1.8,2.0,1.4,1.6,14.4,11.2,5.2,4.2,6.8,5.2,1.5999999999999996,1.8,1.0,0.8,A,-53.40341287642218,3.200000000000001,1.0,0.34615384615384615,0.47619047619047616,76,76,0.0,0.5,0.5,0.8,2.2,1.2,1.0,0.3373031999999996,-0.3207888000000001,0.6580919999999997,0.3373031999999996,-0.3207888000000001,1.2316585999999998,1.1789198,1.5306008,1.5305616,7400.0,1.0192532847664888
2023-08-12,Sheffield United,Crystal Palace,0.0,1.0,0.422704,2.27616,0,-8,0,7,0.0,1.8,0.0,1.4,0.0,13.4,0.0,4.4,0.0,6.4,-6.4,0.0,1.2,-1.2,A,-148.72890517247038,-13.4,-4.4,0.0,0.40909090909090906,7,76,0.0,0.0,0.0,0.0,0.0,1.8,1.2,0.0,0.19014160000000002,-0.19014160000000002,0.0,0.19014160000000002,0.0,1.3369486,0.0,1.1878657999999997,-294230.0,0.3411482825025751
2023-08-12,Newcastle,Aston Villa,5.0,1.0,4.32208,1.486,0,-1,10,5,1.4,1.0,1.2,1.0,17.6,9.8,5.4,3.2,7.2,5.2,2.0,1.6,3.0,-1.4,H,67.00176554953737,7.800000000000001,2.2,0.25925925925925924,0.3125,76,76,1.0,0.0,0.0,2.6,1.0,0.8,1.0,1.08079396,0.46354800000000007,0.61724596,1.08079396,0.46354800000000007,3.087322,1.2146816,0.74963724,1.146675,-57400.0,0.9191150567181005
2023-08-12,Brighton,Luton,4.0,1.0,4.36748,1.88594,0,7,10,0,1.8,0.0,1.6,0.0,14.8,0.0,5.4,0.0,3.0,0.0,3.0,2.8,0.0,2.8,H,146.9789249467242,14.8,5.4,0.3333333333333333,0.0,76,7,0.0,0.0,0.0,2.4,1.4,0.0,0.0,-0.37152339999999984,0.0,-0.37152339999999984,-0.37152339999999984,0.0,2.69409,0.0,1.5321307999999998,0.0,383500.0,3.7217885024840314
2023-08-12,Arsenal,Nott'm Forest,2.0,1.0,0.84262,0.966305,0,1,10,2,2.0,1.8,1.0,1.6,13.0,7.6,5.8,3.0,6.0,2.8,3.2,0.8,1.8,-1.0,H,234.06231194704583,5.4,2.8,0.3448275862068966,0.6,76,76,1.0,0.0,0.0,3.0,1.6,1.2,2.0,0.5299398000000004,-0.14634579999999997,0.6762856000000004,0.5299398000000004,-0.14634579999999997,2.4916161999999997,0.8602440000000001,1.0627841999999998,1.6164522,698650.0,2.3935374488880026
2023-08-12,Bournemouth,West Ham,1.0,1.0,1.51025,1.4834,0,-3,3,3,1.0,1.0,1.6,1.6,8.8,12.0,3.4,4.4,3.4,5.4,-2.0000000000000004,1.6,0.6,1.0,D,-51.17475763895982,-3.1999999999999993,-1.0000000000000004,0.29411764705882354,0.22727272727272727,76,76,0.5,0.5,0.0,1.0,2.2,1.6,2.2,-0.42207020000000006,-1.0766038,0.6545335999999999,-0.42207020000000006,-1.0766038,1.335682,1.2343157999999999,1.9960799999999999,2.5496974000000003,-85750.0,0.8241025641025641
2023-08-13,Brentford,Tottenham,2.0,2.0,1.90756,1.45316,0,6,10,4,1.6,2.0,0.6,2.0,13.0,11.2,5.4,5.4,4.2,4.8,-0.5999999999999996,1.8,1.8,0.0,D,29.656298398247827,1.8000000000000007,0.0,0.2962962962962963,0.37037037037037035,77,77,0.25,0.25,0.5,1.4,0.8,2.0,2.8,0.5168793999999999,0.11203819999999998,0.4048411999999999,0.5168793999999999,0.11203819999999998,2.256412,1.3884482,1.003777,2.0458350000000003,-409720.0,0.511365533691115
2023-08-13,Chelsea,Liverpool,1.0,1.0,1.93258,1.29994,0,-6,3,11,1.4,2.0,1.8,1.0,14.8,17.2,5.4,5.2,5.0,7.2,-2.2,1.8,2.0,-0.19999999999999996,D,-180.11617534472384,-2.3999999999999986,0.20000000000000018,0.25925925925925924,0.3846153846153846,77,77,0.0,0.0,1.0,0.8,1.4,3.0,1.2,-0.6410658000000007,1.219579,-1.8606448000000007,-0.6410658000000007,1.219579,1.3764002,2.0671554,1.3811182,1.2325987999999999,54350.0,1.0568722858787214
2023-08-14,Man United,Wolves,1.0,0.0,1.97087,1.72228,0,8,15,1,1.8,0.4,0.6,2.8,21.0,8.0,7.0,1.8,6.2,4.4,1.7999999999999998,1.4,2.2,-0.8000000000000003,H,196.27077816821568,13.0,5.2,0.2571428571428572,0.22222222222222224,78,78,0.25,0.75,0.0,2.2,0.4,0.4,3.2,1.4534355999999997,-2.0691172,3.5225527999999997,1.4534355999999997,-2.0691172,3.2925060000000004,0.44809859999999996,1.043604,2.70285,365620.0,1.8258306417003591
2023-08-18,Nott'm Forest,Sheffield United,2.0,1.0,1.37181,0.551038,2,8,10,0,1.8,0.0,1.6,1.0,7.8,8.0,2.8,1.0,3.4,5.0,-1.6,1.8,3.0,-1.2,H,112.63528225776032,-0.20000000000000018,1.7999999999999998,0.6428571428571429,0.0,6,6,0.0,0.0,0.0,1.8,1.4,0.0,0.0,-0.04542939999999995,-1.853456,1.8080266,-0.04542939999999995,-1.853456,1.5317439999999998,0.0,1.9706018,0.0,349000.0,3.2907778142435182
2023-08-19,Tottenham,Man United,2.0,0.0,2.53904,2.44604,-3,-8,7,7,1.8,2.0,1.6,0.4,12.8,20.2,5.2,6.8,5.6,6.6,-1.0,2.2,1.4,0.8000000000000003,H,-57.26579962144706,-7.399999999999999,-1.5999999999999996,0.34615384615384615,0.29411764705882354,6,5,0.5,0.25,0.25,1.6,1.8,1.0,0.8,0.21712619999999982,1.6175495999999998,-1.4004234,0.21712619999999982,1.6175495999999998,1.6091778,1.9071259999999999,1.2213318,1.6213426000000002,30150.0,1.0372982000371127
2023-08-19,Wolves,Brighton,1.0,4.0,2.68821,3.15562,-13,-3,13,6,0.4,2.0,1.8,1.8,10.6,17.8,2.6,6.6,4.8,3.8,1.0,2.6,2.8,-0.19999999999999973,A,-144.53016880145128,-7.200000000000001,-3.9999999999999996,0.15384615384615385,0.30303030303030304,5,7,0.25,0.75,0.0,1.4,0.2,1.6,2.0,-1.5186902,-0.12603719999999985,-1.3926530000000001,-1.5186902,-0.12603719999999985,0.9528746,1.7778266000000003,1.3760484,2.1064922000000004,-81670.0,0.8442601067887109
2023-08-19,Man City,Newcastle,1.0,0.0,1.22528,0.257154,-1,1,15,8,1.6,2.4,0.4,1.0,14.2,18.6,4.2,7.0,4.2,6.6,-2.3999999999999995,0.2,2.0,-1.8,H,155.44796985334642,-4.400000000000002,-2.8,0.38095238095238093,0.34285714285714286,8,7,0.5,0.25,0.25,2.6,0.6,1.8,1.6,0.3117276000000002,1.63168396,-1.3199563599999997,0.3117276000000002,1.63168396,2.131614,1.6364612,0.8229542000000001,1.7590296000000003,807750.0,2.2384055193560752
2023-08-19,Fulham,Brentford,0.0,3.0,0.399899,3.46888,4,0,7,6,2.2,1.6,1.4,0.8,11.2,12.4,4.0,5.0,5.0,3.6,1.4,1.4,1.8,-0.40000000000000013,A,-117.78175195404832,-1.200000000000001,-1.0,0.55,0.32,7,6,1.0,0.0,0.0,2.0,1.8,1.0,1.0,-0.33578379999999997,0.5315799999999999,-0.8673637999999999,-0.33578379999999997,0.5315799999999999,1.2067834000000002,0.8381931999999999,1.8528639999999998,1.380706,-44430.0,0.8963804281916135
2023-08-19,Liverpool,Bournemouth,3.0,1.0,3.25448,1.3867,-3,8,13,9,2.0,0.4,1.2,1.6,16.8,9.2,4.8,3.0,6.6,5.0,1.5999999999999996,2.6,1.6,1.0,H,266.25306806416324,7.600000000000001,1.7999999999999998,0.4166666666666667,0.13333333333333333,6,7,1.0,0.0,0.0,2.0,1.2,1.0,1.0,0.9063320000000001,-0.6527642000000001,1.5590962000000004,0.9063320000000001,-0.6527642000000001,2.0681576,0.9625199999999999,0.9134866,1.2093478,553900.0,2.378718108276291
2023-08-20,Aston Villa,Everton,4.0,0.0,3.24336,0.721465,-4,0,15,6,1.2,1.4,1.8,1.2,11.6,13.6,4.2,5.4,5.4,7.0,-1.5999999999999996,3.8,1.6,2.1999999999999997,H,163.60288964244933,-2.0,-1.2000000000000002,0.2857142857142857,0.25925925925925924,8,8,0.5,0.5,0.0,2.0,0.4,1.6,1.2,0.07050440000000013,0.5466932000000002,-0.4761888000000001,0.07050440000000013,0.5466932000000002,1.7085358,2.016273,0.6307244,2.5211414,317900.0,1.81148691767709
2023-08-20,West Ham,Chelsea,3.0,1.0,1.71234,1.60916,1,4,7,3,1.2,1.0,1.2,1.8,14.0,14.6,4.6,5.2,5.6,4.4,1.1999999999999993,1.2,1.8,-0.6000000000000001,H,11.17540292879812,-0.5999999999999996,-0.6000000000000005,0.2608695652173913,0.1923076923076923,8,7,0.75,0.0,0.25,1.6,2.0,1.0,2.0,-0.5805727999999994,-0.6247318,0.0441590000000005,-0.5805727999999994,-0.6247318,1.5959816,1.2418299999999998,1.8206516000000001,2.1459566000000003,-522500.0,0.48267326732673266
2023-08-21,Crystal Palace,Arsenal,0.0,1.0,1.06916,2.20593,-1,-1,11,5,1.2,1.8,0.8,1.0,15.0,12.8,4.8,5.2,5.8,6.2,-0.40000000000000036,1.0,1.2,-0.19999999999999996,A,-191.15363533116283,2.1999999999999993,-0.40000000000000036,0.25,0.34615384615384615,9,9,0.5,0.25,0.25,1.8,1.0,1.4,1.8,0.49358080000000004,0.10560320000000001,0.38797760000000003,0.49358080000000004,0.10560320000000001,1.4063914,1.2866624000000002,0.6627504,2.224938,-753420.0,0.37215
2023-08-25,Chelsea,Luton,3.0,0.0,3.41419,0.465741,2,2,3,0,0.8,1.0,2.0,4.0,15.2,9.0,4.8,3.0,5.8,7.0,-1.2000000000000002,1.8,2.0,-0.19999999999999996,H,68.10940642512378,6.199999999999999,1.7999999999999998,0.16666666666666669,0.3333333333333333,5,13,0.0,0.0,0.0,1.0,1.6,1.0,4.0,-0.45161000000000007,-2.48154,2.02993,-0.45161000000000007,-2.48154,1.3251102,1.88594,1.6006627999999998,4.36748,869100.0,7.168204400283889
2023-08-26,Brighton,West Ham,1.0,3.0,1.3743,2.9527,4,3,10,1,2.6,1.6,1.2,1.4,19.4,13.4,7.8,5.0,4.2,5.2,-1.0,3.2,1.6,1.6,A,65.07075310010532,5.999999999999998,2.8,0.33333333333333337,0.32,7,6,0.5,0.25,0.25,2.0,1.6,1.0,2.4,0.6714642,-0.6743327999999997,1.3457969999999997,0.6714642,-0.6743327999999997,2.8466439999999995,1.0263518,1.7885217999999998,2.65681,36900.0,1.0756923076923077
2023-08-26,Bournemouth,Tottenham,0.0,2.0,0.483582,2.26115,-9,-6,4,4,0.4,2.0,1.6,1.6,9.8,14.6,3.2,5.8,4.0,5.0,-1.0,2.0,1.8,0.19999999999999996,A,-183.2701806045202,-4.799999999999999,-2.5999999999999996,0.125,0.3448275862068966,7,7,0.0,1.0,0.0,1.2,2.0,2.2,3.0,-0.9161262,0.06573000000000029,-0.9818562000000003,-0.9161262,0.06573000000000029,1.4070880000000001,1.4007262,1.7659759999999998,2.262674,-436750.0,0.4791293977340489
2023-08-26,Arsenal,Fulham,2.0,2.0,3.23088,0.849817,9,2,10,6,1.6,1.2,1.0,1.4,13.6,9.8,4.6,3.0,7.0,5.6,1.4000000000000004,1.2,1.8,-0.6000000000000001,D,191.38265988616604,3.799999999999999,1.5999999999999996,0.3478260869565218,0.39999999999999997,5,7,0.5,0.5,0.0,2.6,1.6,0.8,0.8,0.3492832000000001,-0.7150000000000001,1.0642832000000002,0.3492832000000001,-0.7150000000000001,2.0010442,1.1107897999999998,1.1565233999999998,1.6000396000000001,815650.0,3.122154286457656
2023-08-26,Brentford,Crystal Palace,1.0,1.0,0.948011,1.06061,7,5,11,7,2.2,1.2,0.6,0.8,14.8,16.4,6.4,4.8,4.0,5.2,-1.2000000000000002,1.8,0.4,1.4,D,91.36496924901394,-1.5999999999999979,1.6000000000000005,0.34375,0.25,7,5,0.0,0.0,1.0,1.6,0.8,1.0,1.0,1.5069978,0.436223,1.0707748,1.5069978,0.436223,2.224882,1.1468066000000001,1.089735,1.0682566,-17800.0,0.9601415199964172
2023-08-26,Everton,Wolves,0.0,1.0,1.89792,1.40228,-1,3,3,0,0.4,0.4,1.8,2.6,13.4,12.6,4.8,3.2,8.0,4.8,3.2,1.4,2.6,-1.2000000000000002,A,-49.22675924322834,0.8000000000000007,1.5999999999999996,0.08333333333333334,0.125,6,7,0.25,0.5,0.25,0.6,2.2,0.2,3.2,0.10130219999999968,-1.4730662000000003,1.5743684,0.10130219999999968,-1.4730662000000003,1.5849876000000003,0.7158068,1.5685348,2.874142,-50980.0,0.8848508120073182
2023-08-26,Man United,Nott'm Forest,3.0,2.0,3.02803,0.960354,-1,4,15,2,1.6,1.4,0.8,1.2,19.2,9.2,6.2,2.8,5.6,4.2,1.3999999999999995,1.4,2.0,-0.6000000000000001,H,193.14708065268223,10.0,3.4000000000000004,0.25806451612903225,0.5,7,8,0.5,0.5,0.0,2.0,0.4,1.4,2.0,1.0324714,0.3982650000000001,0.6342063999999998,1.0324714,0.3982650000000001,2.809524,1.0070146,1.1982234,1.4995402,307000.0,1.6123466640071806
2023-08-27,Newcastle,Liverpool,1.0,2.0,1.62037,0.856121,-4,-1,10,11,2.0,2.4,0.8,1.4,16.4,19.0,6.2,5.8,5.4,7.2,-1.7999999999999998,2.6,2.0,0.6000000000000001,A,-66.60394776876069,-2.6000000000000014,0.40000000000000036,0.3225806451612903,0.41379310344827586,8,8,0.5,0.5,0.0,2.4,1.0,3.2,1.4,1.37095676,0.9182664,0.45269036000000007,1.37095676,0.9182664,3.154674,2.2867,0.8702370399999999,1.1813088,-303400.0,0.6825197509548475
2023-08-27,Sheffield United,Man City,1.0,2.0,0.762232,3.84804,-11,-10,0,10,0.5,1.2,1.5,0.4,7.5,15.2,2.0,4.2,6.0,3.6,2.4,3.0,0.4,2.6,A,-454.0996517205933,-7.699999999999999,-2.2,0.25,0.2857142857142857,9,8,0.0,0.0,0.0,0.0,1.0,1.8,0.6,-1.337114,0.5338707999999999,-1.8709847999999998,-1.337114,0.5338707999999999,0.422704,1.776744,2.27616,1.096521,-1307650.0,0.10434931506849315
2023-08-27,Burnley,Aston Villa,1.0,3.0,0.630605,2.83691,-5,-9,6,2,0.6,2.0,2.0,1.6,10.0,11.0,3.6,5.0,5.2,5.6,-0.39999999999999947,1.0,3.8,-2.8,A,-181.8816556373904,-1.0,-1.4,0.16666666666666666,0.4,16,7,0.0,0.5,0.5,1.0,1.6,0.6,1.8,-0.7946186000000002,0.43577739999999965,-1.2303959999999998,-0.7946186000000002,0.43577739999999965,1.3066724,1.3115636,1.5734964000000002,1.8767716,-436170.0,0.38537307123229764
2023-09-01,Luton,West Ham,1.0,2.0,2.02244,1.22528,-17,-10,0,4,0.5,2.2,3.5,1.2,10.0,15.0,2.0,4.8,5.5,5.0,0.5,2.5,2.2,0.2999999999999998,A,-110.11639880625512,-5.0,-2.8,0.25,0.45833333333333337,7,6,0.0,0.0,0.0,0.0,0.0,1.0,1.8,-2.7149945,0.4858267999999999,-3.2008213,-2.7149945,0.4858267999999999,0.0,1.2203678,0.0,2.467894,-346600.0,0.28902564102564104
2023-09-02,Sheffield United,Everton,2.0,2.0,1.575,2.73871,2,-4,0,6,0.6666666666666666,0.4,1.6666666666666667,1.4,7.0,15.0,2.0,5.6,4.333333333333333,7.8,-3.466666666666667,3.0,1.8,1.2,D,-64.0633549841366,-8.0,-3.5999999999999996,0.3333333333333333,0.07142857142857144,6,7,0.0,0.0,0.0,0.5,1.5,1.6,1.6,-1.9200120000000003,0.1719122000000004,-2.0919242000000007,-1.9200120000000003,0.1719122000000004,0.592468,1.9707293999999997,3.0621,2.2926574000000004,-239400.0,0.388895979578813
2023-09-02,Brentford,Bournemouth,2.0,2.0,3.07185,2.11013,8,10,11,6,2.0,0.4,0.8,1.6,12.4,11.0,4.6,3.8,4.2,4.8,-0.5999999999999996,1.6,1.8,-0.19999999999999996,D,174.8809314455507,1.4000000000000004,0.7999999999999998,0.4347826086956522,0.10526315789473685,7,7,0.5,0.0,0.5,1.6,0.8,1.0,1.6,0.6399983999999996,-1.0435702,1.6835685999999996,0.6399983999999996,-1.0435702,2.0081602,0.8550679999999999,0.968653,1.7138508,27030.0,1.0672806471686371
2023-09-02,Burnley,Tottenham,2.0,5.0,1.66604,2.39785,-16,-9,3,7,0.6,2.2,2.0,1.2,9.0,17.0,2.8,6.6,5.2,4.8,0.40000000000000036,1.2,1.8,-0.6000000000000001,A,-184.09523829537284,-8.0,-3.8,0.2142857142857143,0.33333333333333337,6,7,1.0,0.0,0.0,0.8,2.2,2.4,1.8,-1.1354235999999998,0.5442076000000002,-1.6796312,-1.1354235999999998,0.5442076000000002,1.0033074,1.6763560000000002,1.8772044,1.5623264,-565020.0,0.3261538461538461
2023-09-02,Chelsea,Nott'm Forest,0.0,1.0,2.28442,1.1505,4,-2,6,2,1.4,1.4,1.8,1.4,16.4,8.8,5.2,3.2,6.6,3.8,2.8,1.8,2.6,-0.8,A,3.562966127686422,7.599999999999998,2.0,0.2692307692307692,0.43749999999999994,8,7,0.0,0.0,1.0,1.4,1.2,1.4,2.0,0.1478978000000002,-0.2090280000000002,0.3569258000000004,0.1478978000000002,-0.2090280000000002,1.9152862,1.0541522,1.1895970000000002,1.4396562000000002,508650.0,2.014560686147402
2023-09-02,Man City,Fulham,5.0,1.0,2.00152,1.46427,10,5,15,7,1.4,1.2,0.6,1.8,18.2,9.6,5.6,2.8,5.0,4.6,0.40000000000000036,0.4,2.4,-2.0,H,317.81776947360504,8.6,2.8,0.25,0.4285714285714286,6,7,0.5,0.5,0.0,2.2,0.4,1.2,1.0,1.1412144000000002,-1.4154528000000004,2.5566672000000006,1.1412144000000002,-1.4154528000000004,2.055266,1.2647804,0.489001,2.0783838,1075650.0,3.798621048523481
2023-09-02,Brighton,Newcastle,3.0,1.0,1.32258,0.90476,8,2,7,5,2.2,1.4,1.6,1.0,19.2,16.6,8.2,6.0,6.8,5.2,1.5999999999999996,3.0,2.4,0.6000000000000001,H,-16.90866096588138,2.599999999999998,2.1999999999999993,0.26829268292682934,0.2333333333333333,7,6,0.5,0.0,0.5,2.0,2.2,1.4,1.6,0.0456799999999995,0.8197871599999997,-0.7741071600000002,0.0456799999999995,0.8197871599999997,2.7015979999999997,1.4832180000000001,2.1148518,1.5910436000000001,-127850.0,0.8039862016098122
2023-09-03,Crystal Palace,Wolves,3.0,2.0,2.32935,1.13911,3,2,8,3,1.0,0.6,1.0,2.2,16.0,13.8,4.8,3.6,4.2,3.4,0.8000000000000003,0.4,3.0,-2.6,H,67.58459842362845,2.1999999999999993,1.1999999999999997,0.20833333333333334,0.16666666666666666,8,8,0.75,0.25,0.0,1.4,1.0,0.2,2.8,0.23067320000000024,-1.0057159999999996,1.2363891999999999,0.23067320000000024,-1.0057159999999996,1.2332814,0.8770107999999999,1.0641446,2.7198679999999995,3850.0,1.0086960449935627
2023-09-03,Liverpool,Aston Villa,3.0,0.0,2.73138,0.615503,4,-1,13,4,2.2,2.2,1.6,1.6,17.6,12.6,5.6,5.4,8.2,5.2,2.999999999999999,2.2,3.2,-1.0,H,114.44511996406118,5.000000000000002,0.1999999999999993,0.3928571428571429,0.40740740740740744,7,7,0.25,0.5,0.25,2.0,1.0,1.0,1.8,0.5167457999999998,0.7540743999999999,-0.2373286000000001,0.5167457999999998,0.7540743999999999,2.0535636,1.5457416,1.0458934000000002,1.5965686,246000.0,1.3466497569224265
2023-09-03,Arsenal,Man United,3.0,1.0,1.90973,0.966109,4,-2,10,4,2.0,2.0,0.8,1.2,14.6,18.8,6.4,7.0,7.6,6.6,1.0,1.0,2.2,-1.2000000000000002,H,65.9967730294859,-4.200000000000001,-0.5999999999999996,0.3125,0.2857142857142857,8,8,1.0,0.0,0.0,2.4,1.4,0.6,1.2,1.0763175999999999,1.2655852000000003,-0.18926760000000042,1.0763175999999999,1.2655852000000003,2.1680022,1.72884,1.0403607999999998,1.9185726000000003,391650.0,1.4845054741139359
2023-09-16,Newcastle,Brentford,1.0,0.0,1.50126,0.633678,-6,-5,7,9,1.6,1.8,1.6,1.0,13.8,14.4,5.6,5.2,3.4,4.8,-1.4,2.8,1.6,1.1999999999999997,H,51.494156131908085,-0.5999999999999996,0.39999999999999947,0.28571428571428575,0.34615384615384615,14,14,0.25,0.5,0.25,2.0,1.2,1.6,0.8,0.3428266000000002,0.9249884000000002,-0.5821618,0.3428266000000002,0.9249884000000002,2.695834,1.4029712,0.8620262400000002,1.2317858,223470.0,1.5211763608377256
2023-09-16,West Ham,Man City,1.0,3.0,0.895632,4.15046,-3,-2,10,10,2.0,2.2,1.2,0.6,13.0,17.0,3.6,5.8,4.4,5.6,-1.1999999999999993,2.2,0.6,1.6,A,-293.8194743183128,-4.0,-2.1999999999999997,0.5555555555555556,0.37931034482758624,15,14,0.5,0.25,0.25,2.0,1.2,1.8,0.6,-0.040441599999999855,1.2856903999999998,-1.3261319999999996,-0.040441599999999855,1.2856903999999998,1.7717656000000002,2.0816760000000003,1.5743016,1.1626048,-972500.0,0.3339041095890411
2023-09-16,Tottenham,Sheffield United,2.0,1.0,2.15909,0.790655,15,12,7,0,3.0,1.0,1.0,1.75,16.6,8.5,7.0,3.5,4.0,4.25,-0.25,2.2,2.5,-0.2999999999999998,H,260.66200383281966,8.100000000000001,3.5,0.42857142857142855,0.2857142857142857,14,14,0.0,0.0,0.0,1.6,1.6,1.0,2.0,0.5979236000000001,-1.7309364999999999,2.3288601,0.5979236000000001,-1.7309364999999999,1.998158,0.551038,1.4154418,1.37181,686150.0,5.503774204135215
2023-09-16,Wolves,Liverpool,1.0,3.0,0.538833,2.82701,-12,-8,10,11,0.8,2.6,2.6,1.4,13.6,19.0,3.4,5.4,3.6,7.8,-4.199999999999999,2.6,1.6,1.0,A,-267.1703920582602,-5.4,-2.0000000000000004,0.23529411764705885,0.48148148148148145,13,13,0.75,0.25,0.0,1.4,1.0,2.4,1.4,-1.007764,1.0501155999999998,-2.0578795999999997,-1.007764,1.0501155999999998,1.370286,1.9269722000000002,1.8441108,1.2718868,-512920.0,0.46327630408622406
2023-09-16,Fulham,Luton,1.0,0.0,1.75704,1.45705,5,4,7,0,1.0,0.6666666666666666,2.4,3.0,8.6,12.0,2.8,1.6666666666666667,4.2,6.666666666666667,-2.466666666666667,2.6,2.0,0.6000000000000001,H,100.7833464544142,-3.4000000000000004,1.133333333333333,0.35714285714285715,0.39999999999999997,14,15,0.0,0.0,0.0,2.0,2.2,0.5,3.5,-1.5723707999999998,-1.5442763333333331,-0.028094466666666706,-1.5723707999999998,-1.5442763333333331,1.1954584000000001,1.1758405,2.3001180000000003,3.890835,243450.0,2.727821149751597
2023-09-16,Aston Villa,Crystal Palace,3.0,1.0,2.31518,1.11696,-5,1,15,5,2.0,1.2,2.0,1.0,13.2,17.0,5.4,6.0,5.0,4.2,0.7999999999999998,2.4,0.6,1.7999999999999998,H,98.52586989468796,-3.8000000000000007,-0.5999999999999996,0.37037037037037035,0.19999999999999998,13,13,0.5,0.25,0.25,2.4,0.4,0.8,1.2,0.2207045999999997,0.5181892000000001,-0.29748460000000043,0.2207045999999997,0.5181892000000001,2.0717718,1.1863166,0.728527,1.122169,263070.0,1.5890769850866586
2023-09-16,Man United,Brighton,1.0,3.0,0.719951,1.93908,-7,0,15,6,1.4,2.6,1.6,1.6,17.2,18.2,5.6,8.0,6.6,6.8,-0.20000000000000018,2.6,3.4,-0.7999999999999998,A,2.897324159229811,-1.0,-2.4000000000000004,0.25,0.325,13,14,0.75,0.25,0.0,2.4,0.8,2.0,2.0,0.42912700000000004,0.09221799999999991,0.3369090000000001,0.42912700000000004,0.09221799999999991,3.1540100000000004,1.9047365999999997,1.3033466,2.5514722,283950.0,1.5414759725400458
2023-09-17,Bournemouth,Chelsea,0.0,0.0,1.32515,1.39677,-2,-3,4,3,0.8,1.2,1.8,1.2,11.4,17.8,4.0,4.6,4.6,7.4,-2.8000000000000007,2.0,2.2,-0.20000000000000018,D,-54.853443638425006,-6.4,-0.5999999999999996,0.2,0.2608695652173913,15,15,0.5,0.5,0.0,1.2,1.6,1.2,2.4,-1.0554928,1.0224157999999997,-2.0779085999999998,-1.0554928,1.0224157999999997,1.308867,1.4006004,1.713562,2.368194,-608250.0,0.3977722772277228
2023-09-17,Everton,Arsenal,0.0,1.0,0.28317,0.802605,-13,-9,3,7,0.6,2.6,1.6,0.8,14.4,15.8,6.0,6.8,7.6,8.8,-1.200000000000001,2.0,1.0,1.0,A,-294.3938932292017,-1.4000000000000004,-0.7999999999999998,0.09999999999999999,0.3823529411764706,15,14,1.0,0.0,0.0,0.4,1.8,1.2,1.4,0.16865420000000042,1.3949417999999998,-1.2262875999999994,0.16865420000000042,1.3949417999999998,1.5160476,1.4205864000000001,1.4645728000000002,1.510746,-808250.0,0.32645833333333335
2023-09-18,Nott'm Forest,Burnley,1.0,1.0,0.705795,0.807651,7,6,12,5,1.4,1.0,1.4,2.8,9.0,10.6,3.4,3.4,3.2,6.2,-3.0,2.8,1.6,1.1999999999999997,D,51.56438470207786,-1.5999999999999996,0.0,0.4117647058823529,0.29411764705882354,16,16,0.0,0.0,0.0,2.0,1.4,0.8,1.2,-0.565712,-0.9288652000000002,0.3631532000000002,-0.565712,-0.9288652000000002,1.583224,1.3918336,2.0040616,1.7281369999999998,227870.0,1.8332236360977037
2023-09-23,Burnley,Man United,0.0,1.0,0.935444,0.840273,-6,-5,0,3,1.0,1.2,2.8,2.0,10.6,15.8,3.0,4.8,5.8,7.2,-1.4000000000000004,2.0,2.8,-0.7999999999999998,A,-213.00865076299328,-5.200000000000001,-1.7999999999999998,0.3333333333333333,0.25,5,7,0.5,0.0,0.5,1.0,3.2,0.4,1.4,-1.0354474000000002,0.012103200000000314,-1.0475506000000006,-1.0354474000000002,0.012103200000000314,1.0819193999999999,1.5290457999999998,2.2381939999999996,1.8260406,-534870.0,0.338318797550566
2023-09-23,Brentford,Everton,1.0,3.0,1.57402,2.51497,6,5,9,6,1.6,0.4,1.2,1.8,14.4,13.4,4.8,5.0,4.8,6.0,-1.2000000000000002,1.8,2.0,-0.19999999999999996,A,119.01742661527784,1.0,-0.20000000000000018,0.33333333333333337,0.08,7,6,0.5,0.25,0.25,1.6,1.0,2.0,2.0,0.7009839999999998,-0.07468199999999992,0.7756659999999997,0.7009839999999998,-0.07468199999999992,2.3584122,2.431729,1.2027404000000002,2.53403,37030.0,1.0945245692405872
2023-09-23,Luton,Wolves,1.0,1.0,2.24101,0.762984,-3,-3,0,3,0.5,1.0,2.5,2.2,10.75,14.6,1.75,3.8,5.5,3.6,1.9,2.0,2.8,-0.7999999999999998,D,-42.515872132280265,-3.8499999999999996,-2.05,0.2857142857142857,0.2631578947368421,7,7,0.0,0.0,0.0,1.0,2.0,0.6,2.2,-1.2332047499999998,-0.9380113999999995,-0.29519335000000035,-1.2332047499999998,-0.9380113999999995,2.02244,0.9840357999999998,1.22528,2.4647959999999998,-301830.0,0.31825265963454025
2023-09-23,Man City,Nott'm Forest,2.0,0.0,1.33984,0.729109,8,8,15,5,2.8,1.4,0.6,1.4,19.4,10.4,8.2,3.4,7.0,3.4,3.6,1.0,2.8,-1.7999999999999998,H,350.23839647451405,8.999999999999998,4.799999999999999,0.34146341463414637,0.4117647058823529,7,5,0.5,0.0,0.5,2.4,0.4,1.4,1.6,1.9871439999999998,-0.47179899999999986,2.4589429999999997,1.9871439999999998,-0.47179899999999986,2.053234,1.0963136,0.7021805999999999,1.6324222,958650.0,2.912137229480403
2023-09-23,Crystal Palace,Fulham,0.0,0.0,0.37236,0.542678,2,0,10,7,1.2,1.0,1.4,2.0,15.0,9.2,5.8,2.6,3.6,4.6,-0.9999999999999996,1.2,2.6,-1.4000000000000001,D,6.272855529220124,5.800000000000001,3.1999999999999997,0.20689655172413793,0.3846153846153846,7,7,0.0,0.5,0.5,2.0,1.4,1.4,1.8,0.164261,-1.3391748,1.5034358,0.164261,-1.3391748,1.625524,1.4096094,1.2052242,2.1439437999999997,62230.0,1.1619097177052167
2023-09-24,Arsenal,Tottenham,2.0,2.0,2.3429,2.21166,-2,0,10,10,1.8,2.6,0.8,1.0,15.6,20.0,6.0,7.6,9.4,6.4,3.0,1.2,3.4,-2.2,D,89.89673632276254,-4.4,-1.5999999999999996,0.3,0.34210526315789475,7,8,0.75,0.25,0.0,2.4,1.4,2.8,1.4,0.9714407999999999,0.7032825999999996,0.26815820000000024,0.9714407999999999,0.7032825999999996,1.9933082,1.8660720000000004,1.0765422,1.4097124,361500.0,1.4311270125223614
2023-09-24,Brighton,Bournemouth,3.0,1.0,2.14533,1.58984,12,9,10,4,3.0,0.8,1.4,1.6,18.6,12.6,8.8,4.4,6.4,4.2,2.2,3.0,1.6,1.4,H,210.20396565797364,6.000000000000002,4.4,0.3409090909090909,0.18181818181818182,8,7,0.5,0.5,0.0,2.4,1.4,0.8,1.6,0.6014997999999996,-0.9303676000000001,1.5318673999999997,0.6014997999999996,-0.9303676000000001,2.31868,1.035898,1.7073578,1.8670128,122650.0,1.3052893590541381
2023-09-24,Chelsea,Aston Villa,0.0,1.0,1.19716,1.13479,-7,-4,6,4,1.0,2.2,1.0,2.0,16.2,14.0,4.8,5.4,6.8,5.0,1.7999999999999998,3.2,2.6,0.6000000000000001,A,-154.20040211795208,2.1999999999999993,-0.6000000000000005,0.20833333333333334,0.40740740740740744,7,8,0.25,0.75,0.0,1.4,1.0,1.0,2.2,0.9366897999999999,0.19489259999999975,0.7417972000000002,0.9366897999999999,0.19489259999999975,2.1299222,1.5818945999999998,1.2806282000000002,1.8817246,300350.0,1.4232368068766292
2023-09-24,Liverpool,West Ham,3.0,1.0,4.14262,1.53878,2,3,13,7,2.4,2.0,0.8,1.4,16.2,11.0,5.0,3.6,6.8,4.2,2.5999999999999996,1.8,2.6,-0.8,H,212.13315114042484,5.199999999999999,1.4,0.48,0.5555555555555556,8,8,0.75,0.25,0.0,1.8,0.4,1.4,1.4,0.9749889999999997,-0.47945159999999976,1.4544405999999994,0.9749889999999997,-0.47945159999999976,2.1140176,1.3670088,0.8791400000000001,2.272566,468150.0,1.9603076923076923
2023-09-24,Sheffield United,Newcastle,0.0,8.0,0.579392,5.1082,-6,-5,1,5,1.0,1.6,1.8,1.4,8.2,13.0,3.8,5.2,3.8,4.4,-0.6000000000000005,3.0,3.4,-0.3999999999999999,A,-292.256329209778,-4.800000000000001,-1.4000000000000004,0.2631578947368421,0.3076923076923077,8,8,0.0,0.0,0.0,1.0,1.6666666666666667,1.6,1.6,-1.6584361999999997,0.6163930000000002,-2.2748292,-1.6584361999999997,0.6163930000000002,0.9199786666666667,1.5791528,2.9543033333333333,1.4719556,-499900.0,0.23357608279034112
2023-09-30,Tottenham,Liverpool,2.0,1.0,2.18823,1.12299,-2,-2,10,11,2.6,2.8,1.0,0.8,19.0,18.0,7.4,6.2,6.0,7.4,-1.4000000000000004,3.4,1.2,2.2,H,-70.36541323012239,1.0,1.2000000000000002,0.35135135135135137,0.4516129032258064,6,6,0.25,0.25,0.5,1.6,1.2,2.6,1.4,0.7679146000000003,1.6222849999999998,-0.8543703999999994,0.7679146000000003,1.6222849999999998,1.968768,2.1514742,1.3323768,1.1917838,-117150.0,0.8774132789201068
2023-09-30,Wolves,Man City,2.0,1.0,0.673985,0.98075,-15,-11,7,10,1.2,2.6,2.2,0.6,10.6,17.4,3.2,7.4,2.4,7.2,-4.800000000000001,2.6,1.6,1.0,H,-313.3031781221812,-6.799999999999999,-4.2,0.37499999999999994,0.35135135135135137,7,7,0.5,0.5,0.0,1.2,1.6,1.8,0.8,-1.1838985999999998,1.6913486000000002,-2.8752472,-1.1838985999999998,1.6913486000000002,1.2902286,2.7030919999999994,2.1068528000000004,1.1045372,-1017270.0,0.30323972602739724
2023-09-30,West Ham,Sheffield United,2.0,0.0,3.19753,0.911997,13,8,9,0,2.0,1.0,1.8,3.2,10.0,8.4,3.8,3.8,4.2,3.2,1.0,2.2,3.0,-0.7999999999999998,H,188.0447732980465,1.5999999999999996,0.0,0.5263157894736842,0.2631578947368421,6,6,0.0,0.0,0.0,1.8,1.4,1.0,2.0,-0.9948495999999998,-2.1935066,1.1986570000000003,-0.9948495999999998,-2.1935066,1.558702,0.6708465,1.8608296,1.76545,335150.0,3.1998687233344274
2023-09-30,Newcastle,Burnley,2.0,0.0,3.08516,0.801849,11,5,10,6,2.2,0.8,1.2,2.6,14.0,10.6,5.6,2.8,4.4,6.0,-1.5999999999999996,2.6,2.0,0.6000000000000001,H,235.7359376705615,3.4000000000000004,2.8,0.3928571428571429,0.28571428571428575,6,7,0.5,0.5,0.0,2.2,0.8,1.0,1.0,0.9549386,-0.9661592,1.9210978,0.9549386,-0.9661592,2.7216379999999996,1.2640598,0.73063984,1.5348359999999999,378770.0,2.385000731314904
2023-09-30,Everton,Luton,1.0,2.0,3.65377,1.5102,2,3,3,0,1.0,0.6,1.8,2.2,13.2,12.6,4.4,2.2,4.8,6.4,-1.6000000000000005,2.4,1.6,0.7999999999999998,A,-4.502891270392183,0.5999999999999996,2.2,0.22727272727272727,0.2727272727272727,7,7,0.0,0.0,0.0,0.2,1.2,0.3333333333333333,2.6666666666666665,-0.088206,-0.6909585999999996,0.6027525999999996,-0.088206,-0.6909585999999996,1.41728,1.269577,1.0523577999999998,3.1795699999999996,250850.0,2.7803406671398156
2023-09-30,Bournemouth,Arsenal,0.0,4.0,0.644443,4.0742,-13,-9,2,9,0.8,1.8,2.0,1.0,12.2,15.2,4.2,5.8,3.0,10.0,-7.0,2.0,1.4,0.6000000000000001,A,-299.9330012703349,-3.0,-1.5999999999999996,0.19047619047619047,0.3103448275862069,6,6,0.5,0.5,0.0,0.4,1.4,1.0,1.0,-1.0468356,1.0224257999999997,-2.0692614,-1.0468356,1.0224257999999997,1.070451,1.0375434000000001,1.7255340000000001,1.17519,-798250.0,0.33479166666666665
2023-09-30,Aston Villa,Brighton,6.0,1.0,1.90746,1.72819,-3,0,15,9,2.2,2.8,1.0,1.4,13.8,15.8,5.6,7.2,6.2,6.0,0.20000000000000018,2.4,3.2,-0.8000000000000003,H,28.919200193631468,-2.0,-1.6000000000000005,0.3928571428571429,0.38888888888888884,6,6,0.5,0.5,0.0,2.4,0.6,2.4,1.6,0.7496346,0.21628979999999975,0.5333448000000003,0.7496346,0.21628979999999975,2.1512038,1.8264246,0.8669018,2.2077704000000002,185250.0,1.3532608695652173
2023-09-30,Man United,Crystal Palace,0.0,1.0,1.55408,1.19015,1,1,12,5,1.2,1.0,2.0,1.4,15.0,11.6,5.0,4.8,6.6,3.2,3.3999999999999995,2.8,1.8,0.9999999999999998,A,72.9178002593651,3.4000000000000004,0.20000000000000018,0.24,0.20833333333333334,7,7,0.75,0.0,0.25,2.2,1.4,1.0,1.4,-0.05664899999999973,-0.2404938000000003,0.18384480000000059,-0.05664899999999973,-0.2404938000000003,2.6777642,1.2936498000000003,1.6374047999999999,1.359547,361770.0,1.8100900174660755
2023-10-01,Nott'm Forest,Brentford,1.0,1.0,0.800317,1.75862,2,2,13,9,1.2,1.4,1.4,1.4,11.2,14.6,3.6,4.0,4.0,4.4,-0.40000000000000036,3.8,2.0,1.7999999999999998,D,-78.68982528597166,-3.4000000000000004,-0.3999999999999999,0.3333333333333333,0.35,8,8,0.5,0.0,0.5,2.2,1.2,1.6,0.6,-0.6186822000000001,0.42191399999999946,-1.0405961999999995,-0.6186822000000001,0.42191399999999946,1.513805,1.2270468,1.4980978,1.3442138,72570.0,1.169247632818695
2023-10-02,Fulham,Chelsea,0.0,2.0,0.889383,1.98461,3,1,7,4,0.8,0.8,2.0,1.0,9.4,16.2,3.2,4.8,4.2,7.0,-2.8,2.6,3.0,-0.3999999999999999,A,3.390374355207541,-6.799999999999999,-1.5999999999999996,0.25,0.16666666666666669,9,8,0.5,0.0,0.5,1.8,2.0,1.0,1.8,-1.1033972000000003,0.8226358,-1.9260330000000003,-1.1033972000000003,0.8226358,1.2593404,1.522914,2.376564,2.076584,-625650.0,0.38054455445544555
2023-10-03,Luton,Burnley,1.0,2.0,1.53058,0.920206,2,3,1,5,0.8,0.8,1.6,2.4,12.6,11.0,2.0,3.0,6.2,5.4,0.7999999999999998,1.4,2.6,-1.2000000000000002,A,-16.568389567547456,1.5999999999999996,-1.0,0.4,0.26666666666666666,3,3,0.0,0.0,0.0,1.0,1.5,0.8,1.2,-0.6233645999999999,-1.0048797999999999,0.38151519999999994,-0.6233645999999999,-1.0048797999999999,2.1317250000000003,1.0481555999999999,0.994132,1.593518,-132580.0,0.5152113500073131
2023-10-07,Crystal Palace,Nott'm Forest,0.0,0.0,0.982452,1.22105,3,3,8,4,1.2,1.0,1.2,1.4,10.4,9.2,4.8,3.0,3.8,3.0,0.7999999999999998,1.8,3.6,-1.8,D,54.20526970374726,1.200000000000001,1.7999999999999998,0.25,0.3333333333333333,7,6,0.5,0.0,0.5,1.2,0.8,1.0,1.6,-0.08592580000000005,-0.9744972,0.8885713999999999,-0.08592580000000005,-0.9744972,1.2362199999999999,0.8485414,0.9172357999999999,1.700554,-54770.0,0.8907549616036701
2023-10-07,Man United,Brentford,2.0,1.0,1.29356,1.02509,3,3,9,7,1.2,1.0,1.8,1.6,14.4,14.8,4.6,3.4,7.4,5.6,1.8000000000000007,2.8,2.0,0.7999999999999998,H,80.95091718758681,-0.40000000000000036,1.1999999999999997,0.2608695652173913,0.29411764705882354,7,6,0.75,0.25,0.0,1.4,1.4,1.4,0.8,0.034736999999999796,-0.00022159999999993296,0.03495859999999973,0.034736999999999796,-0.00022159999999993296,2.0041181999999997,1.439702,1.5387068,1.2620292000000002,379570.0,1.8852325201735156
2023-10-07,Fulham,Sheffield United,3.0,1.0,2.26612,0.251809,7,4,7,0,0.8,0.8,1.8,3.2,9.4,10.2,3.4,3.6,4.8,2.6,2.1999999999999997,2.4,2.6,-0.20000000000000018,H,171.75055584681218,-0.7999999999999989,-0.20000000000000018,0.23529411764705885,0.22222222222222224,5,7,0.0,0.0,0.0,1.6,2.0,0.6666666666666666,2.0,-0.7086463999999999,-2.4864588000000003,1.7778124000000004,-0.7086463999999999,-2.4864588000000003,1.3508544,0.7512300000000001,2.3088100000000003,2.24281,232000.0,2.5228093206432556
2023-10-07,Burnley,Chelsea,1.0,4.0,0.956642,1.97566,-5,-3,0,4,1.0,1.0,2.0,0.4,12.0,15.0,3.4,4.8,5.8,5.4,0.39999999999999947,2.6,3.2,-0.6000000000000001,A,-87.07875542728061,-3.0,-1.4,0.29411764705882354,0.20833333333333334,4,5,0.0,0.5,0.5,0.8,2.8,0.8,1.6,-0.6856936000000002,1.0623172000000003,-1.7480108000000005,-0.6856936000000002,1.0623172000000003,1.0069522000000002,1.566132,2.0437366,2.0109506,-736520.0,0.2707722772277228
2023-10-07,Luton,Tottenham,0.0,1.0,0.848118,2.37947,-15,-9,1,11,1.0,2.6,1.4,1.2,14.0,20.4,2.4,7.8,6.8,7.4,-0.6000000000000005,1.6,4.2,-2.6,A,-241.2521411313146,-6.399999999999999,-5.4,0.4166666666666667,0.33333333333333337,4,7,0.0,0.0,0.0,1.0,1.6666666666666667,3.0,1.4,0.08840000000000048,0.9623626000000001,-0.8739625999999996,0.08840000000000048,0.9623626000000001,1.9313433333333334,2.071394,0.96949,1.5183184,-697600.0,0.1680381633870006
2023-10-07,Everton,Bournemouth,3.0,0.0,3.16482,0.981732,3,2,3,1,1.2,0.6,1.4,2.2,16.0,11.2,5.0,3.4,4.2,3.8,0.40000000000000036,1.6,1.4,0.20000000000000018,H,41.60664827164874,4.800000000000001,1.6,0.24,0.17647058823529413,7,7,1.0,0.0,0.0,0.4,1.0,0.8,2.2,0.8448869999999999,-1.3592310000000003,2.2041180000000002,0.8448869999999999,-1.3592310000000003,1.9108399999999999,1.1561552,1.1457218,2.200672,-10000.0,0.9751088985687617
2023-10-08,Brighton,Liverpool,2.0,2.0,2.23187,2.51029,-2,-3,10,8,2.2,2.4,2.4,1.0,14.8,15.2,6.2,5.0,6.0,6.4,-0.40000000000000036,2.8,1.8,0.9999999999999998,D,-88.47414244868901,-0.3999999999999986,1.2000000000000002,0.3548387096774194,0.48,8,8,0.25,0.25,0.5,2.4,1.4,2.2,1.8,0.0869538000000003,1.0356809999999999,-0.9487271999999995,0.0869538000000003,1.0356809999999999,2.2649099999999995,2.0219022000000004,1.8525939999999999,1.5239306,-431250.0,0.5487364620938628
2023-10-08,West Ham,Newcastle,2.0,2.0,0.931345,1.97865,1,0,12,5,1.8,2.6,1.6,1.0,11.6,16.6,4.4,7.0,5.0,5.4,-0.40000000000000036,2.0,1.8,0.19999999999999996,D,-109.28512457406056,-5.000000000000002,-2.5999999999999996,0.40909090909090906,0.37142857142857144,8,8,0.0,0.5,0.5,2.0,1.0,2.4,1.4,-0.558379,1.605226,-2.163605,-0.558379,1.605226,2.0103384,2.0280568,1.702329,1.4324324000000002,-164750.0,0.7474128018397853
2023-10-08,Wolves,Aston Villa,1.0,1.0,1.76232,1.81618,-10,-5,7,7,1.4,2.6,1.6,1.2,8.0,15.0,2.4,6.0,1.4,5.0,-3.6,3.0,2.6,0.3999999999999999,D,-145.50787716149284,-7.0,-3.6,0.5833333333333334,0.43333333333333335,8,8,0.5,0.25,0.25,1.2,1.8,1.2,2.0,-1.1517696000000004,0.28110959999999974,-1.4328792000000001,-1.1517696000000004,0.28110959999999974,1.1993676,1.5085366,2.186944,1.9599465999999999,-266920.0,0.6238709222856338
2023-10-08,Arsenal,Man City,1.0,0.0,0.386558,0.858071,-2,-1,11,9,2.4,2.6,1.0,1.0,15.4,19.2,6.8,8.2,9.6,7.8,1.7999999999999998,1.4,2.2,-0.8000000000000003,H,-42.757112887397625,-3.799999999999999,-1.3999999999999995,0.35294117647058826,0.3170731707317074,8,8,0.5,0.5,0.0,2.8,1.2,1.8,1.0,1.4810231999999999,1.5590764000000001,-0.07805320000000027,1.4810231999999999,1.5590764000000001,2.270158,2.5132959999999995,1.0763222000000001,0.8163622,-260000.0,0.821917808219178
2023-10-21,Man City,Brighton,2.0,1.0,0.962509,0.963733,3,-1,15,6,2.2,2.4,1.0,2.2,14.0,12.6,6.6,4.8,6.2,4.2,2.0,2.8,2.8,0.0,H,177.22273839328318,1.4000000000000004,1.7999999999999998,0.33333333333333337,0.5,13,13,0.5,0.25,0.25,2.2,0.4,2.0,2.8,1.0362174,0.34694979999999975,0.6892676000000002,1.0362174,0.34694979999999975,1.7213859999999996,1.7295106,0.7495874,2.3975322,935600.0,2.7841342486651413
2023-10-21,Sheffield United,Man United,1.0,2.0,1.41074,1.46187,-10,-5,1,6,0.8,1.0,3.4,1.6,10.0,15.0,3.6,4.4,3.2,6.6,-3.3999999999999995,2.4,2.0,0.3999999999999999,A,-303.955971824847,-5.0,-0.8000000000000003,0.22222222222222224,0.22727272727272727,14,14,0.0,0.0,0.0,0.75,3.25,0.6,1.2,-2.2721594000000005,-0.32510419999999995,-1.9470552000000005,-2.2721594000000005,-0.32510419999999995,0.834832,1.4328904000000002,3.4927775,1.5932234,-656000.0,0.1884703408177151
2023-10-21,Chelsea,Arsenal,2.0,2.0,1.71838,1.05791,-8,-6,5,12,1.2,2.2,0.6,0.6,13.0,14.0,4.2,5.0,4.8,9.0,-4.2,3.6,1.8,1.8,D,-212.3297977363873,-1.0,-0.7999999999999998,0.2857142857142857,0.44000000000000006,14,13,0.25,0.75,0.0,1.0,0.8,1.6,0.2,0.6764310000000002,0.9105080000000002,-0.23407699999999998,0.6764310000000002,0.9105080000000002,2.169518,1.7727089999999996,1.1139921999999998,0.9017426000000001,-190000.0,0.8416666666666667
2023-10-21,Nott'm Forest,Luton,2.0,2.0,3.27549,1.49555,4,2,11,3,0.6,0.8,0.8,1.2,10.6,13.2,3.2,2.6,3.8,6.0,-2.2,3.0,1.8,1.2,D,68.75544761127185,-2.5999999999999996,0.6000000000000001,0.18749999999999997,0.3076923076923077,14,14,0.0,0.0,0.0,1.8,1.2,0.75,2.25,-0.5132424000000001,-0.37730240000000004,-0.13594000000000006,-0.5132424000000001,-0.37730240000000004,1.1861764,1.32973275,1.3836938,3.29812,360450.0,3.5581973030518097
2023-10-21,Brentford,Burnley,3.0,0.0,3.15685,0.693129,3,-2,6,5,1.0,0.8,1.8,1.8,14.6,10.8,3.8,3.2,5.0,5.8,-0.7999999999999998,3.0,2.2,0.7999999999999998,H,148.63798681225126,3.799999999999999,0.5999999999999996,0.2631578947368421,0.25,14,14,1.0,0.0,0.0,1.4,1.6,0.8,1.2,-0.03139579999999964,-0.7431352,0.7117394000000004,-0.03139579999999964,-0.7431352,1.7880742,0.9581528,1.6650719999999999,1.7424856000000002,155300.0,1.567866023109551
2023-10-21,Bournemouth,Wolves,1.0,2.0,1.01839,2.30454,-4,-3,2,4,0.6,1.4,2.4,1.8,11.2,7.4,3.6,2.6,4.0,1.8,2.2,1.6,2.6,-1.0,A,-114.97933167133463,3.799999999999999,1.0,0.16666666666666666,0.5384615384615384,14,13,0.0,0.5,0.5,0.2,1.6,0.8,2.0,-1.4403350000000001,-1.0634135999999996,-0.3769214000000005,-1.4403350000000001,-1.0634135999999996,0.9558296000000001,1.0828748000000001,2.18667,2.2927619999999997,-40980.0,0.9074379418607278
2023-10-21,Liverpool,Everton,2.0,0.0,2.28568,0.0937725,12,3,13,8,2.4,1.8,1.2,1.2,16.2,18.0,5.0,5.2,4.8,4.4,0.39999999999999947,1.8,1.2,0.6000000000000001,H,277.2560379587994,-1.8000000000000007,-0.20000000000000018,0.48,0.34615384615384615,13,14,0.5,0.25,0.25,2.2,0.6,2.2,1.8,1.2442148,1.1823766000000004,0.06183819999999951,1.2442148,1.1823766000000004,2.6077976,2.2774270000000003,1.0388709999999999,2.183862,563900.0,2.439438417358009
2023-10-21,Newcastle,Crystal Palace,4.0,0.0,3.73336,1.08795,2,2,10,8,2.8,1.0,1.0,1.0,14.0,9.0,6.0,4.2,4.8,3.2,1.5999999999999996,2.2,1.8,0.40000000000000013,H,129.61865710994425,5.0,1.7999999999999998,0.4666666666666666,0.23809523809523808,13,14,0.25,0.0,0.75,1.8,0.6,1.2,1.2,1.6618372,-0.15616519999999978,1.8180023999999997,1.6618372,-0.15616519999999978,2.515952,1.470346,0.7723110400000001,1.439033,205670.0,1.4605445832773523
2023-10-22,Aston Villa,West Ham,4.0,1.0,2.34143,0.659622,3,3,15,7,2.2,1.6,1.2,1.8,15.4,10.2,5.6,4.4,5.8,5.0,0.7999999999999998,3.0,2.0,1.0,H,124.8293263377177,5.200000000000001,1.1999999999999993,0.3928571428571429,0.36363636363636365,14,14,0.25,0.5,0.25,3.4,0.8,1.6,1.6,-0.14937940000000016,-1.0835199999999998,0.9341405999999997,-0.14937940000000016,-1.0835199999999998,2.364864,1.6341024000000002,1.196567,2.215948,222150.0,1.4556923076923076
2023-10-23,Tottenham,Fulham,2.0,0.0,1.63523,0.745838,9,6,12,5,2.4,1.0,1.2,1.6,20.0,11.8,7.4,4.0,8.2,6.0,2.1999999999999993,3.8,2.0,1.7999999999999998,H,163.92253174964253,8.2,3.4000000000000004,0.3243243243243243,0.25,16,16,0.5,0.5,0.0,1.6,1.0,1.0,1.8,0.9131193999999998,0.17042840000000004,0.7426909999999998,0.9131193999999998,0.17042840000000004,1.9319359999999997,1.2639749999999998,1.1639588,2.188486,454150.0,2.181605307662287
2023-10-27,Crystal Palace,Tottenham,1.0,2.0,0.561834,0.989103,-10,-8,6,11,0.4,1.8,1.4,0.8,9.2,19.0,2.6,6.4,4.0,8.0,-4.0,2.2,3.6,-1.4,A,-152.72080282105458,-9.8,-3.8000000000000003,0.15384615384615385,0.28125,6,4,0.75,0.25,0.0,0.8,0.8,2.4,1.2,-0.9232951999999998,0.9446357999999997,-1.8679309999999996,-0.9232951999999998,0.9446357999999997,1.1522364,2.140658,1.1090414,1.44964,-391920.0,0.5325939177101968
2023-10-28,Arsenal,Sheffield United,5.0,0.0,3.03496,0.0281554,17,11,11,0,2.0,0.6,0.8,3.4,13.2,9.8,4.6,3.2,8.0,3.4,4.6,2.0,2.8,-0.7999999999999998,H,404.6822265554642,3.3999999999999986,1.3999999999999995,0.4347826086956522,0.18749999999999997,7,7,0.0,0.0,0.0,2.0,1.2,0.75,2.25,0.5896897999999999,-2.0496434,2.6393332,0.5896897999999999,-2.0496434,1.7425376,0.62637475,1.1703924,2.2486375,1047650.0,7.876599934361667
2023-10-28,Bournemouth,Burnley,2.0,1.0,1.10052,0.90255,-1,-2,2,5,0.4,0.6,2.4,2.2,10.2,10.0,3.4,2.8,4.2,6.0,-1.7999999999999998,1.6,2.0,-0.3999999999999999,H,15.040163543438894,0.1999999999999993,0.6000000000000001,0.11764705882352942,0.2142857142857143,7,7,0.0,0.0,0.0,0.4,1.8,0.8,1.6,-1.5052210000000004,-1.2562506000000002,-0.24897040000000015,-1.5052210000000004,-1.2562506000000002,0.996363,0.970801,2.304012,1.8949576000000001,128270.0,1.4690288138072254
2023-10-28,Chelsea,Brentford,0.0,2.0,1.71801,2.48137,4,4,5,7,1.6,1.2,0.8,1.4,11.0,15.0,4.8,4.4,3.6,5.0,-1.4,3.6,3.8,-0.19999999999999973,A,-70.0538415705937,-4.0,0.39999999999999947,0.33333333333333337,0.2727272727272727,7,7,0.0,0.75,0.25,1.2,1.0,1.6,1.0,0.5817409999999998,0.26900440000000003,0.3127365999999998,0.5817409999999998,0.26900440000000003,2.109346,1.6079415999999997,1.0217762000000001,1.1223412,581220.0,2.3555203134474554
2023-10-28,Wolves,Newcastle,2.0,2.0,0.863393,2.31987,-7,-5,5,5,1.4,3.4,1.4,0.4,9.0,14.2,3.2,7.0,3.8,5.4,-1.6000000000000005,3.2,1.8,1.4000000000000001,D,-138.9719496150003,-5.199999999999999,-3.8,0.43749999999999994,0.4857142857142857,7,7,0.75,0.0,0.25,1.2,2.0,2.4,1.4,-0.5681356000000002,2.2744831999999997,-2.8426188,-0.5681356000000002,2.2744831999999997,1.3906216,1.9535508,2.249864,1.2155673999999999,-209520.0,0.6787734764277501
2023-10-29,Man United,Man City,0.0,3.0,0.714628,4.54595,-5,0,9,9,1.2,1.6,1.2,1.0,15.8,14.6,5.0,6.8,6.8,5.8,1.0,1.6,2.8,-1.1999999999999997,A,-174.6045595923299,1.200000000000001,-1.7999999999999998,0.24,0.23529411764705885,8,8,0.75,0.25,0.0,1.4,1.4,1.8,1.0,-0.12615400000000032,0.9285226,-1.0546766000000003,-0.12615400000000032,0.9285226,1.7132982,2.4476121999999996,1.3673908000000001,0.6058878,-651650.0,0.5536643835616438
2023-10-29,Liverpool,Nott'm Forest,3.0,0.0,2.70428,0.642014,11,6,13,4,2.2,0.8,1.2,1.2,18.0,13.0,5.4,4.2,5.8,4.6,1.2000000000000002,2.0,2.8,-0.7999999999999998,H,247.17671915967549,5.0,1.2000000000000002,0.40740740740740744,0.19047619047619047,8,8,1.0,0.0,0.0,2.4,0.6,0.8,1.4,1.2594208999999998,0.06952960000000008,1.1898912999999998,1.2594208999999998,0.06952960000000008,2.6665335999999997,1.0054636000000001,1.0208471,1.6954723999999999,454300.0,1.906153385858183
2023-10-29,Brighton,Fulham,1.0,1.0,1.31996,0.552523,7,0,10,5,2.0,0.8,2.4,1.0,10.6,12.6,4.2,3.8,3.6,6.0,-2.4,2.4,1.2,1.2,D,105.51031744551231,-2.0,0.40000000000000036,0.47619047619047616,0.2105263157894737,8,6,0.5,0.5,0.0,2.6,1.6,0.8,1.8,0.2636306000000004,0.10000000000000009,0.1636306000000003,0.2636306000000004,0.10000000000000009,2.288312,1.0368086,1.9687059999999998,1.966,140050.0,1.3643814231819955
2023-10-29,Aston Villa,Luton,3.0,1.0,3.07654,0.453117,13,8,15,4,3.0,1.2,0.8,1.4,16.6,14.4,6.4,3.0,6.8,6.0,0.7999999999999998,2.8,1.4,1.4,H,250.67342598895448,2.200000000000001,3.4000000000000004,0.46875,0.39999999999999997,7,8,0.0,0.0,0.0,3.8,0.8,1.0,2.2,0.6101576,-0.6732923999999998,1.2834499999999998,0.6101576,-0.6732923999999998,2.473176,1.3628962,1.0914814,3.2935939999999997,568750.0,5.036550745209368
2023-10-29,West Ham,Everton,0.0,1.0,0.618578,0.733813,7,-2,10,5,1.4,1.4,2.4,1.2,11.2,16.0,4.6,4.2,5.2,4.0,1.2000000000000002,2.0,1.0,1.0,A,47.50757280601556,-4.800000000000001,0.39999999999999947,0.30434782608695654,0.3333333333333333,7,8,0.75,0.25,0.0,2.2,1.4,1.2,2.0,-1.2604496,0.5112531,-1.7717027,-1.2604496,0.5112531,1.8433714,1.7077355,1.859219,1.993564,95750.0,1.2444160816847478
2023-11-04,Fulham,Man United,0.0,1.0,1.18241,0.697095,-6,-4,7,9,0.8,1.0,1.2,1.2,12.0,14.4,4.4,4.8,5.4,6.6,-1.1999999999999993,1.4,2.0,-0.6000000000000001,A,-143.69174310120934,-2.4000000000000004,-0.39999999999999947,0.18181818181818182,0.20833333333333334,6,6,0.5,0.5,0.0,1.2,1.6,1.0,1.2,-0.11348539999999996,-0.6485926,0.5351072,-0.11348539999999996,-0.6485926,1.4535263999999999,1.4864244000000002,1.7740398000000002,1.5221354,-424000.0,0.4754747324797427
2023-11-04,Brentford,West Ham,3.0,2.0,1.82944,1.75505,-1,3,6,7,1.6,1.2,1.2,2.0,14.2,12.4,5.0,4.4,4.6,5.2,-0.6000000000000005,3.6,2.2,1.4,H,92.12068370285648,1.799999999999999,0.5999999999999996,0.32,0.2727272727272727,7,6,0.5,0.5,0.0,1.8,1.6,1.6,2.0,0.5951928000000002,-0.6325310000000004,1.2277238000000006,0.5951928000000002,-0.6325310000000004,2.1316581999999995,1.5719564000000001,1.5663998,2.2782080000000002,-58720.0,0.8795487179487179
2023-11-04,Burnley,Crystal Palace,0.0,2.0,1.4998,1.43653,-6,-2,0,7,0.8,0.4,2.4,1.2,8.8,10.6,2.6,2.6,5.2,5.8,-0.5999999999999996,2.4,2.0,0.3999999999999999,A,-146.4295301862512,-1.799999999999999,0.0,0.3076923076923077,0.15384615384615385,7,8,0.0,0.0,1.0,0.8,3.2,0.8,1.6,-1.3148788000000002,-0.7691049999999997,-0.5457738000000005,-1.3148788000000002,-0.7691049999999997,0.8999526,1.346366,2.0902866,1.7946669999999998,-173100.0,0.6123874781674056
2023-11-04,Everton,Brighton,1.0,1.0,0.617607,0.442489,-7,4,3,6,1.6,1.6,1.0,2.4,16.4,12.2,4.8,4.0,4.4,4.8,-0.39999999999999947,1.0,2.0,-1.0,D,-135.92220032020168,4.199999999999999,0.7999999999999998,0.33333333333333337,0.4,6,6,0.0,1.0,0.0,0.8,1.0,2.0,2.4,0.6381870999999997,0.1732921999999999,0.4648948999999998,0.6381870999999997,0.1732921999999999,2.3179380000000003,1.8035586,1.2556514,1.7673159999999999,-132650.0,0.7470442410373761
2023-11-04,Man City,Bournemouth,6.0,1.0,2.39949,0.643127,14,6,15,1,1.6,0.8,0.8,2.6,13.0,10.2,5.8,3.8,6.0,6.0,0.0,2.6,1.8,0.8,H,397.4524107836012,2.8000000000000007,2.0,0.27586206896551724,0.2105263157894737,6,7,0.5,0.5,0.0,2.2,0.4,0.8,2.4,1.0438214000000001,-1.451303,2.4951244,1.0438214000000001,-1.451303,1.3469438,1.3000972,0.9141492,2.5531619999999995,1058250.0,3.6341008089607967
2023-11-04,Sheffield United,Wolves,2.0,1.0,1.10165,1.14803,-7,-9,1,7,0.4,1.6,4.0,1.2,8.8,9.0,2.2,4.0,3.2,4.6,-1.3999999999999995,2.4,3.2,-0.8000000000000003,H,-137.9401330876508,-0.1999999999999993,-1.7999999999999998,0.18181818181818182,0.4,7,7,0.0,0.0,0.0,0.8,3.0,1.2,1.2,-2.3773173200000004,-0.40179560000000003,-1.9755217200000004,-2.3773173200000004,-0.40179560000000003,0.9500136000000001,1.4662388,3.086596,1.891508,-290380.0,0.34411492331669413
2023-11-04,Newcastle,Arsenal,1.0,0.0,1.12355,0.535473,-5,0,12,10,3.6,2.8,0.8,0.8,15.0,13.2,7.6,5.4,5.2,7.0,-1.7999999999999998,2.0,1.8,0.19999999999999996,H,-40.88456945905023,1.8000000000000007,2.1999999999999993,0.4736842105263158,0.5185185185185185,7,7,0.5,0.25,0.25,2.6,0.6,1.6,0.6,2.3922622,1.0871637200000002,1.3050984799999996,2.3922622,1.0871637200000002,2.8524459999999996,1.7261689999999998,0.9731195999999999,0.9709706,-547750.0,0.5435416666666667
2023-11-05,Nott'm Forest,Aston Villa,2.0,0.0,0.592447,1.33116,-11,-10,9,7,0.6,3.0,1.6,0.8,12.0,16.8,3.6,6.6,4.2,7.2,-3.0,3.0,2.4,0.6000000000000001,H,-134.646396281021,-4.800000000000001,-2.9999999999999996,0.16666666666666666,0.4545454545454546,7,7,0.5,0.0,0.5,1.4,1.0,1.2,2.0,-0.32255239999999996,0.8951982000000003,-1.2177506000000002,-0.32255239999999996,0.8951982000000003,1.4586224,1.5778766,1.0206118,2.1287089999999997,-208300.0,0.706475022898612
2023-11-05,Luton,Liverpool,1.0,1.0,1.3411,3.03925,-14,-6,1,8,1.2,2.2,1.8,1.0,11.8,19.0,2.4,5.8,4.8,6.6,-1.7999999999999998,1.8,1.8,0.0,D,-292.75970341745256,-7.199999999999999,-3.4,0.5,0.37931034482758624,7,7,0.0,0.0,0.0,0.75,1.5,1.8,1.4,-1.4935821999999996,1.2142387000000001,-2.7078208999999998,-1.4935821999999996,1.2142387000000001,1.6605370000000002,1.7232702,1.321985,1.7023766000000002,-814750.0,0.1474389159211008
2023-11-06,Tottenham,Chelsea,1.0,4.0,0.959108,4.05865,11,6,12,7,1.8,1.6,0.8,1.2,15.4,11.6,4.6,4.0,5.4,4.2,1.2000000000000002,2.6,2.8,-0.19999999999999973,A,122.28640570957214,3.8000000000000007,0.5999999999999996,0.391304347826087,0.4,10,9,0.5,0.25,0.25,1.8,1.0,1.6,1.6,0.7564026000000001,0.4147449999999997,0.34165760000000045,0.7564026000000001,0.4147449999999997,2.027652,1.729968,1.2517926,1.961165,-171500.0,0.8301980198019802
2023-11-11,Bournemouth,Newcastle,2.0,0.0,2.78424,0.306141,-12,-8,4,5,0.8,2.2,3.2,0.8,8.8,12.4,3.2,5.0,5.4,4.0,1.4000000000000004,1.4,3.0,-1.6,H,-213.71363920009253,-3.5999999999999996,-1.7999999999999998,0.25,0.44000000000000006,7,7,0.0,0.0,1.0,0.6,1.8,2.6,1.6,-1.6914775999999998,1.6041159999999999,-3.2955935999999997,-1.6914775999999998,1.6041159999999999,0.9144169999999999,2.1137268,2.1878420000000003,0.984398,-250500.0,0.6159448064392488
2023-11-11,Man United,Luton,1.0,0.0,2.74105,0.408265,10,7,6,4,1.0,1.0,1.2,1.8,14.6,11.6,5.0,3.0,6.4,4.4,2.0,2.0,1.8,0.19999999999999996,H,231.09658544258943,3.0,2.0,0.2,0.3333333333333333,7,6,0.0,0.0,0.0,1.2,2.0,1.0,2.0,-0.7266214,-1.4044982000000001,0.6778768000000002,-0.7266214,-1.4044982000000001,1.4620498,1.0763316,1.9321248,3.035406,667450.0,5.737047551454933
2023-11-11,Wolves,Tottenham,2.0,1.0,1.90884,0.432315,-12,-4,5,13,1.6,1.6,1.4,1.2,10.4,14.4,4.0,4.6,5.2,4.8,0.40000000000000036,3.4,2.0,1.4,H,-113.37900223705331,-4.0,-0.5999999999999996,0.4,0.3478260869565218,7,5,0.5,0.5,0.0,1.4,2.2,2.4,1.0,-0.09691439999999973,0.16274220000000006,-0.2596565999999998,-0.09691439999999973,0.16274220000000006,1.3053482,2.0478466,2.219886,1.1804948000000002,-395770.0,0.5280023852116875
2023-11-11,Arsenal,Burnley,3.0,1.0,2.63194,0.327706,15,7,11,4,2.4,0.8,0.6,2.4,13.4,10.6,4.4,3.2,7.0,7.0,0.0,1.4,1.8,-0.40000000000000013,H,338.0352902185182,2.8000000000000007,1.2000000000000002,0.5454545454545454,0.25,7,7,0.0,0.5,0.5,2.6,1.0,0.8,1.8,0.9433003199999999,-0.8455625999999998,1.7888629199999997,0.9433003199999999,-0.8455625999999998,2.1810055999999998,0.825077,0.9827624800000001,1.9157810000000002,926520.0,4.3878894251864855
2023-11-11,Crystal Palace,Everton,2.0,3.0,1.89194,1.7904,5,0,5,7,0.8,1.2,1.2,1.0,10.0,14.8,2.6,4.4,5.4,4.2,1.2000000000000002,2.4,1.4,1.0,A,25.78545712245409,-4.800000000000001,-1.8000000000000003,0.3076923076923077,0.2727272727272727,7,7,0.75,0.0,0.25,0.8,1.0,1.2,1.8,-0.7476954,0.48502069999999975,-1.2327160999999998,-0.7476954,0.48502069999999975,1.0630312,1.3605461,1.2195741999999998,1.8593275999999999,54830.0,1.1399617102744097
2023-11-12,Aston Villa,Fulham,3.0,1.0,2.86039,0.648745,11,6,15,3,2.8,0.8,1.2,1.4,16.4,13.6,5.8,4.0,7.0,6.8,0.20000000000000018,2.0,2.0,0.0,H,161.8989805354372,2.799999999999999,1.7999999999999998,0.48275862068965514,0.2,7,8,1.0,0.0,0.0,4.0,0.8,0.8,2.0,1.0554148,-0.05048600000000003,1.1059008000000001,1.0554148,-0.05048600000000003,2.5767940000000005,0.8310252,0.9358708,1.7119900000000001,325300.0,1.8463639911538963
2023-11-12,Brighton,Sheffield United,1.0,1.0,1.08601,0.84434,12,0,8,0,1.2,0.8,2.4,2.6,11.0,9.2,3.6,2.4,4.6,3.6,0.9999999999999996,1.8,2.2,-0.40000000000000013,D,230.57103366264823,1.8000000000000007,1.2000000000000002,0.3333333333333333,0.33333333333333337,8,8,0.0,0.0,0.0,2.0,1.6,0.6,2.8,0.027170600000000267,-1.48083172,1.5080023200000003,0.027170600000000267,-1.48083172,1.678808,0.50673088,1.7020226,2.4059019999999998,372050.0,3.4420741713160488
2023-11-12,Liverpool,Brentford,3.0,0.0,1.56004,1.44954,4,-2,15,7,1.8,2.0,1.0,1.0,19.4,15.0,5.6,5.4,6.6,5.2,1.3999999999999995,2.0,3.4,-1.4,H,146.64900576970922,4.399999999999999,0.1999999999999993,0.32142857142857145,0.37037037037037035,7,8,0.75,0.0,0.25,2.8,0.4,1.4,0.8,1.0331006999999999,0.7982608,0.23483989999999988,1.0331006999999999,0.7982608,3.023688,1.8735275999999998,0.8553539000000001,1.1426092,526870.0,2.2287653342040206
2023-11-12,West Ham,Nott'm Forest,3.0,2.0,2.06402,1.42128,2,-2,7,4,1.4,1.0,2.0,1.2,12.6,11.0,4.0,3.6,5.0,3.0,2.0,2.6,1.8,0.8,H,26.62841560531456,1.5999999999999996,0.3999999999999999,0.35,0.2777777777777778,8,7,1.0,0.0,0.0,1.6,1.4,0.6,1.6,-0.12664100000000023,-0.34814880000000015,0.22150779999999992,-0.12664100000000023,-0.34814880000000015,1.471085,0.9406053999999999,1.8768159999999998,2.0678044,-13850.0,0.972374588610751
2023-11-12,Chelsea,Man City,4.0,4.0,3.47238,3.19324,-10,1,4,9,2.4,2.4,1.2,1.0,13.0,15.8,4.8,6.6,4.4,7.2,-2.8,3.4,2.0,1.4,D,-255.52907498625768,-2.8000000000000007,-1.7999999999999998,0.5,0.36363636363636365,6,8,0.5,0.5,0.0,1.0,1.2,1.8,1.0,1.0221794000000002,1.2729478000000003,-0.2507684000000001,1.0221794000000002,1.2729478000000003,2.066432,2.8766542,1.2580622,0.686607,-450000.0,0.6917808219178082
2023-11-25,Sheffield United,Bournemouth,1.0,3.0,0.816227,3.13975,-2,-2,4,1,1.0,1.2,2.4,2.4,7.8,11.0,2.2,5.0,3.4,5.4,-2.0000000000000004,2.4,1.8,0.5999999999999999,A,-96.0456124265495,-3.2,-2.8,0.45454545454545453,0.24,13,14,0.0,0.0,0.0,1.2,3.0,1.0,3.4,-1.07205912,-0.5099063999999998,-0.5621527200000003,-1.07205912,-0.5099063999999998,1.0858028,1.3423057999999999,2.8609700000000005,2.807194,-249400.0,0.379215930304916
2023-11-25,Brentford,Arsenal,0.0,1.0,1.66315,1.82699,-8,-1,8,10,1.8,2.2,1.4,0.8,14.6,13.6,5.0,4.0,4.6,6.4,-1.8000000000000007,3.4,1.2,2.2,A,-160.946496939212,1.0,1.0,0.36,0.55,13,14,0.5,0.25,0.25,2.0,1.6,1.6,0.6,0.5845002000000001,0.7181957199999999,-0.13369551999999973,0.5845002000000001,0.7181957199999999,2.1160342,1.7352236,1.6267778,0.9677406000000002,-771220.0,0.35731666666666667
2023-11-25,Nott'm Forest,Brighton,2.0,3.0,2.22655,1.21792,-7,1,9,7,1.2,1.2,1.6,1.4,11.8,11.0,4.4,4.2,3.6,5.2,-1.6,2.0,1.6,0.3999999999999999,A,-130.68177790153825,0.8000000000000007,0.20000000000000018,0.2727272727272727,0.2857142857142857,13,13,0.5,0.0,0.5,1.6,1.0,2.0,2.2,-0.2850362000000002,0.11135859999999997,-0.39639480000000016,-0.2850362000000002,0.11135859999999997,1.3491718000000001,1.6458224000000001,1.1888038,1.3791474000000001,-23050.0,0.9560450038138826
2023-11-25,Burnley,West Ham,1.0,2.0,1.44228,1.36963,-11,-4,0,6,0.6,1.6,2.8,2.4,9.4,11.8,3.4,3.4,6.4,5.4,1.0,1.6,2.8,-1.1999999999999997,A,-151.79713332210372,-2.4000000000000004,0.0,0.17647058823529413,0.4705882352941177,14,13,0.0,0.0,1.0,0.8,3.0,1.8,2.4,-1.1843346000000003,-0.4551995999999998,-0.7291350000000005,-1.1843346000000003,-0.4551995999999998,1.1377062,1.6262864000000001,1.8974446,2.342046,-214020.0,0.5609846153846154
2023-11-25,Luton,Crystal Palace,2.0,1.0,0.996153,1.83546,-5,-2,2,7,0.8,1.0,1.6,1.8,10.0,11.0,3.2,3.0,3.6,6.4,-2.8000000000000003,1.4,2.2,-0.8000000000000003,H,-57.803506081880414,-1.0,0.20000000000000018,0.25,0.3333333333333333,14,14,0.0,0.0,0.0,0.8,1.4,1.0,1.6,-1.9931299999999998,-0.6546014,-1.3385285999999998,-1.9931299999999998,-0.6546014,1.5966496,1.1784400000000002,1.6654380000000004,2.0100861999999995,-305680.0,0.3155089793542031
2023-11-25,Newcastle,Chelsea,4.0,1.0,2.15227,0.968061,2,0,12,10,1.8,2.8,1.2,2.0,10.0,14.2,4.4,5.8,4.0,4.8,-0.7999999999999998,3.0,3.6,-0.6000000000000001,H,131.0049539449633,-4.199999999999999,-1.3999999999999995,0.40909090909090906,0.48275862068965514,14,13,0.5,0.25,0.25,1.8,0.4,2.2,1.0,0.651834,0.858962,-0.20712799999999998,0.651834,0.858962,2.2127399999999997,2.20497,0.7830141999999999,1.1685246,-357750.0,0.6457920792079208
2023-11-25,Man City,Liverpool,1.0,1.0,1.79622,0.766278,1,-1,15,8,3.0,2.2,1.4,0.6,14.2,20.4,7.0,6.8,6.6,6.8,-0.20000000000000018,1.8,1.4,0.40000000000000013,D,63.719814425994855,-6.199999999999999,0.20000000000000018,0.42857142857142855,0.3235294117647059,13,13,0.5,0.0,0.5,3.2,0.6,1.8,1.4,1.1557668000000003,1.2682487000000005,-0.11248190000000013,1.1557668000000003,1.2682487000000005,1.5857278,2.0711322,0.8114786,1.5840806,504350.0,1.5277559776068645
2023-11-26,Tottenham,Aston Villa,1.0,2.0,2.22542,2.39755,1,-1,12,7,1.4,2.2,1.4,1.2,10.8,15.0,3.4,5.2,3.0,7.2,-4.2,1.6,1.6,0.0,A,-48.91757364796172,-4.199999999999999,-1.8000000000000003,0.4117647058823529,0.4230769230769231,15,14,0.5,0.5,0.0,1.8,1.2,1.0,1.4,-0.3456108,1.4618898000000002,-1.8075006000000002,-0.3456108,1.4618898000000002,1.8961396000000001,1.5469086,1.8328346,1.3827824000000002,128850.0,1.181568378778271
2023-11-26,Everton,Man United,0.0,3.0,2.49764,2.07334,-6,-2,4,9,1.6,1.2,1.0,1.0,11.8,13.8,4.2,5.0,4.0,6.6,-2.5999999999999996,2.2,1.4,0.8000000000000003,A,-176.585821641645,-2.0,-0.7999999999999998,0.38095238095238093,0.24,15,15,0.5,0.25,0.25,1.0,1.0,1.0,1.2,0.03599870000000016,-0.3328504000000001,0.36884910000000026,0.03599870000000016,-0.3328504000000001,1.9234574000000002,1.2822774,1.0278612,1.5954728,-416600.0,0.4846291829034453
2023-11-27,Fulham,Wolves,3.0,2.0,2.49057,1.57875,-4,-4,6,7,1.0,1.6,1.6,1.4,13.4,13.2,4.4,4.6,5.6,7.4,-1.8000000000000007,2.8,3.2,-0.40000000000000036,H,4.858036959220954,0.20000000000000107,-0.1999999999999993,0.22727272727272727,0.3478260869565218,15,16,0.0,0.0,1.0,0.8,1.4,1.4,1.4,-0.27376960000000006,0.2597436000000002,-0.5335132000000002,-0.27376960000000006,0.2597436000000002,1.2989704,1.3513888,1.5718888,1.7176639999999999,-58380.0,0.8681363359157952
2023-12-02,Nott'm Forest,Everton,0.0,1.0,0.673085,0.623789,-1,-3,6,10,1.6,1.0,2.2,1.6,12.2,11.6,4.4,3.8,3.4,3.6,-0.20000000000000018,2.2,2.6,-0.3999999999999999,A,-34.89253516173267,0.5999999999999996,0.6000000000000005,0.36363636363636365,0.2631578947368421,7,6,0.0,0.0,1.0,1.6,1.4,1.8,1.4,-0.13102980000000009,-0.3157589000000003,0.1847291000000002,-0.13102980000000009,-0.3157589000000003,1.5201198,1.5743331,1.3221802,1.5890436000000001,109600.0,1.2797702616464581
2023-12-02,Burnley,Sheffield United,5.0,0.0,2.60469,0.618131,-1,-4,0,1,0.6,1.0,2.4,2.4,9.6,8.8,3.8,2.2,5.8,3.4,2.4,1.4,2.8,-1.4,H,50.2288481647563,0.7999999999999989,1.5999999999999996,0.15789473684210525,0.45454545454545453,7,7,0.0,0.0,0.0,0.8,2.8,0.6,2.6,-0.966001,-1.1339015200000002,0.16790052000000022,-0.966001,-1.1339015200000002,1.3000412,0.56539128,1.6039885999999999,2.348742,121130.0,1.795077125041024
2023-12-02,Newcastle,Man United,1.0,0.0,2.90191,0.422674,-1,-2,15,12,2.2,1.4,1.0,0.8,10.8,11.4,4.8,4.2,4.4,6.2,-1.7999999999999998,3.2,1.4,1.8000000000000003,H,36.07133801047917,-0.5999999999999996,0.5999999999999996,0.45833333333333337,0.3333333333333333,7,6,0.5,0.0,0.5,2.4,0.2,1.6,0.8,0.6792147999999998,-0.47140439999999995,1.1506191999999997,0.6792147999999998,-0.47140439999999995,2.3191200000000003,1.2077374,0.8054022,1.5871928,-156100.0,0.8068905795756789
2023-12-02,Arsenal,Wolves,2.0,1.0,3.30368,1.07886,12,3,13,4,2.2,1.8,0.8,1.8,14.2,13.6,4.4,5.2,7.0,7.4,-0.40000000000000036,1.0,3.2,-2.2,H,245.1587063701886,0.5999999999999996,-0.7999999999999998,0.5,0.34615384615384615,7,5,0.5,0.5,0.0,2.8,0.8,1.6,2.0,0.8452663200000001,0.0881516,0.7571147200000001,0.8452663200000001,0.0881516,2.0612176,1.3866828000000002,0.8783402800000001,1.836194,757270.0,2.710455582409143
2023-12-02,Brentford,Luton,3.0,1.0,3.25952,0.227176,6,4,7,4,1.6,1.2,1.2,1.6,14.2,9.2,5.0,3.4,3.8,3.4,0.3999999999999999,2.6,2.2,0.3999999999999999,H,153.72215264610782,5.0,1.6,0.32,0.35294117647058826,7,7,0.0,0.0,0.0,1.8,1.6,1.0,1.6,0.6054262000000001,-1.854721,2.4601472,0.6054262000000001,-1.854721,2.2590619999999997,1.0648364,1.7800538,2.900778,287880.0,3.0431511710432932
2023-12-03,Bournemouth,Aston Villa,2.0,2.0,2.54937,0.89511,-13,-3,7,7,1.8,2.4,2.0,1.2,13.4,14.4,6.4,5.4,5.4,5.8,-0.39999999999999947,1.6,2.0,-0.3999999999999999,D,-197.22767895673064,-1.0,1.0,0.28125,0.4444444444444444,8,7,1.0,0.0,0.0,1.0,1.4,0.8,1.4,0.39141579999999965,1.4855437999999999,-1.0941280000000002,0.39141579999999965,1.4855437999999999,1.3745486,1.4590366,1.7968402,1.7017454,-307900.0,0.5661241457056295
2023-12-03,Chelsea,Brighton,3.0,2.0,1.66304,0.855058,-4,-1,2,7,2.2,1.4,2.6,1.4,13.8,10.4,5.6,4.6,4.6,4.4,0.1999999999999993,3.6,2.2,1.4,H,-38.41475634353742,3.4000000000000004,1.0,0.3928571428571429,0.30434782608695654,8,8,0.25,0.25,0.5,1.2,2.0,1.8,2.4,0.41831660000000026,-0.03468340000000003,0.4530000000000003,0.41831660000000026,-0.03468340000000003,2.0780699999999994,1.2582824,1.8035619999999999,1.2868154,485600.0,1.9260106788710907
2023-12-03,Liverpool,Fulham,4.0,3.0,2.72831,1.51005,11,7,15,2,2.0,1.0,0.4,1.8,19.2,11.8,6.6,4.4,7.8,5.0,2.8,1.6,3.0,-1.4,H,239.39485316922128,7.399999999999999,2.1999999999999993,0.30303030303030304,0.22727272727272727,8,6,0.5,0.0,0.5,2.8,0.2,0.6,2.2,1.0065763,-0.4942677999999998,1.5008441,1.0065763,-0.4942677999999998,2.6848,0.7908108,0.8679219,1.6378920000000001,571300.0,2.486405619877716
2023-12-03,West Ham,Crystal Palace,1.0,1.0,1.1466,0.987682,4,3,7,6,1.6,1.2,2.2,2.2,13.0,12.6,3.4,4.2,5.6,6.8,-1.2000000000000002,2.8,2.4,0.3999999999999999,D,27.51004255740668,0.40000000000000036,-0.8000000000000003,0.4705882352941177,0.2857142857142857,8,8,0.25,0.5,0.25,1.6,1.6,1.0,1.8,-0.2602686000000003,-0.4390204,0.17875179999999968,-0.2602686000000003,-0.4390204,1.541421,1.33341,1.8392400000000002,2.0197145999999995,40920.0,1.0916297191992477
2023-12-03,Man City,Tottenham,3.0,3.0,2.90729,0.433077,3,5,13,10,3.2,1.4,1.4,1.8,16.6,11.4,7.8,4.2,7.6,3.6,3.9999999999999996,1.4,1.4,0.0,D,163.50487466419622,5.200000000000001,3.5999999999999996,0.4102564102564103,0.3333333333333333,8,7,0.75,0.25,0.0,3.2,0.8,2.2,1.4,1.2674526,-0.6863072000000003,1.9537598000000003,1.2674526,-0.6863072000000003,1.6999158,1.6820796000000002,0.9133034,1.4655464,621500.0,1.7412045319022063
2023-12-05,Wolves,Burnley,1.0,0.0,1.11886,0.781542,5,1,8,3,1.6,1.6,2.0,1.8,10.8,12.2,4.4,5.0,5.0,6.0,-1.0,2.4,1.4,1.0,H,127.17660011712042,-1.3999999999999986,-0.5999999999999996,0.36363636363636365,0.32,3,3,0.5,0.0,0.5,1.6,1.6,0.8,2.2,-0.6140423999999998,-0.07594499999999971,-0.5380974000000001,-0.6140423999999998,-0.07594499999999971,1.1494742,0.729088,1.675225,2.30101,169250.0,1.6188752376773439
2023-12-05,Luton,Arsenal,3.0,4.0,0.526254,2.58815,-17,-8,5,10,1.0,2.2,1.8,0.6,8.0,15.4,2.8,5.0,4.0,6.4,-2.4000000000000004,2.6,0.6,2.0,A,-320.3437220257956,-7.4,-2.2,0.35714285714285715,0.44000000000000006,3,3,0.0,0.0,0.0,1.0,1.2,1.6,0.6,-2.1052017999999997,1.4223243200000002,-3.52752612,-2.1052017999999997,1.4223243200000002,1.3913922,1.6594356000000001,1.787474,1.0865386,-1059100.0,0.11741666666666667
2023-12-06,Aston Villa,Man City,1.0,0.0,2.1922,1.00198,-1,1,15,7,2.0,3.4,1.4,1.8,13.6,18.2,4.6,7.4,5.6,9.2,-3.5999999999999996,2.6,1.8,0.8,H,-87.43670477758224,-4.6,-2.8000000000000007,0.4347826086956522,0.45945945945945943,3,3,0.5,0.25,0.25,3.8,1.0,2.2,1.6,0.8183302000000001,1.76254,-0.9442097999999999,0.8183302000000001,1.76254,2.5002,2.7456942000000004,0.9213267999999999,1.2286366,-750350.0,0.48606164383561645
2023-12-06,Man United,Chelsea,2.0,1.0,4.03949,2.3512,3,2,6,10,1.0,2.4,0.8,2.6,10.2,13.2,3.4,5.6,6.0,5.2,0.7999999999999998,1.6,3.6,-2.0,H,115.00546186624024,-3.0,-2.1999999999999997,0.29411764705882354,0.4285714285714286,4,3,0.25,0.0,0.75,0.8,1.6,2.2,1.2,-0.9774776000000001,0.44781899999999997,-1.4252966,-0.9774776000000001,0.44781899999999997,1.4046538,2.0767502,1.821707,1.2565106000000001,-201650.0,0.8003465346534654
2023-12-06,Sheffield United,Liverpool,0.0,2.0,0.834172,1.80116,-17,-7,4,6,0.8,2.4,3.0,1.0,7.6,19.2,1.6,7.8,2.6,6.0,-3.4,3.2,1.4,1.8000000000000003,A,-404.6707624710225,-11.6,-6.199999999999999,0.5,0.3076923076923077,4,3,0.0,0.0,0.0,1.2,3.2,1.6,1.4,-1.5209873199999997,0.8118468000000001,-2.33283412,-1.5209873199999997,0.8118468000000001,1.0966018,2.0531636,2.719312,1.6192505999999998,-803300.0,0.15942028985507245
2023-12-06,Crystal Palace,Bournemouth,0.0,2.0,1.26441,1.79997,3,-6,5,4,1.4,2.0,1.6,2.0,11.0,15.0,4.0,7.0,5.8,6.2,-0.40000000000000036,1.8,2.2,-0.40000000000000013,A,2.628936421677281,-4.0,-3.0,0.35,0.2857142857142857,3,3,0.5,0.5,0.0,1.2,1.4,1.4,3.0,0.05827799999999983,0.9794977999999996,-0.9212197999999998,0.05827799999999983,0.9794977999999996,1.2275871999999999,1.6929158000000002,1.1364682000000002,2.3195433999999997,44830.0,1.1115868077162414
2023-12-06,Fulham,Nott'm Forest,5.0,0.0,3.09427,0.218659,1,1,9,4,1.6,1.2,2.2,2.0,11.6,11.0,4.8,3.2,4.8,3.4,1.4,3.0,1.8,1.2,H,65.00834153598521,0.5999999999999996,1.5999999999999996,0.33333333333333337,0.37499999999999994,3,4,0.5,0.5,0.0,1.4,1.2,0.6,1.6,-0.5600414,-0.4771585999999999,-0.08288280000000015,-0.5600414,-0.4771585999999999,1.7171046,1.0327906,1.1938628,1.8750024,-117000.0,0.7666300987334198
2023-12-06,Brighton,Brentford,2.0,1.0,1.54099,1.22007,2,-3,9,4,1.6,1.6,1.6,1.4,13.0,15.0,5.8,4.2,5.6,4.2,1.3999999999999995,2.8,1.8,0.9999999999999998,H,38.963917031806886,-2.0,1.5999999999999996,0.27586206896551724,0.38095238095238093,3,4,0.5,0.25,0.25,2.0,1.2,0.8,1.4,-0.19652460000000016,0.7191507999999998,-0.9156753999999999,-0.19652460000000016,0.7191507999999998,1.62115,1.4696596,1.2803505999999998,1.3746374000000001,95620.0,1.2230048043285602
2023-12-07,Everton,Newcastle,3.0,0.0,2.95393,1.29564,-7,0,4,5,1.2,1.6,1.2,1.0,12.8,13.2,4.2,4.2,3.4,4.6,-1.1999999999999997,2.4,3.0,-0.6000000000000001,H,-133.69954151952584,-0.3999999999999986,0.0,0.2857142857142857,0.38095238095238093,5,5,0.75,0.25,0.0,1.0,1.4,2.6,1.8,0.11276339999999996,0.6459799999999998,-0.5332165999999998,0.11276339999999996,0.6459799999999998,2.0434014,2.1235242,1.1620732,1.2961900000000002,-260500.0,0.600613261786125
2023-12-07,Tottenham,West Ham,1.0,2.0,1.61268,1.7409,4,-3,9,6,1.6,1.6,2.4,1.6,10.0,12.0,4.0,3.2,4.6,4.6,0.0,1.8,3.0,-1.2,A,58.16115650058305,-2.0,0.7999999999999998,0.4,0.5,4,4,0.75,0.0,0.25,1.6,1.6,1.6,2.4,-1.3590282000000002,0.10787659999999999,-1.4669048000000002,-1.3590282000000002,0.10787659999999999,1.8334156,1.3096723999999997,1.8231365999999998,2.355642,351000.0,1.72
2023-12-09,Crystal Palace,Liverpool,1.0,2.0,1.79152,1.3708,-13,-7,2,6,1.2,2.2,1.6,1.0,11.6,18.0,4.0,7.8,4.2,6.8,-2.5999999999999996,1.6,1.6,0.0,A,-273.07209142463785,-6.4,-3.8,0.3,0.2820512820512821,3,3,0.25,0.25,0.5,0.6,1.4,1.4,1.2,0.03661979999999998,0.5927912,-0.5561714,0.03661979999999998,0.5927912,1.0145992,1.8479936,1.2686402,1.6783183999999998,-509070.0,0.46730497567100926
2023-12-09,Brighton,Burnley,1.0,1.0,2.96247,1.05162,11,5,9,3,1.8,1.4,1.6,1.6,13.0,13.4,5.8,5.0,5.6,6.6,-1.0,3.4,1.6,1.7999999999999998,D,208.49345716458745,-0.40000000000000036,0.7999999999999998,0.3103448275862069,0.27999999999999997,3,4,0.0,1.0,0.0,1.8,1.2,0.8,2.0,-0.2858280000000002,-0.1038146000000002,-0.1820134,-0.2858280000000002,-0.1038146000000002,1.6648319999999999,0.7250265999999999,1.3434126,1.90775,250920.0,1.917507678806494
2023-12-09,Man United,Bournemouth,0.0,3.0,1.11296,1.9742,10,2,9,6,1.4,2.0,0.4,1.8,14.4,14.6,4.6,6.6,7.0,6.0,1.0,1.6,2.4,-0.7999999999999998,A,130.09857679690344,-0.1999999999999993,-2.0,0.30434782608695654,0.30303030303030304,3,3,0.5,0.5,0.0,1.0,1.2,1.4,2.6,0.12644480000000025,1.0470157999999998,-0.9205709999999996,0.12644480000000025,1.0470157999999998,2.0685616000000002,1.6308837999999999,1.9041310000000002,1.9580554,406600.0,2.0120721841941505
2023-12-09,Sheffield United,Brentford,1.0,0.0,0.841976,0.644638,-8,-2,3,4,0.8,1.4,2.4,1.8,8.4,15.2,1.8,3.6,2.8,4.6,-1.7999999999999998,3.0,1.2,1.8,H,-179.18264329795534,-6.799999999999999,-1.8,0.4444444444444445,0.38888888888888884,3,3,0.0,0.0,0.0,0.8,3.2,1.0,1.6,-1.1130239999999996,0.5022948,-1.6153187999999996,-1.1130239999999996,0.5022948,0.9484362000000001,1.5869380000000004,2.531802,1.3825834000000001,-276430.0,0.35531041559774246
2023-12-09,Wolves,Nott'm Forest,1.0,1.0,1.02199,1.21801,2,3,11,1,1.4,1.2,1.6,2.4,10.0,10.0,4.0,3.2,4.6,3.0,1.5999999999999996,2.6,1.4,1.2000000000000002,D,52.09997136889206,0.0,0.7999999999999998,0.35,0.37499999999999994,4,3,0.5,0.0,0.5,1.6,1.0,0.4,2.6,-0.25528339999999994,-0.6398275999999996,0.38454419999999967,-0.25528339999999994,-0.6398275999999996,1.2654796000000001,0.8464224,1.2661314000000001,2.0369724000000002,-58620.0,0.8830756956218211
2023-12-09,Aston Villa,Arsenal,1.0,0.0,0.628499,1.71667,-1,-2,15,10,1.6,2.0,1.2,1.2,14.6,17.4,4.8,5.2,5.6,6.8,-1.2000000000000002,2.4,0.8,1.5999999999999999,H,-27.605092778819653,-2.799999999999999,-0.40000000000000036,0.33333333333333337,0.3846153846153846,3,4,0.5,0.5,0.0,3.4,0.8,2.2,1.2,0.5316896,1.2333426000000003,-0.7016530000000003,0.5316896,1.2333426000000003,2.4756039999999997,2.0165446,0.8983308000000001,1.1351554,-490350.0,0.591375
2023-12-10,Tottenham,Newcastle,4.0,1.0,4.40118,1.61368,2,-8,6,5,1.4,1.2,2.6,1.2,12.6,13.2,5.2,3.8,5.8,3.6,2.1999999999999997,2.2,2.2,0.0,H,-14.486245296142217,-0.5999999999999996,1.4000000000000004,0.2692307692307692,0.3157894736842105,3,3,0.5,0.5,0.0,1.4,1.8,2.4,1.8,-1.470126,0.02302660000000012,-1.4931526000000002,-1.470126,0.02302660000000012,1.7241335999999996,2.2017002,2.0131855999999995,1.6224600000000002,186250.0,1.285550019164431
2023-12-10,Luton,Man City,1.0,2.0,0.689037,2.23353,-14,-2,4,4,1.4,2.8,2.0,2.0,7.8,14.4,3.4,5.8,3.8,6.8,-3.0,2.6,2.0,0.6000000000000001,A,-350.0400391870571,-6.6000000000000005,-2.4,0.4117647058823529,0.48275862068965514,5,4,0.0,0.0,0.0,1.4,1.8,1.6,1.6,-1.9928964,0.7582315999999998,-2.7511279999999996,-1.9928964,0.7582315999999998,1.048441,2.1159982000000004,2.1525072,1.4879502,-1319100.0,0.09650684931506849
2023-12-10,Everton,Chelsea,2.0,0.0,1.11437,0.885512,1,3,7,9,1.6,2.6,1.2,2.6,15.0,12.4,4.6,5.8,3.8,4.0,-0.20000000000000018,2.8,3.4,-0.6000000000000001,H,15.500819837709969,2.5999999999999996,-1.2000000000000002,0.3478260869565218,0.4482758620689655,3,4,0.25,0.25,0.5,1.6,1.2,2.4,1.6,0.4213743999999999,0.26283300000000054,0.1585413999999994,0.4213743999999999,0.26283300000000054,2.5775534,2.2676362,1.2606802,1.7993786,-618250.0,0.3878712871287129
2023-12-10,Fulham,West Ham,5.0,0.0,2.1884,0.983,-6,-4,9,6,2.4,2.0,2.0,1.6,12.4,11.8,5.0,3.8,5.4,4.6,0.8000000000000007,2.4,2.8,-0.3999999999999999,H,2.715964121521665,0.5999999999999996,1.2000000000000002,0.48,0.5263157894736842,4,3,0.5,0.5,0.0,2.2,1.2,1.6,2.4,0.1685681999999995,0.1565675999999998,0.012000599999999695,0.1685681999999995,0.1565675999999998,1.9845506,1.4127964,0.9461846000000002,2.2736899999999998,-103150.0,0.7884102564102564
2023-12-15,Nott'm Forest,Tottenham,0.0,2.0,1.70569,1.60738,-12,-3,5,8,1.0,2.0,2.6,2.0,10.6,15.6,3.0,6.6,3.6,6.2,-2.6,1.4,2.2,-0.8000000000000003,A,-188.5374946703239,-5.0,-3.5999999999999996,0.3333333333333333,0.30303030303030304,6,5,0.5,0.5,0.0,1.4,1.4,1.8,1.6,-0.45288099999999987,-0.2927176,-0.16016339999999984,-0.45288099999999987,-0.2927176,1.5135777999999998,1.2891249999999999,1.2854077999999998,1.7137964000000003,-337150.0,0.5979129397734049
2023-12-16,Chelsea,Sheffield United,2.0,0.0,3.27322,0.44014,7,0,5,1,1.8,0.6,2.8,2.2,12.2,8.0,5.0,2.2,4.4,2.6,1.8000000000000003,2.8,3.6,-0.8000000000000003,H,178.79926828888665,4.199999999999999,2.8,0.36,0.2727272727272727,6,7,0.0,0.0,0.0,1.8,2.2,0.4,3.2,-0.4028469999999995,-1.0642804,0.6614334000000004,-0.4028469999999995,-1.0642804,1.9537939999999998,0.5308864799999999,1.7444735999999998,2.437862,857650.0,6.62947161142107
2023-12-16,Man City,Crystal Palace,2.0,2.0,2.41646,1.64977,12,5,11,7,2.0,1.0,2.0,2.0,13.8,12.4,5.4,4.2,5.0,5.2,-0.20000000000000018,2.2,1.6,0.6000000000000001,D,273.6416285799808,1.4000000000000004,1.2000000000000002,0.37037037037037035,0.23809523809523808,6,7,0.25,0.5,0.25,2.8,1.2,1.0,1.4,0.7158575999999996,0.13341780000000014,0.5824397999999995,0.7158575999999996,0.13341780000000014,1.8810698000000001,1.3075544000000001,0.7070648,1.7859985999999999,1013420.0,3.269291056473644
2023-12-16,Newcastle,Fulham,3.0,0.0,4.27933,0.471042,5,-3,15,2,1.2,3.4,2.0,1.8,13.2,11.6,4.0,6.0,4.8,4.2,0.5999999999999996,1.8,1.8,0.0,H,128.30146753797953,1.5999999999999996,-2.0,0.3,0.5666666666666667,6,6,0.5,0.5,0.0,2.4,0.2,1.0,2.0,-0.6520887999999998,0.3125851999999998,-0.9646739999999996,-0.6520887999999998,0.3125851999999998,2.59925,0.7999668,0.7632014,1.7832500000000002,267900.0,1.6970209444516717
2023-12-16,Burnley,Everton,0.0,2.0,0.811435,2.22305,-9,-8,3,12,1.6,1.8,1.4,1.0,11.2,14.8,4.6,4.8,4.4,4.0,0.40000000000000036,2.4,2.4,0.0,A,-169.33572054067236,-3.6000000000000014,-0.20000000000000018,0.3478260869565218,0.375,7,6,1.0,0.0,0.0,1.4,1.8,1.6,1.0,-0.49863860000000004,0.43212240000000013,-0.9307610000000002,-0.49863860000000004,0.43212240000000013,1.4877712000000003,1.1513489,1.2480448,1.4086606,-118270.0,0.6980982769623484
2023-12-17,Liverpool,Man United,0.0,0.0,1.97111,0.632715,6,4,15,12,2.4,1.2,1.0,1.0,16.0,16.0,7.0,4.2,6.4,8.2,-1.799999999999999,1.8,1.8,0.0,D,105.94529096730002,0.0,2.8,0.34285714285714286,0.2857142857142857,8,8,0.75,0.25,0.0,3.0,0.8,1.4,0.4,0.16901719999999987,0.05125979999999952,0.11775740000000035,0.16901719999999987,0.05125979999999952,2.6841860000000004,1.0990503999999999,1.0468313,1.7856288,147300.0,1.1822230469474857
2023-12-17,West Ham,Wolves,3.0,0.0,1.03828,0.556206,4,3,8,4,1.6,1.4,2.0,1.4,11.2,10.0,4.4,4.2,5.2,4.6,0.6000000000000005,2.2,2.0,0.20000000000000018,H,54.75273497759736,1.1999999999999993,0.20000000000000018,0.36363636363636365,0.3333333333333333,7,8,1.0,0.0,0.0,1.6,1.2,1.4,1.8,-0.06963439999999999,-0.30376340000000024,0.23412900000000025,-0.06963439999999999,-0.30376340000000024,1.5916146000000002,1.3746328,1.2066843999999999,2.03106,44770.0,1.1011225803537144
2023-12-17,Brentford,Aston Villa,1.0,2.0,0.796812,1.4664,-10,-10,9,8,0.8,1.8,1.6,0.8,14.0,14.0,3.6,4.8,4.6,4.2,0.39999999999999947,1.2,3.0,-1.8,A,-174.8695703906626,0.0,-1.1999999999999997,0.22222222222222224,0.375,8,8,0.5,0.0,0.5,2.0,1.4,1.2,1.2,0.44794920000000005,0.1663127999999996,0.28163640000000045,0.44794920000000005,0.1663127999999996,2.296596,1.5149579999999998,1.403463,1.6653434,-280870.0,0.6042133446064961
2023-12-17,Arsenal,Brighton,2.0,0.0,2.76976,0.663054,6,4,13,4,2.0,1.8,1.2,1.6,17.0,17.4,6.0,7.6,5.2,6.8,-1.5999999999999996,1.0,3.0,-2.0,H,149.56751848265708,-0.3999999999999986,-1.5999999999999996,0.3333333333333333,0.2368421052631579,8,8,0.0,0.75,0.25,2.6,0.8,1.6,2.8,1.5685922000000003,0.13136560000000008,1.4372266000000002,1.5685922000000003,0.13136560000000008,2.3400076000000003,1.0414780000000001,0.9008904799999999,1.4754332,675600.0,2.288329519450801
2023-12-21,Crystal Palace,Brighton,1.0,1.0,1.65409,1.33653,-7,-5,1,4,1.0,1.6,1.8,1.8,10.8,16.4,3.8,6.6,3.6,5.8,-2.1999999999999997,1.6,3.0,-1.4,D,-91.67583866736707,-5.599999999999998,-2.8,0.2631578947368421,0.24242424242424246,5,4,0.25,0.0,0.75,0.8,1.8,1.4,2.0,-0.04022820000000005,-0.3383095999999999,0.29808139999999983,-0.04022820000000005,-0.3383095999999999,1.2984312,0.8284507999999999,1.4342646000000001,1.6478932,-77820.0,0.8516018306636156
2023-12-22,Aston Villa,Sheffield United,1.0,1.0,1.21861,0.646159,17,10,15,1,1.6,0.4,0.8,2.4,14.6,7.4,4.6,2.2,6.2,3.2,3.0,3.4,3.8,-0.3999999999999999,D,329.2749375284882,7.199999999999999,2.3999999999999995,0.3478260869565218,0.18181818181818182,5,6,0.0,0.0,0.0,2.4,0.6,0.4,3.2,-0.14209860000000019,-1.5825624000000005,1.4404638000000003,-0.14209860000000019,-1.5825624000000005,2.2198118,0.43651507999999994,0.8960267999999999,2.4530000000000003,557300.0,4.658024286183131
2023-12-23,West Ham,Man United,2.0,0.0,1.51468,0.730496,-2,3,8,10,1.6,1.0,1.6,1.0,10.6,14.2,4.0,3.6,4.6,6.0,-1.4000000000000004,2.4,2.6,-0.20000000000000018,H,-52.70832911692332,-3.5999999999999996,0.3999999999999999,0.4,0.2777777777777778,6,6,0.75,0.25,0.0,1.8,1.2,1.2,0.4,-0.10176760000000007,-0.6829761999999999,0.5812085999999999,-0.10176760000000007,-0.6829761999999999,1.1597646000000004,1.0575388000000001,1.1355262,1.9927620000000004,-320850.0,0.6030803488587864
2023-12-23,Fulham,Burnley,0.0,2.0,1.38096,0.41714,8,5,12,1,3.2,1.4,1.8,1.2,11.0,12.4,5.8,4.0,4.0,5.4,-1.4000000000000004,1.2,2.2,-1.0000000000000002,A,97.01075684093009,-1.4000000000000004,1.7999999999999998,0.5517241379310345,0.35,7,7,0.0,0.0,0.0,3.2,0.8,0.6,2.0,-0.006743399999999733,-0.32011480000000003,0.3133714000000003,-0.006743399999999733,-0.32011480000000003,2.244354,0.7513093999999999,0.7458626,2.194128,110870.0,1.4054044171420212
2023-12-23,Luton,Newcastle,1.0,0.0,1.81844,1.41488,-12,-6,4,2,1.4,1.8,2.2,1.6,7.0,17.0,2.8,5.0,4.2,4.8,-0.5999999999999996,2.8,1.6,1.1999999999999997,H,-177.60838459830416,-10.0,-2.2,0.5,0.36,13,7,0.0,0.0,0.0,1.4,1.8,1.0,2.6,-1.962165,0.6051886,-2.5673535999999997,-1.962165,0.6051886,0.8801324000000001,1.5027962000000001,2.415172,2.3868176,-511350.0,0.21602146416251436
2023-12-23,Nott'm Forest,Bournemouth,2.0,3.0,0.791806,1.89067,-2,-12,4,9,0.6,2.4,2.4,0.6,11.6,15.6,2.2,7.2,4.0,6.6,-2.5999999999999996,1.4,2.4,-1.0,A,-85.18492316262427,-4.0,-5.0,0.2727272727272727,0.3333333333333333,8,14,0.0,0.5,0.5,1.2,1.6,1.8,2.0,-0.3046709999999999,1.5705364,-1.8752073999999999,-0.3046709999999999,1.5705364,1.6946524,1.7077557999999997,1.2551598,1.7515814000000003,99600.0,1.2479153702551338
2023-12-23,Tottenham,Everton,2.0,1.0,1.57527,1.98385,5,-5,6,12,2.2,1.6,1.6,0.6,16.8,15.0,7.4,5.2,6.4,4.8,1.6000000000000005,2.4,1.8,0.5999999999999999,H,107.7356696760512,1.8000000000000007,2.2,0.2972972972972973,0.3076923076923077,8,7,0.5,0.0,0.5,1.8,1.8,1.4,0.8,-0.017074600000000384,0.7347533999999998,-0.7518280000000002,-0.017074600000000384,0.7347533999999998,2.1667236,1.0929649000000001,2.1113236,1.2561436000000001,446750.0,2.1403956604977665
2023-12-23,Liverpool,Arsenal,1.0,1.0,0.982901,0.851681,-2,-1,13,7,1.8,1.8,1.0,1.0,19.4,19.0,6.6,6.6,7.6,6.6,1.0,2.0,1.2,0.8,D,5.968548719419459,0.3999999999999986,0.0,0.27272727272727276,0.27272727272727276,6,6,0.5,0.25,0.25,2.4,0.6,1.4,1.4,0.4145962000000001,1.5290866000000003,-1.1144904000000002,0.4145962000000001,1.5290866000000003,2.249884,1.5450385999999998,0.8656182999999998,1.1319666,-244350.0,0.796375
2023-12-24,Wolves,Chelsea,2.0,1.0,1.74626,1.75447,-4,-2,9,6,1.0,1.4,1.8,2.0,9.4,11.8,4.0,4.4,3.6,5.2,-1.6,1.4,2.0,-0.6000000000000001,H,-7.455858819384503,-2.4000000000000004,-0.40000000000000036,0.25,0.3181818181818181,7,8,0.5,0.0,0.5,1.4,1.0,2.0,2.0,-0.6954832,0.10794100000000029,-0.8034242000000003,-0.6954832,0.10794100000000029,1.3350806,2.0478166,1.3135834000000002,1.844376,-567270.0,0.43834653465346535
2023-12-26,Newcastle,Nott'm Forest,1.0,3.0,2.79106,3.1074,10,5,15,2,1.0,0.6,1.6,2.4,17.2,10.2,4.4,2.2,5.4,4.0,1.4000000000000004,1.0,1.0,0.0,A,145.51692039404497,7.0,2.2,0.22727272727272727,0.2727272727272727,3,3,0.5,0.5,0.0,2.6,0.2,0.6,2.4,0.28763479999999975,-0.7261697999999999,1.0138045999999996,0.28763479999999975,-0.7261697999999999,2.838084,0.9442026,0.69704,1.9734024000000001,150900.0,1.3009873341976663
2023-12-26,Bournemouth,Fulham,3.0,0.0,2.07911,0.324365,1,7,7,1,2.6,2.6,1.0,1.8,15.4,12.4,6.6,5.6,6.6,4.4,2.1999999999999993,2.6,1.2,1.4000000000000001,H,47.19058860839209,3.0,1.0,0.393939393939394,0.46428571428571436,3,3,0.5,0.0,0.5,1.4,1.8,1.0,2.6,1.2946894,0.003656599999999788,1.2910328000000002,1.2946894,0.003656599999999788,1.6193926,0.7856395999999999,1.6965082000000002,2.5646440000000004,17400.0,1.045271237153636
2023-12-26,Sheffield United,Luton,2.0,3.0,3.61788,0.715575,-2,-2,6,4,0.4,1.6,2.0,2.0,6.4,8.2,2.2,3.0,2.6,4.8,-2.1999999999999997,3.6,2.8,0.8000000000000003,A,-104.64862412613888,-1.799999999999999,-0.7999999999999998,0.18181818181818182,0.5333333333333333,4,3,0.0,0.0,0.0,1.0,1.6,1.2,2.0,-1.232348,-1.414896,0.18254799999999993,-1.232348,-1.414896,1.0009530000000002,0.8188616,1.6390895999999997,3.201274,11450.0,1.081263307310149
2023-12-26,Burnley,Liverpool,0.0,2.0,0.972389,1.68451,-17,-4,3,9,1.6,1.8,0.8,1.0,11.6,20.4,3.4,6.6,5.8,7.2,-1.4000000000000004,2.2,1.8,0.40000000000000013,A,-349.1842981531611,-8.799999999999999,-3.1999999999999997,0.4705882352941177,0.27272727272727276,3,3,0.5,0.5,0.0,1.4,2.0,1.6,1.0,-0.5274087999999999,0.6468286000000001,-1.1742374,-0.5274087999999999,0.6468286000000001,1.4629694,1.8975556,1.5246002,1.5989764,-682170.0,0.2861717155862502
2023-12-26,Man United,Aston Villa,3.0,2.0,1.20104,1.83637,-5,-7,9,8,0.4,1.4,1.4,0.8,14.6,14.0,3.4,4.4,5.8,7.4,-1.6000000000000005,3.2,3.2,0.0,H,-39.45620435585329,0.5999999999999996,-1.0000000000000004,0.11764705882352942,0.3181818181818181,3,4,0.5,0.25,0.25,1.0,1.6,1.4,1.4,-0.754953,-0.062034399999999934,-0.6929186,-0.754953,-0.062034399999999934,1.9803375999999997,1.58128,2.060941,1.5852738,98700.0,1.1390826463749735
2023-12-27,Brentford,Wolves,1.0,4.0,2.59347,1.89483,-2,-4,9,3,1.0,1.0,1.4,1.4,11.6,10.2,3.6,4.0,4.4,5.2,-0.7999999999999998,2.0,1.6,0.3999999999999999,A,-8.690784611710797,1.4000000000000004,-0.3999999999999999,0.2777777777777778,0.25,10,3,0.25,0.5,0.25,2.0,1.2,1.2,2.2,0.3361316000000001,-0.5147611999999999,0.8508928,0.3361316000000001,-0.5147611999999999,2.1411544,1.3332772,1.193749,1.790514,-13950.0,0.9684909538544937
2023-12-27,Chelsea,Crystal Palace,2.0,1.0,2.73005,0.958077,3,3,8,5,1.4,1.0,1.6,1.6,13.6,9.8,4.6,2.8,6.0,3.2,2.8,2.2,2.4,-0.19999999999999973,H,53.78822344853347,3.799999999999999,1.7999999999999998,0.30434782608695654,0.35714285714285715,3,6,0.5,0.5,0.0,2.2,2.0,1.2,1.8,0.3464248000000003,-0.14457760000000008,0.4910024000000004,0.3464248000000003,-0.14457760000000008,2.3690059999999997,1.3994784,1.6055436,1.9584746,563420.0,2.2616328541358772
2023-12-27,Everton,Man City,1.0,3.0,1.23529,2.28321,-5,6,10,7,1.8,1.6,0.4,1.6,13.8,14.6,5.6,5.2,5.2,5.6,-0.39999999999999947,2.0,1.8,0.19999999999999996,A,-237.34563804013828,-0.7999999999999989,0.39999999999999947,0.32142857142857145,0.3076923076923077,4,11,0.25,0.5,0.25,1.8,0.8,1.8,1.4,0.7316094000000002,0.9250235999999998,-0.19341419999999965,0.7316094000000002,0.9250235999999998,2.0696734,2.3665542000000004,1.1357426,1.4909606,-1068250.0,0.2683219178082192
2023-12-28,Brighton,Tottenham,4.0,2.0,3.84702,2.06955,-4,-5,7,10,1.2,2.4,1.6,1.4,17.8,15.8,6.8,7.0,5.2,5.2,0.0,2.6,2.6,0.0,H,-24.072816716809484,2.0,-0.20000000000000018,0.17647058823529413,0.34285714285714286,7,5,0.25,0.75,0.0,1.4,1.2,1.8,1.2,-0.20009560000000004,-0.06436459999999977,-0.13573100000000027,-0.20009560000000004,-0.06436459999999977,1.8282600000000002,1.168269,1.2357685999999999,1.5863544,-314100.0,0.625402504472272
2023-12-28,Arsenal,West Ham,0.0,2.0,2.7884,1.59711,6,0,15,6,1.8,1.6,1.2,1.4,18.6,10.8,6.2,4.4,6.0,4.4,1.5999999999999996,2.0,2.2,-0.20000000000000018,A,125.86482892130653,7.800000000000001,1.7999999999999998,0.2903225806451613,0.36363636363636365,5,5,0.5,0.25,0.25,2.6,0.4,1.4,2.8,1.4700746000000002,0.06959920000000008,1.4004754000000001,1.4700746000000002,0.06959920000000008,2.4253796000000003,1.3016403999999997,0.5911692800000001,1.882846,712500.0,2.4615384615384617
2023-12-30,Wolves,Everton,3.0,0.0,2.64477,0.519641,-2,1,11,12,1.6,1.8,1.2,1.0,11.2,12.8,4.4,5.4,5.6,6.2,-0.6000000000000005,1.4,2.8,-1.4,H,27.46817542748863,-1.6000000000000014,-1.0,0.36363636363636365,0.3333333333333333,3,3,0.2,0.6,0.2,1.6,1.0,1.6,0.8,-0.20952520000000008,0.5318845999999999,-0.7414098,-0.20952520000000008,0.5318845999999999,1.3318686,1.4709804000000002,1.3012413999999999,1.1140615999999999,50980.0,1.1301340140395661
2023-12-30,Man City,Sheffield United,2.0,0.0,2.24229,0.263211,16,4,9,2,2.0,0.8,1.6,1.6,16.0,9.4,6.0,2.8,4.6,4.2,0.39999999999999947,2.0,3.6,-1.6,H,418.3827177369326,6.6,3.2,0.3333333333333333,0.28571428571428575,3,4,0.0,1.0,0.0,2.8,1.6,0.4,2.8,0.9286192,-0.25457520000000033,1.1831944000000003,0.9286192,-0.25457520000000033,2.0963938000000004,0.5153850799999999,0.891197,2.2434979999999998,1307650.0,9.583196586806695
2023-12-30,Nott'm Forest,Man United,2.0,1.0,0.744348,0.651905,-10,-3,3,7,1.2,1.0,2.4,1.6,10.6,15.6,3.0,4.6,3.6,5.8,-2.1999999999999997,1.4,3.0,-1.6,H,-134.98055400483395,-5.0,-1.5999999999999996,0.39999999999999997,0.2173913043478261,4,4,0.6666666666666666,0.3333333333333333,0.0,1.2,1.8,0.8,0.6,-0.6727609999999999,-0.3861718000000003,-0.28658919999999966,-0.6727609999999999,-0.3861718000000003,1.1979156,0.9112640000000001,1.3341838000000001,2.01355,-307000.0,0.6202140162058514
2023-12-30,Aston Villa,Burnley,3.0,2.0,2.92587,1.11923,15,6,13,4,1.4,0.6,1.0,1.2,13.8,9.6,4.6,2.0,7.2,5.4,1.7999999999999998,3.2,2.2,1.0,H,289.1603159841509,4.200000000000001,2.5999999999999996,0.30434782608695654,0.3,4,4,0.0,0.6666666666666666,0.3333333333333333,1.8,0.6,1.0,1.4,0.3958836000000001,-1.0671448,1.4630284,0.3958836000000001,-1.0671448,1.9952478,0.6961116,0.8933342,1.8389499999999999,436170.0,2.594888108819658
2023-12-30,Crystal Palace,Brentford,3.0,1.0,1.61057,1.28731,-1,-1,1,3,1.0,1.2,1.8,2.0,10.6,12.6,3.4,3.8,3.2,5.8,-2.5999999999999996,2.8,2.0,0.7999999999999998,H,-4.263677307341595,-2.0,-0.3999999999999999,0.29411764705882354,0.3157894736842105,3,3,0.0,0.0,1.0,1.0,2.0,0.8,1.6,-0.46718860000000006,0.5086276000000005,-0.9758162000000006,-0.46718860000000006,0.5086276000000005,1.4327588,1.3641416,1.4573606,1.3909152,17800.0,1.0415131302765988
2023-12-30,Luton,Chelsea,2.0,3.0,2.64093,1.57463,-6,0,7,3,1.8,1.2,2.2,1.4,9.0,13.8,3.2,4.4,4.8,5.8,-1.0,1.6,2.2,-0.6000000000000001,A,-96.6721360045126,-4.800000000000001,-1.2000000000000002,0.5625,0.2727272727272727,4,3,1.0,0.0,0.0,1.6,1.6,1.4,2.2,-1.8274956,0.5392230000000002,-2.3667186000000004,-1.8274956,0.5392230000000002,1.0741968,2.0035786,2.2222540000000004,2.0022995999999997,-869100.0,0.13950495049504952
2023-12-31,Fulham,Arsenal,2.0,1.0,1.52829,1.6591,-11,-1,9,7,2.0,1.4,1.6,1.4,12.2,20.8,5.2,6.6,4.6,7.2,-2.6000000000000005,1.6,2.2,-0.6000000000000001,H,-179.6508872503059,-8.600000000000001,-1.3999999999999995,0.3846153846153846,0.21212121212121213,5,3,0.3333333333333333,0.3333333333333333,0.3333333333333333,2.6,1.0,1.2,1.2,-0.10364040000000019,1.2633686000000002,-1.3670090000000004,-0.10364040000000019,1.2633686000000002,2.067322,1.5037928,0.7789288,0.9848708,-815650.0,0.32029166666666664
2023-12-31,Tottenham,Bournemouth,3.0,1.0,2.15027,1.58229,8,-4,6,12,2.2,2.6,1.6,0.8,18.0,14.0,6.8,5.2,4.8,6.4,-1.6000000000000005,2.2,2.4,-0.19999999999999973,H,118.35052718970132,4.0,1.5999999999999996,0.3235294117647059,0.5,3,5,0.0,1.0,0.0,1.8,2.0,2.4,1.8,0.07498400000000016,1.1809337999999998,-1.1059497999999996,0.07498400000000016,1.1809337999999998,2.1547316000000003,1.8895433999999998,2.358926,1.2769786,436750.0,2.0871188550093343
2024-01-01,Liverpool,Newcastle,4.0,2.0,6.67151,0.910974,8,8,11,1,1.4,1.0,0.4,2.2,19.0,16.6,6.2,5.0,7.4,6.0,1.4000000000000004,2.0,1.4,0.6000000000000001,H,166.2869095618653,2.3999999999999986,1.2000000000000002,0.2258064516129032,0.2,6,6,0.4,0.6,0.0,2.2,0.8,0.6,2.4,0.5456007999999999,-0.27148039999999973,0.8170811999999996,0.5456007999999999,-0.27148039999999973,1.9893281999999999,1.3900422,1.0171999999999999,2.5642366,303400.0,1.4651590647757762
2024-01-02,West Ham,Brighton,0.0,0.0,0.9831,2.1552,2,4,10,5,1.8,1.6,1.2,1.4,10.2,17.2,4.4,6.8,4.6,5.0,-0.40000000000000036,1.8,2.2,-0.40000000000000013,D,-12.390532512369646,-7.0,-2.3999999999999995,0.40909090909090906,0.23529411764705885,5,5,0.4,0.4,0.2,1.8,0.8,1.4,1.8,-0.20044240000000002,0.3169947999999996,-0.5174371999999996,-0.20044240000000002,0.3169947999999996,1.2764316,0.9030102,0.8858954000000001,1.7862094,-36900.0,0.9296338672768879
2024-01-12,Burnley,Luton,1.0,1.0,1.52023,0.965167,-1,-2,3,4,1.0,2.0,1.6,2.2,9.0,10.6,2.4,4.2,4.2,5.2,-1.0,1.6,1.6,0.0,D,-48.67922505664114,-1.5999999999999996,-1.8000000000000003,0.4166666666666667,0.47619047619047616,13,13,0.0,1.0,0.0,1.2,1.6,1.4,2.2,-1.3610092,-1.0077667999999997,-0.3532424000000003,-1.3610092,-1.0077667999999997,1.4661188000000003,0.6599366,1.4663702,3.1940959999999996,132580.0,1.9409510290986516
2024-01-13,Chelsea,Fulham,1.0,0.0,2.0456,0.697847,4,3,10,1,1.6,1.4,1.4,1.8,13.6,12.4,5.4,4.8,5.4,4.4,1.0,2.6,2.4,0.20000000000000018,H,62.776211574289846,1.1999999999999993,0.6000000000000005,0.2962962962962963,0.2916666666666667,14,13,0.3333333333333333,0.3333333333333333,0.3333333333333333,2.2,1.8,1.0,2.8,0.663621,-0.7049245999999998,1.3685455999999998,0.663621,-0.7049245999999998,2.5713399999999997,0.7013449999999999,1.585577,2.65342,625650.0,2.6278131911018603
2024-01-13,Newcastle,Man City,2.0,3.0,1.23638,2.55452,-7,-7,12,10,1.4,1.8,2.4,1.0,15.0,16.0,5.0,6.0,6.2,5.0,1.2000000000000002,2.4,1.4,1.0,A,-196.29260097522183,-1.0,-1.0,0.27999999999999997,0.3,12,14,0.6,0.2,0.2,2.0,0.8,2.4,1.4,-1.0919295999999998,0.8295924000000003,-1.9215220000000002,-1.0919295999999998,0.8295924000000003,2.649624,2.651582,1.10093,1.6607069999999997,-807750.0,0.44674657534246576
2024-01-14,Everton,Aston Villa,0.0,0.0,1.03664,1.3435,-9,-4,7,7,1.2,1.8,1.6,1.4,10.6,13.2,4.2,4.6,5.6,7.2,-1.6000000000000005,2.8,3.6,-0.8000000000000003,D,-153.7161116003772,-2.5999999999999996,-0.39999999999999947,0.2857142857142857,0.391304347826087,15,15,0.6,0.4,0.0,1.4,1.4,1.6,1.8,-0.22479919999999987,0.5191676000000001,-0.7439667999999999,-0.22479919999999987,0.5191676000000001,1.6837674,1.5853179999999998,1.3960382,1.4730177999999998,-317900.0,0.5520326921721975
2024-01-14,Man United,Tottenham,2.0,2.0,0.923233,1.31224,-4,-8,9,7,0.8,2.6,1.8,1.4,12.0,15.8,3.8,6.6,4.4,4.0,0.40000000000000036,3.0,2.2,0.7999999999999998,D,-22.01649940893458,-3.8000000000000007,-2.8,0.2105263157894737,0.393939393939394,15,14,0.6,0.2,0.2,1.2,1.8,2.0,2.0,-0.7423184000000002,0.2142240000000002,-0.9565424000000003,-0.7423184000000002,0.2142240000000002,1.9618335999999998,1.1062850000000002,2.2231970000000003,2.1861348,-30150.0,0.9640429338103756
2024-01-20,Brentford,Nott'm Forest,3.0,2.0,1.94219,1.22251,-1,-7,6,4,0.8,1.6,2.4,1.6,9.0,11.4,3.4,3.2,5.2,4.2,1.0,2.0,1.6,0.3999999999999999,H,50.275765712460725,-2.4000000000000004,0.19999999999999973,0.23529411764705885,0.5,21,21,0.3333333333333333,0.0,0.6666666666666666,1.6,2.0,1.2,2.6,-0.16249320000000012,-0.07915019999999995,-0.08334300000000017,-0.16249320000000012,-0.07915019999999995,2.0284784,1.3214725999999999,1.4340891999999998,2.3351239999999995,-72570.0,0.8552508227784981
2024-01-20,Arsenal,Crystal Palace,5.0,0.0,3.52167,0.288083,12,-1,12,5,0.8,1.6,1.2,1.6,18.8,10.0,5.4,4.0,6.4,4.0,2.4000000000000004,2.2,2.6,-0.3999999999999999,H,210.2399958163076,8.8,1.4000000000000004,0.14814814814814814,0.4,20,21,0.4,0.4,0.2,2.4,0.8,1.4,1.4,0.8771514,-0.2954245999999998,1.1725759999999998,0.8771514,-0.2954245999999998,2.905748,1.3735038000000002,0.7389770800000001,1.7578125999999998,753420.0,2.687088539567379
2024-01-21,Sheffield United,West Ham,2.0,2.0,2.61362,2.4241,-14,-6,6,9,0.8,1.4,1.6,1.0,9.0,9.2,3.0,3.8,4.2,4.2,0.0,3.4,1.4,2.0,D,-218.0999818442292,-0.1999999999999993,-0.7999999999999998,0.26666666666666666,0.3684210526315789,22,19,1.0,0.0,0.0,1.2,1.8,1.6,2.0,-0.4569934,-0.46050639999999987,0.0035129999999998773,-0.4569934,-0.46050639999999987,1.4423810000000001,1.4891379999999999,1.4898306000000001,1.97224,-335150.0,0.31251282051282053
2024-01-21,Bournemouth,Liverpool,0.0,4.0,0.834585,1.53344,-12,1,10,11,2.4,1.8,1.0,0.8,15.8,22.8,4.6,7.6,7.6,6.4,1.1999999999999993,2.0,2.0,0.0,A,-250.60910588767933,-7.0,-3.0,0.5217391304347826,0.2368421052631579,21,20,1.0,0.0,0.0,2.0,1.0,1.6,0.6,0.7364857999999999,1.5043103999999998,-0.7678246,0.7364857999999999,1.5043103999999998,1.906326,1.7323996000000002,0.9465412000000001,1.3470802000000002,-553900.0,0.4203944958928478
2024-01-22,Brighton,Wolves,0.0,0.0,1.3701,1.14116,3,-4,9,3,1.2,2.0,1.2,1.2,18.0,12.2,7.0,4.8,3.6,5.4,-1.8000000000000003,1.6,1.4,0.20000000000000018,D,54.446826325081474,5.800000000000001,2.2,0.17142857142857143,0.4166666666666667,20,23,0.2,0.8,0.0,1.8,1.2,1.6,2.2,0.48723079999999985,0.14803699999999997,0.3391937999999999,0.48723079999999985,0.14803699999999997,2.1512900000000004,1.2513352000000002,1.1476206,2.10553,81670.0,1.1844690895127956
2024-01-30,Nott'm Forest,Arsenal,1.0,2.0,0.631618,1.39143,-14,-1,3,7,1.8,1.8,2.0,1.0,12.2,20.6,3.4,5.6,4.4,7.0,-2.5999999999999996,2.0,1.8,0.19999999999999996,A,-246.55216768334455,-8.400000000000002,-2.1999999999999997,0.5294117647058824,0.32142857142857145,10,10,1.0,0.0,0.0,1.2,2.0,1.4,1.4,-0.26229020000000003,1.3062346000000002,-1.5685248000000003,-0.26229020000000003,1.3062346000000002,1.2282958000000002,1.7285182000000003,1.1983328,1.0658188000000002,-698650.0,0.4177916666666667
2024-01-30,Fulham,Everton,0.0,0.0,2.37499,2.83317,-2,-1,12,9,0.4,0.8,2.0,1.6,12.4,10.8,4.0,3.6,4.6,5.6,-1.0,2.2,2.6,-0.3999999999999999,D,-23.91895494371647,1.5999999999999996,0.3999999999999999,0.1,0.22222222222222224,17,16,0.0,0.6666666666666666,0.3333333333333333,3.0,1.0,1.4,1.4,-1.2155551999999998,-0.33194279999999976,-0.8836124000000001,-1.2155551999999998,-0.33194279999999976,2.136498,1.4281460000000001,0.9713298,1.5193,-7400.0,0.9811104020421187
2024-01-30,Luton,Brighton,4.0,0.0,3.63312,1.01366,-11,1,6,5,1.6,1.0,1.6,1.0,12.2,14.4,4.4,5.6,6.2,3.4,2.8000000000000003,1.2,1.8,-0.6000000000000001,H,-109.21949299085895,-2.200000000000001,-1.1999999999999993,0.36363636363636365,0.17857142857142858,18,8,1.0,0.0,0.0,1.8,2.0,1.2,1.6,-0.7064002000000003,0.15084880000000034,-0.8572490000000006,-0.7064002000000003,0.15084880000000034,1.3341627999999999,1.2455523999999998,1.9293299999999998,1.859308,-383500.0,0.2686880244088482
2024-01-30,Crystal Palace,Sheffield United,3.0,2.0,1.1601,0.768467,4,3,4,2,1.4,1.0,2.2,2.0,10.8,11.4,4.2,3.4,4.2,4.4,-0.20000000000000018,1.6,3.0,-1.4,H,146.1237466466373,-0.5999999999999996,0.8000000000000003,0.3333333333333333,0.29411764705882354,10,9,0.0,1.0,0.0,1.4,1.8,0.4,2.2,-1.0262859999999994,-0.4585570000000001,-0.5677289999999993,-1.0262859999999994,-0.4585570000000001,1.6425060000000002,0.5623962,1.5170020000000002,2.0849640000000003,294230.0,2.9312766655726943
2024-01-30,Aston Villa,Newcastle,1.0,3.0,1.44485,3.3224,6,5,13,0,1.6,1.6,1.4,2.2,14.4,15.6,5.0,5.4,7.6,5.6,2.0,3.6,2.0,1.6,A,52.1811986407206,-1.1999999999999993,-0.40000000000000036,0.32,0.2962962962962963,16,17,1.0,0.0,0.0,1.8,0.8,0.6,2.8,0.7981738,-0.7980575999999999,1.5962314,0.7981738,-0.7980575999999999,1.9651138,1.108263,1.0265567999999998,3.72586,57400.0,1.0880030663089306
2024-01-31,Tottenham,Brentford,3.0,2.0,3.36194,1.59637,11,7,9,3,2.2,1.2,1.6,2.4,14.4,9.6,5.4,4.0,6.0,5.8,0.20000000000000018,2.2,2.0,0.20000000000000018,H,144.0394794421111,4.800000000000001,1.4000000000000004,0.40740740740740744,0.3,17,11,0.2,0.2,0.6,2.2,1.4,0.8,1.8,-0.2654745999999999,0.04562679999999997,-0.31110139999999986,-0.2654745999999999,0.04562679999999997,2.3929639999999996,1.4165856,1.8636539999999997,1.4543171999999998,409720.0,1.9555482998274174
2024-01-31,Man City,Burnley,3.0,1.0,1.84756,1.49114,16,9,9,4,2.4,1.0,1.2,1.6,21.0,10.4,7.8,3.2,7.6,4.4,3.1999999999999993,1.4,1.0,0.3999999999999999,H,389.6576102161732,10.6,4.6,0.3076923076923077,0.3125,18,19,0.3333333333333333,0.6666666666666666,0.0,2.8,1.4,1.2,1.6,1.3312643999999998,-0.8678265999999999,2.1990909999999997,1.3312643999999998,-0.8678265999999999,2.35235,0.7394476,0.7510926,2.20402,1186520.0,5.338598800643557
2024-01-31,Liverpool,Chelsea,4.0,1.0,3.6627,0.477972,9,-1,11,3,2.2,1.8,0.6,1.0,22.8,13.8,8.6,5.2,6.4,5.0,1.4000000000000004,2.0,3.2,-1.2000000000000002,H,220.93444104055152,9.0,3.3999999999999995,0.2558139534883721,0.34615384615384615,10,18,0.0,0.0,1.0,2.4,1.2,1.2,2.4,1.7282254,0.9789432000000005,0.7492821999999995,1.7282254,0.9789432000000005,2.7827742,1.5067745999999997,1.070992,2.338664,-54350.0,0.9461881188118811
2024-02-01,Wolves,Man United,3.0,4.0,2.27609,3.22698,-2,5,13,4,1.8,1.2,1.0,1.6,11.8,9.8,4.6,3.6,5.0,4.0,1.0,2.2,2.8,-0.5999999999999996,A,-96.08039276756472,2.0,0.9999999999999996,0.391304347826087,0.3333333333333333,10,18,0.4,0.6,0.0,1.8,0.6,0.8,1.0,0.14145299999999983,-0.6478718,0.7893247999999998,0.14145299999999983,-0.6478718,1.6881439999999999,0.902226,0.9411956,1.9259376,-365620.0,0.5476959237953857
2024-02-01,West Ham,Bournemouth,1.0,1.0,1.3128,1.13487,8,2,11,12,1.8,2.0,0.4,1.8,10.6,15.8,3.8,4.0,3.2,7.4,-4.2,1.4,1.6,-0.20000000000000018,D,60.47525123240894,-5.200000000000001,-0.20000000000000018,0.4736842105263158,0.5,11,11,0.3333333333333333,0.3333333333333333,0.3333333333333333,1.8,0.6,2.4,1.2,-0.25733039999999985,0.4896028000000001,-0.7469332,-0.25733039999999985,0.4896028000000001,1.349336,2.077376,1.1701728,1.2271346,85750.0,1.2134411947728687
2024-02-03,Everton,Tottenham,2.0,2.0,3.25881,0.922371,-8,-8,7,5,0.4,2.4,1.6,2.0,13.2,15.8,3.2,5.2,5.6,6.2,-0.6000000000000005,2.8,1.8,0.9999999999999998,D,-116.06214452409336,-2.6000000000000014,-2.0,0.125,0.4615384615384615,4,3,0.6,0.0,0.4,1.2,1.2,2.0,2.2,-0.5226297999999998,0.10730139999999988,-0.6299311999999997,-0.5226297999999998,0.10730139999999988,1.7675740000000002,1.1709124,1.5762404,2.2584146,-446750.0,0.46720333929636254
2024-02-03,Brighton,Crystal Palace,4.0,1.0,1.92591,0.241137,6,-1,9,2,1.0,1.6,1.4,2.2,15.0,12.2,5.8,4.6,4.0,6.2,-2.2,1.6,1.6,0.0,H,103.7668073592106,2.8000000000000007,1.2000000000000002,0.1724137931034483,0.3478260869565218,4,4,0.2,0.0,0.8,1.6,1.0,1.0,2.4,0.04829799999999973,-0.7946213999999998,0.8429193999999995,0.04829799999999973,-0.7946213999999998,2.1613180000000005,1.1438144,1.265348,2.1621865999999996,77820.0,1.1742576917909444
2024-02-03,Burnley,Fulham,2.0,2.0,1.00428,1.28806,-5,0,4,0,1.2,0.4,1.8,1.4,9.2,16.2,3.4,4.4,3.4,7.4,-4.0,1.4,2.0,-0.6000000000000001,D,-94.56136492437396,-7.0,-1.0000000000000004,0.35294117647058826,0.09090909090909091,3,4,0.0,1.0,0.0,1.4,1.4,0.8,2.8,-0.6567875999999999,-0.5455336000000002,-0.11125399999999974,-0.6567875999999999,-0.5455336000000002,1.4702048,0.7304098,1.3720976,2.7985480000000003,-110870.0,0.7115389618836998
2024-02-03,Newcastle,Luton,4.0,4.0,2.37353,2.67463,9,-7,9,4,1.6,2.2,2.4,1.2,13.0,15.0,4.4,5.6,6.0,6.4,-0.40000000000000036,2.2,1.2,1.0000000000000002,D,123.90885047251028,-2.0,-1.1999999999999993,0.36363636363636365,0.3928571428571429,4,4,1.0,0.0,0.0,2.2,1.4,1.2,2.0,-1.1842051999999998,0.1263904,-1.3105955999999999,-1.1842051999999998,0.1263904,2.67219,0.55386,1.5047393999999998,2.843044,511350.0,4.6291696238467
2024-02-03,Sheffield United,Aston Villa,0.0,5.0,1.52784,2.99015,-15,-3,4,8,1.4,1.4,2.2,1.8,12.0,13.8,4.2,5.2,3.4,6.8,-3.4,3.2,3.6,-0.3999999999999999,A,-313.299390086215,-1.8000000000000007,-1.0,0.3333333333333333,0.2692307692307692,4,4,0.0,0.0,1.0,1.2,2.0,1.6,1.4,0.029732400000000103,0.28874619999999984,-0.25901379999999974,0.029732400000000103,0.28874619999999984,1.744775,1.587786,1.7450446,1.5618564,-557300.0,0.2146832945818361
2024-02-04,Man United,West Ham,3.0,0.0,0.96721,1.1807,-2,-2,10,10,2.0,1.4,2.2,0.6,12.8,9.8,5.0,3.6,5.0,2.2,2.8,3.0,1.0,2.0,H,78.34527295765292,3.0,1.4,0.4,0.38888888888888884,3,3,0.8,0.2,0.0,1.6,1.6,1.6,1.8,-0.19001479999999993,-0.31815919999999975,0.12814439999999983,-0.19001479999999993,-0.31815919999999975,2.0035546,1.6229479999999998,1.576455,2.129076,320850.0,1.658153846153846
2024-02-04,Bournemouth,Nott'm Forest,1.0,1.0,1.1895,0.456548,4,1,10,4,1.6,2.0,2.0,2.0,15.6,11.0,4.0,3.8,7.6,3.6,3.9999999999999996,2.0,1.6,0.3999999999999999,D,53.71461073849309,4.6,0.20000000000000018,0.4,0.5263157894736842,3,5,0.0,0.6666666666666666,0.3333333333333333,1.8,1.4,1.6,2.6,0.28176880000000004,-0.43391460000000026,0.7156834000000003,0.28176880000000004,-0.43391460000000026,1.8695650000000001,1.4375718,0.7923212,2.1827059999999996,-99600.0,0.8013363917422958
2024-02-04,Chelsea,Wolves,2.0,4.0,2.35967,2.48996,1,-1,13,4,1.6,2.4,1.8,1.2,11.6,12.2,4.6,5.4,3.8,4.6,-0.7999999999999998,3.8,2.4,1.4,A,-14.991073603468068,-0.5999999999999996,-0.8000000000000007,0.3478260869565218,0.4444444444444444,4,3,0.6,0.0,0.4,2.4,1.4,1.4,1.8,-0.22461840000000044,0.04768979999999989,-0.27230820000000033,-0.22461840000000044,0.04768979999999989,2.6368579999999997,1.2499612,1.2288724,2.1592200000000004,567270.0,2.2813001151943624
2024-02-04,Arsenal,Liverpool,3.0,1.0,2.8526,0.542052,-2,-6,12,13,1.8,3.0,1.2,0.8,19.2,21.6,4.4,9.6,7.2,5.6,1.6000000000000005,1.8,2.0,-0.19999999999999996,H,-29.47520556742916,-2.400000000000002,-5.199999999999999,0.40909090909090906,0.3125,5,4,0.4,0.2,0.4,2.4,0.8,2.2,0.4,1.0368558,2.0974919999999995,-1.0606361999999994,1.0368558,2.0974919999999995,3.00309,1.4312376,0.7909626,1.2457771999999998,244350.0,1.2556898446083817
2024-02-05,Brentford,Man City,1.0,3.0,0.865741,2.10785,-13,-10,6,10,1.6,2.6,2.8,1.2,9.4,20.2,4.2,7.4,5.6,8.4,-2.8000000000000007,2.4,1.6,0.7999999999999998,A,-289.3540875491394,-10.799999999999999,-3.2,0.38095238095238093,0.35135135135135137,5,5,0.5,0.5,0.0,1.6,2.0,2.4,1.8,-0.26801960000000036,1.0936498000000001,-1.3616694000000005,-0.26801960000000036,1.0936498000000001,2.0510284000000003,2.2532959999999997,1.3275811999999998,1.7650573999999999,-1031220.0,0.2936849315068493
2024-02-10,Man City,Everton,2.0,0.0,1.58971,0.192072,10,12,9,7,2.8,0.6,1.0,1.6,21.4,12.4,8.6,2.6,9.8,5.8,4.000000000000001,1.4,2.6,-1.2000000000000002,H,273.24936733029426,8.999999999999998,6.0,0.3255813953488372,0.23076923076923075,5,7,0.2,0.6,0.2,2.2,1.4,0.8,1.0,1.1887336000000004,-0.13705799999999968,1.3257916,1.1887336000000004,-0.13705799999999968,2.2419640000000003,1.6367,0.9206951999999999,1.61591,1068250.0,3.7268666241225272
2024-02-10,Fulham,Bournemouth,3.0,1.0,1.7456,2.60612,-1,0,10,10,0.8,1.2,1.4,1.8,15.4,13.8,4.8,3.0,8.4,8.6,-0.1999999999999993,2.0,2.0,0.0,H,12.125821141131382,1.5999999999999996,1.7999999999999998,0.16666666666666669,0.39999999999999997,7,6,0.6666666666666666,0.0,0.3333333333333333,2.4,0.6,2.0,1.2,-0.6815415999999999,0.20858640000000017,-0.890128,-0.6815415999999999,0.20858640000000017,2.113382,1.6764,1.2222137999999998,1.3264492,-17400.0,0.9566894835096453
2024-02-10,Liverpool,Burnley,3.0,1.0,3.14734,1.11123,17,10,11,4,3.0,1.2,1.2,2.2,21.0,10.2,9.2,3.8,5.6,2.6,2.9999999999999996,2.0,1.6,0.3999999999999999,H,362.4770405404381,10.8,5.3999999999999995,0.32608695652173914,0.3157894736842105,6,7,0.3333333333333333,0.6666666666666666,0.0,2.6,1.4,1.2,1.6,1.6091384000000004,-0.5207796000000002,2.129918000000001,1.6091384000000004,-0.5207796000000002,3.203306199999999,0.9721343999999998,0.8766784,2.0471440000000003,682170.0,3.494405440982887
2024-02-10,Luton,Sheffield United,1.0,3.0,1.76215,1.98283,2,7,6,1,2.8,1.2,2.0,3.0,14.0,13.0,6.2,4.8,5.6,3.8,1.7999999999999998,1.2,2.8,-1.5999999999999999,A,83.34982827835643,1.0,1.4000000000000004,0.4516129032258064,0.25,7,7,0.0,1.0,0.0,2.2,1.8,0.6,2.6,0.10589839999999962,-0.1482393999999998,0.2541377999999994,0.10589839999999962,-0.1482393999999998,1.8615562,0.5472216,1.76497,2.0997820000000003,-11450.0,0.9248441089596324
2024-02-10,Tottenham,Brighton,2.0,1.0,2.10928,1.49285,3,0,12,2,2.4,1.6,2.2,1.4,15.0,14.0,5.2,5.8,6.6,4.4,2.1999999999999993,1.6,1.4,0.20000000000000018,H,80.39493867200235,1.0,-0.5999999999999996,0.4615384615384615,0.27586206896551724,7,7,0.4,0.6,0.0,2.6,1.4,0.6,2.0,-0.27827040000000003,0.44876460000000007,-0.7270350000000001,-0.27827040000000003,0.44876460000000007,2.620268,1.2047003999999997,1.7034179999999999,2.140622,314100.0,1.5989702517162472
2024-02-10,Wolves,Brentford,0.0,2.0,1.05781,1.84908,6,7,10,0,2.8,1.6,1.4,3.0,12.2,10.4,5.6,4.2,2.8,5.8,-3.0,2.2,1.4,0.8000000000000003,A,13.7860056796585,1.799999999999999,1.3999999999999995,0.5,0.38095238095238093,6,5,0.2,0.6,0.2,2.0,1.2,0.8,2.4,0.07538979999999995,-0.3825238000000002,0.45791360000000014,0.07538979999999995,-0.3825238000000002,1.7615939999999999,1.2395856,1.5001286,1.7831032,13950.0,1.0325341667055365
2024-02-10,Nott'm Forest,Newcastle,2.0,3.0,0.968075,0.511375,-8,3,3,3,1.8,2.4,1.6,3.0,10.4,13.8,4.0,5.2,3.6,6.2,-2.6,2.0,2.4,-0.3999999999999999,A,-157.0161992650776,-3.4000000000000004,-1.2000000000000002,0.45,0.4615384615384615,6,7,0.3333333333333333,0.6666666666666666,0.0,1.0,1.8,1.2,2.6,-0.36073219999999995,-1.1637131999999997,0.8029809999999997,-0.36073219999999995,-1.1637131999999997,0.9093094,1.7115148000000002,1.2330348,3.4579820000000003,-150900.0,0.7686469911843619
2024-02-11,Aston Villa,Man United,1.0,2.0,2.64675,2.44591,1,-3,10,4,2.2,2.6,1.6,1.8,14.2,13.0,6.4,5.4,5.8,5.2,0.5999999999999996,3.0,2.4,0.6000000000000001,A,-15.352818683521493,1.1999999999999993,1.0,0.34375,0.48148148148148145,8,7,0.6,0.2,0.2,1.4,1.2,1.0,1.6,0.46671799999999974,-0.07587600000000005,0.5425939999999998,0.46671799999999974,-0.07587600000000005,1.6820058,1.1329540000000002,1.5612878,1.8816276000000003,-98700.0,0.8778994247541287
2024-02-11,West Ham,Arsenal,0.0,6.0,0.191065,3.99893,-5,-3,9,7,1.0,2.2,1.2,1.2,11.8,19.6,3.2,5.4,3.0,6.6,-3.5999999999999996,0.8,2.0,-1.2,A,-177.9588336467118,-7.800000000000001,-2.2,0.3125,0.40740740740740744,7,7,0.4,0.4,0.2,1.4,0.4,1.6,1.6,-0.43229799999999985,1.5252094,-1.9575074,-0.43229799999999985,1.5252094,1.199092,1.6414062,1.1128908,0.8595124000000001,-712500.0,0.40625
2024-02-12,Crystal Palace,Chelsea,1.0,3.0,0.719516,1.26948,-5,-3,7,3,1.6,1.8,2.8,2.2,11.4,11.4,5.0,4.8,6.0,4.6,1.4000000000000004,1.2,3.4,-2.2,A,-76.19762849284143,0.0,0.20000000000000018,0.32,0.375,9,8,0.6,0.4,0.0,1.6,1.6,1.2,2.4,-1.1950879999999997,-0.25231839999999983,-0.9427695999999999,-1.1950879999999997,-0.25231839999999983,1.496138,1.4087568000000001,1.3126153999999999,2.6407499999999997,-563420.0,0.44215841584158416
2024-02-17,Burnley,Arsenal,0.0,5.0,0.335143,2.20575,-16,-10,5,7,1.4,3.4,2.4,0.8,10.2,18.6,4.6,6.2,2.4,5.8,-3.4,1.6,1.6,0.0,A,-346.4397347135266,-8.400000000000002,-1.6000000000000005,0.30434782608695654,0.5483870967741935,7,6,0.3333333333333333,0.3333333333333333,0.3333333333333333,1.6,1.4,2.0,1.0,-0.7855774,2.0485244,-2.8341018,-0.7855774,2.0485244,1.3826048,1.9235621999999999,1.3557836,0.7924746,-926520.0,0.2279
2024-02-17,Tottenham,Wolves,1.0,2.0,1.59768,1.77591,7,4,15,7,2.4,2.0,1.6,1.6,14.4,13.4,5.8,5.6,7.2,3.8,3.4000000000000004,1.6,2.4,-0.7999999999999998,A,82.19808415657349,1.0,0.20000000000000018,0.41379310344827586,0.35714285714285715,7,7,0.6,0.4,0.0,2.8,1.2,1.8,1.6,0.20050959999999973,0.05686379999999991,0.14364579999999982,0.20050959999999973,0.05686379999999991,2.7195880000000003,1.4322031999999998,1.6538080000000002,2.1330400000000003,395770.0,1.8939308382083888
2024-02-17,Man City,Chelsea,1.0,1.0,2.77713,1.82903,8,6,11,6,2.6,2.0,0.8,2.2,20.6,12.4,7.4,5.0,10.8,5.2,5.6000000000000005,1.0,3.2,-2.2,D,226.48291559991048,8.200000000000001,2.4000000000000004,0.35135135135135137,0.4,7,5,0.4,0.4,0.2,2.4,1.2,1.6,2.2,1.2586772000000004,-0.49672020000000017,1.7553974000000006,1.2586772000000004,-0.49672020000000017,2.200662,1.1924128,0.8058539999999998,1.9767552000000002,450000.0,1.4455445544554455
2024-02-17,Nott'm Forest,West Ham,2.0,0.0,2.66942,0.520016,-9,1,3,7,1.6,0.6,2.0,2.4,10.0,11.6,3.4,2.8,4.0,2.8,1.2000000000000002,1.6,1.6,0.0,H,-62.7830933460034,-1.5999999999999996,0.6000000000000001,0.4705882352941177,0.2142857142857143,7,6,1.0,0.0,0.0,1.4,2.2,1.2,2.2,-0.3326602000000001,-0.955613,0.6229528,-0.3326602000000001,-0.955613,0.9683073999999999,1.585162,1.210552,2.0340619999999996,13850.0,1.0284102564102564
2024-02-17,Brentford,Liverpool,1.0,4.0,1.69518,3.08952,-13,-6,6,12,1.8,3.2,2.2,1.4,9.4,22.2,4.6,9.2,5.0,6.6,-1.5999999999999996,1.8,2.4,-0.5999999999999999,A,-252.3671725087336,-12.799999999999999,-4.6,0.391304347826087,0.3478260869565218,7,7,0.8,0.0,0.2,1.8,2.4,2.2,0.8,-0.3639977999999999,1.8739362000000002,-2.237934,-0.3639977999999999,1.8739362000000002,1.8915466000000003,1.3863923999999999,1.3837532,1.4570532,-526870.0,0.4486789096426516
2024-02-17,Fulham,Aston Villa,1.0,2.0,1.41796,1.57297,-7,1,10,8,1.4,2.0,1.0,1.4,15.2,16.8,5.4,7.6,7.6,6.6,1.0,1.8,3.0,-1.2,A,-154.4386143400352,-1.6000000000000014,-2.1999999999999993,0.25925925925925924,0.2631578947368421,7,6,1.0,0.0,0.0,2.0,0.8,2.2,1.2,-0.5026965999999999,0.37982000000000005,-0.8825166,-0.5026965999999999,0.37982000000000005,1.843648,1.706306,1.6997060000000002,1.4223404000000002,-325300.0,0.5416050165574579
2024-02-17,Newcastle,Bournemouth,2.0,2.0,2.38425,2.08098,7,5,7,7,2.8,0.8,2.8,2.4,11.4,15.6,4.8,3.0,5.0,10.2,-5.199999999999999,2.2,2.4,-0.19999999999999973,D,100.478453332644,-4.199999999999999,1.7999999999999998,0.5833333333333334,0.26666666666666666,7,7,0.3333333333333333,0.0,0.6666666666666666,2.2,2.0,1.8,1.8,-1.1917852000000004,0.02974140000000003,-1.2215266000000005,-1.1917852000000004,0.02974140000000003,2.716442,1.83763,1.8460532000000005,1.4226872,250500.0,1.6235220908525203
2024-02-18,Sheffield United,Brighton,0.0,5.0,0.586214,3.35549,-11,-1,4,2,1.4,1.0,2.6,1.4,10.2,12.2,4.2,4.6,2.2,4.2,-2.0,2.2,1.4,0.8000000000000003,A,-221.9641346221329,-2.0,-0.39999999999999947,0.3333333333333333,0.2173913043478261,8,8,0.0,0.0,1.0,1.0,2.4,0.4,1.8,-0.6845644,-0.030015400000000136,-0.6545489999999998,-0.6845644,-0.030015400000000136,1.8870976000000002,1.3322587999999997,1.7151246,2.22987,-372050.0,0.2905225019069413
2024-02-18,Luton,Man United,1.0,2.0,1.57234,3.58973,-12,-5,6,7,2.4,2.4,2.2,1.6,15.6,13.8,6.4,5.0,7.4,6.2,1.2000000000000002,1.4,2.6,-1.2000000000000002,A,-221.79572864539887,1.799999999999999,1.4000000000000004,0.37499999999999994,0.48,8,7,1.0,0.0,0.0,1.8,1.6,1.4,1.6,0.6422234000000002,0.011021999999999865,0.6312014000000004,0.6422234000000002,0.011021999999999865,2.1087354000000005,1.5376012000000001,1.643906,1.8305955999999999,-667450.0,0.17430568441887795
2024-02-19,Everton,Crystal Palace,1.0,1.0,2.44588,0.734685,5,-3,8,2,0.4,1.6,1.4,3.0,12.0,11.4,2.4,4.8,4.2,5.6,-1.3999999999999995,2.2,1.2,1.0000000000000002,D,44.45535407537864,0.5999999999999996,-2.4,0.16666666666666669,0.33333333333333337,9,7,0.6,0.2,0.2,1.6,1.0,1.0,2.8,-0.20700160000000034,-0.9506862000000003,0.7436845999999999,-0.20700160000000034,-0.9506862000000003,1.9198080000000002,0.8249498,1.3460465999999998,2.348138,-54830.0,0.8772224461462672
2024-02-20,Man City,Brentford,1.0,0.0,2.53766,0.503799,12,7,11,3,2.4,1.8,1.0,2.4,23.2,10.6,7.6,5.0,10.8,4.4,6.4,1.0,2.0,-1.0,H,284.52621576774027,12.6,2.5999999999999996,0.3157894736842105,0.36,3,3,0.4,0.6,0.0,2.0,0.8,1.2,1.8,1.0524813999999996,-0.5782138000000001,1.6306951999999997,1.0524813999999996,-0.5782138000000001,2.1746299999999996,1.3194936,1.0850446,1.6826572000000002,1031220.0,3.4050095620131535
2024-02-21,Liverpool,Luton,4.0,1.0,3.70302,0.956512,17,7,11,5,3.2,2.2,1.2,2.0,18.4,17.0,7.8,6.0,6.4,7.6,-1.1999999999999993,2.0,1.6,0.3999999999999999,H,327.2673696448787,1.3999999999999986,1.7999999999999998,0.4102564102564103,0.3666666666666667,4,3,0.0,0.0,1.0,2.4,1.0,1.8,2.2,1.000697,0.02548539999999999,0.9752116,1.000697,0.02548539999999999,3.2871122,0.9981626,0.7969144,2.702442,814750.0,6.782469836763662
2024-02-24,Arsenal,Newcastle,4.0,1.0,2.59336,0.217373,5,7,12,6,4.2,2.8,0.4,2.4,19.2,13.8,7.0,5.2,6.2,5.2,1.0,1.6,1.4,0.20000000000000018,H,154.1839054223467,5.399999999999999,1.7999999999999998,0.6,0.5384615384615384,7,7,0.6,0.2,0.2,2.4,0.8,1.8,2.4,2.3964838,0.020976000000000772,2.3755077999999994,2.3964838,0.020976000000000772,3.0472219999999997,1.5546618000000003,0.8338317999999999,3.060811,547750.0,1.8397853583748562
2024-02-24,Bournemouth,Man City,0.0,1.0,0.925889,1.79636,-11,-10,8,12,1.0,2.0,2.2,0.6,13.2,22.8,3.6,7.6,8.0,10.2,-2.1999999999999993,2.4,1.0,1.4,A,-297.82480853245534,-9.600000000000001,-3.9999999999999996,0.2777777777777778,0.2631578947368421,7,4,0.6666666666666666,0.3333333333333333,0.0,1.6,1.4,2.2,1.2,0.08268339999999985,1.1956255999999998,-1.1129422,0.08268339999999985,1.1956255999999998,1.8873609999999998,2.036218,0.7031208,1.2437296,-1058250.0,0.2751712328767123
2024-02-24,Man United,Fulham,1.0,2.0,1.96036,1.1385,7,8,10,1,2.6,1.2,1.4,1.2,16.0,15.2,5.8,5.4,6.4,7.4,-1.0,2.8,2.0,0.7999999999999998,A,120.83431726505523,0.8000000000000007,0.39999999999999947,0.4482758620689655,0.2222222222222222,6,7,0.3333333333333333,0.6666666666666666,0.0,2.0,1.6,1.0,2.6,0.4329885999999996,-0.5075366000000001,0.9405251999999997,0.4329885999999996,-0.5075366000000001,1.6487866,0.8582728000000002,1.730942,2.427326,424000.0,2.1031611812150386
2024-02-24,Brighton,Everton,1.0,1.0,1.6538,0.286655,6,3,11,4,2.0,0.6,1.4,1.0,12.6,13.8,5.0,3.2,6.2,4.4,1.7999999999999998,2.2,1.6,0.6000000000000001,D,58.83987199808234,-1.200000000000001,1.7999999999999998,0.4,0.18749999999999997,6,5,0.0,0.8,0.2,2.2,1.0,0.6,1.4,0.2894198000000001,0.5602632000000001,-0.27084339999999996,0.2894198000000001,0.5602632000000001,2.329298,1.5503566,1.1447074,1.799235,132650.0,1.3386088066368858
2024-02-24,Aston Villa,Nott'm Forest,4.0,2.0,3.48861,2.25569,13,3,7,5,1.8,1.6,1.2,1.8,15.4,12.2,6.8,4.6,6.2,4.2,2.0,2.6,2.0,0.6000000000000001,H,199.08923964005908,3.200000000000001,2.2,0.2647058823529412,0.3478260869565218,7,7,0.6666666666666666,0.0,0.3333333333333333,1.4,1.6,1.4,2.2,0.04949399999999926,0.07873200000000002,-0.029238000000000763,0.04949399999999926,0.07873200000000002,1.7729157999999998,1.2446253999999999,1.8500737999999999,2.007802,208300.0,1.4154782088361424
2024-02-24,Crystal Palace,Burnley,3.0,0.0,2.41612,0.0760216,3,2,7,4,1.2,1.0,3.0,2.8,10.8,10.0,4.4,3.6,5.4,2.8,2.6000000000000005,1.6,1.8,-0.19999999999999996,H,108.314864442586,0.8000000000000007,0.8000000000000003,0.2727272727272727,0.2777777777777778,5,7,0.0,0.3333333333333333,0.6666666666666666,1.8,1.8,1.4,2.0,-1.3575772000000002,-0.7983708,-0.5592064000000001,-1.3575772000000002,-0.7983708,1.3871592,1.0380719999999999,1.2065173999999999,2.4528399999999997,173100.0,1.6329530495831506
2024-02-25,Wolves,Sheffield United,1.0,0.0,1.21618,0.654342,9,3,7,4,1.8,1.4,1.8,3.2,13.4,10.6,5.8,4.0,3.6,2.8,0.8000000000000003,2.2,2.2,0.0,H,207.1541650607669,2.8000000000000007,1.7999999999999998,0.3103448275862069,0.35,8,7,1.0,0.0,0.0,1.8,1.6,1.2,1.8,-0.33251600000000003,-0.8426038,0.5100878,-0.33251600000000003,-0.8426038,1.7493839999999998,0.8201613999999999,1.7136361999999998,1.9312740000000002,290380.0,2.9060059074499507
2024-02-26,West Ham,Brentford,4.0,2.0,2.06873,1.33683,6,-1,8,3,0.6,1.2,2.8,2.2,12.4,9.6,3.0,4.4,3.0,3.4,-0.3999999999999999,2.2,2.6,-0.3999999999999999,H,58.13789220823424,2.8000000000000007,-1.4000000000000004,0.19999999999999998,0.2727272727272727,9,6,0.6,0.4,0.0,1.2,1.4,1.0,1.6,-1.1510738000000003,-1.1289219999999998,-0.0221518000000005,-1.1510738000000003,-1.1289219999999998,1.0079850000000001,1.1762394,1.7151404,1.8819911999999999,58720.0,1.1369466859461728
2024-03-02,Nott'm Forest,Liverpool,0.0,1.0,0.971466,1.32259,-16,-8,6,12,1.6,3.2,2.0,1.4,11.8,21.4,4.6,9.0,3.8,8.0,-4.2,1.8,1.8,0.0,A,-314.0097681485081,-9.599999999999998,-4.4,0.3478260869565218,0.35555555555555557,7,10,1.0,0.0,0.0,1.8,1.8,2.6,1.0,-0.02391600000000005,1.4102276,-1.4341436,-0.02391600000000005,1.4102276,1.1610534000000003,1.6440644,0.9930792,1.6292547999999996,-454300.0,0.5246167529953435
2024-03-02,Tottenham,Crystal Palace,3.0,1.0,2.6625,0.277887,9,1,12,2,2.0,1.8,1.8,2.0,15.0,11.4,5.4,4.6,8.4,6.4,2.0,1.0,2.2,-1.2000000000000002,H,167.4976409650435,3.5999999999999996,0.8000000000000007,0.37037037037037035,0.391304347826087,14,7,0.6,0.4,0.0,2.2,1.4,1.0,2.8,0.05126759999999986,-0.24284012000000033,0.2941077200000002,0.05126759999999986,-0.24284012000000033,2.158888,0.7743504,1.6862540000000004,2.607994,391920.0,1.8776031170227059
2024-03-02,Newcastle,Wolves,3.0,0.0,3.33495,0.507769,-1,-1,5,10,2.6,2.0,2.6,1.8,12.0,14.4,4.6,5.6,4.6,4.2,0.39999999999999947,1.2,1.8,-0.6000000000000001,H,61.14282259968559,-2.4000000000000004,-1.0,0.5652173913043479,0.35714285714285715,7,6,0.6,0.0,0.4,2.4,2.4,2.0,1.4,-0.1905933999999998,-0.17436040000000008,-0.01623299999999972,-0.1905933999999998,-0.17436040000000008,2.6129100000000003,1.5716131999999998,2.1777144,1.7918399999999999,209520.0,1.4732455446886363
2024-03-02,Luton,Aston Villa,2.0,3.0,2.43312,2.08586,-14,-5,6,10,2.2,2.6,2.6,1.6,16.6,15.4,5.6,7.0,6.8,6.6,0.20000000000000018,2.4,2.0,0.3999999999999999,A,-235.75466293745785,1.200000000000001,-1.4000000000000004,0.3928571428571429,0.37142857142857144,10,7,1.0,0.0,0.0,1.8,1.6,2.2,1.0,-0.41280360000000016,0.23470599999999964,-0.6475095999999998,-0.41280360000000016,0.23470599999999964,2.2853960000000004,1.841878,1.915146,1.1960584,-568750.0,0.19854858028605651
2024-03-02,Everton,West Ham,1.0,3.0,3.12075,2.17948,-4,0,6,4,0.8,1.0,1.2,2.8,13.0,12.6,3.4,3.2,4.2,3.0,1.2000000000000002,2.0,2.2,-0.20000000000000018,A,-56.712638414261846,0.40000000000000036,0.19999999999999973,0.23529411764705885,0.3125,7,5,0.6,0.4,0.0,1.2,1.2,0.8,2.4,0.3482061999999997,-0.9667898000000001,1.3149959999999998,0.3482061999999997,-0.9667898000000001,1.818198,1.3409852,1.2338556,2.24541,-95750.0,0.8035897435897436
2024-03-02,Brentford,Chelsea,2.0,2.0,2.4732,2.1523,-5,-4,3,7,1.2,1.6,2.4,2.0,10.6,11.8,5.0,4.6,4.2,5.0,-0.7999999999999998,2.4,3.4,-1.0,D,-61.115068553825495,-1.200000000000001,0.40000000000000036,0.24,0.3478260869565218,5,14,0.0,0.8,0.2,1.4,3.0,1.8,2.0,-0.9221879999999996,-0.4730802000000003,-0.4491077999999993,-0.9221879999999996,-0.4730802000000003,1.5786786000000002,1.3811163999999998,1.956222,2.3093072,-581220.0,0.4245346534653465
2024-03-02,Fulham,Brighton,3.0,0.0,1.37604,1.15198,-3,1,7,5,1.6,2.2,1.2,1.6,15.8,15.0,5.6,5.6,8.4,6.8,1.6000000000000005,2.8,2.4,0.3999999999999999,H,-20.58451067220972,0.8000000000000007,0.0,0.28571428571428575,0.3928571428571429,7,7,0.3333333333333333,0.3333333333333333,0.3333333333333333,1.2,1.2,1.4,1.4,-0.4023580000000002,0.5170608000000003,-0.9194188000000005,-0.4023580000000002,0.5170608000000003,1.6895600000000002,1.8707459999999998,1.8176999999999999,1.7931608,-140050.0,0.7329328756674295
2024-03-03,Burnley,Bournemouth,0.0,2.0,1.60461,1.43616,-5,-2,2,5,0.8,1.0,3.2,1.6,7.8,13.6,2.2,4.2,3.0,7.0,-4.0,1.8,2.6,-0.8,A,-140.5362902193699,-5.8,-2.0,0.36363636363636365,0.23809523809523808,8,8,1.0,0.0,0.0,0.6,2.4,1.6,2.2,-1.3774030800000001,0.048360200000000075,-1.4257632800000002,-1.3774030800000001,0.048360200000000075,0.9286954,1.8589860000000002,1.6733074000000001,1.6769452,-128270.0,0.6807218419415059
2024-03-03,Man City,Man United,3.0,1.0,2.64173,0.153764,4,1,13,9,1.6,2.4,0.4,1.4,23.0,18.4,8.0,7.2,10.4,6.8,3.6000000000000005,1.0,2.8,-1.7999999999999998,H,170.46388320831943,4.600000000000001,0.7999999999999998,0.2,0.3333333333333333,8,8,0.6,0.4,0.0,1.8,0.4,1.8,1.8,1.2984358000000005,0.6751619999999998,0.6232738000000007,1.2984358000000005,0.6751619999999998,2.1988700000000003,2.1290042,0.8558503999999999,1.7508416,651650.0,1.8061483268386218
2024-03-04,Sheffield United,Arsenal,0.0,6.0,0.201374,2.47294,-17,-12,4,10,1.0,4.0,3.0,0.6,8.8,18.6,3.6,7.4,3.2,6.8,-3.5999999999999996,1.8,1.8,0.0,A,-399.4495191634426,-9.8,-3.8000000000000003,0.2777777777777778,0.5405405405405405,8,9,1.0,0.0,0.0,1.0,3.0,3.0,0.8,-0.9928753999999997,2.2249638000000003,-3.2178392000000002,-0.9928753999999997,2.2249638000000003,1.837506,2.0213782,2.0259905999999996,0.7338034,-1047650.0,0.12695833333333334
2024-03-09,Man United,Everton,2.0,0.0,2.9016,1.8214,7,6,7,2,1.8,1.0,1.4,1.8,14.8,13.2,5.8,4.8,6.2,3.8,2.4000000000000004,2.0,1.8,0.19999999999999996,H,147.91504297252413,1.6000000000000014,1.0,0.3103448275862069,0.20833333333333334,6,7,0.4,0.4,0.2,1.8,1.8,0.4,1.6,-0.012609199999999543,0.4448242,-0.45743339999999955,-0.012609199999999543,0.4448242,1.2329606,1.1630776,1.488402,1.9677079999999996,416600.0,2.0634333120612633
2024-03-09,Bournemouth,Sheffield United,2.0,2.0,3.92657,1.91752,6,2,5,4,1.2,0.6,1.4,3.6,13.8,7.8,4.0,2.6,6.4,3.0,3.4000000000000004,2.8,1.2,1.5999999999999999,D,143.89788032081017,6.000000000000001,1.4,0.3,0.23076923076923075,6,5,0.0,1.0,0.0,1.2,1.6,1.2,1.6,0.05025619999999953,-1.3688619999999996,1.419118199999999,0.05025619999999953,-1.3688619999999996,1.5156908000000002,0.8630017999999999,1.0011646,1.519866,249400.0,2.6370200196914997
2024-03-09,Crystal Palace,Luton,1.0,1.0,3.25103,1.08531,3,3,10,5,1.4,1.8,2.2,3.2,9.8,15.6,4.0,5.0,4.4,7.0,-2.5999999999999996,2.4,2.2,0.19999999999999973,D,39.49438511959352,-5.799999999999999,-1.0,0.35,0.36,7,7,1.0,0.0,0.0,2.2,1.4,2.0,2.8,-0.79808932,-0.8672435999999997,0.06915427999999968,-0.79808932,-0.8672435999999997,1.5120792,1.107812,0.9475617199999998,2.894836,305680.0,3.1694819020581972
2024-03-09,Wolves,Fulham,2.0,1.0,1.29589,2.94155,2,-1,9,4,1.4,2.2,1.6,1.2,13.6,13.2,4.8,5.4,4.4,5.8,-1.3999999999999995,1.6,2.8,-1.1999999999999997,H,36.400611099807065,0.40000000000000036,-0.6000000000000005,0.2916666666666667,0.40740740740740744,7,7,0.3333333333333333,0.0,0.6666666666666666,1.8,1.4,0.8,2.0,-0.5496186000000005,-0.26590999999999987,-0.28370860000000064,-0.5496186000000005,-0.26590999999999987,1.7882219999999998,0.7839628000000001,1.6009026,2.273736,58380.0,1.151892806036165
2024-03-09,Arsenal,Brentford,2.0,1.0,1.59369,0.733239,13,11,12,3,4.8,1.4,0.4,2.2,19.2,11.6,8.8,5.4,6.0,2.6,3.4,1.6,2.8,-1.1999999999999997,H,268.0598747767549,7.6,3.4000000000000004,0.5454545454545454,0.25925925925925924,5,7,0.4,0.4,0.2,2.8,0.8,1.4,2.2,2.5273146,-0.6095862000000003,3.1369008000000003,2.5273146,-0.6095862000000003,2.9051579999999997,1.3146778,0.6615344000000001,2.127342,771220.0,2.7986379961751946
2024-03-10,Liverpool,Man City,1.0,1.0,2.25492,1.37289,1,-1,13,15,2.6,1.6,1.2,0.4,20.2,23.4,6.8,6.6,8.8,10.8,-2.0,1.8,1.0,0.8,D,-29.14784995962077,-3.1999999999999993,0.20000000000000018,0.3823529411764706,0.24242424242424246,8,7,0.4,0.0,0.6,3.2,1.2,2.4,1.0,0.8435067999999999,1.5476071999999994,-0.7041003999999995,0.8435067999999999,1.5476071999999994,3.6334942,2.195094,0.8616737999999999,0.9904674,-504350.0,0.654554794520548
2024-03-10,West Ham,Burnley,2.0,2.0,1.87414,0.88131,13,5,8,3,1.4,0.6,2.8,3.0,13.2,10.2,3.6,2.8,3.8,3.8,0.0,2.4,1.8,0.5999999999999999,D,179.82519040479542,3.0,0.8000000000000003,0.38888888888888884,0.2142857142857143,8,7,0.0,0.3333333333333333,0.6666666666666666,1.4,1.8,1.2,2.4,-1.1906298000000004,-1.2724290799999998,0.08179927999999936,-1.1906298000000004,-1.2724290799999998,1.214075,0.84295232,1.8712652000000003,2.3435699999999997,214020.0,1.7825800789820097
2024-03-10,Brighton,Nott'm Forest,1.0,0.0,0.534518,0.687034,7,3,9,5,2.2,1.4,1.4,1.8,16.2,11.6,6.2,4.4,7.2,4.0,3.2,2.4,2.2,0.19999999999999973,H,126.20506420360311,4.6,1.7999999999999998,0.3548387096774194,0.3181818181818181,8,8,0.3333333333333333,0.3333333333333333,0.3333333333333333,2.0,1.0,1.8,2.0,0.9961408,0.05782160000000025,0.9383191999999998,0.9961408,0.05782160000000025,2.35186,1.6520316000000002,0.9580244,2.0866700000000002,23050.0,1.045975865164057
2024-03-10,Aston Villa,Tottenham,0.0,4.0,1.23267,2.25381,1,2,7,6,3.0,2.2,1.4,1.6,15.4,14.6,7.4,5.4,6.2,8.0,-1.7999999999999998,2.0,1.0,1.0,A,-9.499432266041822,0.8000000000000007,2.0,0.4054054054054054,0.40740740740740744,8,8,0.4,0.6,0.0,2.0,2.0,2.2,2.2,0.5407640000000002,0.45038880000000026,0.09037519999999999,0.5407640000000002,0.45038880000000026,2.344938,1.2689236000000002,1.9578778000000003,2.5284086,-128850.0,0.8463327370304115
2024-03-11,Chelsea,Newcastle,3.0,2.0,1.78315,0.568435,-1,-3,12,6,1.8,2.6,2.4,2.4,11.8,12.0,5.2,5.0,5.0,3.8,1.2000000000000002,2.6,1.0,1.6,H,-15.569572132044868,-0.1999999999999993,0.20000000000000018,0.34615384615384615,0.52,9,9,0.6,0.2,0.2,2.0,1.4,1.8,2.4,-0.8068107999999998,-0.0006671999999998679,-0.8061436,-0.8068107999999998,-0.0006671999999998679,2.4143160000000004,1.2754004,1.0882163999999999,2.699247,357750.0,1.548486009965504
2024-03-13,Bournemouth,Luton,4.0,3.0,2.84403,2.79419,5,4,5,6,1.4,1.2,1.6,2.6,18.4,15.0,6.0,3.8,6.2,7.8,-1.5999999999999996,2.8,2.4,0.3999999999999999,H,91.76296489933816,3.3999999999999986,2.2,0.2333333333333333,0.3157894736842105,4,4,0.0,0.0,0.0,1.2,1.6,2.0,2.4,0.30547579999999996,-1.3606075999999998,1.6660833999999998,0.30547579999999996,-1.3606075999999998,1.7911308,1.2794388,1.2056466,2.893138,260850.0,2.8513129879347057
2024-03-16,Burnley,Brentford,2.0,1.0,2.69776,1.25123,-3,0,2,3,0.6,1.2,3.0,2.6,10.0,11.6,2.8,5.0,4.2,2.6,1.6,2.2,3.0,-0.7999999999999998,H,-70.22792249932877,-1.5999999999999996,-2.2,0.2142857142857143,0.24,6,7,1.0,0.0,0.0,0.6,2.4,1.4,2.0,-1.4142390799999998,-0.9399304000000002,-0.4743086799999996,-1.4142390799999998,-0.9399304000000002,1.0873304,1.2038636,1.5159293999999999,2.1239660000000002,-155300.0,0.6378095993283269
2024-03-16,Luton,Nott'm Forest,1.0,1.0,0.853782,1.95268,-1,-2,3,4,1.6,1.2,2.8,1.8,12.6,11.8,3.6,4.0,5.8,3.4,2.4,2.6,2.6,0.0,D,-22.34358935188652,0.7999999999999989,-0.3999999999999999,0.4444444444444445,0.3,3,6,0.0,0.0,1.0,2.0,2.2,1.6,2.0,-1.3264396,0.2349152000000001,-1.5613548000000002,-1.3264396,0.2349152000000001,2.408332,1.5458364000000002,2.049342,1.9891756,-360450.0,0.2810411887902663
2024-03-16,Fulham,Tottenham,3.0,0.0,2.47234,2.14564,-7,-1,10,8,2.0,2.4,1.2,1.2,14.8,12.6,5.2,5.4,4.0,7.8,-3.8,2.8,1.0,1.7999999999999998,H,-92.12507867173348,2.200000000000001,-0.20000000000000018,0.3846153846153846,0.4444444444444444,7,6,0.6666666666666666,0.3333333333333333,0.0,1.8,0.8,2.4,1.6,0.006465999999999861,0.30150279999999974,-0.2950367999999999,0.006465999999999861,0.30150279999999974,1.688576,1.6330702000000001,1.964668,2.1934846,-454150.0,0.45837805605247467
2024-03-17,West Ham,Aston Villa,1.0,1.0,1.32829,0.911274,-3,-2,6,10,1.8,2.0,2.6,2.2,13.2,14.6,3.8,5.6,3.0,6.6,-3.5999999999999996,2.6,2.0,0.6000000000000001,D,-87.93520349070263,-1.4000000000000004,-1.7999999999999998,0.4736842105263158,0.35714285714285715,7,7,0.4,0.4,0.2,1.4,2.2,2.4,1.2,-1.0347617999999998,0.04407400000000017,-1.0788358,-1.0347617999999998,0.04407400000000017,1.285967,1.9657699999999998,1.901428,1.5233200000000002,-222150.0,0.6869583597548087
2024-03-30,Sheffield United,Fulham,3.0,3.0,1.78824,1.10254,-8,-5,1,4,1.0,2.0,3.0,1.0,8.4,16.6,3.4,5.4,3.0,4.6,-1.5999999999999996,2.0,3.0,-1.0,D,-174.2308084214717,-8.200000000000001,-2.0000000000000004,0.29411764705882354,0.37037037037037035,21,14,1.0,0.0,0.0,0.8,4.2,1.0,1.8,-1.4782099999999998,0.24390999999999963,-1.7221199999999994,-1.4782099999999998,0.24390999999999963,1.7093855999999998,1.2780644,2.391651,1.6770479999999999,-232000.0,0.39638350461818656
2024-03-30,Aston Villa,Wolves,2.0,0.0,1.28271,1.66232,5,1,6,10,2.0,1.0,2.0,1.4,12.6,12.4,4.6,4.0,6.8,4.8,2.0,2.0,1.6,0.3999999999999999,H,110.06763391342928,0.1999999999999993,0.5999999999999996,0.4347826086956522,0.25,13,21,0.4,0.2,0.4,1.8,2.6,2.0,1.4,-0.07949720000000027,-0.9048086,0.8253113999999997,-0.07949720000000027,-0.9048086,2.34775,1.5619258,2.279408,2.251174,266920.0,1.602895670047207
2024-03-30,Tottenham,Luton,2.0,1.0,2.46523,0.402402,13,7,12,3,2.0,1.6,1.4,2.6,13.6,10.2,5.2,3.6,7.8,5.4,2.3999999999999995,1.6,2.2,-0.6000000000000001,H,230.35977333775963,3.4000000000000004,1.6,0.3846153846153846,0.4444444444444445,14,14,0.0,1.0,0.0,2.4,1.4,2.0,2.8,0.7034506,-1.1427411999999997,1.8461917999999997,0.7034506,-1.1427411999999997,2.376334,1.6951618,1.3450614,2.7383680000000004,697600.0,5.951029098651526
2024-03-30,Brentford,Man United,1.0,1.0,3.16487,0.989565,-10,-8,4,9,1.2,1.6,2.2,1.4,10.4,15.4,4.8,6.4,3.2,6.2,-3.0,3.4,2.2,1.1999999999999997,D,-162.5268386616417,-5.0,-1.6000000000000005,0.25,0.25,14,21,0.8,0.2,0.0,1.6,3.0,2.0,2.0,-0.9503684000000001,0.24612880000000037,-1.1964972000000005,-0.9503684000000001,0.24612880000000037,1.9139561999999999,2.0136578,2.093402,1.9762516,-379570.0,0.5304385476588112
2024-03-30,Nott'm Forest,Crystal Palace,1.0,1.0,0.784652,0.900972,-2,-1,6,1,1.0,1.4,1.4,1.6,12.4,12.6,4.6,3.8,4.0,5.6,-1.5999999999999996,2.8,2.2,0.5999999999999996,D,-26.360073481021573,-0.1999999999999993,0.7999999999999998,0.2173913043478261,0.3684210526315789,14,21,0.3333333333333333,0.0,0.6666666666666666,1.4,1.4,0.8,3.0,0.3633548000000002,-0.027990720000000024,0.3913455200000002,0.3633548000000002,-0.027990720000000024,1.1969854000000002,0.49997379999999997,0.8794632,2.6572020000000003,54770.0,1.1226431994267545
2024-03-30,Bournemouth,Everton,2.0,1.0,1.39268,0.93378,1,6,5,2,2.0,0.6,1.6,1.8,18.2,15.0,7.2,5.0,5.6,3.6,1.9999999999999996,2.6,1.6,1.0,H,48.0398293235362,3.1999999999999993,2.2,0.2777777777777778,0.12,17,21,1.0,0.0,0.0,1.4,2.2,0.2,1.6,0.14333980000000013,-0.23850360000000004,0.38184340000000017,0.14333980000000013,-0.23850360000000004,1.9441148000000001,1.1305876,1.6996116000000001,2.232974,10000.0,1.0255264837268667
2024-03-30,Newcastle,West Ham,4.0,3.0,3.80922,0.994584,-3,-1,5,7,2.2,2.0,2.2,1.6,10.4,14.8,4.4,4.6,3.0,4.0,-1.0,0.8,2.4,-1.5999999999999999,H,58.42031969057484,-4.4,-0.1999999999999993,0.5,0.4347826086956522,19,13,0.0,0.4,0.6,2.4,2.4,1.4,1.6,-0.18339019999999984,-0.1897856,0.006395400000000162,-0.18339019999999984,-0.1897856,2.4240340000000002,1.5802812,2.1850598000000003,2.4318799999999996,164750.0,1.337948717948718
2024-03-30,Chelsea,Burnley,2.0,2.0,4.46643,2.10422,8,4,12,1,2.2,0.8,2.0,2.6,13.4,11.6,6.2,3.2,4.8,4.6,0.20000000000000018,2.4,2.2,0.19999999999999973,D,161.68952403014418,1.8000000000000007,3.0,0.3548387096774194,0.25,19,14,0.0,0.6666666666666666,0.3333333333333333,2.0,1.4,1.2,2.8,0.07307780000000008,-0.71771108,0.79078888,0.07307780000000008,-0.71771108,2.4383380000000003,0.9357863199999998,1.0308917999999998,2.4422059999999997,736520.0,3.693140266198625
2024-03-31,Liverpool,Brighton,2.0,1.0,3.21149,0.43922,7,6,13,4,2.6,1.6,0.8,1.2,22.0,15.6,7.8,5.6,9.4,7.8,1.6000000000000005,1.4,3.0,-1.6,H,215.9825032447077,6.4,2.2,0.33333333333333337,0.28571428571428575,21,21,0.2,0.2,0.6,3.2,1.2,1.2,1.8,1.4820224,0.6286830000000003,0.8533393999999996,1.4820224,0.6286830000000003,3.887898,1.8338359999999998,0.9659156,1.7375508,431250.0,1.8223684210526316
2024-03-31,Man City,Arsenal,0.0,0.0,1.22009,0.511402,-1,-4,13,12,1.4,4.6,0.6,0.4,21.6,19.6,7.2,8.6,9.8,7.6,2.200000000000001,1.6,0.8,0.8,D,42.8202860355841,2.0,-1.3999999999999995,0.19444444444444442,0.5348837209302325,21,22,0.6,0.4,0.0,2.0,0.6,4.0,0.6,1.0916736000000005,2.2372952,-1.1456215999999997,1.0916736000000005,2.2372952,2.278758,2.34563,0.8339610000000001,0.577498,260000.0,1.2166666666666666
2024-04-02,Newcastle,Everton,1.0,1.0,2.65009,1.69834,6,5,8,2,2.4,0.8,2.4,1.8,13.8,15.4,5.2,5.4,2.8,5.2,-2.4000000000000004,0.6,1.6,-1.0,D,111.39190329195004,-1.5999999999999996,-0.20000000000000018,0.4615384615384615,0.14814814814814814,3,3,0.8,0.2,0.0,3.0,2.4,0.4,1.4,0.4708770000000002,-0.050756000000000245,0.5216330000000005,0.4708770000000002,-0.050756000000000245,2.6276660000000005,1.2134154000000001,1.7624966,1.9825560000000002,260500.0,1.6649649010848755
2024-04-02,Nott'm Forest,Fulham,3.0,1.0,1.94619,1.04304,-5,-8,4,5,0.8,2.4,1.6,1.2,11.0,18.4,4.0,6.4,3.8,6.8,-3.0,2.2,2.2,0.0,H,-51.95366969307884,-7.399999999999999,-2.4000000000000004,0.2,0.37499999999999994,3,3,0.6666666666666666,0.3333333333333333,0.0,1.2,1.4,1.6,1.8,-0.08978999999999981,0.137772,-0.22756199999999982,-0.08978999999999981,0.137772,1.2050462,1.4336993999999998,0.9292766,1.618874,117000.0,1.3044100429296215
2024-04-02,Bournemouth,Crystal Palace,1.0,0.0,1.30969,0.174389,2,4,8,2,2.0,1.4,1.4,1.2,18.0,12.0,6.6,3.6,7.0,6.6,0.40000000000000036,2.2,2.0,0.20000000000000018,H,82.68757817559185,6.0,2.9999999999999996,0.30303030303030304,0.38888888888888884,3,3,0.3333333333333333,0.6666666666666666,0.0,1.8,1.6,0.8,2.8,0.2957738000000003,0.10526608000000004,0.19050772000000027,0.2957738000000003,0.10526608000000004,2.0557338,0.4885528,1.5796796,2.2681224,-44830.0,0.899614850642662
2024-04-02,Burnley,Wolves,1.0,1.0,1.12581,1.01021,-9,-4,5,7,1.2,1.0,2.0,1.4,13.6,11.6,4.6,3.6,4.6,4.2,0.39999999999999947,2.2,2.0,0.20000000000000018,D,-132.97924907427864,2.0,0.9999999999999996,0.2608695652173913,0.2777777777777778,3,3,0.6666666666666666,0.0,0.3333333333333333,1.0,2.2,1.2,1.6,-0.8160316799999998,-0.6706326,-0.1453990799999998,-0.8160316799999998,-0.6706326,1.4324046,1.5154238000000002,1.4292734,1.9890219999999998,-169250.0,0.6177128272310437
2024-04-02,West Ham,Tottenham,1.0,1.0,1.47017,1.39423,-3,-1,6,5,2.6,2.0,2.0,1.4,14.8,13.8,4.8,4.8,4.2,6.6,-2.3999999999999995,1.8,1.6,0.19999999999999996,D,-92.5313583647578,1.0,0.0,0.5416666666666667,0.4166666666666667,3,3,0.6,0.2,0.2,1.6,2.4,2.0,2.2,-0.322832,0.9927302,-1.3155622,-0.322832,0.9927302,1.355005,1.7407222,1.6526428,2.3468146,-351000.0,0.5813953488372093
2024-04-03,Man City,Aston Villa,4.0,1.0,3.87704,1.18643,1,1,11,11,1.2,2.0,0.4,1.8,17.8,12.4,6.4,5.0,8.8,7.0,1.8000000000000007,1.4,2.2,-0.8000000000000003,H,160.71128158756255,5.4,1.4000000000000004,0.18749999999999997,0.4,3,4,0.6,0.2,0.2,1.4,0.4,2.2,0.8,1.0437911999999998,-0.18642120000000006,1.2302123999999999,1.0437911999999998,-0.18642120000000006,2.153264,1.7807507999999999,0.6380134,1.5487700000000002,750350.0,2.057352215881068
2024-04-03,Brentford,Brighton,0.0,0.0,0.423299,1.22404,-8,-5,5,3,1.4,1.6,2.2,1.2,15.4,16.2,5.4,5.6,5.8,7.4,-1.6000000000000005,3.0,3.0,0.0,D,-82.98130044062555,-0.7999999999999989,-0.1999999999999993,0.25925925925925924,0.28571428571428575,4,3,0.6,0.2,0.2,1.6,2.4,1.4,2.2,-0.10853520000000016,0.1975150000000001,-0.30605020000000027,-0.10853520000000016,0.1975150000000001,2.0282362,1.49064,1.9123489999999996,2.1832287999999997,-95620.0,0.8176582761250953
2024-04-03,Arsenal,Luton,2.0,0.0,1.14384,0.292082,15,11,12,2,3.4,1.6,0.4,2.2,15.8,9.2,6.6,3.6,7.2,5.8,1.4000000000000004,1.2,2.2,-1.0000000000000002,H,349.5170814559442,6.600000000000001,2.9999999999999996,0.5151515151515151,0.4444444444444445,3,4,0.0,1.0,0.0,2.8,1.0,2.0,3.0,1.3339846000000002,-1.0060052,2.3399898,1.3339846000000002,-1.0060052,2.669944,1.5826087999999998,0.6755713999999999,2.9273680000000004,1059100.0,8.516678495386799
2024-04-04,Liverpool,Sheffield United,3.0,1.0,2.51772,0.720948,18,11,13,4,2.4,1.0,0.8,3.4,23.0,8.6,7.4,3.6,9.2,3.2,5.999999999999999,1.8,2.4,-0.5999999999999999,H,421.6338982478169,14.4,3.8000000000000003,0.3243243243243243,0.2777777777777778,4,5,0.0,1.0,0.0,2.8,1.0,1.4,1.8,1.6292544000000002,-1.3852059999999997,3.0144604,1.6292544000000002,-1.3852059999999997,3.195894,1.117274,0.8715648,2.061458,803300.0,6.2727272727272725
2024-04-04,Chelsea,Man United,4.0,3.0,3.48048,1.56686,-6,2,10,10,2.2,1.4,1.6,1.4,17.0,14.2,7.6,6.4,5.2,5.4,-0.20000000000000018,2.2,2.2,0.0,H,-32.63917628842319,2.8000000000000007,1.1999999999999993,0.2894736842105263,0.21874999999999997,5,5,0.4,0.0,0.6,2.0,1.8,2.0,1.8,0.5715777999999998,-0.1487642,0.7203419999999998,0.5715777999999998,-0.1487642,2.67698,2.0811897999999998,1.3637078000000002,2.460356,201650.0,1.249458774045896
2024-04-06,Crystal Palace,Man City,2.0,4.0,1.49472,2.26381,-12,-6,10,13,1.2,1.8,1.2,0.6,10.6,17.8,3.2,6.4,5.8,7.2,-1.4000000000000004,2.0,1.2,0.8,A,-358.08428266340775,-7.200000000000001,-3.2,0.37499999999999994,0.28125,4,3,0.2,0.4,0.4,2.2,1.4,2.2,1.0,0.22044487999999984,1.175141,-0.9546961200000001,0.22044487999999984,1.175141,1.8314672,2.022966,0.89731772,1.303644,-1013420.0,0.3058767123287671
2024-04-06,Aston Villa,Brentford,3.0,3.0,1.16333,1.42064,13,4,6,3,1.4,1.0,2.2,1.4,10.8,13.6,4.4,4.2,6.2,4.6,1.6000000000000005,2.4,2.8,-0.3999999999999999,D,156.89408051841474,-2.799999999999999,0.20000000000000018,0.3181818181818181,0.23809523809523808,3,3,0.4,0.2,0.4,1.6,2.2,1.2,1.8,-0.9711272000000004,-0.12230339999999984,-0.8488238000000006,-0.9711272000000004,-0.12230339999999984,2.0191179999999997,1.1348356,2.388026,1.9911299999999996,280870.0,1.6550445449881057
2024-04-06,Everton,Burnley,1.0,0.0,0.659844,0.34699,5,-4,3,2,0.8,1.4,1.8,1.6,13.6,15.8,5.2,5.8,5.2,5.4,-0.20000000000000018,2.2,2.0,0.20000000000000018,H,101.36906592725812,-2.200000000000001,-0.5999999999999996,0.15384615384615385,0.24137931034482757,4,4,0.6666666666666666,0.3333333333333333,0.0,1.0,1.8,1.2,2.6,-0.5833450000000002,-0.3248920000000004,-0.2584529999999998,-0.5833450000000002,-0.3248920000000004,2.2194740000000004,1.13278432,1.4926492,2.7503179999999996,118270.0,1.432463068597338
2024-04-06,Fulham,Newcastle,0.0,1.0,0.834564,1.18012,-5,0,10,6,2.2,2.2,1.6,2.2,18.6,14.0,6.0,5.4,6.6,3.4,3.1999999999999997,1.2,0.4,0.7999999999999999,A,-103.65979630843208,4.600000000000001,0.5999999999999996,0.3666666666666667,0.40740740740740744,4,4,0.6666666666666666,0.3333333333333333,0.0,2.0,0.6,2.2,2.8,0.12151400000000012,0.600573,-0.4790589999999999,0.12151400000000012,0.600573,1.877386,1.1061114,2.061976,2.692189,-267900.0,0.5892679187428134
2024-04-06,Luton,Bournemouth,2.0,1.0,1.30478,0.616108,-6,-11,4,5,1.2,2.2,2.0,1.2,7.6,17.6,2.8,7.0,4.4,8.2,-3.799999999999999,2.2,2.4,-0.19999999999999973,H,-86.88807270451957,-10.000000000000002,-4.2,0.4285714285714286,0.31428571428571433,3,4,1.0,0.0,0.0,1.8,1.8,1.4,1.8,-1.2458087999999998,0.6969282000000001,-1.942737,-1.2458087999999998,0.6969282000000001,2.0509024,1.768084,2.1249519999999995,1.839506,-260850.0,0.35071561916614813
2024-04-06,Wolves,West Ham,1.0,2.0,1.78341,1.14133,-3,1,9,4,0.8,2.0,1.4,1.8,10.8,13.6,2.6,4.4,4.2,5.8,-1.5999999999999996,2.2,1.8,0.40000000000000013,A,-37.66045149247134,-2.799999999999999,-1.8000000000000003,0.3076923076923077,0.45454545454545453,4,4,1.0,0.0,0.0,1.8,1.4,1.6,2.4,-0.7293985999999999,-0.454024,-0.2753745999999999,-0.7293985999999999,-0.454024,1.6981479999999998,1.4597760000000002,1.8383186000000002,2.6360439999999996,-44770.0,0.9081641025641025
2024-04-06,Brighton,Arsenal,0.0,3.0,0.428514,4.16518,-6,-8,11,13,0.6,2.8,1.2,0.4,16.2,15.2,4.8,6.0,6.4,6.6,-0.1999999999999993,2.4,1.2,1.2,A,-215.86095213311296,1.0,-1.2000000000000002,0.125,0.4666666666666666,3,3,0.2,0.6,0.2,2.0,0.8,3.8,0.2,-0.19619199999999992,1.1302148000000003,-1.3264068000000002,-0.19619199999999992,1.1302148000000003,1.8662696,2.1160904,0.8851071999999999,0.5158579999999999,-675600.0,0.437
2024-04-07,Tottenham,Nott'm Forest,3.0,1.0,1.61978,2.00122,12,5,12,2,2.0,1.0,1.2,1.0,13.4,12.2,4.8,4.2,5.6,4.0,1.5999999999999996,2.4,1.8,0.5999999999999999,H,191.9505200735191,1.200000000000001,0.5999999999999996,0.4166666666666667,0.23809523809523808,5,5,0.3333333333333333,0.6666666666666666,0.0,2.2,1.4,1.2,2.0,1.0131882000000005,0.33742400000000017,0.6757642000000004,1.0131882000000005,0.33742400000000017,2.4393260000000003,1.3148924,1.1090838,1.6017200000000003,337150.0,1.6724842924104917
2024-04-07,Sheffield United,Chelsea,2.0,2.0,1.74265,0.521789,-11,-7,2,8,1.2,2.4,3.0,2.0,9.0,19.8,4.0,8.6,2.4,6.2,-3.8000000000000003,2.4,2.4,0.0,D,-204.3644044751816,-10.8,-4.6,0.3,0.27906976744186046,3,3,1.0,0.0,0.0,1.0,4.2,2.0,2.0,-1.1907052000000002,0.8443089999999995,-2.0350142,-1.1907052000000002,0.8443089999999995,1.3434576,1.4606824,2.4690440000000002,2.4546952000000006,-857650.0,0.15084158415841584
2024-04-07,Man United,Liverpool,2.0,2.0,0.814509,4.43457,-4,-9,10,12,1.6,2.2,2.0,0.8,13.8,25.8,5.6,7.6,4.8,10.6,-5.8,1.2,1.6,-0.40000000000000013,D,-152.28453362065306,-12.0,-2.0,0.28571428571428575,0.2894736842105263,3,3,0.6,0.2,0.2,2.2,1.2,2.4,0.8,-0.9349662000000001,1.7097408,-2.6447070000000004,-0.9349662000000001,1.7097408,1.5906885999999998,1.6344224,1.457842,1.4652439999999998,-147300.0,0.8458640715743212
2024-04-13,Newcastle,Tottenham,4.0,0.0,3.1483,0.737596,-4,0,9,6,2.2,2.0,1.4,1.2,15.8,14.0,6.0,5.0,4.0,5.8,-1.7999999999999998,0.8,2.6,-1.8,H,-4.516620456685359,1.8000000000000007,1.0,0.3666666666666667,0.4,7,6,0.6,0.4,0.0,2.8,2.0,1.8,1.6,1.1448816000000002,0.4599776000000002,0.684904,1.1448816000000002,0.4599776000000002,2.9104080000000003,1.6056582,1.5912606,1.8714445999999998,-186250.0,0.7778771615980918
2024-04-13,Brentford,Sheffield United,2.0,0.0,1.09071,0.834498,4,0,3,4,1.2,1.6,1.6,3.2,12.4,8.8,3.8,4.4,5.2,2.6,2.6,2.6,3.0,-0.3999999999999999,H,136.01460269164386,3.5999999999999996,-0.6000000000000005,0.3157894736842105,0.36363636363636365,7,6,1.0,0.0,0.0,1.0,2.0,1.6,2.0,-0.13502140000000007,-0.8341654000000001,0.699144,-0.13502140000000007,-0.8341654000000001,1.7244579999999998,1.2088214000000002,1.9126550000000002,2.116544,276430.0,2.8144404332129964
2024-04-13,Burnley,Brighton,1.0,1.0,1.8522,0.889445,-9,2,5,4,1.4,0.4,1.4,1.6,13.0,13.6,4.8,3.8,5.0,5.8,-0.7999999999999998,1.8,2.2,-0.40000000000000013,D,-142.41299444929564,-0.5999999999999996,1.0,0.2916666666666667,0.10526315789473685,7,7,0.0,0.6666666666666666,0.3333333333333333,1.0,2.2,1.4,1.4,-0.42115279999999977,-1.2169542000000004,0.7958014000000007,-0.42115279999999977,-1.2169542000000004,1.3535206000000002,1.5327160000000002,1.438282,1.5412646,-250920.0,0.5215102974828375
2024-04-13,Man City,Luton,5.0,1.0,4.64245,0.809775,15,7,11,1,2.4,1.4,1.0,2.0,18.4,9.8,6.8,4.2,7.4,4.6,2.8000000000000007,1.0,1.6,-0.6000000000000001,H,386.7148150258608,8.599999999999998,2.5999999999999996,0.35294117647058826,0.3333333333333333,7,7,0.0,1.0,0.0,1.8,0.6,1.2,2.6,1.1548648,-0.6749304,1.8297952,1.1548648,-0.6749304,2.6107299999999998,1.1060992,0.836885,2.6814299999999998,1319100.0,10.361958836053939
2024-04-13,Nott'm Forest,Wolves,2.0,2.0,1.76244,1.45688,-6,1,7,7,1.2,0.8,1.4,1.8,13.2,11.0,5.0,3.6,3.8,4.0,-0.20000000000000018,2.0,2.8,-0.7999999999999998,D,-62.64079080473812,2.1999999999999993,1.4,0.24,0.22222222222222224,6,7,0.3333333333333333,0.0,0.6666666666666666,1.6,1.2,1.4,1.8,0.48393680000000017,-0.7133501999999998,1.197287,0.48393680000000017,-0.7133501999999998,1.4679606,1.4892338,0.8595986,1.940164,58620.0,1.1324057552006868
2024-04-13,Bournemouth,Man United,2.0,2.0,2.38519,1.52274,-5,5,10,7,2.0,1.8,1.6,2.0,17.2,11.4,6.6,4.8,8.2,4.0,4.199999999999999,1.6,1.8,-0.19999999999999996,D,-94.4365001690328,5.799999999999999,1.7999999999999998,0.30303030303030304,0.375,7,6,0.3333333333333333,0.6666666666666666,0.0,1.8,1.4,1.8,2.0,0.5928838000000001,-1.8233504,2.4162342,0.5928838000000001,-1.8233504,2.0797718,1.7491657999999997,1.5232477999999998,2.7012340000000004,-406600.0,0.49700006185439477
2024-04-14,Liverpool,Crystal Palace,0.0,1.0,3.04497,2.12879,14,9,13,2,1.8,1.0,1.0,2.0,25.6,9.0,6.4,2.8,10.2,3.8,6.3999999999999995,1.8,1.6,0.19999999999999996,A,265.4296878057198,16.6,3.6000000000000005,0.28125,0.35714285714285715,7,8,0.2,0.4,0.4,2.6,1.0,0.8,2.0,1.8844513999999999,-0.4013928,2.2858441999999997,1.8844513999999999,-0.4013928,2.966898,0.46581400000000006,0.9201599999999999,1.8257264,509070.0,2.139930135697971
2024-04-14,West Ham,Fulham,0.0,2.0,1.45307,3.61413,5,2,6,5,1.8,1.6,1.8,1.8,13.4,19.0,4.2,5.8,5.6,9.0,-3.4000000000000004,1.8,1.2,0.6000000000000001,A,21.142292913543542,-5.6,-1.5999999999999996,0.42857142857142855,0.27586206896551724,8,8,0.6666666666666666,0.3333333333333333,0.0,1.6,2.4,1.8,2.2,-0.39418600000000015,0.007590800000000231,-0.4017768000000004,-0.39418600000000015,0.007590800000000231,1.386479,1.5027380000000001,1.7045148,1.5989919999999997,103150.0,1.2683751788734228
2024-04-14,Arsenal,Aston Villa,0.0,2.0,1.89003,0.929049,2,8,15,10,2.6,1.4,0.2,2.4,15.6,10.6,5.8,3.4,6.2,7.2,-1.0,1.4,2.0,-0.6000000000000001,A,83.76378879815229,5.0,2.4,0.4482758620689655,0.4117647058823529,8,8,0.6,0.4,0.0,3.2,0.6,2.4,1.6,1.4023506000000001,-0.9531371999999996,2.3554877999999997,1.4023506000000001,-0.9531371999999996,2.341032,1.7493368,0.4145658,2.1168500000000003,490350.0,1.6909744240118367
2024-04-15,Chelsea,Everton,6.0,0.0,3.37093,1.21791,5,5,10,2,2.6,0.8,2.2,1.6,19.2,14.8,8.0,5.2,7.2,5.2,2.0,2.2,2.0,0.20000000000000018,H,101.75751922642668,4.399999999999999,2.8,0.325,0.15384615384615385,8,9,0.4,0.2,0.4,2.4,2.2,0.6,1.6,0.7897567999999999,-0.24734520000000004,1.037102,0.7897567999999999,-0.24734520000000004,2.827066,0.9864493999999999,1.4854644000000001,2.037576,618250.0,2.578174856413529
2024-04-20,Wolves,Arsenal,0.0,2.0,0.164516,1.66179,-9,-5,6,13,1.2,1.4,1.6,0.6,10.8,14.8,3.8,4.6,3.2,5.6,-2.3999999999999995,3.2,2.0,1.2000000000000002,A,-237.3171200303193,-4.0,-0.7999999999999998,0.3157894736842105,0.30434782608695654,7,6,0.6,0.4,0.0,1.4,1.8,4.0,0.0,-0.20902599999999993,1.1402336000000002,-1.3492596000000001,-0.20902599999999993,1.1402336000000002,1.5258759999999998,2.6708404000000003,1.9626563999999997,0.4752372,-757270.0,0.36894166666666667
2024-04-20,Luton,Brentford,1.0,5.0,0.497799,3.7809,-2,-2,4,1,1.0,1.4,2.2,1.2,9.0,12.4,3.8,4.0,4.2,5.0,-0.7999999999999998,1.2,2.4,-1.2,A,-91.75744311357266,-3.4000000000000004,-0.20000000000000018,0.2631578947368421,0.35,7,7,1.0,0.0,0.0,1.4,2.0,1.4,2.4,-1.4314974,0.08831120000000015,-1.5198086000000002,-1.4314974,0.08831120000000015,1.5852344000000003,1.0491476,2.0454415999999997,2.0122340000000003,-287880.0,0.3286067447175708
2024-04-20,Sheffield United,Burnley,1.0,4.0,1.97816,2.42338,-1,-3,2,2,1.6,1.2,2.4,1.2,9.6,13.0,4.8,4.6,3.8,5.0,-1.2000000000000002,3.0,1.2,1.8,A,-71.91591752583236,-3.4000000000000004,0.20000000000000018,0.33333333333333337,0.2608695652173913,7,7,1.0,0.0,0.0,1.0,4.2,1.0,2.2,-0.4310946,-0.030035800000000057,-0.40105879999999994,-0.4310946,-0.030035800000000057,1.1692636000000003,0.9039543200000001,2.0885818,2.5127748,-121130.0,0.5570791282726342
2024-04-21,Everton,Nott'm Forest,2.0,0.0,0.473233,1.18916,2,-2,6,2,0.6,1.6,2.2,1.6,12.4,15.0,3.4,6.0,6.0,5.2,0.7999999999999998,2.6,1.6,1.0,H,54.52855249138247,-2.5999999999999996,-2.6,0.17647058823529413,0.26666666666666666,6,8,0.0,0.3333333333333333,0.6666666666666666,1.0,1.2,1.0,2.0,-0.8662032000000002,0.5145455999999999,-1.3807488,-0.8662032000000002,0.5145455999999999,2.1043848,1.4706343999999998,1.1054051999999999,1.537238,-109600.0,0.7813902463348957
2024-04-21,Aston Villa,Bournemouth,3.0,1.0,2.62687,2.05211,9,-2,7,5,1.8,2.0,1.6,1.6,10.8,14.8,3.6,5.2,7.2,7.6,-0.39999999999999947,2.2,1.8,0.40000000000000013,H,158.43442230292771,-4.0,-1.6,0.5,0.3846153846153846,7,8,0.6666666666666666,0.0,0.3333333333333333,2.0,2.2,1.4,1.6,-0.9411053999999996,0.3635638000000001,-1.3046691999999998,-0.9411053999999996,0.3635638000000001,1.9628140000000003,1.5748476000000002,2.0076739999999997,1.6704079999999997,307900.0,1.7663970130678281
2024-04-21,Crystal Palace,West Ham,5.0,2.0,3.7185,1.34536,-8,0,7,6,1.0,1.4,1.4,1.8,9.8,12.0,3.6,4.2,3.8,6.4,-2.6000000000000005,1.4,1.6,-0.20000000000000018,H,-24.980268087065724,-2.1999999999999993,-0.6000000000000001,0.2777777777777778,0.3333333333333333,7,7,0.2,0.4,0.4,2.0,2.0,1.6,2.2,-0.10770619999999975,-1.0249640000000002,0.9172578000000005,-0.10770619999999975,-1.0249640000000002,1.8082972000000002,1.2032219999999998,1.09261772,2.470002,-40920.0,0.9160615384615385
2024-04-21,Fulham,Liverpool,1.0,3.0,0.83885,1.02445,-9,-1,9,10,1.8,1.6,1.4,1.2,18.0,25.4,6.6,7.2,8.8,10.0,-1.1999999999999993,1.2,1.6,-0.40000000000000013,A,-237.70746392104525,-7.399999999999999,-0.6000000000000005,0.27272727272727276,0.22222222222222224,7,7,0.6666666666666666,0.0,0.3333333333333333,2.0,0.8,2.4,1.2,0.11067079999999985,1.9974626,-1.8867918000000001,0.11067079999999985,1.9974626,1.5693008,2.1844343999999998,1.7313660000000002,1.433668,-571300.0,0.40218699314602624
2024-04-23,Arsenal,Chelsea,5.0,0.0,3.45858,1.60343,8,-1,12,6,1.4,3.4,0.4,1.8,16.2,18.6,5.2,8.8,4.0,6.8,-2.8,2.0,2.2,-0.20000000000000018,H,184.20635534949636,-2.400000000000002,-3.6000000000000005,0.2692307692307692,0.3863636363636363,3,8,0.2,0.6,0.2,2.2,1.0,1.8,2.0,1.2675982000000003,1.2845408,-0.016942599999999697,1.2675982000000003,1.2845408,2.0147040000000005,1.2501142,0.542759,2.2750391999999997,190000.0,1.188118811881188
2024-04-24,Everton,Liverpool,2.0,0.0,1.89111,1.87155,-12,-3,8,10,1.0,2.0,1.8,1.2,9.2,24.4,3.0,7.4,5.6,9.4,-3.8000000000000007,2.8,1.6,1.1999999999999997,H,-202.74654898126917,-15.2,-4.4,0.3333333333333333,0.27027027027027023,3,3,0.6,0.2,0.2,1.4,1.2,2.2,1.4,-0.7933485999999997,1.8581765999999997,-2.6515251999999996,-0.7933485999999997,1.8581765999999997,1.9917034,2.0826363999999997,1.0745372,1.434521,-563900.0,0.4099304138544446
2024-04-24,Wolves,Bournemouth,0.0,1.0,0.484454,2.40311,2,-5,6,4,0.8,1.4,1.8,1.6,10.2,12.8,3.8,4.4,2.8,6.2,-3.4000000000000004,3.4,2.2,1.1999999999999997,A,-30.30132882930502,-2.6000000000000014,-0.6000000000000005,0.2105263157894737,0.3181818181818181,4,3,0.0,0.6666666666666666,0.3333333333333333,0.8,1.4,1.4,2.0,-0.17934880000000009,0.23864379999999996,-0.41799260000000005,-0.17934880000000009,0.23864379999999996,1.1035612000000001,1.7582956000000003,1.6496184,1.933222,40980.0,1.1020037336652146
2024-04-24,Crystal Palace,Newcastle,2.0,0.0,1.43661,0.55129,-9,-3,7,9,1.8,2.4,1.6,1.4,9.2,16.6,4.2,5.6,3.0,6.6,-3.5999999999999996,1.6,0.8,0.8,H,-82.44573235451685,-7.400000000000002,-1.3999999999999995,0.42857142857142855,0.4285714285714286,3,11,0.4,0.0,0.6,2.4,2.0,2.0,2.0,-0.0662221999999999,1.0615861999999998,-1.1278083999999997,-0.0662221999999999,1.0615861999999998,2.3199772,1.1599406,1.20799632,1.5247997999999998,-205670.0,0.6846761211192027
2024-04-24,Man United,Sheffield United,4.0,2.0,3.51311,1.20517,13,4,8,4,2.0,1.4,1.8,2.8,12.4,10.6,5.0,5.2,4.0,5.4,-1.4000000000000004,1.6,2.2,-0.6000000000000001,H,284.43270940642265,1.8000000000000007,-0.20000000000000018,0.4,0.2692307692307692,11,4,0.0,1.0,0.0,2.0,1.2,1.2,1.8,-1.4982472000000004,-0.1183285999999999,-1.3799186000000006,-1.4982472000000004,-0.1183285999999999,1.5133824,1.2220275999999999,1.9774819999999997,2.102666,656000.0,5.305874630784378
2024-04-25,Brighton,Man City,0.0,4.0,0.572021,1.90507,-8,-6,8,13,0.6,2.8,1.2,1.0,14.6,19.6,4.4,7.8,5.6,6.8,-1.2000000000000002,2.2,1.2,1.0000000000000002,A,-281.7663415566874,-5.000000000000002,-3.3999999999999995,0.13636363636363635,0.358974358974359,12,12,0.6,0.2,0.2,1.2,1.0,2.4,1.2,-1.3646932000000003,1.4238066000000003,-2.7884998000000003,-1.3646932000000003,1.4238066000000003,1.1825684,2.019086,1.3042332,1.35553,-935600.0,0.3591780821917808
2024-04-27,West Ham,Liverpool,2.0,2.0,0.794025,2.29298,-5,-3,6,10,1.6,1.6,2.6,1.4,10.2,23.0,3.4,7.2,5.0,10.4,-5.4,1.4,1.2,0.19999999999999996,D,-185.71502497899905,-12.8,-3.8000000000000003,0.4705882352941177,0.22222222222222224,6,3,0.8,0.2,0.0,1.6,1.6,2.0,1.2,-1.5829951999999996,1.2998106000000003,-2.8828058,-1.5829951999999996,1.2998106000000003,1.63888,2.348536,1.6275548,1.242223,-468150.0,0.510123999372155
2024-04-27,Fulham,Crystal Palace,1.0,1.0,1.39418,1.05387,2,-5,6,5,1.4,2.0,2.0,1.4,17.2,11.2,6.2,5.0,8.2,3.2,4.999999999999999,1.4,2.0,-0.6000000000000001,D,-5.231049409473826,6.0,1.2000000000000002,0.2258064516129032,0.4,6,3,0.0,0.3333333333333333,0.6666666666666666,1.6,1.2,0.8,1.2,0.008210799999999852,0.08757780000000004,-0.07936700000000019,0.008210799999999852,0.08757780000000004,1.3879508,0.8433446,1.415032,2.0495384000000003,-62230.0,0.860652066818935
2024-04-27,Man United,Burnley,1.0,1.0,3.06197,1.89591,13,0,10,5,2.4,1.6,2.2,1.2,14.4,12.8,6.0,5.2,4.8,4.4,0.39999999999999947,1.4,0.8,0.5999999999999999,D,189.9333103550382,1.5999999999999996,0.7999999999999998,0.39999999999999997,0.3076923076923077,3,7,0.3333333333333333,0.3333333333333333,0.3333333333333333,2.4,1.2,1.6,1.8,-1.2526992000000003,-0.23029780000000022,-1.0224014000000001,-1.2526992000000003,-0.23029780000000022,2.0313578,1.16638432,1.9560679999999997,2.2789387999999997,534870.0,2.955792014041246
2024-04-27,Newcastle,Sheffield United,5.0,1.0,2.93477,1.82408,13,9,11,1,2.0,1.2,1.2,3.0,15.8,11.0,5.4,5.2,6.2,5.8,0.40000000000000036,1.2,1.6,-0.40000000000000013,H,277.04027791900694,4.800000000000001,0.20000000000000018,0.37037037037037035,0.23076923076923075,3,3,0.0,1.0,0.0,2.8,1.2,1.0,2.4,1.1274652,-0.7170566,1.8445218,1.1274652,-0.7170566,3.065362,1.0664955999999999,1.2038537999999999,2.452858,499900.0,4.281260255989498
2024-04-27,Wolves,Luton,2.0,1.0,1.49011,0.90435,5,-1,6,1,0.8,1.0,1.6,3.0,10.6,8.2,4.0,3.6,3.6,3.8,-0.19999999999999973,3.4,1.2,2.2,H,108.05172680644046,2.4000000000000004,0.3999999999999999,0.2,0.2777777777777778,3,7,0.0,0.0,1.0,0.8,1.2,1.2,2.8,-0.6390020000000001,-1.8683379999999996,1.2293359999999995,-0.6390020000000001,-1.8683379999999996,0.9888899999999999,1.0767517999999998,1.7604243999999998,2.869316,301830.0,3.1421575585521646
2024-04-27,Everton,Brentford,1.0,0.0,1.21399,0.956356,2,1,10,4,1.2,2.2,1.4,1.0,11.0,14.8,3.6,4.8,4.8,6.0,-1.2000000000000002,2.4,2.0,0.3999999999999999,H,48.24515854224569,-3.8000000000000007,-1.1999999999999997,0.3333333333333333,0.45833333333333337,3,7,0.4,0.4,0.2,1.4,0.8,2.4,2.4,-0.6976566,1.0342374,-1.731894,-0.6976566,1.0342374,1.7181634000000003,1.7045678,1.264373,1.6042618000000002,-37030.0,0.9136386958346938
2024-04-27,Aston Villa,Chelsea,2.0,2.0,0.612257,1.56401,5,2,10,6,2.2,2.8,1.6,2.4,11.0,17.6,3.4,7.4,6.6,7.2,-0.6000000000000005,1.8,2.0,-0.19999999999999996,D,86.07902818622256,-6.600000000000001,-4.0,0.6470588235294118,0.37837837837837834,6,4,0.2,0.8,0.0,2.4,2.0,1.6,2.2,-0.7427501999999999,0.6705677999999993,-1.4133179999999992,-0.7427501999999999,0.6705677999999993,1.9588379999999996,1.4752058,1.928914,2.2342152,-300350.0,0.7026237623762376
2024-04-28,Bournemouth,Brighton,3.0,0.0,2.48132,1.35682,1,5,11,5,1.2,0.4,1.4,2.0,14.8,14.0,4.8,4.4,6.8,5.2,1.5999999999999996,2.2,1.8,0.40000000000000013,H,23.27060634557597,0.8000000000000007,0.39999999999999947,0.25,0.09090909090909091,4,3,0.6666666666666666,0.3333333333333333,0.0,2.2,1.6,1.4,1.2,0.5305949999999997,-1.6007998000000003,2.1313948,0.5305949999999997,-1.6007998000000003,2.371632,1.412035,1.4685237999999998,1.4898485999999997,-122650.0,0.766113653699466
2024-04-28,Tottenham,Arsenal,2.0,3.0,2.60458,1.51469,-4,-5,12,13,1.2,2.4,2.0,0.4,14.4,20.4,4.4,6.8,5.6,4.0,1.5999999999999996,3.0,2.0,1.0,A,-151.4084790983634,-5.999999999999998,-2.3999999999999995,0.2727272727272727,0.35294117647058826,15,5,0.6,0.2,0.2,2.2,1.2,3.2,0.0,-0.22639119999999968,1.7803658000000002,-2.006757,-0.22639119999999968,1.7803658000000002,2.090894,2.2034124000000004,1.1900537999999998,0.4699274,-361500.0,0.69875
2024-04-28,Nott'm Forest,Man City,0.0,2.0,2.17312,0.932063,-15,-8,8,13,1.4,3.4,1.8,0.8,13.4,20.4,5.4,7.8,4.6,6.8,-2.2,1.6,0.6,1.0,A,-382.7550061563807,-6.999999999999998,-2.3999999999999995,0.25925925925925924,0.4358974358974359,7,3,0.6666666666666666,0.0,0.3333333333333333,1.6,1.0,2.6,0.8,0.4379514,1.8668224,-1.428871,0.4379514,1.8668224,1.6268336,1.8891959999999997,1.0486996,1.2226582,-958650.0,0.3433904109589041
2024-05-02,Chelsea,Tottenham,2.0,0.0,2.22432,1.27064,-4,1,10,5,2.8,1.6,2.4,2.0,15.2,14.4,5.8,3.8,5.6,6.2,-0.6000000000000005,2.6,2.8,-0.19999999999999973,H,-3.22971901937467,0.7999999999999989,2.0,0.48275862068965514,0.4210526315789474,5,4,0.4,0.4,0.2,3.4,2.2,1.4,2.0,0.3884763999999996,0.056926800000000055,0.33154959999999956,0.3884763999999996,0.056926800000000055,3.092132,1.4907294,1.589477,2.316458,171500.0,1.2045319022063208
2024-05-03,Luton,Everton,1.0,1.0,0.950391,1.22959,-5,-9,4,2,1.0,1.2,3.0,1.2,8.6,12.6,4.2,3.2,3.4,5.4,-2.0000000000000004,0.6,2.0,-1.4,D,-125.04194442963944,-4.0,1.0,0.23809523809523808,0.37499999999999994,6,6,0.0,1.0,0.0,1.4,2.4,0.6,2.4,-1.5729244000000002,-0.45577979999999974,-1.1171446000000005,-1.5729244000000002,-0.45577979999999974,1.3323642000000002,1.191617,2.4050556,2.3938200000000003,-250850.0,0.35966815571155075
2024-05-04,Man City,Wolves,5.0,1.0,4.52542,0.396887,9,11,13,5,3.8,1.0,0.8,1.6,20.2,11.6,8.6,4.6,6.4,3.6,2.8000000000000003,0.6,3.6,-3.0,H,321.8285469831053,8.6,4.0,0.4418604651162791,0.2173913043478261,6,7,0.6,0.4,0.0,2.6,0.6,1.0,1.8,1.4768734000000001,-0.4987299999999999,1.9756034,1.4768734000000001,-0.4987299999999999,2.9837939999999996,1.2826178,0.633034,1.820718,1017270.0,3.297720958597791
2024-05-04,Sheffield United,Nott'm Forest,1.0,3.0,2.48986,1.93818,-3,-3,2,1,1.2,1.2,3.4,2.0,12.4,13.8,5.6,4.8,6.6,4.6,2.0,1.4,1.4,0.0,A,-130.6101604152202,-1.4000000000000004,0.7999999999999998,0.2142857142857143,0.25,7,6,1.0,0.0,0.0,1.2,4.0,0.8,2.2,-0.5798402,0.7094268000000001,-1.2892670000000002,-0.5798402,0.7094268000000001,1.2593276000000002,1.6171568,1.9752278,1.3939846,-349000.0,0.3038795252817393
2024-05-04,Arsenal,Bournemouth,3.0,0.0,3.91372,0.4687,8,5,12,7,2.6,1.6,0.8,1.4,19.6,15.6,6.6,4.8,4.6,6.6,-2.0,2.0,2.0,0.0,H,239.48171622669335,4.000000000000002,1.7999999999999998,0.393939393939394,0.33333333333333337,6,6,0.3333333333333333,0.6666666666666666,0.0,2.6,0.8,1.4,1.4,1.3920362,0.5284347999999996,0.8636014000000003,1.3920362,0.5284347999999996,2.1359000000000004,1.7176935999999998,0.7550346,1.6809927999999998,798250.0,2.9869321717485997
2024-05-04,Brentford,Fulham,0.0,0.0,0.809379,1.45579,-2,4,6,7,2.0,1.0,1.0,1.6,10.6,14.2,4.6,4.8,4.4,6.2,-1.7999999999999998,2.0,1.2,0.8,D,-22.132102912624305,-3.5999999999999996,-0.20000000000000018,0.4347826086956522,0.20833333333333334,7,7,0.6666666666666666,0.3333333333333333,0.0,1.2,1.4,1.8,1.8,0.5476495999999997,0.21341279999999974,0.3342368,0.5476495999999997,0.21341279999999974,1.7694518000000001,1.967952,1.6579846,1.68875,44430.0,1.1155977624560947
2024-05-04,Burnley,Newcastle,1.0,4.0,1.28632,4.25643,-12,-4,5,6,1.4,2.2,1.0,0.8,12.4,15.0,5.2,5.0,4.6,6.4,-1.8000000000000007,1.0,1.0,0.0,A,-201.76695384055256,-2.5999999999999996,0.20000000000000018,0.2692307692307692,0.44000000000000006,7,7,0.6666666666666666,0.3333333333333333,0.0,0.8,2.0,1.4,2.2,0.008932200000000057,0.7866759999999999,-0.7777437999999999,0.008932200000000057,0.7866759999999999,1.5231046000000001,0.6057186,1.358559,1.5231518,-378770.0,0.4192870831736297
2024-05-05,Brighton,Aston Villa,1.0,0.0,2.63566,0.0644055,-10,-6,7,10,0.2,2.2,2.2,2.0,14.8,10.6,4.0,3.2,4.8,6.0,-1.2000000000000002,1.6,1.8,-0.19999999999999996,H,-100.30081620630062,4.200000000000001,0.7999999999999998,0.05,0.6875,7,8,0.6,0.4,0.0,1.2,1.8,1.8,1.6,-1.2712458,-0.8571788,-0.41406699999999996,-1.2712458,-0.8571788,1.0229526,1.3371165999999999,1.4570152,2.1892880000000003,-185250.0,0.7389558232931727
2024-05-05,Chelsea,West Ham,5.0,0.0,4.21838,0.893899,1,3,13,6,2.4,1.4,1.8,2.2,12.8,10.4,4.8,4.2,4.0,5.2,-1.2000000000000002,2.0,1.2,0.8,H,91.46529520200625,2.4000000000000004,0.5999999999999996,0.5,0.3333333333333333,3,8,0.8,0.0,0.2,3.4,1.4,2.0,2.6,0.19648839999999979,-1.3198590000000001,1.5163474,0.19648839999999979,-1.3198590000000001,3.0650619999999997,1.236154,1.345613,3.02026,522500.0,2.071794871794872
2024-05-05,Liverpool,Tottenham,4.0,2.0,3.26222,1.17205,2,1,10,4,1.4,1.2,1.6,2.2,22.8,14.8,7.0,3.6,9.4,7.4,2.0,1.6,2.6,-1.0,H,138.6730164903895,8.0,3.4,0.19999999999999998,0.3333333333333333,8,3,0.4,0.2,0.4,2.0,1.0,1.0,2.0,1.2402472000000002,-0.5463748000000002,1.7866220000000004,1.2402472000000002,-0.5463748000000002,2.946424,1.5603832,1.123672,2.10956,117150.0,1.1397137745974955
2024-05-06,Crystal Palace,Man United,4.0,0.0,2.0656,0.341417,-7,4,10,5,2.2,2.4,1.4,2.2,13.4,17.6,5.4,7.0,4.6,5.2,-0.6000000000000005,2.0,1.2,0.8,H,-52.59433369219119,-4.200000000000001,-1.5999999999999996,0.40740740740740744,0.34285714285714286,9,9,0.6,0.2,0.2,2.6,1.4,1.8,2.2,0.24657600000000013,-0.5844262000000002,0.8310022000000004,0.24657600000000013,-0.5844262000000002,2.4633960000000004,1.5645318,1.0643583199999997,2.648922,-361770.0,0.5524587121915012
2024-05-11,West Ham,Luton,3.0,1.0,3.71009,0.640456,9,0,4,0,1.2,1.2,3.0,2.8,10.8,11.2,3.8,5.0,4.6,4.8,-0.20000000000000018,1.6,0.6,1.0,H,133.5521777723477,-0.3999999999999986,-1.2000000000000002,0.3157894736842105,0.24,6,8,0.0,1.0,0.0,1.2,1.6,1.2,3.0,-1.9999432,-1.4584125999999995,-0.5415306000000004,-1.9999432,-1.4584125999999995,1.383939,1.0405598,1.8187848000000002,2.517132,346600.0,3.459900638750887
2024-05-11,Nott'm Forest,Chelsea,2.0,3.0,2.44569,2.41068,-10,-6,5,4,1.2,3.0,2.0,1.4,13.6,16.6,4.8,7.0,4.6,4.4,0.1999999999999993,1.6,1.8,-0.19999999999999996,A,-177.97517873984907,-3.0000000000000018,-2.2,0.25,0.42857142857142855,7,6,0.0,0.3333333333333333,0.6666666666666666,1.2,1.4,1.4,2.4,0.41846079999999963,1.1055567999999996,-0.6870959999999999,0.41846079999999963,1.1055567999999996,1.5275736000000002,1.5341117999999998,1.131109,2.2127634,-508650.0,0.4963861386138614
2024-05-11,Wolves,Crystal Palace,1.0,3.0,1.1561,2.51452,3,-9,6,5,1.0,2.6,2.2,0.6,9.2,15.6,3.4,6.6,2.8,5.4,-2.6000000000000005,3.4,2.0,1.4,A,-63.85547242182065,-6.4,-3.1999999999999997,0.29411764705882354,0.393939393939394,7,5,0.8,0.2,0.0,1.0,1.4,0.8,1.2,-1.4528526000000004,0.7452306,-2.1980832,-1.4528526000000004,0.7452306,1.043676,0.9071816,1.810426,1.8391984000000001,-3850.0,0.991378924268888
2024-05-11,Tottenham,Burnley,2.0,1.0,3.00238,0.950331,14,-2,9,6,1.4,1.4,2.8,1.6,14.4,13.2,4.0,5.0,7.0,4.0,3.0,2.6,1.4,1.2000000000000002,H,192.2232879627586,1.200000000000001,-1.0,0.35,0.27999999999999997,6,7,0.6666666666666666,0.3333333333333333,0.0,2.2,1.6,1.8,1.4,-0.9492208,-0.6082097999999998,-0.3410110000000002,-0.9492208,-0.6082097999999998,2.189954,1.530362,1.1944218,2.4081088,565020.0,3.0660377358490565
2024-05-11,Everton,Sheffield United,1.0,0.0,1.82411,0.465523,6,10,12,1,1.2,1.0,1.4,3.6,12.2,13.6,3.2,5.4,6.2,6.2,0.0,2.2,0.6,1.6,H,226.9919242210592,-1.4000000000000004,-2.2,0.37499999999999994,0.18518518518518517,8,7,0.0,0.0,1.0,1.4,0.6,1.2,3.2,-0.4625107999999998,-0.7136764,0.2511656000000002,-0.4625107999999998,-0.7136764,1.4717854000000001,1.3004432,1.3087072,2.796576,239400.0,2.5713816869051525
2024-05-11,Bournemouth,Brentford,1.0,2.0,1.07237,1.92722,5,-1,13,4,1.4,2.0,1.6,1.0,15.4,11.0,5.0,4.8,6.4,5.6,0.8000000000000007,2.6,2.0,0.6000000000000001,A,9.600910566533685,4.4,0.20000000000000018,0.27999999999999997,0.4166666666666667,7,7,0.3333333333333333,0.0,0.6666666666666666,2.4,1.2,2.0,1.8,-0.022834800000000044,0.5785156000000002,-0.6013504000000003,-0.022834800000000044,0.5785156000000002,2.082582,1.628473,1.3563838000000001,1.4333138,-27030.0,0.9369606791361538
2024-05-11,Fulham,Man City,0.0,4.0,0.0886245,3.15218,-13,-10,7,13,0.8,4.0,1.0,0.8,13.6,19.2,4.8,8.8,5.8,7.2,-1.4000000000000004,1.4,0.4,0.9999999999999999,A,-322.33849021637366,-5.6,-4.000000000000001,0.16666666666666669,0.45454545454545453,7,7,0.6666666666666666,0.3333333333333333,0.0,1.6,1.0,2.4,0.6,0.5233249999999998,1.7644580000000003,-1.2411330000000005,0.5233249999999998,1.7644580000000003,1.3831947999999998,1.6540385999999998,1.311212,1.4841339999999998,-1075650.0,0.26325342465753426
2024-05-11,Newcastle,Brighton,1.0,1.0,2.45163,1.91556,5,8,13,2,2.8,0.4,0.8,2.2,16.0,13.0,6.0,4.4,7.2,5.2,2.0,1.4,1.8,-0.40000000000000013,D,66.7324810166881,3.0,1.5999999999999996,0.4666666666666666,0.09090909090909091,7,6,0.6,0.0,0.4,3.4,1.0,0.4,1.8,1.1903479999999997,-0.9171431000000001,2.1074911,1.1903479999999997,-0.9171431000000001,3.175466,1.0123010000000001,1.1524737999999999,1.8688698,127850.0,1.2438024408848207
2024-05-12,Man United,Arsenal,0.0,1.0,0.551669,1.73104,-6,-6,8,13,1.8,2.6,2.2,0.8,15.2,20.6,6.4,7.0,5.2,4.4,0.7999999999999998,1.4,2.0,-0.6000000000000001,A,-200.4931320180649,-5.400000000000002,-0.5999999999999996,0.28125,0.37142857142857144,6,8,1.0,0.0,0.0,2.0,1.4,2.8,0.4,-0.5465388000000007,1.333707,-1.8802458000000006,-0.5465388000000007,1.333707,2.4503098,2.0652004,2.0991100000000005,0.9238148,-391650.0,0.673625
2024-05-13,Aston Villa,Liverpool,3.0,3.0,2.71655,1.89968,-1,1,8,8,2.0,1.8,1.4,1.6,9.4,22.2,2.8,8.2,6.0,8.8,-2.8000000000000007,1.6,1.4,0.20000000000000018,D,-77.42471369794657,-12.799999999999999,-5.3999999999999995,0.7142857142857143,0.21951219512195125,8,8,0.4,0.4,0.2,2.0,2.0,1.6,1.4,-0.8333077000000002,0.9342689999999996,-1.7675766999999998,-0.8333077000000002,0.9342689999999996,1.3835674,2.189228,1.790578,1.061992,-246000.0,0.7425835818552817
2024-05-14,Tottenham,Man City,0.0,2.0,1.84285,2.70331,-3,-12,12,13,1.2,4.0,2.8,0.4,15.2,18.8,4.4,9.0,6.4,6.8,-0.39999999999999947,2.8,0.2,2.5999999999999996,A,-246.22927809656156,-3.6000000000000014,-4.6,0.2727272727272727,0.4444444444444444,3,3,0.6,0.2,0.2,2.4,1.4,3.0,0.6,-0.462523,2.2233511000000004,-2.6858741000000004,-0.462523,2.2233511000000004,2.470894,1.9252026,1.029306,1.3166810999999998,-621500.0,0.5743150684931507
2024-05-15,Brighton,Chelsea,1.0,2.0,1.32423,1.544,-3,-5,7,6,0.6,2.4,1.8,1.8,14.0,16.2,4.8,6.0,4.4,4.8,-0.39999999999999947,2.4,2.2,0.19999999999999973,A,-98.48915181267898,-2.1999999999999993,-1.2000000000000002,0.125,0.39999999999999997,4,4,0.4,0.2,0.4,0.6,1.6,1.8,2.6,-0.2770239000000003,0.6679507999999998,-0.9449747000000002,-0.2770239000000003,0.6679507999999998,1.1649026,1.6504418,1.4216689,2.1464754,-485600.0,0.5192079207920792
2024-05-15,Man United,Newcastle,3.0,2.0,1.49706,2.27657,-1,-5,8,6,1.4,2.8,2.0,1.0,16.2,17.2,5.8,6.4,4.8,8.2,-3.3999999999999995,0.4,1.6,-1.2000000000000002,H,5.9075356670664405,-1.0,-0.6000000000000005,0.24137931034482757,0.43749999999999994,3,4,0.6,0.0,0.4,1.8,1.2,1.6,2.0,-0.05840079999999981,1.2284507999999998,-1.2868515999999997,-0.05840079999999981,1.2284507999999998,2.1685716,1.3547296000000002,2.2176180000000003,1.5868008,156100.0,1.2393254120352626
2024-05-19,Brighton,Man United,0.0,2.0,1.9717,1.00404,-2,-3,6,2,0.6,1.6,2.0,2.0,12.4,18.0,3.6,7.0,4.2,6.2,-2.0,2.4,1.0,1.4,A,-93.8167218709366,-5.6,-3.4,0.16666666666666666,0.2285714285714286,4,4,0.6,0.4,0.0,0.6,1.8,1.4,2.8,-0.12842690000000045,-0.04181279999999998,-0.08661410000000047,-0.12842690000000045,-0.04181279999999998,1.0989886,0.9148691999999998,1.6731379,2.747574,-283950.0,0.64872889218779
2024-05-19,Man City,West Ham,3.0,1.0,2.31504,0.240159,8,11,13,6,3.4,1.4,0.2,3.0,13.8,13.4,7.4,4.6,5.2,5.2,0.0,0.6,1.4,-0.7999999999999999,H,317.27496298131746,0.40000000000000036,2.8000000000000007,0.45945945945945943,0.30434782608695654,5,8,0.4,0.4,0.2,3.4,0.8,2.0,3.2,1.6289080999999999,-1.2576004,2.8865084999999997,1.6289080999999999,-1.2576004,3.3813459999999997,1.3109305999999998,0.6116516000000001,3.330052,972500.0,2.994871794871795
2024-05-19,Luton,Fulham,2.0,4.0,2.06743,1.11598,-3,-4,5,5,1.0,0.8,3.2,1.6,8.2,11.0,3.4,4.2,4.6,3.2,1.3999999999999995,1.2,1.4,-0.19999999999999996,A,-134.5427832436285,-2.8000000000000007,-0.8000000000000003,0.29411764705882354,0.19047619047619047,8,8,1.0,0.0,0.0,1.4,2.2,1.4,1.6,-2.2100738,-0.020274899999999763,-2.1897989000000004,-2.2100738,-0.020274899999999763,1.2079744000000001,2.03141,1.9330275999999997,1.4585538,-243450.0,0.3665929491349031
2024-05-19,Liverpool,Wolves,2.0,0.0,5.65937,0.731254,12,5,10,2,2.4,0.8,2.0,2.4,20.8,9.6,8.4,4.0,7.4,4.2,3.2,1.4,3.4,-2.0,H,247.2630325172272,11.200000000000001,4.4,0.2857142857142857,0.2,6,8,0.6,0.4,0.0,2.0,1.2,0.8,2.6,0.5876589999999999,-1.6634246000000001,2.2510836000000003,0.5876589999999999,-1.6634246000000001,2.858264,1.0068132,1.1667796,2.406266,512920.0,2.1585390644410816
2024-05-19,Crystal Palace,Aston Villa,5.0,0.0,2.23189,0.598846,-10,5,10,7,3.0,2.0,0.8,1.4,16.6,11.0,6.2,3.2,5.8,4.8,1.0,2.2,1.4,0.8000000000000003,H,-52.43164122734106,5.600000000000001,3.0,0.48387096774193544,0.625,8,6,0.6,0.2,0.2,2.8,1.4,1.4,1.6,1.2001506000000002,-0.6184717,1.8186223000000001,1.2001506000000002,-0.6184717,2.393292,1.0354037,1.1174374,2.432828,-263070.0,0.6292961318960051
2024-05-19,Brentford,Newcastle,2.0,4.0,1.70157,3.65044,-8,3,7,6,1.8,2.4,0.6,1.6,11.6,17.8,5.2,7.0,6.6,6.8,-0.20000000000000018,2.0,2.2,-0.20000000000000018,A,-110.54499683560653,-6.200000000000001,-1.7999999999999998,0.34615384615384615,0.34285714285714286,8,4,0.4,0.4,0.2,1.0,0.6,1.8,1.8,0.6980236,0.9022119999999998,-0.20418839999999983,0.6980236,0.9022119999999998,1.5922916,1.7665689999999998,1.3312386,1.3675408,-223470.0,0.6573859716366424
2024-05-19,Burnley,Nott'm Forest,1.0,2.0,1.08222,1.57962,-2,1,5,4,1.6,1.4,1.8,2.0,13.4,15.0,5.4,4.4,3.6,5.2,-1.6,2.2,1.4,0.8000000000000003,A,-64.16092069678712,-1.5999999999999996,1.0,0.2962962962962963,0.3181818181818181,8,8,0.0,0.0,1.0,1.0,1.8,1.0,1.6,-0.9560488000000003,0.3491747999999999,-1.3052236000000002,-0.9560488000000003,0.3491747999999999,1.71334,1.5536548,1.7686950000000004,1.1942346000000001,-227870.0,0.5454871846015757
2024-05-19,Sheffield United,Tottenham,0.0,3.0,0.697312,3.19675,-15,-3,2,1,1.0,1.2,3.4,2.4,14.6,15.0,5.2,5.0,6.2,7.2,-1.0,0.8,2.6,-1.8,A,-289.6427940824776,-0.40000000000000036,0.20000000000000018,0.1923076923076923,0.24,8,5,1.0,0.0,0.0,1.4,3.6,0.6,2.8,-0.9341513999999995,-0.1524741999999999,-0.7816771999999996,-0.9341513999999995,-0.1524741999999999,1.6400568,1.3440312,1.6917658,2.5154699999999997,-686150.0,0.18169350029815146
2024-05-19,Arsenal,Everton,2.0,1.0,3.2117,0.664904,10,2,12,2,2.8,1.4,0.4,0.2,19.2,13.2,7.2,4.0,5.0,5.2,-0.20000000000000018,1.8,1.6,0.19999999999999996,H,257.66421320686663,6.0,3.2,0.38888888888888884,0.35,7,8,0.8,0.2,0.0,2.4,0.6,0.6,2.4,1.3773850000000003,0.23981059999999998,1.1375744000000003,1.3773850000000003,0.23981059999999998,2.399972,1.380204,0.8053000000000001,2.2531382,808250.0,3.063178047223995
2024-05-19,Chelsea,Bournemouth,2.0,1.0,1.59771,2.002,6,7,13,6,2.8,1.2,1.0,1.6,17.4,14.0,7.0,4.8,5.6,5.6,0.0,2.2,2.2,0.0,H,135.0653587158224,3.3999999999999986,2.2,0.39999999999999997,0.25,4,8,0.3333333333333333,0.3333333333333333,0.3333333333333333,3.8,1.0,1.0,1.6,1.0829348,-0.3662947999999999,1.4492296,1.0829348,-0.3662947999999999,3.5521079999999996,1.3952376,1.4107058000000001,1.9868868,608250.0,2.5140012445550717
2024-08-16,Man United,Fulham,1.0,0.0,2.04268,0.418711,0,2,8,8,1.2,1.2,1.6,2.0,15.2,10.4,5.2,3.6,5.4,3.4,2.0000000000000004,1.6,1.8,-0.19999999999999996,H,118.14439493752252,4.799999999999999,1.6,0.23076923076923075,0.3333333333333333,89,89,0.25,0.75,0.0,2.0,1.6,2.0,1.6,-0.6969328000000001,-0.6427769000000001,-0.054155900000000035,-0.6969328000000001,-0.6427769000000001,1.8876636000000002,1.6662959999999998,2.308652,1.6128618,462650.0,2.2768041948392437
2024-08-17,West Ham,Aston Villa,1.0,2.0,2.8047,2.6703,0,-1,6,4,1.6,1.6,3.2,2.4,11.0,10.4,4.2,3.2,4.0,4.4,-0.40000000000000036,1.4,2.0,-0.6000000000000001,A,-124.60138484002276,0.5999999999999996,1.0,0.38095238095238093,0.5,90,90,0.3333333333333333,0.3333333333333333,0.3333333333333333,1.4,1.4,0.8,2.2,-1.2403646000000002,-0.7528843000000003,-0.48748029999999987,-1.2403646000000002,-0.7528843000000003,1.7511290000000002,0.7380009000000001,1.7706140000000001,2.392582,-279850.0,0.5887884799059584
2024-08-17,Newcastle,Southampton,1.0,0.0,0.433489,1.95483,0,9,11,1,3.2,1.8,1.6,3.2,18.8,9.6,8.0,4.0,6.4,3.8,2.6000000000000005,2.4,2.2,0.19999999999999973,H,251.84809863970625,9.200000000000001,4.0,0.4,0.45,90,447,0.25,0.5,0.25,3.0,1.2,1.6,2.8,1.46905,-1.3910453999999999,2.8600953999999996,1.46905,-1.3910453999999999,2.9988020000000004,1.364137,1.4340319999999998,2.4083460000000003,367480.0,2.1852281890017737
2024-08-17,Nott'm Forest,Bournemouth,1.0,1.0,1.24405,1.90915,0,0,5,3,1.4,1.2,1.8,1.4,13.8,15.6,3.8,4.6,3.8,5.8,-2.0,1.0,2.2,-1.2000000000000002,D,-47.41251752300809,-1.799999999999999,-0.7999999999999998,0.3684210526315789,0.2608695652173913,90,90,0.0,0.5,0.5,1.6,1.8,0.8,2.0,0.38754279999999985,-0.17048479999999988,0.5580275999999997,0.38754279999999985,-0.17048479999999988,1.8224183999999997,1.5084056,1.348727,1.9855068000000002,-37300.0,0.9280755881218665
2024-08-17,Arsenal,Wolves,2.0,0.0,1.6283,0.575835,0,12,12,2,2.8,0.8,0.6,2.4,19.6,9.4,6.4,4.0,6.2,4.4,1.7999999999999998,2.2,3.0,-0.7999999999999998,H,316.5186153895268,10.200000000000001,2.4000000000000004,0.43749999999999994,0.2,90,90,0.5,0.5,0.0,2.4,0.6,0.8,2.4,1.5872894000000004,-2.3495929999999996,3.9368824,1.5872894000000004,-2.3495929999999996,2.723574,1.0515102,0.791633,2.8711499999999996,726950.0,2.6786745179540468
2024-08-17,Ipswich,Liverpool,0.0,2.0,0.342601,3.92906,0,-8,0,6,0.0,2.2,0.0,1.8,0.0,25.2,0.0,9.8,0.0,8.6,-8.6,0.0,1.6,-1.6,A,-274.02597549285315,-25.2,-9.8,0.0,0.22448979591836735,7,90,0.0,0.0,0.0,0.0,0.0,2.0,2.0,0.0,1.5361622000000001,-1.5361622000000001,0.0,1.5361622000000001,0.0,2.304646,0.0,1.4110087999999998,-680850.0,0.2840317577159682
2024-08-17,Everton,Brighton,0.0,3.0,0.405325,1.79083,0,6,15,3,1.2,0.6,0.6,1.6,12.8,14.4,3.6,3.6,4.2,4.8,-0.5999999999999996,1.6,2.2,-0.6000000000000001,A,-20.476371885529037,-1.5999999999999996,0.0,0.3333333333333333,0.16666666666666666,90,90,0.0,0.6666666666666666,0.3333333333333333,1.4,0.0,0.6,1.4,-0.1263631999999999,0.33171490000000015,-0.45807810000000004,-0.1263631999999999,0.33171490000000015,1.2124574,1.1650170000000002,0.9659158,2.0839878,-304350.0,0.5440995835705084
2024-08-18,Brentford,Crystal Palace,2.0,1.0,1.38064,1.14757,0,-6,6,8,1.8,3.0,1.4,0.4,11.8,16.0,5.2,6.6,6.6,5.4,1.1999999999999993,2.2,1.8,0.40000000000000013,H,-38.23766972538351,-4.199999999999999,-1.3999999999999995,0.34615384615384615,0.4545454545454546,91,91,0.16666666666666666,0.0,0.8333333333333334,1.0,1.0,1.2,0.8,0.2570071999999999,1.0521314,-0.7951242000000001,0.2570071999999999,1.0521314,1.4379656,1.3545082,1.6308666000000003,1.5379184000000001,-99000.0,0.8120907279111702
2024-08-18,Chelsea,Man City,0.0,2.0,1.06123,1.18038,0,0,15,15,2.8,3.2,0.8,0.4,16.4,16.6,7.2,8.6,6.0,6.6,-0.5999999999999996,1.6,0.6,1.0,A,-214.8437618218072,-0.20000000000000284,-1.3999999999999995,0.38888888888888884,0.372093023255814,91,91,0.3333333333333333,0.3333333333333333,0.3333333333333333,3.8,0.8,3.2,0.4,0.8117262000000003,1.7772745000000003,-0.9655483,0.8117262000000003,1.7772745000000003,2.978364,2.1912865999999998,1.3902618,1.2342671,-170000.0,0.875
2024-08-19,Leicester,Tottenham,1.0,1.0,1.02614,1.40775,0,-1,7,4,1.4,1.4,2.2,1.8,10.2,15.8,4.8,6.4,3.4,6.8,-3.4,2.0,2.2,-0.20000000000000018,D,-125.26294572768644,-5.600000000000001,-1.6000000000000005,0.2916666666666667,0.21874999999999997,449,92,0.75,0.25,0.0,1.2,1.6,1.2,2.2,-0.18785576000000037,0.12943539999999998,-0.31729116000000035,-0.18785576000000037,0.12943539999999998,1.8567482000000002,1.5542532000000002,1.7095804000000001,2.1604644,-523950.0,0.32593593207255883
2024-08-24,Aston Villa,Arsenal,0.0,2.0,1.31664,1.41399,-3,-10,9,13,1.4,2.2,2.4,0.6,10.6,17.8,3.0,5.6,3.4,7.0,-3.6,2.2,2.2,0.0,A,-175.77005102206635,-7.200000000000001,-2.5999999999999996,0.4666666666666666,0.3928571428571429,7,7,0.5,0.5,0.0,2.6,1.8,1.8,0.4,-0.8947163000000005,1.4267524000000003,-2.3214687000000005,-0.8947163000000005,1.4267524000000003,1.6803434,1.9168204000000002,1.7197519999999997,0.9938737999999999,-479450.0,0.5866810344827587
2024-08-24,Southampton,Nott'm Forest,0.0,1.0,0.214952,2.86475,-7,-6,1,7,1.6,1.6,2.8,1.6,12.6,15.0,4.2,4.8,5.8,3.4,2.4,2.2,0.8,1.4000000000000001,A,-119.18221118333554,-2.4000000000000004,-0.5999999999999996,0.38095238095238093,0.33333333333333337,7,7,0.5,0.5,0.0,1.0,2.6,1.4,1.6,-0.4832981999999997,0.11133739999999959,-0.5946355999999993,-0.4832981999999997,0.11133739999999959,0.6275145999999999,1.7321719999999998,2.0371808000000002,1.3037750000000001,-171250.0,0.6441928111365053
2024-08-24,Man City,Ipswich,4.0,1.0,3.07818,0.479999,13,15,13,0,3.2,0.0,0.4,2.0,16.6,7.0,8.6,2.0,6.2,2.0,4.2,0.8,3.0,-2.2,H,393.527416263084,9.600000000000001,6.6,0.372093023255814,0.0,6,7,0.0,0.0,0.0,3.4,0.8,0.0,0.0,2.0493159,-3.586459,5.6357748999999995,2.0493159,-3.586459,3.316008,0.0,0.6289306,0.0,1089900.0,5.0351721584598295
2024-08-24,Tottenham,Everton,4.0,0.0,2.61143,0.648869,7,0,9,2,1.6,0.8,1.6,1.2,15.0,11.4,7.2,2.6,7.6,3.6,3.9999999999999996,2.2,1.8,0.40000000000000013,H,99.419707813046,3.5999999999999996,4.6,0.22222222222222224,0.3076923076923077,5,7,0.5,0.0,0.5,1.8,1.6,0.8,2.4,0.3964933999999998,-0.40737619999999986,0.8038695999999996,0.3964933999999998,-0.40737619999999986,2.306964,1.1489048,1.5143906,2.3151582,414070.0,2.1399664124659306
2024-08-24,Crystal Palace,West Ham,0.0,2.0,1.3761,1.53421,-1,6,12,3,2.8,1.4,0.8,2.6,14.8,13.0,6.4,4.6,5.4,5.0,0.40000000000000036,2.2,1.2,1.0000000000000002,A,5.445664828193003,1.8000000000000007,1.8000000000000007,0.43749999999999994,0.30434782608695654,6,7,0.3333333333333333,0.3333333333333333,0.3333333333333333,3.6,1.2,1.6,3.6,0.8284533999999997,-0.7388565999999999,1.5673099999999995,0.8284533999999997,-0.7388565999999999,2.189464,0.9230664,1.0201446,3.16891,126150.0,1.3148240578986774
2024-08-24,Brighton,Man United,2.0,1.0,2.14153,1.28556,4,-2,3,5,1.2,1.2,1.0,1.4,13.8,12.6,4.4,4.2,5.4,5.6,-0.1999999999999993,2.0,1.8,0.19999999999999996,H,-48.95768268443021,1.200000000000001,0.20000000000000018,0.2727272727272727,0.2857142857142857,7,8,0.5,0.5,0.0,0.4,2.2,1.6,2.2,0.8337159000000001,-0.605351,1.4390669,0.8337159000000001,-0.605351,1.386425,1.0849244,1.7365391000000003,2.613568,-157420.0,0.8091878787878788
2024-08-24,Fulham,Leicester,2.0,1.0,1.96218,0.857005,-1,0,4,2,1.0,1.2,1.6,2.0,10.0,8.6,3.0,4.2,4.8,3.4,1.4,1.8,1.4,0.40000000000000013,H,70.53785420520967,1.4000000000000004,-1.2000000000000002,0.3333333333333333,0.2857142857142857,8,5,0.5,0.5,0.0,1.0,1.8,1.2,2.2,-0.9304507000000002,-0.27185376000000017,-0.65859694,-0.9304507000000002,-0.27185376000000017,1.1257116999999999,1.4442772400000001,1.711252,1.888366,109000.0,1.4302348529701994
2024-08-25,Bournemouth,Newcastle,1.0,1.0,2.53513,1.89287,-4,-6,10,9,1.2,2.4,1.6,1.4,14.0,15.4,4.2,6.8,4.6,6.2,-1.6000000000000005,2.6,2.8,-0.19999999999999973,D,-98.955009234709,-1.4000000000000004,-2.5999999999999996,0.2857142857142857,0.35294117647058826,8,8,0.25,0.0,0.75,1.8,1.0,2.2,1.6,-0.4211959999999997,0.9426437999999999,-1.3638397999999996,-0.4211959999999997,0.9426437999999999,1.7282500000000003,2.3829700000000003,1.1829898,1.3512248,-158930.0,0.7654273611500598
2024-08-25,Wolves,Chelsea,2.0,6.0,2.4181,2.02935,1,-9,3,8,0.8,2.4,2.6,1.2,8.2,15.2,3.8,6.8,3.2,6.0,-2.8,2.6,1.8,0.8,A,-174.66841870774738,-7.0,-3.0,0.2105263157894737,0.35294117647058826,8,7,0.5,0.16666666666666666,0.3333333333333333,0.8,1.8,1.8,2.4,-2.1763548,0.5971601999999998,-2.7735149999999997,-2.1763548,0.5971601999999998,1.0157180000000001,1.5287818000000002,1.72502,1.9166813999999999,-756950.0,0.3639075630252101
2024-08-25,Liverpool,Brentford,2.0,0.0,2.71877,0.457239,2,4,12,7,2.6,1.2,1.4,1.4,24.2,9.4,9.4,4.4,8.0,5.6,2.4000000000000004,1.2,2.0,-0.8,H,234.2171680294316,14.799999999999999,5.0,0.2765957446808511,0.2727272727272727,8,7,0.6666666666666666,0.16666666666666666,0.16666666666666666,2.2,1.0,2.2,1.6,2.2573660000000006,-0.35299900000000006,2.6103650000000007,2.2573660000000006,-0.35299900000000006,3.539154000000001,1.8672691999999997,1.0384524,1.3290498,523100.0,2.222624751665303
2024-08-31,West Ham,Man City,1.0,3.0,0.947201,3.19297,-8,-9,5,15,1.4,3.0,2.2,0.4,14.4,15.4,3.6,7.2,4.6,7.0,-2.4000000000000004,1.4,1.2,0.19999999999999996,A,-330.33047166338383,-1.0,-3.6,0.38888888888888884,0.41666666666666663,7,7,0.5,0.3333333333333333,0.16666666666666666,1.4,1.6,2.8,0.0,-0.40744360000000035,1.7432454999999996,-2.1506891,-0.40744360000000035,1.7432454999999996,2.046411,1.9746006,2.1224192,1.1475691,-959300.0,0.29463235294117646
2024-08-31,Arsenal,Brighton,1.0,1.0,2.41798,1.81748,-1,8,12,6,2.0,1.4,0.2,1.2,17.8,13.6,5.8,3.8,6.0,4.8,1.2000000000000002,2.6,1.8,0.8,D,228.040642919862,4.200000000000001,2.0,0.3448275862068966,0.3684210526315789,7,7,0.16666666666666666,0.6666666666666666,0.16666666666666666,2.4,0.6,1.0,1.0,1.6642004,0.49065899999999996,1.1735414,1.6642004,0.49065899999999996,2.8204659999999997,1.4353390000000001,0.8483836,1.5227548,492420.0,1.737619461337967
2024-08-31,Brentford,Southampton,3.0,1.0,3.86281,1.64713,3,6,8,1,1.2,1.0,1.6,2.2,9.0,9.8,4.0,3.4,5.2,4.4,0.7999999999999998,2.2,2.8,-0.5999999999999996,H,177.3110098513032,-0.8000000000000007,0.6000000000000001,0.3,0.29411764705882354,6,7,0.75,0.25,0.0,1.2,1.0,1.6,2.8,-0.7537783999999998,-1.2927978,0.5390194000000001,-0.7537783999999998,-1.2927978,1.0811195999999998,1.6914508000000001,1.6624676,2.2143178,117800.0,1.379938719561361
2024-08-31,Everton,Bournemouth,2.0,3.0,2.55629,2.95688,-6,2,12,4,0.6,0.8,2.0,1.8,9.8,14.2,2.6,3.8,3.4,4.6,-1.1999999999999997,1.6,2.6,-1.0,A,-37.70896394908914,-4.399999999999999,-1.1999999999999997,0.23076923076923075,0.2105263157894737,7,6,1.0,0.0,0.0,1.2,0.6,0.8,1.8,-0.8514151999999998,-0.5176440000000002,-0.3337711999999996,-0.8514151999999998,-0.5176440000000002,1.1615536,1.7670139999999996,1.2546838,1.9733608,-155370.0,0.7004049363671423
2024-08-31,Ipswich,Fulham,1.0,1.0,0.707048,1.18883,-6,-7,0,7,0.5,1.2,3.0,1.6,4.0,11.8,1.5,3.8,1.5,5.2,-3.7,3.0,2.2,0.7999999999999998,D,-56.70750713440975,-7.800000000000001,-2.3,0.3333333333333333,0.3157894736842105,7,7,0.0,0.0,0.0,0.0,2.0,1.4,1.2,-3.09232,-0.7774777000000002,-2.3148422999999996,-3.09232,-0.7774777000000002,0.342601,1.5295302,3.92906,1.6637498000000002,-92250.0,0.7454118945770664
2024-08-31,Leicester,Aston Villa,1.0,2.0,0.774741,2.16385,-1,1,8,6,0.8,1.0,1.4,2.4,7.0,11.0,3.2,2.8,3.0,3.8,-0.7999999999999998,1.2,1.8,-0.6000000000000001,A,-194.4637178666958,-4.0,0.40000000000000036,0.25,0.35714285714285715,7,7,0.25,0.5,0.25,1.4,1.6,1.0,2.2,-0.7274687599999999,-0.7238357,-0.0036330599999999658,-0.7274687599999999,-0.7238357,1.9155832000000004,1.0898060999999999,1.6063383999999998,2.687864,-427200.0,0.37227242671368743
2024-08-31,Nott'm Forest,Wolves,1.0,1.0,1.41069,0.937632,9,10,5,2,1.8,0.8,1.2,3.6,16.8,8.0,6.0,3.6,4.6,3.4,1.1999999999999997,1.4,2.4,-1.0,D,-0.0426060801553376,8.8,2.4,0.3,0.22222222222222224,7,6,0.25,0.0,0.75,1.6,1.8,0.8,2.4,0.3930855999999996,-2.2157568000000003,2.6088424,0.3930855999999996,-2.2157568000000003,1.9142979999999998,0.8342132,1.5503626000000001,2.940268,48250.0,1.1114190047338643
2024-09-01,Man United,Liverpool,0.0,3.0,1.50087,2.10397,-9,-4,10,8,1.4,2.6,1.0,1.0,13.4,22.4,4.6,9.4,5.8,8.2,-2.3999999999999995,2.0,1.2,0.8,A,-157.63636760238774,-8.999999999999998,-4.800000000000001,0.30434782608695654,0.2765957446808511,8,7,0.5,0.16666666666666666,0.3333333333333333,1.8,1.2,2.0,1.6,-0.4317084,2.4098812,-2.8415896,-0.4317084,2.4098812,2.1332978000000002,2.203544,1.5054801999999998,1.3166271999999999,-125950.0,0.8675534991324465
2024-09-01,Newcastle,Tottenham,2.0,1.0,1.58694,1.63304,-1,-2,11,4,1.8,2.0,1.4,0.8,13.6,15.4,5.6,7.4,5.8,9.4,-3.6000000000000005,2.8,1.4,1.4,H,37.28705268526255,-1.8000000000000007,-1.8000000000000007,0.32142857142857145,0.27027027027027023,7,8,0.6666666666666666,0.3333333333333333,0.0,2.4,0.6,1.2,2.2,0.2201698000000003,1.2070396000000003,-0.9868698,0.2201698000000003,1.2070396000000003,2.3236558,1.5569572,1.6260812000000002,2.0716583999999996,-99770.0,0.8716454393413097
2024-09-01,Chelsea,Crystal Palace,1.0,1.0,2.97743,0.459708,6,3,12,7,2.6,2.6,1.6,1.0,13.0,14.8,5.6,6.0,5.4,4.2,1.2000000000000002,2.2,2.0,0.20000000000000018,D,97.90825035551576,-1.8000000000000007,-0.40000000000000036,0.46428571428571436,0.43333333333333335,7,8,0.5,0.5,0.0,3.0,0.6,1.2,1.0,-0.145486,0.8648933999999997,-1.0103793999999997,-0.145486,0.8648933999999997,2.4945139999999997,1.4038277999999997,1.3129658,1.6571159999999998,663150.0,2.2587074119768435
2024-09-14,Southampton,Man United,0.0,3.0,1.35593,3.02693,-5,-8,1,4,1.2,1.4,2.4,1.4,12.4,12.2,4.4,4.8,5.8,6.0,-0.20000000000000018,2.6,2.8,-0.19999999999999973,A,-266.7149946174343,0.20000000000000107,-0.39999999999999947,0.2727272727272727,0.2916666666666667,14,13,0.0,0.25,0.75,0.8,2.0,1.6,2.4,-1.5116936,-0.3164541999999999,-1.1952394000000002,-1.5116936,-0.3164541999999999,0.5719448,1.1441234,1.9981328,2.4089,-514950.0,0.37581818181818183
2024-09-14,Brighton,Ipswich,0.0,0.0,1.75696,0.721323,14,6,6,0,1.4,0.6666666666666666,1.2,2.3333333333333335,15.0,6.333333333333333,3.8,2.3333333333333335,5.4,3.6666666666666665,1.7333333333333338,1.4,2.6666666666666665,-1.2666666666666666,D,95.12721067773624,8.666666666666668,1.4666666666666663,0.3684210526315789,0.2857142857142857,14,14,0.0,0.0,0.0,0.8,1.8,1.0,4.0,0.477773,-2.222140666666667,2.699913666666667,0.477773,-2.222140666666667,1.7290281999999997,0.479999,1.1606151,3.07818,397480.0,2.471603109959274
2024-09-14,Crystal Palace,Leicester,2.0,2.0,2.88716,1.65187,-1,2,12,2,2.0,1.0,1.2,1.2,13.0,8.0,4.6,3.0,4.0,2.4,1.6,2.2,1.6,0.6000000000000001,D,89.88209753965793,5.0,1.5999999999999996,0.4347826086956522,0.3333333333333333,13,14,0.5,0.0,0.5,3.2,0.8,1.2,2.2,0.01651239999999987,-0.7566197600000002,0.7731321600000001,0.01651239999999987,-0.7566197600000002,2.16574,1.57588644,0.8742245999999998,1.89386,273500.0,2.079534241168344
2024-09-14,Fulham,West Ham,1.0,1.0,2.88601,0.682719,1,1,4,6,1.4,1.6,1.8,1.8,10.6,13.8,4.0,3.6,5.2,4.0,1.2000000000000002,2.6,1.4,1.2000000000000002,D,-7.253093223067026,-3.200000000000001,0.3999999999999999,0.35,0.4444444444444445,14,14,0.5,0.5,0.0,0.8,2.0,1.4,2.8,-0.8104035,-0.19170120000000024,-0.6187022999999998,-0.8104035,-0.19170120000000024,1.0236797000000002,1.0309916000000001,1.4535250000000002,2.6822860000000004,-38350.0,0.9042924881457449
2024-09-14,Liverpool,Nott'm Forest,0.0,1.0,1.17044,0.589532,8,5,12,9,2.4,1.4,0.6,1.2,19.6,17.0,7.4,6.2,7.0,5.4,1.5999999999999996,1.2,1.8,-0.6000000000000001,A,230.45913584161983,2.6000000000000014,1.2000000000000002,0.3243243243243243,0.2258064516129032,13,14,0.75,0.25,0.0,2.2,0.8,1.4,1.4,2.1124672,0.5980331999999999,1.5144340000000003,2.1124672,0.5980331999999999,3.4406100000000004,1.914586,1.0420562,1.176009,469650.0,1.9757947226262207
2024-09-14,Man City,Brentford,2.0,1.0,1.55279,1.05094,6,6,15,7,2.8,1.8,0.6,1.8,16.8,11.6,7.0,4.8,7.8,4.2,3.5999999999999996,1.6,2.4,-0.7999999999999998,H,346.7431804493615,5.200000000000001,2.2,0.39999999999999997,0.375,14,14,0.5,0.5,0.0,4.2,1.0,2.0,1.6,1.5796882,-0.18136019999999986,1.7610484,1.5796882,-0.18136019999999986,3.6876260000000003,1.708471,0.62265,1.3332518,932150.0,3.1786841182657475
2024-09-14,Aston Villa,Everton,3.0,2.0,3.15876,0.852158,11,4,6,2,1.4,0.8,2.4,2.4,12.6,11.4,3.6,3.6,4.0,3.6,0.3999999999999999,2.6,1.4,1.2000000000000002,H,168.21708863344065,1.1999999999999993,0.0,0.38888888888888884,0.22222222222222224,14,14,0.5,0.3333333333333333,0.16666666666666666,2.2,2.2,0.6,2.8,0.06823699999999988,-0.9873729999999998,1.0556099999999997,0.06823699999999988,-0.9873729999999998,1.6871294,1.0919226,1.670086,2.5589082000000003,317320.0,1.8736062549899513
2024-09-14,Bournemouth,Chelsea,0.0,1.0,1.53731,0.932726,3,-5,8,10,1.4,2.2,1.6,1.4,16.2,13.2,4.8,6.0,5.2,5.0,0.20000000000000018,2.2,2.4,-0.19999999999999973,A,-135.53549085610962,3.0,-1.2000000000000002,0.2916666666666667,0.3666666666666667,14,13,0.5,0.25,0.25,1.6,1.0,2.6,2.4,0.2514780000000003,0.3650604000000002,-0.11358239999999986,0.2514780000000003,0.3650604000000002,1.95674,1.8302939999999999,1.3748077999999997,2.0517714,-671400.0,0.4357983193277311
2024-09-15,Tottenham,Arsenal,0.0,1.0,0.792595,1.1209,-7,-6,9,15,1.8,1.6,1.0,0.4,15.2,15.0,6.8,5.4,10.0,5.4,4.6,1.6,2.8,-1.1999999999999997,A,-222.1665921074664,0.1999999999999993,1.3999999999999995,0.2647058823529412,0.2962962962962963,14,15,0.5,0.3333333333333333,0.16666666666666666,2.2,1.4,2.2,0.4,0.8058498000000001,1.0952963999999998,-0.2894465999999998,0.8058498000000001,1.0952963999999998,2.336204,2.0973379999999997,1.5636839999999999,1.0131838,-382700.0,0.6700862068965517
2024-09-15,Wolves,Newcastle,1.0,2.0,1.46969,1.48343,-10,-9,3,7,0.8,2.0,2.8,1.4,9.8,11.8,4.0,4.8,4.0,5.6,-1.5999999999999996,2.4,3.0,-0.6000000000000001,A,-173.78961806624125,-2.0,-0.7999999999999998,0.2,0.4166666666666667,15,14,0.6666666666666666,0.0,0.3333333333333333,1.0,2.6,2.2,1.8,-1.4846618000000005,0.10373580000000016,-1.5883976000000006,-1.4846618000000005,0.10373580000000016,1.1426560000000001,2.5255199999999998,1.902624,1.691338,-244480.0,0.6391598895989845
2024-09-21,Crystal Palace,Man United,0.0,0.0,1.66928,2.35056,-6,-4,10,7,1.8,1.4,1.4,1.0,14.4,12.8,4.8,5.2,4.4,5.6,-1.1999999999999993,1.8,3.0,-1.2,D,-58.90308876487802,1.5999999999999996,-0.40000000000000036,0.375,0.2692307692307692,7,7,0.6666666666666666,0.16666666666666666,0.16666666666666666,2.6,0.8,1.6,1.6,-0.008113600000000165,0.17364780000000013,-0.1817614000000003,-0.008113600000000165,0.17364780000000013,1.9994720000000001,1.4361374,0.9355266,1.98399,-298150.0,0.6386060606060606
2024-09-21,Tottenham,Brentford,3.0,1.0,3.89481,0.893565,-3,1,6,6,1.8,1.6,0.8,2.0,16.2,11.0,6.8,4.8,10.0,3.2,6.8,2.0,2.2,-0.20000000000000018,H,91.55660749077651,5.199999999999999,2.0,0.2647058823529412,0.33333333333333337,6,7,0.3333333333333333,0.16666666666666666,0.5,1.6,1.4,1.6,1.4,0.9122808,-0.4527001999999998,1.3649809999999998,0.9122808,-0.4527001999999998,2.170767,1.6345309999999997,1.38762,1.4111438,349450.0,1.8167582096529158
2024-09-21,Southampton,Ipswich,1.0,1.0,2.89813,1.645,-2,-1,1,1,1.0,0.5,2.4,1.75,12.6,6.25,5.0,2.0,5.2,3.25,1.9500000000000002,1.8,2.75,-0.95,D,-120.14556556165644,6.35,3.0,0.2,0.25,7,7,0.0,0.0,0.0,0.8,2.2,0.5,2.0,-1.5357894,-1.92551475,0.38972534999999997,-1.5357894,-1.92551475,0.7074410000000001,0.600661,2.4309068,2.41757,39950.0,1.1479081821547574
2024-09-21,Liverpool,Bournemouth,3.0,0.0,2.43731,1.46979,8,7,9,7,1.8,1.2,0.2,1.4,19.6,17.4,7.0,5.4,7.6,5.8,1.7999999999999998,1.8,3.0,-1.2,H,226.50299580493584,2.200000000000003,1.5999999999999996,0.2571428571428572,0.2222222222222222,7,7,0.75,0.25,0.0,1.6,0.8,1.2,1.6,2.3920228000000003,0.5433648,1.8486580000000004,2.3920228000000003,0.5433648,3.171154,1.9479680000000001,1.015773,1.9592448,432350.0,1.83368684920941
2024-09-21,West Ham,Chelsea,0.0,3.0,0.758267,2.39727,-5,-6,4,13,1.2,2.0,1.8,1.2,11.2,12.6,2.6,5.4,3.0,4.4,-1.4000000000000004,1.8,3.6,-1.8,A,-144.8641958488072,-1.4000000000000004,-2.8000000000000003,0.4615384615384615,0.37037037037037035,7,7,0.8333333333333334,0.0,0.16666666666666666,1.4,2.0,2.8,1.4,-1.2462862000000003,0.2001896000000003,-1.4464758000000006,-1.2462862000000003,0.2001896000000003,1.9418172000000002,1.6961532000000001,2.4821672,1.6675174,-789300.0,0.33672268907563024
2024-09-21,Fulham,Newcastle,3.0,1.0,3.21141,1.09768,-7,-5,5,10,1.6,2.0,1.2,1.0,14.6,10.4,4.8,4.4,5.6,5.2,0.39999999999999947,2.8,3.0,-0.20000000000000018,H,-72.5405308479169,4.199999999999999,0.39999999999999947,0.33333333333333337,0.45454545454545453,7,6,0.5,0.5,0.0,1.0,2.0,2.6,1.6,0.24296580000000034,-0.04941820000000008,0.2923840000000004,0.24296580000000034,-0.04941820000000008,1.4339689000000002,2.711948,1.3540448,1.697954,-315180.0,0.5348102667040574
2024-09-21,Aston Villa,Wolves,3.0,1.0,2.37351,0.520117,12,8,8,2,1.4,0.8,2.2,2.6,12.2,9.6,4.2,3.6,4.2,3.2,1.0,2.6,2.4,0.20000000000000018,H,202.8067340652165,2.5999999999999996,0.6000000000000001,0.3333333333333333,0.22222222222222224,7,6,0.5,0.16666666666666666,0.3333333333333333,2.2,2.0,0.8,2.4,0.3661833999999997,-1.2157258,1.5819091999999997,0.3661833999999997,-1.2157258,2.0862154,0.8196975999999999,1.5563896,2.9972440000000002,247500.0,1.571527537235885
2024-09-21,Leicester,Everton,1.0,1.0,1.33793,1.82377,3,5,5,1,1.4,1.0,1.6,3.0,9.6,9.6,3.6,2.8,2.6,3.4,-0.7999999999999998,2.2,2.0,0.20000000000000018,D,-28.46285191414813,0.0,0.8000000000000003,0.38888888888888884,0.35714285714285715,7,7,0.0,0.5,0.5,1.2,1.8,0.8,3.2,-0.6102812,-1.7204108000000002,1.1101296000000003,-0.6102812,-1.7204108000000002,1.5366734000000002,0.9226862,1.9198564,2.6606422,-109880.0,0.697491947251053
2024-09-22,Brighton,Nott'm Forest,2.0,2.0,1.56836,1.36923,2,-3,7,12,1.2,1.2,0.8,0.6,16.8,14.0,4.6,6.0,6.4,4.8,1.6000000000000005,1.8,2.2,-0.40000000000000013,D,59.75896116863692,2.8000000000000007,-1.4000000000000004,0.2608695652173913,0.19999999999999998,8,8,0.5,0.25,0.25,0.8,1.0,1.4,0.8,0.7288543999999999,0.4748496,0.2540047999999999,0.7288543999999999,0.4748496,1.9660160000000002,1.6322484,0.9238657000000001,1.086141,186280.0,1.3870351132349885
2024-09-22,Man City,Arsenal,2.0,2.0,2.75588,1.28411,3,2,15,15,2.8,1.6,0.8,0.4,18.8,14.2,7.4,5.2,9.4,5.2,4.2,1.6,3.0,-1.4,D,53.6683738232116,4.600000000000001,2.2,0.37837837837837834,0.3076923076923077,8,7,0.5,0.3333333333333333,0.16666666666666666,3.8,1.0,1.8,0.4,1.5079662,0.9250832,0.582883,1.5079662,0.9250832,3.2227760000000005,1.4884819999999999,0.595552,1.0859999999999999,200000.0,1.1724137931034482
2024-09-28,Nott'm Forest,Fulham,0.0,1.0,0.614351,1.43592,1,1,3,8,1.2,1.4,0.8,1.0,12.4,16.0,5.4,5.6,4.4,6.0,-1.5999999999999996,3.0,3.2,-0.20000000000000018,A,-69.35746958691948,-3.5999999999999996,-0.1999999999999993,0.2222222222222222,0.25,6,7,0.75,0.25,0.0,1.2,1.8,1.4,0.8,0.3355436000000003,0.8560018000000005,-0.5204582000000002,0.3355436000000003,0.8560018000000005,1.807198,1.5586882,1.5292810000000001,1.4159213999999998,118950.0,1.3282737684559127
2024-09-28,Wolves,Liverpool,1.0,2.0,0.748925,2.11724,-17,-11,3,8,1.0,2.0,2.8,0.2,10.8,16.2,3.8,6.8,3.8,6.2,-2.4000000000000004,3.4,1.8,1.5999999999999999,A,-292.4812701273959,-5.399999999999999,-3.0,0.2631578947368421,0.29411764705882354,7,7,0.6666666666666666,0.3333333333333333,0.0,1.2,2.6,2.0,1.4,-0.6007812000000001,1.5999036000000004,-2.2006848000000003,-0.6007812000000001,1.5999036000000004,1.4036908,2.419448,1.866952,1.4490312,-517900.0,0.45538671854461327
2024-09-28,Everton,Crystal Palace,2.0,1.0,1.10959,1.12358,-3,-2,9,8,1.0,0.8,2.8,1.4,11.8,13.2,3.4,3.8,3.4,4.8,-1.4,1.8,2.2,-0.40000000000000013,H,-25.196481581847134,-1.3999999999999986,-0.3999999999999999,0.29411764705882354,0.2105263157894737,7,7,0.5,0.16666666666666666,0.3333333333333333,1.2,1.2,1.4,1.0,-1.1138836,-0.4709783999999999,-0.6429052000000002,-1.1138836,-0.4709783999999999,1.578165,1.4608916,1.6082278000000003,1.9906640000000002,-163620.0,0.6894372212204612
2024-09-28,Newcastle,Man City,1.0,1.0,1.34344,1.26516,-5,-3,13,15,1.4,2.6,1.2,1.0,11.0,19.8,3.8,7.2,5.2,8.8,-3.6000000000000005,2.2,2.2,0.0,D,-226.12311552274127,-8.8,-3.4000000000000004,0.3684210526315789,0.3611111111111111,7,6,0.5,0.3333333333333333,0.16666666666666666,2.6,0.6,2.6,0.2,-0.8619382,1.3873439999999997,-2.2492821999999997,-0.8619382,1.3873439999999997,2.1110258,2.2321806,1.6130212,1.2226051,-682470.0,0.49818382352941176
2024-09-28,Brentford,West Ham,1.0,1.0,0.370222,0.878617,2,2,10,4,1.4,1.0,1.8,1.8,10.2,13.6,5.0,3.6,3.4,3.8,-0.3999999999999999,1.6,2.6,-1.0,D,-13.210178115474491,-3.4000000000000004,1.4,0.27999999999999997,0.2777777777777778,7,7,0.6666666666666666,0.3333333333333333,0.0,1.8,1.2,1.2,2.8,-0.6631752,-1.1591106,0.4959354,-0.6631752,-1.1591106,1.7690218000000002,0.9392693999999999,1.7470856000000001,2.902806,27150.0,1.0677564262540553
2024-09-28,Arsenal,Leicester,4.0,2.0,6.05305,0.337909,12,8,13,3,1.6,1.2,0.6,1.6,10.0,9.4,4.8,3.2,4.0,3.2,0.7999999999999998,3.0,2.2,0.7999999999999998,H,363.5333623698916,0.5999999999999996,1.5999999999999996,0.33333333333333337,0.37499999999999994,6,7,0.5,0.5,0.0,2.6,0.4,1.4,2.0,0.12136999999999998,-0.9194047999999997,1.0407747999999997,0.12136999999999998,-0.9194047999999997,2.926056,1.5208764399999999,1.0260698,2.149888,906650.0,4.578646141701204
2024-09-28,Chelsea,Brighton,4.0,2.0,3.65839,1.20712,1,1,10,6,2.2,1.6,1.0,0.8,11.8,16.2,5.2,4.6,4.2,6.8,-2.5999999999999996,3.6,2.2,1.4,H,124.73655804688678,-4.399999999999999,0.6000000000000005,0.4230769230769231,0.3478260869565218,7,6,0.3333333333333333,0.3333333333333333,0.3333333333333333,2.0,0.8,1.2,1.2,0.6088482,0.5751484,0.033699799999999946,0.6088482,0.5751484,2.415814,1.554027,1.1613254,1.9216910000000003,522420.0,1.7825578956829145
2024-09-29,Ipswich,Aston Villa,2.0,2.0,1.84608,1.14494,-13,-9,1,9,0.6,2.0,1.6,1.4,7.6,12.4,2.8,4.6,4.6,4.6,0.0,3.0,2.4,0.6000000000000001,D,-177.59906516308865,-4.800000000000001,-1.7999999999999998,0.2142857142857143,0.4347826086956522,8,8,0.0,0.0,0.0,0.5,1.5,1.2,1.6,-1.7910377999999998,1.0634708000000002,-2.8545086,-1.7910377999999998,1.0634708000000002,0.5248245,1.2852901,2.558945,2.0674042,-410450.0,0.39688487252957166
2024-09-29,Man United,Tottenham,0.0,3.0,0.600721,5.4072,-1,0,7,4,1.0,1.8,1.0,1.0,13.6,17.2,5.6,7.0,6.8,10.6,-3.8,2.6,2.6,0.0,A,-26.643393591079985,-3.5999999999999996,-1.4000000000000004,0.17857142857142858,0.2571428571428572,8,8,0.5,0.16666666666666666,0.3333333333333333,1.0,1.4,1.4,1.8,0.5034357999999999,1.0126422000000002,-0.5092064000000003,0.5034357999999999,1.0126422000000002,1.7308498,1.7360460000000004,1.6852402000000002,1.7593864,47700.0,1.061366267850251
2024-09-30,Bournemouth,Southampton,3.0,1.0,1.44215,0.696068,6,4,5,0,1.0,0.4,1.6,1.8,16.8,11.8,5.6,3.6,6.6,5.2,1.3999999999999995,3.2,2.6,0.6000000000000001,H,184.30691163281563,5.0,1.9999999999999996,0.17857142857142858,0.11111111111111112,9,9,0.0,1.0,0.0,1.4,1.2,1.2,2.8,0.2690028000000002,-0.7524013999999997,1.0214041999999999,0.2690028000000002,-0.7524013999999997,2.0022640000000003,1.7347508,1.5264752,2.5076618,208550.0,1.6726334462183519
2024-10-05,Everton,Newcastle,0.0,0.0,0.692214,1.79048,-9,-4,9,7,1.4,1.4,2.4,1.4,11.6,12.6,3.6,4.4,4.2,5.6,-1.3999999999999995,2.0,2.6,-0.6000000000000001,D,-115.53485973228068,-1.0,-0.8000000000000003,0.38888888888888884,0.3181818181818181,7,7,0.6666666666666666,0.16666666666666666,0.16666666666666666,1.2,1.4,2.0,2.0,-0.8395806000000003,-0.5420140000000002,-0.2975666000000001,-0.8395806000000003,-0.5420140000000002,1.4218610000000003,2.080198,1.4586338,2.082972,-314300.0,0.5361091021799773
2024-10-05,West Ham,Ipswich,4.0,1.0,4.39402,1.18463,2,1,4,2,1.0,1.0,1.6,1.6,14.6,9.2,3.6,3.4,4.2,6.2,-2.0,3.0,3.2,-0.20000000000000018,H,73.92377880487038,5.4,0.20000000000000018,0.2777777777777778,0.29411764705882354,7,6,0.0,0.0,0.0,1.4,2.2,0.6666666666666666,1.6666666666666667,-1.0843116000000002,-0.9335180000000001,-0.15079360000000008,-1.0843116000000002,-0.9335180000000001,1.8028566000000001,0.9487739999999999,2.2387951999999998,2.577756666666667,130600.0,1.4835246205109218
2024-10-05,Man City,Fulham,3.0,2.0,1.36684,2.75846,5,0,13,8,2.4,1.6,1.2,0.8,20.8,16.8,7.4,5.6,9.4,5.4,4.0,2.8,3.4,-0.6000000000000001,H,304.22405504679114,4.0,1.8000000000000007,0.3243243243243243,0.28571428571428575,7,7,0.5,0.5,0.0,3.2,1.2,1.2,0.8,1.347858,1.3451093999999997,0.002748600000000323,1.347858,1.3451093999999997,2.845462,1.1230461999999999,0.6904189999999999,1.2481776,997650.0,3.7532772181592384
2024-10-05,Leicester,Bournemouth,1.0,0.0,0.912063,1.94963,-5,-5,5,4,1.4,1.4,2.2,1.6,9.0,17.0,3.2,6.0,2.8,6.8,-4.0,2.8,3.0,-0.20000000000000018,H,-32.92359661293904,-8.0,-2.8,0.43749999999999994,0.2333333333333333,7,5,0.5,0.5,0.0,1.0,1.6,1.0,2.2,-1.986111,0.2851991999999999,-2.2713102,-1.986111,0.2851991999999999,1.1392874000000002,1.7613040000000002,1.6273144,2.349816,-265250.0,0.488526802930968
2024-10-05,Brentford,Wolves,5.0,3.0,4.13513,0.696254,7,3,8,1,1.2,1.2,1.8,2.8,10.0,10.6,4.6,3.8,4.0,3.8,0.20000000000000018,1.8,3.4,-1.5999999999999999,H,82.26652477944208,-0.5999999999999996,0.7999999999999998,0.2608695652173913,0.3157894736842105,7,7,0.16666666666666666,0.6666666666666666,0.16666666666666666,1.6,1.4,0.6,2.6,-0.8114681999999998,-0.6639512000000001,-0.14751699999999968,-0.8114681999999998,-0.6639512000000001,1.6249242,0.632345,1.7559094000000002,3.1194580000000003,-5200.0,0.9879921487126198
2024-10-05,Arsenal,Southampton,3.0,1.0,3.25165,1.27313,16,10,13,0,2.0,0.6,1.0,2.2,13.6,9.8,6.8,3.4,5.8,3.6,2.1999999999999997,3.0,2.8,0.20000000000000018,H,480.3032283350672,3.799999999999999,3.4,0.29411764705882354,0.17647058823529413,7,5,0.5,0.0,0.5,2.4,0.8,1.2,2.8,1.0539052000000002,-1.205886,2.2597912000000004,1.0539052000000002,-1.205886,3.44495,1.6945294,0.7729656,2.0131778000000002,849950.0,3.7413320432188355
2024-10-05,Crystal Palace,Liverpool,0.0,1.0,0.609481,2.07332,-15,-9,8,11,0.8,2.0,1.4,0.4,13.8,14.6,3.6,7.0,5.0,6.2,-1.2000000000000002,1.4,2.2,-0.8000000000000003,A,-232.3344766033481,-0.7999999999999989,-3.4,0.22222222222222224,0.2857142857142857,7,7,0.16666666666666666,0.5,0.3333333333333333,2.2,0.8,2.4,1.2,-0.4215663999999999,1.1562747999999996,-1.5778411999999995,-0.4215663999999999,1.1562747999999996,2.0460059999999998,2.4685859999999997,1.2953806,1.2205942,-424100.0,0.5540249224459751
2024-10-06,Aston Villa,Man United,0.0,0.0,0.532809,0.448537,9,6,8,7,2.0,0.8,1.6,1.6,10.8,13.0,4.6,5.0,4.0,6.4,-2.4000000000000004,2.2,3.2,-1.0,D,58.302802416885015,-2.1999999999999993,-0.40000000000000036,0.4347826086956522,0.16,7,7,0.5,0.3333333333333333,0.16666666666666666,2.2,2.0,1.2,1.2,0.9501228000000002,-0.7826537999999996,1.7327765999999998,0.9501228000000002,-0.7826537999999996,2.0355434,1.6017014,1.249991,1.8408080000000002,-144450.0,0.8249090909090909
2024-10-06,Chelsea,Nott'm Forest,1.0,1.0,2.27752,1.66654,6,5,10,13,3.0,1.0,1.0,0.8,12.8,11.8,6.0,4.0,5.0,5.2,-0.20000000000000018,4.0,3.2,0.7999999999999998,D,171.42649241644108,1.0,2.0,0.5,0.25,8,8,0.0,0.5,0.5,2.4,1.2,1.8,0.8,1.1229322000000004,0.3042497999999998,0.8186824000000006,1.1229322000000004,0.3042497999999998,2.702628,1.6682624000000001,1.1486214000000001,1.3051663999999998,708700.0,2.472470392686474
2024-10-06,Brighton,Tottenham,3.0,2.0,1.97217,1.09279,-3,-3,5,7,1.4,2.2,1.6,0.8,17.2,19.0,4.6,7.6,6.2,8.6,-2.3999999999999995,2.4,3.0,-0.6000000000000001,H,-24.087159647199087,-1.8000000000000007,-3.0,0.30434782608695654,0.2894736842105263,8,7,0.5,0.5,0.0,1.0,1.4,2.0,1.4,-0.1922066,1.8976159999999997,-2.0898225999999998,-0.1922066,1.8976159999999997,1.7525559999999998,2.563358,1.1848306000000002,1.4346666000000001,-109720.0,0.8588447188987521
2024-10-19,Bournemouth,Arsenal,2.0,0.0,2.18419,0.740758,-10,-5,7,13,1.2,2.2,1.6,1.2,17.2,17.6,5.6,7.2,7.0,8.2,-1.1999999999999993,2.8,2.4,0.3999999999999999,H,-258.3541418851032,-0.40000000000000213,-1.6000000000000005,0.2142857142857143,0.3055555555555556,14,14,0.5,0.5,0.0,1.6,1.0,1.8,0.8,0.3642605999999997,1.4301392,-1.0658786000000002,0.3642605999999997,1.4301392,1.8136560000000004,1.412946,1.3611408,1.6042728,-641400.0,0.4470689655172414
2024-10-19,Newcastle,Brighton,0.0,1.0,1.93657,1.6779,-1,2,11,5,1.2,1.6,1.2,1.8,12.6,16.6,4.0,4.4,5.8,6.2,-0.40000000000000036,2.6,2.6,0.0,A,14.050622296231722,-4.000000000000002,-0.40000000000000036,0.3,0.36363636363636365,14,13,0.5,0.0,0.5,2.0,0.8,1.4,1.8,-0.19390879999999977,-0.18752460000000037,-0.006384199999999396,-0.19390879999999977,-0.18752460000000037,1.7500538000000003,1.6175620000000002,1.718534,2.282929,9950.0,1.0149045807244075
2024-10-19,Man United,Brentford,2.0,1.0,1.76555,0.892843,-2,-2,6,3,0.6,2.2,1.2,2.0,12.8,12.2,5.0,6.6,6.2,5.2,1.0,3.8,1.6,2.1999999999999997,H,95.6042666423125,0.6000000000000014,-1.5999999999999996,0.12,0.33333333333333337,13,14,0.6666666666666666,0.16666666666666666,0.16666666666666666,0.8,1.8,0.8,1.8,-0.6283141999999997,0.3286132000000004,-0.9569274000000001,-0.6283141999999997,0.3286132000000004,1.2386,1.057064,2.3874982,2.090546,397150.0,1.9282458805656189
2024-10-19,Southampton,Leicester,2.0,3.0,2.42776,2.83826,-4,-4,2,2,0.8,1.4,2.6,1.8,10.4,8.2,3.6,2.8,3.0,1.8,1.2,2.8,3.2,-0.40000000000000036,A,-154.30624604123432,2.200000000000001,0.8000000000000003,0.22222222222222224,0.5,14,14,0.5,0.25,0.25,1.0,2.2,1.6,2.6,-1.0716303999999999,-1.9725894,0.9009590000000001,-1.0716303999999999,-1.9725894,1.1916602,1.1712702400000001,2.5621959999999997,2.941208,56700.0,1.2238010657193605
2024-10-19,Fulham,Aston Villa,1.0,3.0,2.63074,1.43595,-2,-3,8,7,1.6,2.0,1.2,1.2,15.4,10.8,5.2,4.2,4.6,4.4,0.1999999999999993,3.2,2.2,1.0,A,-117.8557795895972,4.6,1.0,0.3076923076923077,0.47619047619047616,14,13,0.75,0.25,0.0,1.4,1.6,1.2,2.0,1.4023984,0.9864472000000004,0.41595119999999963,1.4023984,0.9864472000000004,1.9084809,1.3284683000000002,1.3686908,2.0586142,-318200.0,0.5324369994857101
2024-10-19,Tottenham,West Ham,4.0,1.0,1.44052,0.858803,4,1,9,5,1.8,1.4,1.4,1.8,19.0,15.6,6.8,5.6,7.6,4.6,3.0,3.4,2.8,0.6000000000000001,H,87.66538276531105,3.4000000000000004,1.2000000000000002,0.2647058823529412,0.25,13,14,0.5,0.16666666666666666,0.3333333333333333,1.8,1.0,1.0,2.0,1.3292277999999997,-0.47405560000000024,1.8032834,1.3292277999999997,-0.47405560000000024,2.4288130000000003,0.8459208,1.263395,2.2331504,376600.0,1.9398552533067133
2024-10-19,Ipswich,Everton,0.0,2.0,1.174,1.60804,-1,-1,2,2,1.0,1.4,1.6,1.6,10.8,11.2,3.6,3.8,7.0,3.2,3.8,2.8,2.2,0.5999999999999996,A,-74.00319899020883,-0.3999999999999986,-0.19999999999999973,0.2777777777777778,0.3684210526315789,14,14,0.0,0.0,0.0,1.0,1.6666666666666667,1.0,2.2,-1.0557598,-0.6667216000000002,-0.38903819999999967,-1.0557598,-0.6667216000000002,0.9652430000000001,1.0438582,2.08761,2.2540421999999998,-93130.0,0.7436059796822949
2024-10-20,Wolves,Man City,1.0,2.0,0.761217,1.36569,-17,-10,3,13,1.4,2.2,2.6,1.4,11.6,22.0,4.2,7.8,3.4,9.0,-5.6,3.6,2.8,0.8000000000000003,A,-425.6442352170464,-10.4,-3.5999999999999996,0.3333333333333333,0.2820512820512821,15,15,0.6666666666666666,0.3333333333333333,0.0,1.4,2.8,2.4,0.4,-1.4294764,0.5498978000000001,-1.9793742,-1.4294764,0.5498978000000001,1.4565849999999998,2.2988,1.809778,1.0566691000000001,-926950.0,0.3184191176470588
2024-10-20,Liverpool,Chelsea,2.0,1.0,2.22517,1.33904,4,1,12,15,1.8,2.0,0.4,0.8,14.0,14.4,6.2,6.0,6.0,6.2,-0.20000000000000018,2.2,4.6,-2.3999999999999995,H,106.5354615592264,-0.40000000000000036,0.20000000000000018,0.2903225806451613,0.3333333333333333,15,14,0.16666666666666666,0.0,0.8333333333333334,2.2,0.6,3.0,1.0,0.9967363999999999,1.3228782000000001,-0.32614180000000026,0.9967363999999999,1.3228782000000001,3.0496220000000003,1.8628052000000004,0.8839729999999999,1.6967193999999999,-239050.0,0.7991176470588235
2024-10-21,Nott'm Forest,Crystal Palace,1.0,0.0,1.88573,0.835001,6,3,2,5,1.0,0.8,1.0,1.2,10.4,12.8,4.2,4.2,3.8,5.0,-1.2000000000000002,3.0,2.0,1.0,H,12.897235049887058,-2.4000000000000004,0.0,0.23809523809523808,0.19047619047619047,15,16,0.25,0.0,0.75,0.8,1.6,1.4,1.4,-0.34790580000000015,-0.6827122000000003,0.33480640000000017,-0.34790580000000015,-0.6827122000000003,1.5775802,1.2598496000000001,1.5250890000000001,1.6035880000000002,-45550.0,0.9135427541045839
2024-10-25,Leicester,Nott'm Forest,1.0,3.0,0.832415,2.54488,-6,0,8,11,1.8,1.0,1.8,0.8,10.0,11.2,3.0,4.4,2.8,3.6,-0.8000000000000003,3.0,2.8,0.20000000000000018,A,-64.37863239644616,-1.1999999999999993,-1.4000000000000004,0.6,0.22727272727272727,6,4,1.0,0.0,0.0,1.2,1.0,1.4,0.8,-1.6126675999999998,-0.2323716,-1.3802959999999997,-1.6126675999999998,-0.2323716,1.2162008,1.6139343999999998,1.6630703999999998,1.2626984,-227950.0,0.526386868896738
2024-10-26,Man City,Southampton,1.0,0.0,3.16286,0.369989,17,10,13,0,2.0,1.0,1.4,2.6,21.8,9.6,7.6,3.8,10.4,3.4,7.0,2.6,3.6,-1.0,H,539.1357829400652,12.200000000000001,3.8,0.2631578947368421,0.2631578947368421,6,7,0.25,0.25,0.5,2.8,1.4,0.8,2.6,0.2216385999999999,-0.7105944,0.9322329999999999,0.2216385999999999,-0.7105944,2.213746,1.2869634,1.1627336,2.2808558000000003,1049950.0,4.386389292049669
2024-10-26,Brighton,Wolves,2.0,2.0,1.51347,1.11074,13,8,8,1,1.6,1.4,1.6,2.8,14.2,10.0,4.6,4.0,5.6,3.0,2.5999999999999996,2.6,3.6,-1.0,D,140.66109250257773,4.199999999999999,0.5999999999999996,0.3478260869565218,0.35,7,6,0.16666666666666666,0.6666666666666666,0.16666666666666666,1.4,1.4,1.0,2.6,-0.11915859999999978,-1.4557594000000005,1.3366008000000007,-0.11915859999999978,-1.4557594000000005,1.8821439999999998,0.6922184,1.0945886,3.0414000000000003,234530.0,1.541577185082554
2024-10-26,Everton,Fulham,1.0,1.0,0.884845,1.49531,-6,1,7,7,1.4,1.6,1.0,1.6,9.8,15.6,3.8,5.2,3.2,4.6,-1.3999999999999995,2.0,3.2,-1.2000000000000002,D,-20.29332673097701,-5.799999999999999,-1.4000000000000004,0.3684210526315789,0.3076923076923077,7,7,0.0,0.5,0.5,1.0,1.4,1.6,1.4,-0.4997956000000001,1.545,-2.0447956,-0.4997956000000001,1.545,1.3175058000000002,1.3835802000000001,1.6254586,1.3596698,880.0,1.002428591141162
2024-10-26,Aston Villa,Bournemouth,1.0,1.0,1.974,0.328651,7,5,8,4,2.2,1.0,1.2,1.2,11.6,16.4,4.2,5.0,5.8,7.6,-1.7999999999999998,1.8,2.8,-0.9999999999999998,D,119.48806308583676,-4.799999999999999,-0.7999999999999998,0.5238095238095238,0.2,7,7,0.75,0.0,0.25,1.8,1.6,1.0,1.8,0.4696674000000003,0.5728289999999998,-0.10316159999999952,0.4696674000000003,0.5728289999999998,2.0196538,2.05749,1.0268964,1.7494846,161950.0,1.3122830698033165
2024-10-26,Brentford,Ipswich,4.0,3.0,4.09663,1.65698,4,1,10,2,1.8,0.8,2.2,1.8,9.8,11.2,5.6,3.2,5.2,6.4,-1.2000000000000002,1.6,2.6,-1.0,H,87.76880876797713,-1.3999999999999986,2.3999999999999995,0.32142857142857145,0.25,7,7,0.0,0.0,0.0,2.6,2.0,0.75,2.25,-0.2890641999999999,-1.0462114000000002,0.7571472000000004,-0.2890641999999999,-1.0462114000000002,2.2900744,1.007738,1.6040022,3.0318225,157750.0,1.5840429470566457
2024-10-27,Chelsea,Newcastle,2.0,1.0,1.61794,1.74225,5,5,8,8,2.0,0.8,1.0,1.2,14.2,15.0,5.0,4.6,6.6,6.2,0.39999999999999947,4.4,2.2,2.2,H,80.50978529577196,-0.8000000000000007,0.40000000000000036,0.4,0.1739130434782609,7,8,0.6666666666666666,0.16666666666666666,0.16666666666666666,1.6,1.4,1.6,1.4,0.6421078000000005,-0.13295479999999982,0.7750626000000003,0.6421078000000005,-0.13295479999999982,2.314456,1.9829800000000002,1.3031495999999998,1.9220028,512470.0,1.7563797913007542
2024-10-27,Crystal Palace,Tottenham,1.0,0.0,0.978611,1.0192,-10,-7,5,7,0.6,2.4,1.2,1.2,15.0,19.4,5.0,7.0,5.2,7.8,-2.5999999999999996,2.2,2.8,-0.5999999999999996,H,-65.07838258486527,-4.399999999999999,-2.0,0.12,0.34285714285714286,6,8,0.6666666666666666,0.3333333333333333,0.0,1.4,1.0,2.0,1.2,-0.38931360000000015,1.4363511999999998,-1.8256648,-0.38931360000000015,1.4363511999999998,1.7547822000000004,2.547506,1.6417612,1.1766565999999998,-250450.0,0.6777949311720056
2024-10-27,West Ham,Man United,2.0,1.0,2.99312,2.62598,-3,-3,6,8,1.4,1.0,2.0,0.8,15.8,15.8,6.0,6.6,5.0,7.0,-2.0,2.8,3.4,-0.6000000000000001,H,-42.92062603144427,0.0,-0.5999999999999996,0.2333333333333333,0.15151515151515152,8,8,0.8333333333333334,0.16666666666666666,0.0,1.8,2.0,1.2,0.4,-0.14124519999999996,-0.33315280000000036,0.1919076000000004,-0.14124519999999996,-0.33315280000000036,2.5228555999999998,1.6231254,2.0171252,1.5342498,-424300.0,0.4856969696969697
2024-10-27,Arsenal,Liverpool,2.0,2.0,1.0883,1.35346,-3,-2,13,13,2.0,1.6,1.4,0.6,16.6,13.6,6.0,6.6,8.4,5.8,2.6000000000000005,2.0,2.8,-0.7999999999999998,D,22.05377063274,3.0000000000000018,-0.5999999999999996,0.3333333333333333,0.24242424242424246,8,7,0.5,0.16666666666666666,0.3333333333333333,2.4,1.0,2.2,0.8,1.0213527999999998,1.0533424,-0.03198960000000017,1.0213527999999998,1.0533424,3.312536,2.424654,0.9338516,1.1836853999999999,209050.0,1.2198327987801671
2024-11-02,Wolves,Crystal Palace,2.0,2.0,1.65018,2.64849,-2,-3,0,4,1.6,0.4,2.8,0.8,10.4,13.8,4.4,5.4,3.4,5.8,-2.4,3.6,3.0,0.6000000000000001,D,-73.17939033530388,-3.4000000000000004,-1.0,0.36363636363636365,0.07407407407407407,7,6,0.6666666666666666,0.3333333333333333,0.0,1.2,3.0,1.2,1.4,-1.5335574000000005,-0.6444893999999999,-0.8890680000000006,-1.5335574000000005,-0.6444893999999999,1.3108064,1.2160758,1.902046,1.701898,-93800.0,0.8219607098794723
2024-11-02,Newcastle,Arsenal,1.0,0.0,0.859715,0.911305,-9,-6,8,10,0.6,2.2,1.4,1.8,14.4,17.0,4.0,5.8,5.6,7.4,-1.8000000000000007,2.2,1.8,0.40000000000000013,H,-148.2573833753936,-2.5999999999999996,-1.7999999999999998,0.15,0.37931034482758624,6,6,0.6666666666666666,0.16666666666666666,0.16666666666666666,1.0,0.8,1.2,0.8,-0.11084080000000007,0.9026598000000001,-1.0135006000000002,-0.11084080000000007,0.9026598000000001,1.5504138,1.2581596000000002,1.6892980000000002,1.5201948,-482470.0,0.5840775862068965
2024-11-02,Bournemouth,Man City,2.0,1.0,2.4493,2.3527,-11,-4,7,13,1.2,1.8,1.2,1.2,14.8,22.6,4.2,7.8,7.8,10.4,-2.6000000000000005,2.8,2.2,0.5999999999999996,H,-271.82658241570425,-7.800000000000001,-3.5999999999999996,0.2857142857142857,0.23076923076923078,7,7,0.5,0.5,0.0,1.4,1.0,2.0,0.6,0.12284240000000013,0.6798427999999999,-0.5570003999999997,0.12284240000000013,0.6798427999999999,1.7542299999999997,1.9415019999999998,1.2379284,1.1911876000000001,-841400.0,0.38132352941176473
2024-11-02,Ipswich,Leicester,1.0,1.0,1.33617,2.33858,-3,-5,2,5,1.4,1.6,2.6,2.0,12.2,10.4,4.0,2.4,7.0,3.6,3.4,2.2,3.4,-1.1999999999999997,D,-28.834004149221077,1.799999999999999,1.6,0.35,0.6666666666666667,7,8,0.0,0.0,0.0,0.75,1.75,1.6,2.0,-1.3270140000000001,-1.7081026,0.3810885999999998,-1.3270140000000001,-1.7081026,1.01743225,1.1537902399999997,1.9677175,3.076208,16750.0,1.0661140714426682
2024-11-02,Liverpool,Brighton,2.0,1.0,1.81037,1.01568,4,5,12,8,2.0,2.0,0.8,2.0,12.6,13.8,6.4,4.6,5.0,5.6,-0.5999999999999996,2.4,2.4,0.0,H,198.3886513339244,-1.200000000000001,1.8000000000000007,0.3125,0.4347826086956522,6,7,0.3333333333333333,0.16666666666666666,0.5,1.8,0.4,1.6,1.2,0.9901928,-0.24573999999999985,1.2359327999999998,0.9901928,-0.24573999999999985,2.842212,1.681778,0.9173709999999999,2.173979,283370.0,1.4244734713442584
2024-11-02,Nott'm Forest,West Ham,3.0,0.0,2.35011,0.132317,7,1,5,5,1.4,1.6,1.0,2.0,14.2,16.0,4.8,6.0,4.6,5.8,-1.2000000000000002,2.4,3.2,-0.8000000000000003,H,21.65253788216592,-1.8000000000000007,-1.2000000000000002,0.2916666666666667,0.26666666666666666,8,6,1.0,0.0,0.0,1.0,1.2,1.2,1.8,0.22630299999999992,0.372841,-0.14653800000000006,0.22630299999999992,0.372841,1.5201022,0.8389016,1.5056766000000001,1.6775784000000002,80600.0,1.2011479910157226
2024-11-02,Southampton,Everton,1.0,0.0,0.540345,1.78581,-4,-8,2,4,1.0,1.2,2.2,0.6,9.4,10.6,3.4,4.4,3.6,3.6,0.0,4.0,1.4,2.6,H,-149.3454708595932,-1.1999999999999993,-1.0000000000000004,0.29411764705882354,0.2727272727272727,7,7,0.5,0.5,0.0,1.4,2.4,1.2,2.0,-0.9349686000000001,-0.16056820000000016,-0.7744004,-0.9349686000000001,-0.16056820000000016,1.6472824,1.1195482,2.8756779999999997,2.2987640000000003,-53180.0,0.8535913883765107
2024-11-03,Man United,Chelsea,1.0,1.0,2.1605,1.21071,-7,-5,9,12,0.6,2.2,1.2,1.2,15.4,15.6,5.6,5.8,6.6,7.4,-0.8000000000000007,2.8,4.0,-1.2000000000000002,D,-79.18994895047535,-0.1999999999999993,-0.20000000000000018,0.10714285714285715,0.37931034482758624,7,7,0.5,0.0,0.5,1.2,1.8,2.6,1.0,-0.7407807999999996,0.7381626000000001,-1.4789433999999997,-0.7407807999999996,0.7381626000000001,1.4813762,1.6484771999999999,2.2198588,1.6526153999999997,-365000.0,0.6932773109243697
2024-11-03,Tottenham,Aston Villa,4.0,1.0,2.09751,2.48749,-4,0,9,10,2.4,1.8,1.2,1.0,18.6,11.8,6.6,4.2,8.0,6.4,1.5999999999999996,2.6,3.0,-0.3999999999999999,H,-28.85122561864432,6.800000000000001,2.3999999999999995,0.36363636363636365,0.42857142857142855,7,8,0.3333333333333333,0.6666666666666666,0.0,2.2,1.0,1.8,2.0,1.5101299999999998,0.33741679999999996,1.1727131999999998,1.5101299999999998,0.33741679999999996,2.116441,1.6027771999999998,1.2450894000000001,2.0576301999999997,96750.0,1.1421644258320476
2024-11-04,Fulham,Brentford,2.0,1.0,1.43017,0.739231,-1,0,7,3,1.6,2.4,1.6,2.4,14.2,12.2,4.8,6.4,4.4,5.6,-1.1999999999999993,2.8,1.4,1.4,H,50.84900606771021,2.0,-1.6000000000000005,0.33333333333333337,0.37499999999999994,9,9,0.5,0.25,0.25,1.4,2.0,1.0,2.0,1.2264347999999998,0.29923580000000016,0.9271989999999997,1.2264347999999998,0.29923580000000016,2.1557929000000002,1.0443614,1.4451068,2.2008579999999998,-65500.0,0.8469089634217599
2024-11-09,Brentford,Bournemouth,3.0,2.0,1.56474,2.49234,-2,-3,13,5,2.4,1.6,2.2,0.8,12.0,13.4,5.6,4.2,5.4,6.6,-1.1999999999999993,1.4,2.4,-1.0,H,-19.99420191865852,-1.4000000000000004,1.3999999999999995,0.4285714285714286,0.38095238095238093,5,7,0.25,0.25,0.5,3.0,1.8,1.0,1.6,0.7612969999999999,0.3356663999999998,0.4256306000000001,0.7612969999999999,0.3356663999999998,2.7690864,1.7228202,1.2053102,1.8247426,-90750.0,0.8250096413420748
2024-11-09,Crystal Palace,Fulham,0.0,2.0,1.96037,2.25331,-7,-3,5,5,0.8,1.4,1.2,1.6,15.8,15.0,6.0,5.0,6.2,5.4,0.7999999999999998,2.8,2.0,0.7999999999999998,A,-66.13661785273985,0.8000000000000007,1.0,0.13333333333333333,0.27999999999999997,7,5,0.0,0.25,0.75,0.6,1.0,1.0,1.2,-0.30857139999999994,0.9418766000000001,-1.250448,-0.30857139999999994,0.9418766000000001,1.5041264,1.4594462,1.725832,1.1231528000000002,164500.0,1.4539809576376432
2024-11-09,West Ham,Everton,0.0,0.0,1.1237,0.865983,2,-1,6,4,1.6,1.0,2.0,0.6,13.8,10.6,5.0,4.4,5.8,4.6,1.2000000000000002,2.6,1.4,1.2000000000000002,D,24.52294473007373,3.200000000000001,0.5999999999999996,0.32,0.22727272727272727,7,7,0.5,0.5,0.0,1.6,2.0,1.0,1.8,0.2570830000000002,-0.008643200000000295,0.26572620000000047,0.2570830000000002,-0.008643200000000295,2.3794616,1.3437294,2.41423,1.7644929999999999,37470.0,1.1031577788178288
2024-11-09,Wolves,Southampton,2.0,0.0,0.912781,0.792655,-1,-1,1,0,1.8,1.0,2.6,2.0,10.6,9.0,4.8,3.2,3.0,3.8,-0.7999999999999998,2.6,4.0,-1.4,H,121.35054229927982,1.5999999999999996,1.5999999999999996,0.375,0.3125,7,7,0.5,0.5,0.0,1.4,2.8,0.6,2.2,-1.3625408,-1.4346876,0.07214679999999984,-1.3625408,-1.4346876,1.4096224,1.1882294,1.9288399999999999,2.4305917999999997,123000.0,1.3967102080309628
2024-11-09,Brighton,Man City,2.0,1.0,2.87116,2.60334,-7,-3,9,10,1.8,1.6,2.0,1.2,13.6,19.6,5.0,6.4,5.2,10.8,-5.6000000000000005,2.0,1.8,0.19999999999999996,H,-207.94929338926067,-6.000000000000002,-1.4000000000000004,0.36,0.25,7,7,0.5,0.3333333333333333,0.16666666666666666,1.8,1.4,1.8,1.0,-0.444504,0.36616880000000007,-0.8106728000000001,-0.444504,0.36616880000000007,1.7904980000000001,1.8713799999999998,1.1159286,1.3124776,-692420.0,0.4908676470588235
2024-11-09,Liverpool,Aston Villa,2.0,0.0,2.68196,1.66337,7,7,12,10,1.8,1.4,1.0,1.6,12.0,12.4,5.4,3.6,6.4,6.0,0.40000000000000036,2.4,2.4,0.0,H,157.27042099295954,-0.40000000000000036,1.8000000000000003,0.3333333333333333,0.38888888888888884,7,6,0.3333333333333333,0.3333333333333333,0.3333333333333333,1.8,0.6,2.0,1.8,0.9556268,0.044734199999999946,0.9108926,0.9556268,0.044734199999999946,2.072412,1.980506,0.9742562000000001,2.0307541999999996,270400.0,1.3973256924546322
2024-11-10,Man United,Leicester,3.0,0.0,1.2369,0.417295,2,-2,7,5,0.8,1.6,1.4,2.0,14.6,12.0,5.2,3.2,5.2,3.6,1.6,3.8,3.6,0.19999999999999973,H,145.11483397449956,2.5999999999999996,2.0,0.15384615384615385,0.5,7,8,0.5,0.25,0.25,0.8,1.6,1.8,2.2,-0.6870787999999999,-1.4104526000000002,0.7233738000000003,-0.6870787999999999,-1.4104526000000002,1.6140642,1.6047248,2.0066867999999998,2.9332640000000003,571650.0,3.256364712847839
2024-11-10,Nott'm Forest,Newcastle,1.0,3.0,1.17852,1.86904,10,5,8,5,1.6,0.6,0.6,0.8,17.2,13.2,5.4,4.0,6.6,6.4,0.1999999999999993,1.8,3.0,-1.2,A,-94.29432492428144,4.0,1.4000000000000004,0.2962962962962963,0.15,8,8,0.25,0.75,0.0,1.2,0.6,1.0,1.4,0.7096875999999999,0.3015871999999997,0.40810040000000014,0.7096875999999999,0.3015871999999997,1.5009861999999998,1.601342,1.050004,1.9052768,-196230.0,0.7103744483639101
2024-11-10,Tottenham,Ipswich,1.0,2.0,1.75088,2.18392,9,7,12,2,2.6,1.4,1.2,2.6,17.2,12.4,5.8,3.2,7.4,5.8,1.6000000000000005,2.4,2.2,0.19999999999999973,A,125.60933747992452,4.799999999999999,2.5999999999999996,0.4482758620689655,0.43749999999999994,7,8,0.0,0.0,0.0,3.0,0.8,1.2,2.6,0.8318849999999998,-1.2768699999999997,2.1087549999999995,0.8318849999999998,-1.2768699999999997,2.1673730000000004,1.1375864000000002,1.2019254,3.244784,507200.0,2.8778230285079602
2024-11-10,Chelsea,Arsenal,1.0,1.0,1.24067,1.9605,1,1,8,7,1.8,1.8,1.4,1.6,15.6,18.0,5.4,5.4,8.0,8.2,-0.1999999999999993,4.0,1.8,2.2,D,-87.26041451389801,-2.4000000000000004,0.0,0.3333333333333333,0.3333333333333333,7,8,0.3333333333333333,0.5,0.16666666666666666,1.6,1.4,1.0,1.0,0.22040399999999982,1.2073318,-0.9869278000000001,0.22040399999999982,1.2073318,2.3185019999999996,1.0942126,1.2511996,1.581804,30000.0,1.0258620689655173
2024-11-23,Man City,Tottenham,0.0,4.0,2.15899,3.30449,8,3,13,4,1.6,2.2,1.4,1.6,19.4,15.8,6.4,4.8,10.4,9.2,1.200000000000001,1.6,2.0,-0.3999999999999999,A,174.94957478516812,3.599999999999998,1.6000000000000005,0.25,0.45833333333333337,14,13,0.5,0.3333333333333333,0.16666666666666666,2.4,1.2,1.4,1.4,0.32826080000000024,-0.21601880000000007,0.5442796000000003,0.32826080000000024,-0.21601880000000007,2.38331,2.111996,1.1886996,1.2329164000000001,582700.0,1.7496462112440498
2024-11-23,Fulham,Wolves,1.0,4.0,0.717158,1.33903,11,2,10,2,1.6,2.0,1.6,2.2,15.6,10.6,6.0,5.0,6.0,2.8,3.2,1.4,2.4,-1.0,A,71.35150355846872,5.0,1.0,0.26666666666666666,0.4,14,14,0.5,0.0,0.5,1.8,1.4,1.4,2.6,0.8361507999999997,-1.0648526,1.9010033999999998,0.8361507999999997,-1.0648526,2.424102,0.7681156,0.9625170000000001,2.21222,-70700.0,0.8367394065350422
2024-11-23,Everton,Brentford,0.0,0.0,1.5951,1.34314,-5,-3,5,0,0.6,2.8,0.4,2.4,12.6,12.8,4.8,6.2,4.8,5.2,-0.40000000000000036,1.4,1.4,0.0,D,-23.69894375639001,-0.20000000000000107,-1.4000000000000004,0.125,0.4516129032258064,14,14,0.5,0.3333333333333333,0.16666666666666666,1.0,1.6,0.8,2.2,-0.0573885999999999,0.6774559999999998,-0.7348445999999997,-0.0573885999999999,0.6774559999999998,1.1296528000000001,0.8067636,1.8314160000000002,2.2724179999999996,-64620.0,0.8489657590276967
2024-11-23,Leicester,Chelsea,1.0,2.0,0.967987,2.81658,-12,1,5,10,1.2,1.2,1.8,1.2,12.2,16.0,3.6,4.6,4.6,7.2,-2.6000000000000005,3.0,4.2,-1.2000000000000002,A,-232.2866474545144,-3.8000000000000007,-0.9999999999999996,0.3333333333333333,0.2608695652173913,13,13,0.25,0.5,0.25,1.0,1.4,2.4,1.0,-0.4313454000000003,-0.4138160000000002,-0.01752940000000014,-0.4313454000000003,-0.4138160000000002,0.9766578000000001,1.5818192,1.977976,1.8198693999999995,-936650.0,0.21289915966386555
2024-11-23,Aston Villa,Crystal Palace,2.0,2.0,3.04455,1.61437,9,1,8,2,1.0,0.6,1.6,1.2,13.4,15.0,3.4,6.0,7.8,4.8,3.0,2.8,2.8,0.0,D,110.19716404141764,-1.5999999999999996,-2.6,0.29411764705882354,0.09999999999999999,14,14,0.6666666666666666,0.16666666666666666,0.16666666666666666,1.4,1.2,1.0,1.6,-0.018755799999999878,-0.36995739999999966,0.3512015999999998,-0.018755799999999878,-0.36995739999999966,1.8711438,1.2428697999999998,0.7126906,1.800714,153700.0,1.291733890101547
2024-11-23,Arsenal,Nott'm Forest,3.0,0.0,1.66016,0.403136,1,-5,11,11,1.2,1.8,1.4,1.0,13.4,16.8,2.8,5.8,5.4,6.2,-0.7999999999999998,1.8,1.6,0.19999999999999996,H,239.09661975845935,-3.4000000000000004,-3.0,0.4285714285714286,0.3103448275862069,13,13,0.75,0.25,0.0,2.4,1.2,1.6,0.8,0.20826959999999994,0.7358974,-0.5276278000000001,0.20826959999999994,0.7358974,2.887856,1.8069864000000002,1.0715628,1.2127374000000002,678700.0,2.410139206316227
2024-11-23,Bournemouth,Brighton,1.0,2.0,1.91157,1.23059,-6,-3,10,7,1.4,1.8,1.2,1.4,13.6,12.6,3.6,4.8,6.0,4.8,1.2000000000000002,2.8,2.2,0.5999999999999996,A,-83.1914278940776,1.0,-1.1999999999999997,0.38888888888888884,0.375,14,14,0.75,0.25,0.0,1.6,0.8,1.6,1.4,0.3719699999999999,0.09931400000000035,0.27265599999999957,0.3719699999999999,0.09931400000000035,2.029616,1.5018019999999999,1.3230244,2.045727,-148980.0,0.7768357350429911
2024-11-24,Southampton,Liverpool,2.0,3.0,1.53985,3.18835,-19,-10,4,13,0.8,1.8,1.8,0.8,9.0,12.8,2.6,5.2,4.8,4.8,0.0,3.8,1.8,1.9999999999999998,A,-451.3732361775183,-3.8000000000000007,-2.6,0.3076923076923077,0.34615384615384615,15,15,0.5,0.25,0.25,0.8,1.6,2.0,0.6,-1.3094964,0.8856817999999997,-2.1951782,-1.3094964,0.8856817999999997,1.4874234,2.31541,2.43215,0.8580354,-640900.0,0.32604237867395763
2024-11-24,Ipswich,Man United,1.0,1.0,1.98714,1.26912,-7,-4,3,5,1.4,1.4,2.4,0.8,11.0,15.0,2.8,5.4,4.2,4.4,-0.20000000000000018,2.4,2.8,-0.3999999999999999,D,-127.84345945951418,-4.0,-2.6000000000000005,0.5,0.25925925925925924,14,14,0.0,0.0,0.0,0.8,1.6,1.0,0.8,-1.3304900000000002,0.43813800000000014,-1.7686280000000003,-1.3304900000000002,0.43813800000000014,1.0811798000000001,1.9475134,2.04189,1.7385338000000001,-554900.0,0.3273939393939394
2024-11-25,Newcastle,West Ham,0.0,2.0,1.49781,0.942824,5,0,10,5,1.0,1.4,0.8,1.8,14.4,12.2,4.4,5.6,6.4,5.8,0.6000000000000005,2.4,2.2,0.19999999999999973,A,62.97527415805053,2.200000000000001,-1.1999999999999993,0.22727272727272727,0.25,15,16,0.16666666666666666,0.3333333333333333,0.5,1.0,0.6,1.0,1.8,0.42403519999999983,0.2069474,0.21708779999999983,0.42403519999999983,0.2069474,1.2320308,0.8173332,1.488447,1.6845924000000003,276830.0,1.6908659845270777
2024-11-29,Brighton,Southampton,1.0,1.0,1.86986,0.934969,15,7,9,0,1.6,1.0,1.2,1.8,11.6,8.8,4.8,3.2,4.0,5.2,-1.2000000000000002,2.2,3.8,-1.5999999999999996,D,258.9386887182984,2.799999999999999,1.5999999999999996,0.33333333333333337,0.3125,6,5,0.25,0.25,0.5,1.8,1.4,0.6,2.4,-0.21275800000000022,-1.2434924000000003,1.0307344,-0.21275800000000022,-1.2434924000000003,1.9364240000000001,0.9557944,1.3794846,2.5264502,357530.0,2.15313659087244
2024-11-30,West Ham,Arsenal,2.0,5.0,1.23539,3.99935,-9,2,7,5,1.0,1.2,1.6,1.2,10.6,11.4,4.2,3.0,5.4,4.4,1.0,2.2,2.4,-0.19999999999999973,A,-235.5462100870793,-0.8000000000000007,1.2000000000000002,0.23809523809523808,0.39999999999999997,5,7,0.3333333333333333,0.5,0.16666666666666666,1.4,1.6,0.8,1.2,-0.5459278000000001,0.06397039999999987,-0.6098982,-0.5459278000000001,0.06397039999999987,2.0432616,1.2035145999999999,2.0533666,1.56661,-759300.0,0.34543103448275864
2024-11-30,Wolves,Bournemouth,2.0,4.0,0.866034,3.07901,-4,1,4,4,2.2,1.6,1.4,1.4,9.2,14.0,4.8,4.2,2.6,5.6,-2.9999999999999996,1.8,3.0,-1.2,A,-79.65576345821091,-4.800000000000001,0.5999999999999996,0.45833333333333337,0.38095238095238093,7,7,0.0,0.75,0.25,1.4,1.6,1.2,2.0,-0.2527029999999999,0.3006525999999996,-0.5533555999999995,-0.2527029999999999,0.3006525999999996,1.1085585999999998,1.8394582,1.6815009999999997,1.8888805999999998,-85550.0,0.8350366370998843
2024-11-30,Crystal Palace,Newcastle,1.0,1.0,2.29595,0.020989,-8,-1,5,7,1.0,1.0,1.4,1.2,15.8,15.2,6.2,4.2,4.4,6.0,-1.5999999999999996,2.4,2.2,0.19999999999999973,D,-87.68169243708803,0.6000000000000014,2.0,0.16129032258064516,0.23809523809523808,7,5,0.5,0.0,0.5,0.6,1.0,1.4,1.4,-0.3632255999999998,0.31537919999999997,-0.6786047999999998,-0.3632255999999998,0.31537919999999997,1.6209804,1.5965760000000002,1.8696519999999999,1.6339548000000002,-150680.0,0.7776039437368087
2024-11-30,Brentford,Leicester,4.0,1.0,2.21885,0.907555,4,3,13,5,1.8,1.2,1.8,2.2,10.8,11.8,4.2,3.4,4.0,5.0,-1.0,1.0,3.0,-2.0,H,102.43845624108894,-1.0,0.8000000000000003,0.42857142857142855,0.35294117647058826,7,7,0.25,0.25,0.5,3.2,2.0,1.6,2.4,-0.060711200000000076,-0.5935506000000002,0.5328394000000001,-0.060711200000000076,-0.5935506000000002,2.8059064,1.5167827999999999,1.4742642,2.788208,174500.0,1.6887704756266035
2024-11-30,Nott'm Forest,Ipswich,1.0,0.0,1.76587,0.462771,11,4,7,5,1.6,1.4,1.4,1.8,15.0,11.4,4.0,3.6,5.8,4.0,1.7999999999999998,1.6,2.2,-0.6000000000000001,H,88.32901458548986,3.5999999999999996,0.3999999999999999,0.4,0.38888888888888884,7,6,0.0,0.0,0.0,1.2,1.0,1.4,2.0,0.6066885999999998,-0.5450079999999999,1.1516965999999997,0.6066885999999998,-0.5450079999999999,1.4878801999999998,1.4783705999999999,1.041982,2.979324,211200.0,1.781932617549056
2024-12-01,Chelsea,Aston Villa,3.0,0.0,1.94939,0.875443,4,3,9,7,1.4,1.4,1.2,2.0,14.8,14.6,4.4,4.2,6.8,8.6,-1.7999999999999998,3.6,3.2,0.3999999999999999,H,84.43662871155016,0.20000000000000107,0.20000000000000018,0.3181818181818181,0.3333333333333333,8,8,0.16666666666666666,0.6666666666666666,0.16666666666666666,1.8,1.2,1.6,2.0,-0.1662933999999998,0.25042580000000014,-0.41671919999999996,-0.1662933999999998,0.25042580000000014,2.3543899999999995,1.77912,1.4072235999999998,2.0062062000000003,509450.0,1.7485857027404306
2024-12-01,Man United,Everton,4.0,0.0,1.76161,0.766749,2,2,7,5,1.6,0.6,1.0,0.4,15.2,16.4,5.4,5.4,4.4,6.8,-2.3999999999999995,1.8,1.2,0.6000000000000001,H,116.0211190366947,-1.1999999999999993,0.0,0.2962962962962963,0.1111111111111111,7,8,0.5,0.3333333333333333,0.16666666666666666,1.2,1.6,1.0,1.0,0.31138840000000023,0.21265660000000008,0.09873180000000015,0.31138840000000023,0.21265660000000008,1.4529082,1.3871521999999998,2.0064035999999996,1.4669469999999998,461770.0,2.2712881645238556
2024-12-01,Tottenham,Fulham,1.0,1.0,1.01086,1.57274,5,2,9,8,2.6,1.4,1.0,1.8,15.0,15.4,5.6,5.8,8.4,6.8,1.6000000000000005,2.0,1.8,0.19999999999999996,D,53.37581996151607,-0.40000000000000036,-0.20000000000000018,0.46428571428571436,0.24137931034482757,8,8,0.75,0.25,0.0,2.4,1.2,1.4,1.0,0.18895719999999994,0.43345239999999996,-0.24449520000000002,0.18895719999999994,0.43345239999999996,1.9952630000000002,1.8263660000000002,1.5089355999999998,1.1066908000000002,414950.0,2.145163515937629
2024-12-01,Liverpool,Man City,2.0,0.0,3.70054,0.745015,4,7,12,7,2.2,1.0,1.2,1.8,15.0,20.0,6.6,6.0,5.2,10.6,-5.3999999999999995,2.2,2.0,0.20000000000000018,H,33.516600313291065,-5.0,0.5999999999999996,0.33333333333333337,0.16666666666666666,7,8,0.3333333333333333,0.0,0.6666666666666666,1.8,0.6,1.6,1.4,0.9226140000000003,0.37748479999999995,0.5451292000000003,0.9226140000000003,0.37748479999999995,2.06505,2.1559719999999998,1.2154824,1.6744636000000004,-409050.0,0.6992279411764706
2024-12-03,Ipswich,Crystal Palace,0.0,1.0,0.471708,1.65422,-2,-1,4,3,1.4,1.2,1.6,1.4,10.2,15.0,3.8,5.6,4.4,4.8,-0.39999999999999947,2.6,2.4,0.20000000000000018,A,-89.8466482188926,-4.800000000000001,-1.7999999999999998,0.3684210526315789,0.2142857142857143,3,3,0.0,0.0,0.0,1.0,1.4,1.2,1.6,-0.7188198000000001,0.30191239999999997,-1.0207322,-0.7188198000000001,0.30191239999999997,1.4100876000000002,1.3362298000000001,1.509902,2.133496,-256750.0,0.5126696403150802
2024-12-03,Leicester,West Ham,3.0,1.0,2.78061,2.87716,-3,-6,4,5,0.8,1.2,2.6,1.8,9.6,10.8,3.2,4.4,4.6,4.8,-0.20000000000000018,2.6,2.4,0.20000000000000018,H,-62.01046936505281,-1.200000000000001,-1.2000000000000002,0.25,0.2727272727272727,3,3,0.5,0.25,0.25,1.0,1.6,1.0,1.8,-0.9379096,-0.9823764000000001,0.04446680000000014,-0.9379096,-0.9823764000000001,0.9650272,0.6990559999999999,2.259742,1.7089344,-147350.0,0.6322685300723734
2024-12-04,Newcastle,Liverpool,3.0,3.0,1.52057,2.22766,-10,-6,7,13,1.2,2.2,1.2,1.0,11.2,16.8,3.0,7.0,6.0,6.4,-0.40000000000000036,2.4,1.6,0.7999999999999998,D,-182.44990844688868,-5.600000000000001,-4.0,0.39999999999999997,0.31428571428571433,4,3,0.5,0.5,0.0,0.8,1.0,2.2,1.0,-0.1913469999999997,1.336493,-1.5278399999999996,-0.1913469999999997,1.336493,1.444895,2.167268,1.2860458,1.0974852,-273420.0,0.712476996687523
2024-12-04,Aston Villa,Brentford,3.0,1.0,3.21673,1.13266,-4,-8,9,1,0.8,2.4,2.4,1.6,13.8,11.8,4.0,5.0,7.2,4.6,2.6000000000000005,3.0,0.8,2.2,H,96.79574213040225,2.0,-1.0,0.2,0.48,3,4,0.3333333333333333,0.16666666666666666,0.5,1.8,1.2,0.8,1.8,0.2745943999999998,0.3760891999999998,-0.1014948,0.2745943999999998,0.3760891999999998,2.2167258000000003,0.9839438000000001,0.7527666,2.047684,252700.0,1.5906275563865842
2024-12-04,Arsenal,Man United,2.0,0.0,2.96684,0.256083,9,0,11,6,2.2,2.0,1.2,0.8,13.4,12.8,4.2,4.2,5.6,3.0,2.5999999999999996,2.4,1.8,0.5999999999999999,H,185.97385377989804,0.5999999999999996,0.0,0.5238095238095238,0.47619047619047616,4,3,0.8333333333333334,0.16666666666666666,0.0,2.6,1.2,1.0,0.6,0.9054487999999998,0.3358192,0.5696295999999998,0.9054487999999998,0.3358192,2.894228,1.9442254,1.037023,1.7076558000000002,335000.0,1.406060606060606
2024-12-04,Man City,Nott'm Forest,3.0,0.0,3.20169,0.802155,1,-6,10,8,0.6,1.6,2.0,1.4,17.2,13.4,5.0,3.8,7.8,6.2,1.5999999999999996,2.4,1.4,1.0,H,242.02941158993872,3.799999999999999,1.2000000000000002,0.12,0.4210526315789474,3,4,0.5,0.25,0.25,1.6,1.8,1.4,1.4,-0.3345148,0.6571625999999999,-0.9916773999999999,-0.3345148,0.6571625999999999,2.1994719999999996,1.3146636,1.7535978,1.501779,878700.0,2.8256804487845417
2024-12-04,Everton,Wolves,4.0,0.0,1.49904,0.847724,1,-5,6,5,0.2,2.4,1.2,1.8,15.8,10.6,4.2,5.0,5.6,3.0,2.5999999999999996,1.6,1.8,-0.19999999999999996,H,52.65132089145504,5.200000000000001,-0.7999999999999998,0.047619047619047616,0.48,3,4,0.3333333333333333,0.5,0.16666666666666666,1.0,1.0,2.2,2.4,-0.07312359999999996,-0.5744036000000001,0.5012800000000002,-0.07312359999999996,-0.5744036000000001,1.3676078,0.9207546000000001,1.7418780000000003,2.0299916000000002,-69820.0,0.8387715044452142
2024-12-04,Southampton,Chelsea,1.0,5.0,1.91014,5.8331,-16,-7,4,10,0.8,1.8,1.4,0.8,8.0,15.8,2.2,5.6,4.4,6.2,-1.7999999999999998,3.6,3.4,0.20000000000000018,A,-354.5147558243696,-7.800000000000001,-3.3999999999999995,0.36363636363636365,0.32142857142857145,5,3,0.5,0.5,0.0,1.2,2.0,1.6,0.8,-1.3483705999999998,0.22572199999999998,-1.5740925999999997,-1.3483705999999998,0.22572199999999998,1.752403,1.7392651999999997,2.49687,1.5298468,-879950.0,0.26054621848739495
2024-12-05,Fulham,Brighton,3.0,1.0,0.666644,1.09939,-7,0,7,7,1.4,1.6,1.4,1.4,16.2,14.0,6.2,4.8,7.8,4.6,3.2,1.4,2.2,-0.8000000000000003,H,-14.268604747034717,2.1999999999999993,1.4000000000000004,0.2258064516129032,0.33333333333333337,4,6,0.5,0.25,0.25,1.6,2.0,1.4,1.6,0.30687039999999977,0.025954199999999927,0.28091619999999984,0.30687039999999977,0.025954199999999927,2.1750976,1.389754,1.058922,2.346976,-305230.0,0.54278138949639
2024-12-05,Bournemouth,Tottenham,1.0,0.0,3.27716,0.623934,-4,0,9,6,2.0,2.0,1.8,1.0,13.8,12.2,5.0,4.8,5.0,7.2,-2.2,3.0,1.8,1.2,H,-23.760803560875047,1.6000000000000014,0.20000000000000018,0.4,0.4166666666666667,5,4,0.25,0.75,0.0,1.6,1.0,2.0,1.2,0.4545614000000002,-0.039762200000000636,0.49432360000000086,0.4545614000000002,-0.039762200000000636,1.9049040000000002,2.491344,1.1905683999999999,1.4594864,-258700.0,0.6671812684935031
2024-12-07,Crystal Palace,Man City,2.0,2.0,1.21476,1.5846,-13,3,5,4,1.2,1.0,1.4,2.0,14.8,16.2,5.0,4.8,4.6,7.0,-2.4000000000000004,2.4,2.6,-0.20000000000000018,D,-227.2908012872197,-1.3999999999999986,0.20000000000000018,0.24,0.20833333333333334,4,3,0.16666666666666666,0.5,0.3333333333333333,0.4,0.8,1.0,1.6,0.5465326000000001,-0.4131820000000004,0.9597146000000005,0.5465326000000001,-0.4131820000000004,1.5027383999999997,1.6663810000000001,1.5434758,2.2251314,-833150.0,0.38738970588235294
2024-12-07,Aston Villa,Southampton,1.0,0.0,2.51338,0.385832,12,0,9,1,1.2,1.0,2.4,2.2,14.2,8.2,4.4,2.6,7.4,5.2,2.2,2.0,3.2,-1.2000000000000002,H,289.71173544216595,6.0,1.8000000000000003,0.2727272727272727,0.3846153846153846,3,3,0.75,0.25,0.0,1.8,1.0,0.6,2.0,0.36233859999999973,-1.5743884000000006,1.9367270000000003,0.36233859999999973,-1.5743884000000006,2.2283198,0.8133622,0.808867,2.1278601999999998,370500.0,2.1949685534591197
2024-12-07,Brentford,Newcastle,4.0,2.0,1.746,1.95645,1,-1,13,5,1.8,1.6,1.6,1.4,9.6,12.4,3.4,3.6,4.6,6.2,-1.6000000000000005,1.2,2.2,-1.0000000000000002,H,-47.596539661890574,-2.8000000000000007,-0.20000000000000018,0.5294117647058824,0.4444444444444445,3,3,0.3333333333333333,0.5,0.16666666666666666,3.4,2.0,1.2,1.4,-0.5286548,-0.35762700000000014,-0.17102779999999984,-0.5286548,-0.35762700000000014,2.4771144000000005,1.3040878,1.3263492,1.7992067999999999,-249680.0,0.6314849526958216
2024-12-07,Man United,Nott'm Forest,2.0,3.0,1.4697,0.651217,-4,2,10,5,1.8,1.0,0.8,1.8,10.2,11.8,3.6,3.4,2.0,5.2,-3.2,2.2,1.8,0.40000000000000013,A,24.810116755802028,-1.6000000000000014,0.20000000000000018,0.5,0.29411764705882354,3,3,0.75,0.25,0.0,2.0,1.0,1.2,2.0,-0.1329041999999998,-0.1652374000000001,0.032333200000000284,-0.1329041999999998,-0.1652374000000001,1.5050562,1.3571882,1.7389594,1.9080290000000002,343700.0,1.7141076251817993
2024-12-08,Tottenham,Chelsea,3.0,4.0,3.25488,2.57326,-9,-4,10,10,2.0,2.4,1.0,0.8,12.4,17.6,5.0,6.8,7.4,6.2,1.2000000000000002,1.4,2.2,-0.8000000000000003,A,-130.45003850369403,-5.200000000000001,-1.7999999999999998,0.4,0.35294117647058826,3,4,0.5,0.3333333333333333,0.16666666666666666,2.6,1.2,2.4,1.0,-0.5785252000000001,1.0351760000000005,-1.6137012000000006,-0.5785252000000001,1.0351760000000005,2.038916,2.7193400000000003,1.5993036,1.6044128,-412700.0,0.6531932773109244
2024-12-08,Leicester,Brighton,2.0,2.0,1.42438,1.12184,-9,-3,7,6,1.2,1.4,2.2,1.6,9.0,12.8,4.2,4.2,4.0,4.0,0.0,2.0,2.0,0.0,D,-119.7250467270694,-3.8000000000000007,0.0,0.2857142857142857,0.3333333333333333,5,3,0.5,0.0,0.5,1.4,1.4,1.4,2.0,-0.6147266000000002,0.03195740000000047,-0.6466840000000007,-0.6147266000000002,0.03195740000000047,1.3662009999999998,1.246136,2.4024039999999998,1.9967087999999997,-414230.0,0.379505078043081
2024-12-08,Ipswich,Bournemouth,1.0,2.0,1.5668,3.49127,-8,-4,3,4,0.8,2.0,1.0,1.6,9.8,15.8,3.2,6.0,4.2,4.6,-0.39999999999999947,2.8,2.2,0.5999999999999996,A,-146.56038181392,-6.0,-2.8,0.25,0.3333333333333333,5,3,0.0,0.0,0.0,0.8,1.4,1.4,2.0,-0.4673921999999999,1.3142763999999998,-1.7816685999999997,-0.4673921999999999,1.3142763999999998,1.3630195999999999,1.8638842,1.60298,1.5508294,-248500.0,0.5208252988816043
2024-12-08,Fulham,Arsenal,1.0,1.0,0.150988,2.4333,-7,0,9,5,1.8,2.2,1.4,0.8,14.6,14.4,6.0,4.8,8.4,8.0,0.40000000000000036,1.8,2.2,-0.40000000000000013,D,-192.6901820430437,0.1999999999999993,1.2000000000000002,0.3,0.45833333333333337,3,4,0.5,0.25,0.25,2.0,2.0,1.6,1.6,0.0982282000000001,1.5006322000000003,-1.4024040000000002,0.0982282000000001,1.5006322000000003,1.7312243999999999,1.7792046,1.1422561999999998,1.6551690000000001,-797650.0,0.3123706896551724
2024-12-09,West Ham,Wolves,2.0,1.0,1.19808,1.47567,5,-3,7,4,1.0,2.0,2.2,2.2,14.6,9.0,5.8,4.0,5.4,2.6,2.8000000000000003,1.8,1.2,0.6000000000000001,H,91.9240797878665,5.6,1.7999999999999998,0.1724137931034483,0.5,6,5,0.8333333333333334,0.16666666666666666,0.0,1.6,2.0,2.0,3.0,-1.0364944,-0.6241208000000003,-0.4123735999999998,-1.0364944,-0.6241208000000003,2.1008994000000003,0.9027730000000002,2.2146426,2.0476616,-32350.0,0.9252973097794712
2024-12-14,Arsenal,Everton,0.0,0.0,1.30865,0.132166,12,6,13,5,2.4,0.8,0.8,1.0,14.8,16.4,5.4,4.0,8.0,5.4,2.5999999999999996,1.8,1.8,0.0,D,248.7851594961803,-1.5999999999999979,1.4000000000000004,0.4444444444444444,0.2,6,10,0.8333333333333334,0.16666666666666666,0.0,2.8,1.0,0.6,1.2,1.9467766000000004,0.17923259999999996,1.7675440000000004,1.9467766000000004,0.17923259999999996,3.004,1.3700704,0.7247436,1.187517,796770.0,3.1935688131486937
2024-12-14,Liverpool,Fulham,2.0,2.0,2.09698,1.2862,9,5,15,8,2.4,1.6,1.2,1.4,18.2,9.8,7.2,4.0,7.0,6.2,0.7999999999999998,2.2,2.2,0.0,D,195.8454868923543,8.399999999999999,3.2,0.3333333333333333,0.4,10,6,0.5,0.25,0.25,2.2,0.4,1.4,1.0,1.4248789999999998,-0.4964219999999999,1.9213009999999997,1.4248789999999998,-0.4964219999999999,2.57107,1.9031479999999998,1.2465789999999999,1.1674532000000002,588600.0,2.624396301918035
2024-12-14,Newcastle,Leicester,4.0,0.0,3.95461,0.186759,4,1,5,4,1.8,1.4,2.2,2.4,13.8,7.0,3.4,3.6,6.2,3.8,2.4000000000000004,1.4,1.8,-0.40000000000000013,H,151.3144851154684,6.800000000000001,-0.20000000000000018,0.5294117647058824,0.38888888888888884,7,6,0.5,0.25,0.25,1.0,1.4,1.4,2.8,-0.3052189999999999,-0.7547006,0.44948160000000015,-0.3052189999999999,-0.7547006,1.431621,1.3679198,1.4049698000000002,2.654546,424180.0,2.674284586540359
2024-12-14,Wolves,Ipswich,1.0,2.0,1.23748,1.73349,-1,2,4,4,1.8,0.8,2.2,1.2,10.6,10.6,3.8,3.8,2.0,4.6,-2.5999999999999996,1.8,2.4,-0.5999999999999999,A,-23.192379101992174,0.0,0.0,0.4736842105263158,0.2105263157894737,5,6,0.0,0.0,0.0,1.6,2.0,1.4,2.2,-0.36894079999999985,-0.6518042,0.2828634000000001,-0.36894079999999985,-0.6518042,0.9878273999999999,1.4266602,2.0006169999999996,2.981106,162950.0,1.6032950758978157
2024-12-14,Nott'm Forest,Aston Villa,2.0,1.0,2.2861,0.389423,1,-1,9,4,1.0,1.2,2.2,1.6,10.2,15.4,2.8,5.2,3.6,9.4,-5.800000000000001,2.0,2.2,-0.20000000000000018,H,-35.152199233738884,-5.200000000000001,-2.4000000000000004,0.35714285714285715,0.23076923076923075,7,7,0.75,0.0,0.25,1.2,0.8,1.2,2.4,-0.7724926000000001,0.7098522000000003,-1.4823448000000004,-0.7724926000000001,0.7098522000000003,1.5589162,1.5214386000000002,0.9470098,2.241136,-199250.0,0.707222099772243
2024-12-15,Brighton,Crystal Palace,1.0,3.0,1.32323,3.00618,10,2,9,5,1.6,1.2,1.6,1.4,13.4,13.4,4.6,4.2,3.6,4.6,-0.9999999999999996,2.2,2.2,0.0,A,6.184318448790009,0.0,0.39999999999999947,0.3478260869565218,0.2857142857142857,7,8,0.3333333333333333,0.0,0.6666666666666666,2.0,1.6,1.2,1.4,0.13038740000000004,0.2729026000000001,-0.14251520000000006,0.13038740000000004,0.2729026000000001,1.9590040000000002,1.5751322,1.4222138000000002,1.6323516000000002,140730.0,1.2671158773844549
2024-12-15,Man City,Man United,1.0,2.0,0.638103,2.04662,8,-3,10,3,1.2,2.0,2.0,1.2,15.0,11.4,4.8,4.2,6.6,2.2,4.3999999999999995,2.4,1.0,1.4,A,140.75203793865853,3.5999999999999996,0.5999999999999996,0.25,0.47619047619047616,8,8,0.6666666666666666,0.3333333333333333,0.0,1.8,1.6,0.4,1.0,-0.3198939999999997,-0.15916559999999969,-0.1607284,-0.3198939999999997,-0.15916559999999969,2.529252,1.3900560000000002,1.7038408,2.0298378,535000.0,1.6484848484848484
2024-12-15,Chelsea,Brentford,2.0,1.0,2.59146,1.65861,8,3,11,1,3.0,2.4,1.2,1.6,18.6,10.8,7.8,4.6,6.6,4.6,2.0,2.2,1.6,0.6000000000000001,H,181.4858619536112,7.800000000000001,3.2,0.38461538461538464,0.5217391304347826,7,8,0.0,0.6666666666666666,0.3333333333333333,2.2,1.0,0.8,2.0,1.0888099999999996,-0.4325570000000003,1.521367,1.0888099999999996,-0.4325570000000003,2.1487819999999997,1.0002878,1.4903705999999999,2.380472,762150.0,2.7813486034825288
2024-12-15,Southampton,Tottenham,0.0,5.0,1.27356,3.89322,-7,-3,4,6,0.8,1.8,2.4,1.6,7.2,11.8,2.2,4.8,4.8,7.2,-2.4000000000000004,3.0,1.4,1.6,A,-253.4031440819413,-4.6000000000000005,-2.5999999999999996,0.36363636363636365,0.375,8,7,0.25,0.25,0.5,1.4,2.4,1.8,1.0,-1.750805,-0.3642052,-1.3865998,-1.750805,-0.3642052,1.8632449999999998,2.2895227999999994,3.0581039999999997,1.7975303999999999,-467250.0,0.3988807410266306
2024-12-16,Bournemouth,West Ham,1.0,1.0,2.04842,1.81827,7,2,12,4,2.0,1.4,1.6,1.8,17.8,17.6,6.0,6.2,6.6,6.4,0.1999999999999993,2.0,2.4,-0.3999999999999999,D,40.81964713049069,0.1999999999999993,-0.20000000000000018,0.3333333333333333,0.2258064516129032,8,7,0.25,0.25,0.5,1.8,0.8,1.0,2.2,1.6798504,-0.6484538000000002,2.3283042000000003,1.6798504,-0.6484538000000002,2.252874,1.1379442000000002,1.12881,1.6878543999999998,117900.0,1.2942350885949587
2024-12-21,Crystal Palace,Arsenal,1.0,5.0,1.6052,3.05434,-12,-2,5,5,1.8,2.2,1.2,0.6,13.4,14.8,4.2,5.8,5.4,9.0,-3.5999999999999996,2.8,1.4,1.4,A,-221.48225407741165,-1.4000000000000004,-1.5999999999999996,0.42857142857142855,0.37931034482758624,6,7,0.5,0.3333333333333333,0.16666666666666666,0.8,1.2,1.4,1.4,0.6680805999999999,2.0381074000000003,-1.3700268000000004,0.6680805999999999,2.0381074000000003,1.4118343999999998,2.0090426,1.3902838000000002,1.1341906000000002,-633150.0,0.4541810344827586
2024-12-21,West Ham,Brighton,1.0,1.0,1.22937,1.34379,-5,2,10,7,1.6,1.4,2.0,2.0,18.6,14.8,5.6,4.8,6.2,5.2,1.0,2.6,1.8,0.8,D,-27.70105602116996,3.8000000000000007,0.7999999999999998,0.28571428571428575,0.2916666666666667,5,6,0.3333333333333333,0.3333333333333333,0.3333333333333333,2.0,1.6,1.4,1.6,-0.7460272000000003,-0.25976660000000007,-0.48626060000000026,-0.7460272000000003,-0.25976660000000007,2.188862,1.2290800000000002,2.0303226000000003,1.5499068,-266880.0,0.6002276880673477
2024-12-21,Aston Villa,Man City,2.0,1.0,2.05988,1.09627,-3,3,9,4,1.4,1.2,1.6,2.0,14.6,14.0,5.2,4.2,8.2,7.4,0.7999999999999989,1.8,2.0,-0.19999999999999996,H,-91.13881396990496,0.5999999999999996,1.0,0.2692307692307692,0.2857142857142857,7,6,0.6666666666666666,0.16666666666666666,0.16666666666666666,1.4,0.8,1.2,1.8,0.5342348000000001,-0.5480333999999998,1.0822682,0.5342348000000001,-0.5480333999999998,2.2562938000000003,1.7302690000000003,0.78201,2.1993954,-679450.0,0.5004044117647058
2024-12-21,Brentford,Nott'm Forest,0.0,2.0,0.769004,0.964897,-7,-2,15,7,2.0,1.2,1.6,1.8,10.2,11.8,4.2,3.4,4.4,3.6,0.8000000000000003,1.6,1.8,-0.19999999999999996,A,-65.30964516777726,-1.6000000000000014,0.8000000000000003,0.47619047619047616,0.35294117647058826,6,7,0.5,0.0,0.5,4.0,2.2,1.4,2.0,-0.4336070000000003,-0.2550532000000001,-0.1785538000000002,-0.4336070000000003,-0.2550532000000001,2.75227,1.2135856,1.5419158,1.8882970000000001,-53450.0,0.8889466029503428
2024-12-21,Ipswich,Newcastle,0.0,4.0,1.06427,3.23386,-7,-1,2,5,0.8,2.0,1.2,2.0,11.0,15.8,4.2,4.4,4.8,6.2,-1.4000000000000004,1.8,1.8,0.0,A,-175.4596673090357,-4.800000000000001,-0.20000000000000018,0.19047619047619047,0.45454545454545453,7,7,0.0,0.0,0.0,0.6,1.4,1.4,1.6,-0.6392102,0.31024719999999983,-0.9494573999999998,-0.6392102,0.31024719999999983,1.3071636000000002,1.4758418,2.072246,1.5061247999999998,-407430.0,0.3986539341431376
2024-12-22,Everton,Chelsea,0.0,0.0,1.07081,1.51591,-14,-9,9,10,0.8,3.2,0.8,1.2,13.6,20.4,3.0,8.8,4.6,7.4,-2.8000000000000007,2.0,1.4,0.6000000000000001,D,-185.58117601120057,-6.799999999999999,-5.800000000000001,0.26666666666666666,0.36363636363636365,8,7,0.5,0.16666666666666666,0.3333333333333333,1.4,0.4,2.6,1.6,-0.3051572,1.419346,-1.7245032,-0.3051572,1.419346,1.1561578,2.754538,1.3200468,2.1037354,-826770.0,0.30523529411764705
2024-12-22,Fulham,Southampton,0.0,0.0,1.25255,0.280031,10,5,7,1,1.6,0.8,1.8,3.0,8.8,7.2,3.2,2.8,5.4,3.4,2.0000000000000004,2.8,2.4,0.3999999999999999,D,239.06067846045696,1.6000000000000005,0.40000000000000036,0.5,0.28571428571428575,8,7,0.5,0.5,0.0,1.6,2.0,0.4,1.6,-0.7171660000000003,-2.2507118000000004,1.5335458000000002,-0.7171660000000003,-2.2507118000000004,1.11914,0.7513150000000001,1.4093802,2.3421062,52300.0,1.168682470569263
2024-12-22,Leicester,Wolves,0.0,3.0,0.78868,1.13531,2,1,7,4,1.4,1.6,2.6,2.6,6.6,12.2,2.8,4.2,3.2,3.2,0.0,2.2,1.6,0.6000000000000001,A,-5.766011646907145,-5.6,-1.4000000000000004,0.5,0.38095238095238093,8,8,0.75,0.25,0.0,1.6,1.6,2.0,2.8,-1.3443498,-0.4921679999999997,-0.8521818000000003,-1.3443498,-0.4921679999999997,1.3834909999999998,1.0938835999999998,2.262018,1.8125756000000002,-179700.0,0.5850363699341877
2024-12-22,Man United,Bournemouth,0.0,3.0,2.28533,1.82831,-5,-3,10,7,1.8,1.8,1.4,1.2,10.8,20.6,4.2,7.2,2.4,8.2,-5.799999999999999,1.2,1.2,0.0,A,-6.401010521725311,-9.8,-3.0,0.42857142857142855,0.25,7,6,0.25,0.5,0.25,2.4,1.0,1.8,1.6,-0.041383200000000064,1.5403604,-1.5817436,-0.041383200000000064,1.5403604,1.6788519999999998,2.2681802000000006,0.7877628,1.3767273999999998,306400.0,1.5908214423447744
2024-12-22,Tottenham,Liverpool,3.0,6.0,1.20245,5.20214,-10,-4,7,11,2.6,2.4,1.2,1.4,12.0,18.2,5.6,6.4,5.8,6.0,-0.20000000000000018,1.8,2.6,-0.8,A,-217.01662034759875,-6.199999999999999,-0.8000000000000007,0.46428571428571436,0.37499999999999994,7,8,0.5,0.16666666666666666,0.3333333333333333,2.6,1.8,2.2,1.6,0.24633480000000008,1.4280970000000004,-1.1817622000000003,0.24633480000000008,1.4280970000000004,1.9109299999999998,2.192006,1.9352425999999998,1.1014252,-173650.0,0.8173931331826069
2024-12-26,Southampton,West Ham,0.0,1.0,2.19833,1.90111,-6,-3,3,4,0.4,1.4,2.4,2.2,6.8,17.8,2.0,5.2,3.8,7.2,-3.4000000000000004,2.4,3.0,-0.6000000000000001,A,-209.09503928631463,-11.0,-3.2,0.2,0.2692307692307692,4,5,0.25,0.25,0.5,1.2,3.2,1.0,2.2,-2.1155156,-0.6579140000000003,-1.4576015999999998,-2.1155156,-0.6579140000000003,1.538331,1.3258747999999998,3.5077479999999994,2.023494,-90650.0,0.7737709009233841
2024-12-26,Liverpool,Leicester,3.0,1.0,1.89935,0.22097,16,7,13,4,3.2,1.2,2.0,2.8,20.2,7.6,7.8,3.6,6.6,4.0,2.5999999999999996,3.0,1.8,1.2,H,366.8385572110226,12.6,4.199999999999999,0.4102564102564103,0.3333333333333333,4,4,0.75,0.25,0.0,2.0,0.8,1.0,2.8,2.0243169999999995,-1.0439571999999997,3.0682741999999994,2.0243169999999995,-1.0439571999999997,2.5030040000000002,1.3376898000000002,1.2098609999999999,2.234858,697600.0,3.7535030590092755
2024-12-26,Wolves,Man United,2.0,0.0,0.826489,0.358876,-4,-3,4,5,1.4,1.6,2.4,1.8,11.8,13.2,4.0,4.8,3.0,4.4,-1.4000000000000004,1.6,1.4,0.20000000000000018,H,-100.1995445427533,-1.3999999999999986,-0.7999999999999998,0.35,0.33333333333333337,4,4,0.3333333333333333,0.6666666666666666,0.0,1.6,2.0,0.8,1.2,-0.5472163999999999,0.19362479999999982,-0.7408411999999998,-0.5472163999999999,0.19362479999999982,1.0855384,1.3292680000000001,1.923867,1.8236024,-391950.0,0.5249090909090909
2024-12-26,Nott'm Forest,Tottenham,1.0,0.0,1.30018,1.05758,7,8,12,6,1.6,2.4,1.2,2.4,12.4,12.0,4.6,5.2,4.4,6.6,-2.1999999999999993,2.2,1.6,0.6000000000000001,H,41.22355805561028,0.40000000000000036,-0.6000000000000005,0.3478260869565218,0.4615384615384615,5,4,0.5,0.5,0.0,1.6,0.8,2.2,1.0,0.035530199999999956,-0.7827031999999996,0.8182333999999996,0.035530199999999956,-0.7827031999999996,1.893266,1.9867267999999996,0.7377104,1.9320982,-296000.0,0.6191946481410009
2024-12-26,Man City,Everton,1.0,1.0,2.51965,0.653289,8,-2,9,5,1.4,0.8,1.6,0.8,11.8,11.0,4.4,3.0,6.4,3.8,2.6000000000000005,1.8,2.4,-0.5999999999999999,D,180.9271269645178,0.8000000000000007,1.4000000000000004,0.3181818181818181,0.26666666666666666,5,4,0.3333333333333333,0.5,0.16666666666666666,1.6,1.6,0.4,1.0,-0.5116554,-0.3426338000000002,-0.16902159999999977,-0.5116554,-0.3426338000000002,2.1056966,1.0317496,1.8563427999999997,1.181661,996770.0,3.7441841257605373
2024-12-26,Chelsea,Fulham,1.0,2.0,1.55626,1.77929,7,6,11,6,2.8,1.4,1.0,1.0,19.6,10.0,8.4,3.6,6.6,5.2,1.3999999999999995,1.0,2.4,-1.4,A,85.49549641648332,9.600000000000001,4.800000000000001,0.3333333333333333,0.38888888888888884,4,4,0.5,0.25,0.25,1.8,0.8,1.6,1.4,1.1386474,-0.3982878000000001,1.5369352,1.1386474,-0.3982878000000001,1.9353960000000001,1.8732039999999999,1.5806685999999999,1.463979,827650.0,3.2841175658893333
2024-12-26,Bournemouth,Crystal Palace,0.0,0.0,1.20189,0.500066,11,5,10,8,2.2,1.6,0.8,1.8,18.8,13.8,7.2,4.2,7.0,5.8,1.2000000000000002,1.4,2.8,-1.4,D,37.48329520430252,5.0,3.0,0.3055555555555556,0.38095238095238093,4,5,0.5,0.5,0.0,1.4,0.8,1.6,1.2,1.3127604,0.6642886000000001,0.6484717999999998,1.3127604,0.6642886000000001,2.3741280000000002,1.9516521999999998,1.3532503999999999,1.6750796000000001,-8250.0,0.9843408939925975
2024-12-26,Newcastle,Aston Villa,3.0,0.0,2.82867,0.225522,-1,-1,7,3,2.8,1.4,1.6,1.4,15.2,13.4,5.4,5.4,4.8,7.2,-2.4000000000000004,1.6,1.8,-0.19999999999999996,H,15.926632870225149,1.799999999999999,0.0,0.5185185185185185,0.25925925925925924,5,5,0.8333333333333334,0.16666666666666666,0.0,1.6,1.2,1.0,2.4,0.6331679999999997,0.44092080000000045,0.19224719999999929,0.6331679999999997,0.44092080000000045,1.9538550000000001,1.3703352,1.1892896,2.3291399999999998,-3020.0,0.9955624127543898
2024-12-27,Brighton,Brentford,0.0,0.0,1.33538,0.961233,2,-3,8,1,1.2,2.0,2.0,2.0,16.0,9.8,5.2,4.4,6.0,5.4,0.5999999999999996,1.8,2.2,-0.40000000000000013,D,36.756166899892605,6.199999999999999,0.7999999999999998,0.23076923076923075,0.45454545454545453,6,6,0.5,0.16666666666666666,0.3333333333333333,1.8,1.8,0.8,1.8,-0.10068659999999996,-0.42239360000000037,0.3217070000000004,-0.10068659999999996,-0.42239360000000037,1.909978,1.1532968000000001,1.7496037999999998,2.119802,239730.0,1.5603131938763586
2024-12-27,Arsenal,Ipswich,1.0,0.0,2.16462,0.0783327,15,8,11,6,2.6,0.6,0.8,1.8,13.8,10.8,5.6,3.4,8.0,4.4,3.5999999999999996,1.2,2.2,-1.0000000000000002,H,342.9234274493115,3.0,2.1999999999999997,0.46428571428571436,0.17647058823529413,6,6,0.0,0.0,0.0,2.0,0.6,1.6,2.2,2.0765306,-1.2167321999999996,3.2932627999999995,2.0765306,-1.2167321999999996,2.05512,1.4443582000000001,0.6835950000000001,2.648976,889900.0,4.294705664568678
2024-12-29,West Ham,Liverpool,0.0,5.0,0.518279,3.29868,-12,-3,8,11,1.2,3.2,1.2,1.8,18.6,18.6,4.6,7.0,7.2,7.4,-0.20000000000000018,2.6,2.8,-0.19999999999999973,A,-267.04994599948805,0.0,-2.4000000000000004,0.2608695652173913,0.4571428571428572,3,3,0.6666666666666666,0.16666666666666666,0.16666666666666666,1.4,1.6,3.0,2.0,-0.16456599999999977,2.030293,-2.1948589999999997,-0.16456599999999977,2.030293,1.5559319999999999,2.808986,2.0621546000000004,1.1921301999999998,-550250.0,0.4213681055786319
2024-12-29,Tottenham,Wolves,2.0,2.0,2.28433,0.640697,5,-3,4,7,2.2,1.4,2.4,1.6,13.0,11.2,5.4,4.2,6.6,3.2,3.3999999999999995,2.0,1.2,0.8,D,90.1642357124324,1.8000000000000007,1.2000000000000002,0.40740740740740744,0.3333333333333333,3,3,0.5,0.5,0.0,2.4,2.8,2.0,1.8,-0.7188471999999995,-0.011098599999999736,-0.7077485999999997,-0.7188471999999995,-0.011098599999999736,1.863316,1.1816948,2.8039099999999997,1.1432856,344250.0,1.7949428472462765
2024-12-29,Fulham,Bournemouth,2.0,2.0,0.961566,1.70692,-2,-2,8,10,1.6,1.4,1.0,0.4,10.0,20.0,3.8,6.4,3.2,7.2,-4.0,2.8,1.6,1.1999999999999997,D,11.488115608889077,-10.0,-2.6000000000000005,0.4210526315789474,0.21874999999999997,3,3,0.75,0.0,0.25,1.4,1.4,2.4,1.4,-0.46605779999999997,1.0105300000000002,-1.4765878000000001,-0.46605779999999997,1.0105300000000002,0.843502,2.2439162,1.1781964,1.6513808,-156250.0,0.6987080601619745
2024-12-29,Crystal Palace,Southampton,2.0,1.0,3.05417,1.21853,4,7,5,2,1.4,0.2,1.6,2.4,12.6,8.4,4.2,2.6,4.6,3.0,1.5999999999999996,2.6,1.8,0.8,H,232.6827789262829,4.199999999999999,1.6,0.3333333333333333,0.07692307692307693,3,3,0.25,0.5,0.25,1.0,2.0,0.2,1.0,0.0689316000000002,-1.8690933999999997,1.9380249999999999,0.0689316000000002,-1.8690933999999997,1.6109782,0.5526951999999999,1.5864878,1.9422861999999999,216800.0,1.6992420577326237
2024-12-29,Leicester,Man City,0.0,2.0,1.84208,1.58002,-10,-1,4,1,1.2,1.6,2.6,1.4,7.0,15.0,3.2,5.0,3.4,7.2,-3.8000000000000003,2.0,1.4,0.6000000000000001,A,-292.60874167023894,-8.0,-1.7999999999999998,0.37499999999999994,0.32,3,3,0.5,0.5,0.0,1.4,2.2,1.0,2.0,-1.1173742,0.4527218000000002,-1.5700960000000002,-1.1173742,0.4527218000000002,1.3588144,1.6763850000000002,2.099154,2.4591279999999998,-1106650.0,0.18628676470588235
2024-12-29,Everton,Nott'm Forest,0.0,2.0,0.615191,2.02753,-12,-6,7,9,1.0,1.6,1.0,1.2,7.2,12.0,2.6,4.2,2.8,3.2,-0.40000000000000036,3.2,2.6,0.6000000000000001,A,-96.35674096996308,-4.8,-1.6,0.3846153846153846,0.38095238095238093,3,3,0.25,0.25,0.5,1.0,0.2,1.6,1.8,-0.7662980000000004,-0.17656959999999988,-0.5897284000000005,-0.7662980000000004,-0.17656959999999988,1.1484017999999998,1.073257,1.3985128,1.5865938000000002,-118070.0,0.7546852275088303
2024-12-30,Aston Villa,Brighton,2.0,2.0,1.87997,0.938042,1,6,11,5,1.4,1.0,1.4,1.8,12.2,16.4,4.8,5.6,7.6,5.6,2.0,1.6,1.4,0.20000000000000018,D,47.82829798264811,-4.199999999999999,-0.7999999999999998,0.2916666666666667,0.17857142857142858,4,3,0.6666666666666666,0.3333333333333333,0.0,1.8,1.0,1.4,1.8,0.1350806,-0.2128353999999999,0.3479159999999999,0.1350806,-0.2128353999999999,2.5617080000000003,1.162258,0.9115565999999999,1.4084668,12970.0,1.0194283831151323
2024-12-30,Ipswich,Chelsea,2.0,0.0,1.50093,1.60622,-15,-7,2,11,0.6,2.4,1.8,1.4,10.0,18.6,2.8,8.4,3.2,6.6,-3.3999999999999995,1.8,0.8,1.0,H,-202.88903181319571,-8.600000000000001,-5.6000000000000005,0.2142857142857143,0.2857142857142857,3,4,0.0,0.0,0.0,0.6,1.8,2.4,1.2,-1.37336986,0.8792519999999999,-2.2526218599999996,-1.37336986,0.8792519999999999,1.2852176,2.789912,2.39741,1.8728634,-919900.0,0.2269747899159664
2024-12-30,Man United,Newcastle,0.0,2.0,1.00073,2.2424,-7,-7,7,7,0.8,3.2,2.2,1.4,13.2,19.4,4.6,7.0,4.8,4.8,0.0,1.4,1.4,0.0,A,-92.36444244528708,-6.199999999999999,-2.4000000000000004,0.1739130434782609,0.4571428571428572,4,4,0.6666666666666666,0.0,0.3333333333333333,2.0,1.4,2.2,1.6,-0.09887000000000001,1.6087898000000005,-1.7076598000000005,-0.09887000000000001,1.6087898000000005,1.782808,1.7645178000000001,0.9748562,1.580536,147470.0,1.2176582586748925
2025-01-01,Brentford,Arsenal,1.0,3.0,0.272604,1.99848,-9,-7,12,8,1.2,1.8,1.8,0.4,8.8,13.2,3.8,5.2,5.0,7.0,-2.0,2.4,1.2,1.2,A,-264.0652330343446,-4.399999999999999,-1.4000000000000004,0.3157894736842105,0.34615384615384615,5,5,0.5,0.3333333333333333,0.16666666666666666,3.0,2.0,2.4,1.2,-0.7594820000000007,1.9409960599999998,-2.7004780600000005,-0.7594820000000007,1.9409960599999998,2.0790448000000006,2.471759,1.5956443999999999,1.0183925999999999,-732150.0,0.3688362068965517
2025-01-04,Southampton,Brentford,0.0,5.0,0.249614,5.54874,-8,-3,3,2,0.2,1.2,1.8,1.8,8.6,8.0,2.4,4.0,3.4,4.8,-1.4,2.2,2.2,0.0,A,-207.24182869184096,0.5999999999999996,-1.6,0.08333333333333334,0.3,6,3,0.8,0.2,0.0,0.8,2.8,0.6,1.4,-1.4516293999999998,-0.6878432000000001,-0.7637861999999997,-1.4516293999999998,-0.6878432000000001,1.492445,1.1669748,3.3203180000000003,2.0337680000000002,-117800.0,0.7246698609325698
2025-01-04,Brighton,Arsenal,1.0,1.0,1.76513,1.81142,-9,-7,6,11,1.2,2.0,1.6,0.6,16.4,13.2,5.8,5.0,5.0,5.0,0.0,1.6,1.4,0.20000000000000018,D,-200.96985450741045,3.1999999999999993,0.7999999999999998,0.20689655172413793,0.4,5,3,0.14285714285714285,0.5714285714285714,0.2857142857142857,1.2,1.4,3.0,1.2,-0.48777019999999993,1.7440198599999999,-2.23179006,-0.48777019999999993,1.7440198599999999,1.78262,2.6891939999999996,1.7232924,0.9009704,-492420.0,0.5755
2025-01-04,Crystal Palace,Chelsea,1.0,1.0,1.2766,1.51541,-11,1,5,10,1.6,1.4,1.8,1.6,13.8,17.4,5.6,6.8,4.8,6.6,-1.7999999999999998,2.2,1.6,0.6000000000000001,D,-93.3645413848676,-3.599999999999998,-1.2000000000000002,0.28571428571428575,0.20588235294117646,6,5,0.42857142857142855,0.42857142857142855,0.14285714285714285,1.2,2.2,2.2,1.4,0.19955720000000055,0.11571799999999999,0.08383920000000056,0.19955720000000055,0.11571799999999999,2.02609,2.869014,1.6263537999999997,1.7409494000000003,-663150.0,0.4427310924369748
2025-01-04,Man City,West Ham,4.0,1.0,1.97986,1.53286,7,-3,7,7,1.4,1.0,1.4,1.6,14.4,13.8,4.6,2.6,6.4,6.0,0.40000000000000036,1.2,2.2,-1.0000000000000002,H,198.2096939437638,0.5999999999999996,1.9999999999999996,0.30434782608695654,0.3846153846153846,6,6,0.42857142857142855,0.42857142857142855,0.14285714285714285,1.2,1.4,1.0,1.4,-0.07959720000000003,-0.7399562,0.6603589999999999,-0.07959720000000003,-0.7399562,2.3362586000000003,1.5343361999999998,1.4353086000000002,2.175056,959300.0,3.3940603943099577
2025-01-04,Bournemouth,Everton,1.0,0.0,2.61852,0.561015,9,3,8,3,1.6,1.0,0.8,0.6,19.0,8.2,6.6,2.6,7.6,3.4,4.199999999999999,1.8,3.4,-1.5999999999999999,H,96.45955124491456,10.8,3.9999999999999996,0.24242424242424246,0.3846153846153846,6,6,0.8,0.2,0.0,1.0,0.8,0.2,1.2,0.6289556000000001,-0.8497936000000001,1.4787492000000002,0.6289556000000001,-0.8497936000000001,2.1776679999999997,0.8407994000000001,1.305112,1.450791,155370.0,1.4277455056025108
2025-01-04,Aston Villa,Leicester,2.0,1.0,2.3456,0.81548,10,6,11,1,1.2,0.6,1.6,2.8,12.2,7.6,3.6,2.8,8.0,3.6,4.4,1.6,2.0,-0.3999999999999999,H,201.59586071761575,4.6,0.8000000000000003,0.3333333333333333,0.2142857142857143,5,6,0.2,0.6,0.2,2.0,1.2,0.6,3.0,-0.09334779999999987,-1.0456522,0.9523044,-0.09334779999999987,-1.0456522,2.542902,0.8142318,1.0334348,2.129176,427200.0,2.6862048549437536
2025-01-04,Tottenham,Newcastle,1.0,2.0,1.00333,2.42963,-5,-8,2,10,2.6,3.0,2.6,0.8,13.2,18.4,5.2,6.6,5.8,4.4,1.3999999999999995,1.8,1.2,0.6000000000000001,A,-109.305117060989,-5.199999999999999,-1.3999999999999995,0.5,0.4545454545454546,6,5,0.7142857142857143,0.2857142857142857,0.0,2.0,3.0,2.4,1.2,0.1405246,1.9985417999999997,-1.8580171999999997,0.1405246,1.9985417999999997,1.9006800000000001,1.8645478,2.4345514,1.457094,99770.0,1.147255472082417
2025-01-05,Fulham,Ipswich,2.0,2.0,2.65469,1.4434,9,1,6,6,1.4,1.0,1.2,1.6,11.0,10.0,4.6,3.6,2.4,3.2,-0.8000000000000003,2.6,2.2,0.3999999999999999,D,130.35602651650697,1.0,0.9999999999999996,0.30434782608695654,0.2777777777777778,7,6,0.0,0.0,1.0,1.4,1.6,1.4,1.6,-0.5285793999999999,-1.1579254600000002,0.6293460600000003,-0.5285793999999999,-1.1579254600000002,0.7497812,1.22309874,1.3717342000000001,2.203096,92250.0,1.3415401703072936
2025-01-05,Liverpool,Man United,2.0,2.0,2.862,1.67469,13,8,13,4,3.8,0.8,1.8,2.2,19.4,14.2,8.2,4.2,7.2,5.2,2.0,2.6,1.0,1.6,D,233.99376696805257,5.199999999999999,3.999999999999999,0.4634146341463415,0.19047619047619047,7,6,0.42857142857142855,0.2857142857142857,0.2857142857142857,2.2,0.8,0.8,1.6,1.9952682000000004,0.1949474,1.8003208000000004,1.9952682000000004,0.1949474,2.4378400000000005,1.3113358,0.986247,1.8823384,125950.0,1.1526666666666667
2025-01-06,Wolves,Nott'm Forest,0.0,3.0,1.90463,2.57227,-14,-8,7,9,1.8,2.0,1.2,0.6,12.2,11.8,4.4,5.0,3.4,3.6,-0.20000000000000018,1.6,2.0,-0.3999999999999999,A,-167.70396672768288,0.3999999999999986,-0.5999999999999996,0.40909090909090906,0.4,8,8,0.2,0.0,0.8,1.8,1.6,1.4,1.6,-0.20956200000000003,0.5858052000000001,-0.7953672000000002,-0.20956200000000003,0.5858052000000001,1.0985928,0.969787,1.7225042000000002,1.543149,-48250.0,0.899750675254519
2025-01-14,Brentford,Man City,2.0,2.0,2.39088,2.65315,-5,-3,9,4,1.4,1.8,1.4,1.2,9.8,14.0,4.6,5.2,4.6,6.2,-1.6000000000000005,1.6,1.6,0.0,D,-184.13699837937,-4.199999999999999,-0.6000000000000005,0.30434782608695654,0.34615384615384615,10,10,0.5714285714285714,0.42857142857142855,0.0,2.4,2.0,1.2,1.6,0.414072,-0.06416520000000014,0.47823720000000014,0.414072,-0.06416520000000014,1.3142396,1.521849,1.6639444,2.3376840000000003,-932150.0,0.3145955882352941
2025-01-14,Chelsea,Bournemouth,2.0,2.0,2.53808,1.14845,3,-4,10,10,0.8,1.4,1.2,0.6,17.0,18.4,5.4,7.0,5.8,6.8,-1.0,1.6,2.0,-0.3999999999999999,D,49.24079065129354,-1.3999999999999986,-1.5999999999999996,0.14814814814814814,0.19999999999999998,10,10,0.4,0.4,0.2,1.8,1.0,2.6,1.6,0.2998039999999995,0.6555625999999999,-0.35575860000000037,0.2998039999999995,0.6555625999999999,1.7911439999999998,2.5195700000000003,1.6032186,1.448894,671400.0,2.2946394138064017
2025-01-14,West Ham,Fulham,3.0,2.0,0.937322,2.83581,-5,-2,5,9,0.8,1.6,2.2,1.4,13.4,13.6,2.6,5.0,4.0,4.2,-0.20000000000000018,1.4,2.0,-0.6000000000000001,H,-28.960568233365397,-0.1999999999999993,-2.4,0.3076923076923077,0.32,10,9,0.4,0.4,0.2,1.0,2.4,1.6,1.0,-0.7738382000000006,0.17014099999999988,-0.9439792000000005,-0.7738382000000006,0.17014099999999988,1.0609638000000001,1.6773699999999998,2.1966946,1.501863,38350.0,1.1058368980267697
2025-01-14,Nott'm Forest,Liverpool,1.0,1.0,0.5292,2.72291,-2,4,12,11,2.0,3.6,0.2,1.6,11.8,20.0,5.0,8.4,3.6,7.2,-3.6,2.0,2.0,0.0,D,-154.1783678070842,-8.2,-3.4000000000000004,0.4,0.42857142857142855,8,9,0.6,0.4,0.0,1.6,0.8,3.8,2.0,0.8830297999999996,2.0913122000000004,-1.2082824000000008,0.8830297999999996,2.0913122000000004,1.7761559999999998,3.0540580000000004,0.7822262,1.1738898,-469650.0,0.5061254534938745
2025-01-15,Arsenal,Tottenham,2.0,1.0,2.25501,0.777071,10,7,11,6,2.0,2.2,0.6,2.2,12.6,13.2,4.8,5.0,4.8,6.6,-1.7999999999999998,1.6,1.6,0.0,H,241.47873222635985,-0.5999999999999996,-0.20000000000000018,0.4166666666666667,0.44000000000000006,11,11,0.42857142857142855,0.42857142857142855,0.14285714285714285,1.6,0.4,1.8,0.6,1.2968154600000001,-0.28105939999999974,1.5778748599999999,1.2968154600000001,-0.28105939999999974,1.837714,1.9796848,0.44463554,1.7977002,382700.0,1.4923452978258074
2025-01-15,Newcastle,Wolves,3.0,0.0,2.13327,1.47433,12,8,10,7,3.0,1.6,0.2,1.4,18.0,11.0,6.8,4.6,5.6,4.4,1.1999999999999993,2.0,1.0,1.0,H,212.4405386225624,7.0,2.2,0.4411764705882353,0.3478260869565218,11,9,0.5714285714285714,0.14285714285714285,0.2857142857142857,2.2,1.0,2.0,1.8,2.2417118,-0.3986080000000001,2.6403198000000003,2.2417118,-0.3986080000000001,2.1322749999999995,1.0876862,0.8988140000000001,1.2974576,244480.0,1.564553746680522
2025-01-15,Everton,Aston Villa,0.0,1.0,1.23126,1.28522,-8,-4,6,0,0.2,1.4,0.8,1.8,7.4,11.2,1.8,3.6,3.4,6.6,-3.1999999999999997,3.4,1.4,2.0,A,-134.53342819674708,-3.799999999999999,-1.8,0.11111111111111112,0.38888888888888884,11,11,0.5714285714285714,0.2857142857142857,0.14285714285714285,1.0,0.6,0.4,2.8,-1.3915578000000002,-0.21283339999999984,-1.1787244000000003,-1.3915578000000002,-0.21283339999999984,1.1329972000000001,1.1282496,1.4459228000000002,2.368726,-317320.0,0.5337300712658879
2025-01-15,Leicester,Crystal Palace,0.0,2.0,2.09904,2.2647,-4,-8,4,9,0.4,1.4,2.8,1.6,6.4,14.0,2.6,6.2,3.0,4.8,-1.7999999999999998,2.0,2.0,0.0,A,-165.59761032460574,-7.6,-3.6,0.15384615384615385,0.2258064516129032,11,11,0.4,0.0,0.6,1.2,2.0,1.6,1.0,-1.4121841999999998,0.2257632000000005,-1.6379474000000003,-1.4121841999999998,0.2257632000000005,1.5607474,1.8846652,1.9061819999999998,1.5383116,-273500.0,0.4808769099364145
2025-01-16,Ipswich,Brighton,0.0,2.0,0.268127,1.06343,-6,3,4,6,1.2,1.0,1.6,1.4,7.8,15.4,3.2,5.2,2.4,4.4,-2.0000000000000004,2.8,1.6,1.1999999999999997,A,-129.32749996888265,-7.6000000000000005,-2.0,0.37499999999999994,0.1923076923076923,11,12,0.0,0.0,1.0,0.8,1.6,1.6,1.8,-1.0152894600000002,-0.43652020000000014,-0.5787692600000001,-1.0152894600000002,-0.43652020000000014,1.3181695999999998,1.1467304,2.250938,1.4223868,-397480.0,0.4045957038856766
2025-01-16,Man United,Southampton,3.0,1.0,3.10847,1.36705,5,3,6,2,0.8,0.2,2.0,2.6,13.4,9.4,3.6,2.6,6.0,3.6,2.4,1.8,2.0,-0.19999999999999996,H,254.02573592379872,4.0,1.0,0.22222222222222224,0.07692307692307693,11,12,0.0,0.4,0.6,1.8,1.6,0.4,1.2,-0.20621120000000004,-2.0859449999999997,1.8797337999999997,-0.20621120000000004,-2.0859449999999997,1.5508540000000002,0.7224033999999999,1.1811942,1.9205482,514950.0,2.660861151427189
2025-01-18,Arsenal,Aston Villa,2.0,2.0,1.64458,1.20602,5,3,13,3,2.4,1.4,0.8,1.4,12.8,11.8,4.6,3.8,5.2,7.0,-1.7999999999999998,2.2,1.4,0.8000000000000003,D,136.6791968082282,1.0,0.7999999999999998,0.5217391304347826,0.3684210526315789,3,3,0.42857142857142855,0.5714285714285714,0.0,1.6,0.2,0.4,2.0,1.35710646,0.17729400000000028,1.1798124599999997,1.35710646,0.17729400000000028,2.0710559999999996,0.8877956000000001,0.32935773999999995,2.1954759999999998,479450.0,1.7045037102343692
2025-01-18,Newcastle,Bournemouth,1.0,4.0,0.837801,2.70174,4,6,10,11,2.8,1.6,0.2,0.8,16.0,14.0,5.6,5.8,5.4,5.0,0.40000000000000036,1.4,2.6,-1.2000000000000002,A,19.512907456424045,2.0,-0.20000000000000018,0.5,0.27586206896551724,3,4,0.2,0.0,0.8,2.6,1.0,2.6,1.4,1.6199295999999994,0.3316066,1.2883229999999994,1.6199295999999994,0.3316066,2.386986,2.2507919999999997,1.011419,1.643562,158930.0,1.3064596991901272
2025-01-18,Brentford,Liverpool,0.0,2.0,1.20021,4.16249,-10,-6,7,11,1.6,3.4,1.4,1.4,11.6,21.4,5.0,9.0,4.4,8.0,-3.5999999999999996,1.2,1.6,-0.40000000000000013,A,-264.5845992681377,-9.799999999999999,-4.0,0.32,0.37777777777777777,4,4,0.7142857142857143,0.14285714285714285,0.14285714285714285,2.2,2.0,3.6,1.8,0.5481879999999999,2.3678982,-1.8197102,0.5481879999999999,2.3678982,1.4794676,3.327948,1.6961064000000001,1.0620698000000002,-523100.0,0.4499185025500815
2025-01-18,Leicester,Fulham,0.0,2.0,0.676934,2.36823,-9,-6,4,8,0.4,1.6,2.4,1.6,9.8,15.4,3.2,5.4,3.4,4.0,-0.6000000000000001,1.4,1.8,-0.40000000000000013,A,-186.15312516894755,-5.6,-2.2,0.125,0.2962962962962963,3,4,0.6666666666666666,0.3333333333333333,0.0,1.0,2.0,1.8,1.4,-0.6917460000000002,0.7119945999999999,-1.4037406000000001,-0.6917460000000002,0.7119945999999999,1.7869579999999998,1.9454700000000003,1.7958059999999996,1.5123584,-109000.0,0.6991858700151787
2025-01-18,West Ham,Crystal Palace,0.0,2.0,0.221062,1.62561,2,-1,7,11,1.2,1.2,2.4,1.4,11.0,13.2,2.6,6.0,2.8,4.4,-1.6000000000000005,1.6,1.2,0.40000000000000013,A,-55.60349051538742,-2.1999999999999993,-3.4,0.4615384615384615,0.19999999999999998,4,3,0.2857142857142857,0.42857142857142855,0.2857142857142857,1.6,2.8,1.6,0.6,-1.1075058000000002,-0.07769480000000017,-1.029811,-1.1075058000000002,-0.07769480000000017,1.0236882,1.8079072000000003,2.5906599999999997,1.6280836,-126150.0,0.7605580335959001
2025-01-19,Ipswich,Man City,0.0,6.0,0.795637,3.20228,-10,-4,3,5,0.8,2.0,1.8,1.2,6.8,16.2,2.8,6.2,2.0,5.6,-3.5999999999999996,2.8,1.4,1.4,A,-275.8597972828484,-9.399999999999999,-3.4000000000000004,0.28571428571428575,0.3225806451612903,3,5,1.0,0.0,0.0,0.6,1.8,1.4,1.6,-1.2735520599999999,0.26999220000000035,-1.5435442600000002,-1.2735520599999999,0.26999220000000035,0.9743670000000002,1.531811,2.2098000000000004,2.241628,-1089900.0,0.1986029411764706
2025-01-19,Nott'm Forest,Southampton,3.0,2.0,2.36419,1.25922,17,12,10,2,1.8,0.4,0.2,2.2,9.6,10.2,4.4,3.0,2.8,4.0,-1.2000000000000002,2.4,2.4,0.0,H,328.99163579720766,-0.5999999999999996,1.4000000000000004,0.40909090909090906,0.13333333333333333,5,3,0.3333333333333333,0.6666666666666666,0.0,1.2,1.0,0.6,1.4,0.06495240000000013,-1.9102970000000001,1.9752494000000003,0.06495240000000013,-1.9102970000000001,1.4119739999999998,0.8372824000000001,1.3003448,2.359686,171250.0,1.5523302693114014
2025-01-19,Everton,Tottenham,3.0,2.0,2.56089,1.35719,-1,1,5,6,0.2,1.4,1.0,2.6,9.0,11.6,2.4,3.6,4.6,6.4,-1.8000000000000007,3.2,1.2,2.0,H,-6.809777548555758,-2.5999999999999996,-1.2000000000000002,0.08333333333333334,0.38888888888888884,4,4,0.5714285714285714,0.0,0.42857142857142855,0.8,0.6,2.0,0.8,-1.1670530000000003,-1.1005791999999999,-0.06647380000000047,-1.1670530000000003,-1.1005791999999999,1.2022802,1.931259,1.4039048,2.0529800000000002,-414070.0,0.46729705390454135
2025-01-19,Man United,Brighton,1.0,3.0,1.31823,2.17172,-3,-3,6,6,1.0,1.2,2.0,0.8,16.0,14.2,4.8,5.2,6.6,4.6,2.0,1.8,1.8,0.0,A,-47.44867772577868,1.8000000000000007,-0.40000000000000036,0.20833333333333334,0.23076923076923075,3,3,0.5714285714285714,0.42857142857142855,0.0,1.8,1.8,1.6,1.6,-0.13963060000000027,0.05913040000000014,-0.1987610000000004,-0.13963060000000027,0.05913040000000014,1.9251679999999998,1.1132984000000001,1.3711452,1.0936982,157420.0,1.2358069444860542
2025-01-20,Chelsea,Wolves,3.0,1.0,3.14882,1.06726,11,-4,8,4,0.8,1.4,1.4,1.6,17.0,10.4,5.8,4.8,6.0,3.4,2.6,2.0,1.4,0.6000000000000001,H,220.036023056166,6.6,1.0,0.13793103448275862,0.2916666666666667,6,5,0.42857142857142855,0.2857142857142857,0.2857142857142857,1.8,1.2,1.2,2.2,0.3911600000000002,-0.4311940000000001,0.8223540000000003,0.3911600000000002,-0.4311940000000001,1.975172,1.1147462000000001,1.4844585999999997,1.58068,756950.0,2.747950583073548
2025-01-25,Bournemouth,Nott'm Forest,5.0,0.0,2.8254,0.996166,-4,-4,8,12,1.8,2.0,1.0,0.6,15.8,10.4,6.8,4.2,6.0,2.2,3.8,3.2,1.6,1.6,H,20.4347792273702,5.4,2.5999999999999996,0.2647058823529412,0.47619047619047616,7,6,0.0,0.4,0.6,0.8,0.6,2.0,1.0,0.7957984,0.24676779999999976,0.5490306000000003,0.7957984,0.24676779999999976,2.211512,1.4036138,0.946775,1.592043,37300.0,1.0774984417203408
2025-01-25,Brighton,Everton,0.0,1.0,0.64378,0.870883,7,5,6,3,1.6,0.8,0.8,1.4,13.0,10.4,4.6,2.8,4.2,4.8,-0.5999999999999996,2.0,2.8,-0.7999999999999998,A,45.26162419058619,2.5999999999999996,1.7999999999999998,0.3478260869565218,0.28571428571428575,6,6,0.0,0.7142857142857143,0.2857142857142857,1.0,1.2,0.2,1.2,0.20694440000000003,-0.8372929999999996,1.0442373999999996,0.20694440000000003,-0.8372929999999996,1.832952,0.5958403999999999,1.8634284,1.866426,304350.0,1.8378988519670731
2025-01-25,Liverpool,Ipswich,4.0,1.0,2.16809,0.804707,17,7,11,7,2.6,0.8,0.8,2.2,24.0,6.4,8.2,3.2,10.0,2.4,7.6,1.8,2.4,-0.5999999999999999,H,352.25275068309065,17.6,4.999999999999999,0.3170731707317074,0.25,7,6,0.0,1.0,0.0,2.2,1.0,1.2,1.2,2.1604162000000002,-1.3209626599999997,3.48137886,2.1604162000000002,-1.3209626599999997,2.6481660000000002,1.18038274,1.1180489999999998,1.9147079999999999,680850.0,3.520733061828952
2025-01-25,Southampton,Newcastle,1.0,3.0,0.825621,3.08319,-13,-12,0,10,0.8,2.2,2.8,1.0,11.2,15.6,3.6,5.2,4.6,6.6,-2.0,2.6,1.6,1.0,A,-343.8586679384598,-4.4,-1.6,0.22222222222222224,0.4230769230769231,6,7,0.4,0.4,0.2,0.6,3.8,2.2,1.2,-1.9367872000000002,0.8132238000000003,-2.7500110000000006,-1.9367872000000002,0.8132238000000003,1.4342987999999999,1.9766658,4.072903999999999,1.422056,-367480.0,0.45761811285109144
2025-01-25,Wolves,Arsenal,0.0,1.0,0.514724,0.887358,-15,-7,6,11,1.0,1.8,2.2,1.0,10.6,13.6,4.8,4.6,4.4,6.6,-2.1999999999999993,1.8,2.2,-0.40000000000000013,A,-339.3417435019833,-3.0,0.20000000000000018,0.20833333333333334,0.391304347826087,5,7,0.5714285714285714,0.42857142857142855,0.0,1.4,1.8,3.0,1.2,-0.9168320000000001,1.15499046,-2.07182246,-0.9168320000000001,1.15499046,1.1494828,2.659378,1.7072602,1.0058624,-726950.0,0.37331896551724136
2025-01-25,Man City,Chelsea,3.0,1.0,2.23213,1.49843,-2,6,7,8,3.0,1.4,0.8,1.6,17.2,18.4,6.8,6.2,6.2,5.6,0.6000000000000005,1.0,2.6,-1.6,H,88.15196986480191,-1.1999999999999993,0.5999999999999996,0.4411764705882353,0.2258064516129032,6,5,0.2857142857142857,0.42857142857142855,0.2857142857142857,1.8,1.6,2.0,1.4,0.9440428000000003,0.7184519999999996,0.22559080000000065,0.9440428000000003,0.7184519999999996,2.0996586,2.60878,1.6678827999999999,1.802672,170000.0,1.1428571428571428
2025-01-26,Aston Villa,West Ham,1.0,1.0,0.907851,1.67886,6,2,13,7,1.4,1.0,1.6,2.6,11.2,10.2,3.4,1.8,6.2,1.6,4.6,1.4,1.4,0.0,D,94.62079226875176,1.0,1.5999999999999999,0.4117647058823529,0.5555555555555556,8,8,0.2857142857142857,0.42857142857142855,0.2857142857142857,2.0,1.0,1.2,1.6,-0.10313999999999979,-1.3655314,1.2623914000000003,-0.10313999999999979,-1.3655314,2.403112,1.8144448,0.8736568,2.101006,279850.0,1.69840279510856
2025-01-26,Fulham,Man United,0.0,1.0,0.560571,0.201988,4,4,7,5,2.0,1.2,1.6,2.0,15.6,13.4,4.8,3.6,3.2,4.8,-1.5999999999999996,1.8,2.2,-0.40000000000000013,A,-0.9111027755882332,2.1999999999999993,1.1999999999999997,0.4166666666666667,0.3333333333333333,8,7,0.4,0.6,0.0,1.6,1.2,1.0,1.6,0.85575,-0.4017326000000001,1.2574826000000001,0.85575,-0.4017326000000001,1.1372876,1.1210778,1.3926082000000002,1.8561143999999998,-462650.0,0.4392121212121212
2025-01-26,Tottenham,Leicester,1.0,2.0,1.27483,1.40469,4,1,2,0,1.2,0.4,2.0,2.2,12.0,9.6,3.8,3.0,6.6,3.2,3.3999999999999995,1.2,1.6,-0.40000000000000013,A,78.51297775556668,2.4000000000000004,0.7999999999999998,0.3157894736842105,0.13333333333333333,7,8,0.6,0.2,0.2,2.0,3.0,0.6,3.2,-0.5413812,-0.9606792,0.41929799999999995,-0.5413812,-0.9606792,1.7511700000000001,0.5096118,2.4836933999999995,2.331062,523950.0,3.068087625814091
2025-01-26,Crystal Palace,Brentford,1.0,2.0,1.23177,1.92037,-1,6,6,5,1.4,1.6,0.4,1.4,12.6,12.4,6.2,5.6,4.6,3.0,1.5999999999999996,0.8,1.0,-0.19999999999999996,A,22.691465430287508,0.1999999999999993,0.6000000000000005,0.2258064516129032,0.28571428571428575,8,8,0.2857142857142857,0.0,0.7142857142857143,1.4,2.0,1.4,1.0,0.4930428,-0.005089400000000133,0.49813220000000014,0.4930428,-0.005089400000000133,1.8893360000000001,2.1288766,1.4787738,1.7976568,99000.0,1.2313895056678743
2025-02-01,Nott'm Forest,Brighton,7.0,0.0,4.0677,0.756296,6,2,13,9,1.8,1.6,1.6,1.0,12.0,11.4,4.4,3.4,3.6,5.0,-1.4,1.6,2.6,-1.0,H,69.79640996112903,0.5999999999999996,1.0000000000000004,0.40909090909090906,0.4705882352941177,7,7,0.4,0.2,0.4,1.6,0.8,2.0,1.2,-0.16759899999999983,0.08669440000000028,-0.2542934000000001,-0.16759899999999983,0.08669440000000028,1.6491079999999996,1.3277644,1.1783808,1.2240154,-186280.0,0.7209622816741065
2025-02-01,Bournemouth,Liverpool,0.0,2.0,1.65273,2.7219,-6,0,11,11,2.8,2.8,1.0,0.8,15.4,23.4,8.0,8.0,5.6,7.8,-2.2,3.2,1.2,2.0,A,-174.42649403080532,-7.999999999999998,0.0,0.35,0.35,7,7,0.8,0.2,0.0,1.6,0.2,3.4,1.4,1.0212804000000006,2.0974168,-1.0761363999999993,1.0212804000000006,2.0974168,2.3942780000000004,3.5227760000000004,0.8998902,0.9941418000000001,-432350.0,0.5453493874546506
2025-02-01,Everton,Leicester,4.0,0.0,3.11261,0.447136,1,3,7,3,0.8,0.6,1.2,1.8,9.4,11.2,2.4,3.4,4.0,3.8,0.20000000000000018,2.8,2.2,0.5999999999999996,H,134.85811550244898,-1.799999999999999,-1.0,0.33333333333333337,0.17647058823529413,7,6,0.0,0.4,0.6,1.4,1.0,1.0,2.8,-0.4186002,-0.5990312,0.180431,-0.4186002,-0.5990312,1.3954382,0.7070907999999999,1.4067148,2.338648,109880.0,1.4337083086639038
2025-02-01,Ipswich,Southampton,1.0,2.0,1.94845,1.17566,1,4,3,1,1.0,1.0,2.8,3.2,6.4,10.0,3.8,3.6,3.0,4.8,-1.7999999999999998,2.6,2.6,0.0,A,96.24580765485577,-3.5999999999999996,0.19999999999999973,0.2631578947368421,0.2777777777777778,7,7,0.0,0.0,1.0,0.6,2.8,0.8,1.8,-1.1763818000000001,-2.4477450000000003,1.2713632000000001,-1.1763818000000001,-2.4477450000000003,1.0391528,0.9021325999999998,2.519412,2.458552,-39950.0,0.871149814546041
2025-02-01,Newcastle,Fulham,1.0,2.0,1.22716,1.60881,5,7,10,8,2.2,1.6,1.2,1.6,14.6,14.6,5.4,4.0,6.4,3.6,2.8000000000000003,1.2,1.2,0.0,A,40.73305477627196,0.0,1.4000000000000004,0.40740740740740744,0.4,7,6,0.6,0.4,0.0,2.8,1.4,1.8,1.4,0.7441079999999998,0.8828606000000001,-0.13875260000000034,0.7441079999999998,0.8828606000000001,2.2549842,1.968454,1.3632022000000001,1.2556711999999999,315180.0,1.8698219953084034
2025-02-01,Wolves,Aston Villa,2.0,0.0,2.00146,0.742809,-10,-8,3,4,0.6,1.6,2.4,1.2,11.0,13.2,4.8,4.0,3.8,5.8,-2.0,1.4,1.6,-0.20000000000000018,H,-145.66402677566225,-2.1999999999999993,0.7999999999999998,0.125,0.4,7,6,0.5714285714285714,0.14285714285714285,0.2857142857142857,1.0,2.0,0.8,2.0,-1.0848814000000004,0.26328779999999985,-1.3481692000000003,-1.0848814000000004,0.26328779999999985,1.0698714,0.7963256,1.7262007999999998,1.988,-247500.0,0.6363235618249945
2025-02-02,Brentford,Tottenham,0.0,2.0,1.66475,0.945355,5,6,4,3,2.0,1.4,1.6,2.2,13.4,12.4,6.2,4.2,3.8,6.4,-2.6000000000000005,1.0,1.0,0.0,A,11.498594854559316,1.0,2.0,0.3225806451612903,0.3333333333333333,7,7,0.42857142857142855,0.14285714285714285,0.42857142857142855,1.4,2.2,1.6,1.4,0.2074599999999993,-0.5188332000000002,0.7262931999999995,0.2074599999999993,-0.5188332000000002,1.2757396,1.541799,2.3470934000000003,2.13336,-349450.0,0.5504309790299755
2025-02-02,Man United,Crystal Palace,0.0,2.0,1.50706,2.44633,2,-3,3,13,1.4,1.6,1.6,0.8,12.0,13.8,3.0,6.4,4.0,5.0,-1.0,2.0,0.8,1.2,A,-32.87154834673743,-1.8000000000000007,-3.4000000000000004,0.4666666666666666,0.25,7,7,0.5714285714285714,0.14285714285714285,0.2857142857142857,1.2,2.4,1.6,0.2,-0.3799265999999999,0.49568760000000056,-0.8756142000000005,-0.3799265999999999,0.49568760000000056,1.8364920000000002,1.8101552,1.6521394,1.063386,298150.0,1.5659106007402486
2025-02-02,Arsenal,Man City,5.0,1.0,1.53202,0.743191,2,-2,11,8,1.8,3.4,1.0,0.8,12.8,15.4,4.2,7.0,6.6,5.0,1.5999999999999996,2.2,1.4,0.8000000000000003,H,68.50962242654873,-2.5999999999999996,-2.8,0.42857142857142855,0.4857142857142857,8,8,0.42857142857142855,0.2857142857142857,0.2857142857142857,1.4,0.6,2.6,1.2,0.8122597999999998,0.7175106,0.09474919999999976,0.8122597999999998,0.7175106,2.06794,2.023264,0.48993453999999986,1.6606474000000002,-200000.0,0.8529411764705882
2025-02-03,Chelsea,West Ham,2.0,1.0,1.39066,1.1868,9,1,10,5,1.4,1.0,1.8,2.8,18.0,9.8,5.4,2.2,5.8,1.8,4.0,2.8,1.6,1.1999999999999997,H,133.79211756019708,8.2,3.2,0.25925925925925924,0.45454545454545453,9,8,0.7142857142857143,0.14285714285714285,0.14285714285714285,2.2,1.2,1.0,1.8,0.6163180000000001,-1.1518856,1.7682036,0.6163180000000001,-1.1518856,2.3568019999999996,1.9616520000000002,1.3058106,1.9830142,789300.0,2.969802845021213
2025-02-12,Everton,Liverpool,2.0,2.0,0.910523,0.929103,-15,-2,7,13,1.6,2.2,0.8,0.8,9.4,22.8,3.4,6.8,4.0,7.2,-3.2,2.0,1.8,0.19999999999999996,D,-241.1157840052633,-13.4,-3.4,0.4705882352941177,0.3235294117647059,11,11,0.6666666666666666,0.16666666666666666,0.16666666666666666,1.4,1.0,3.2,0.8,0.39696240000000005,1.7551706,-1.3582082,0.39696240000000005,1.7551706,1.7181522,3.6216239999999997,1.3265972,1.0205738,-587720.0,0.3819654030180346
2025-02-14,Brighton,Chelsea,3.0,0.0,2.06892,0.649788,-6,-1,3,5,1.2,1.8,2.0,1.6,10.8,18.4,3.6,5.0,5.6,5.2,0.39999999999999947,2.6,2.6,0.0,H,-54.980056641583815,-7.599999999999998,-1.4,0.3333333333333333,0.36,13,11,0.42857142857142855,0.2857142857142857,0.2857142857142857,0.6,1.2,1.2,1.8,-0.3872008,0.6360319999999999,-1.0232328,-0.3872008,0.6360319999999999,1.387476,1.741846,1.516937,1.86707,-522420.0,0.5609915966386555
2025-02-15,Leicester,Arsenal,0.0,2.0,0.233209,1.75,-16,-8,1,11,0.6,2.2,2.2,1.0,10.8,12.4,2.8,4.6,4.2,7.0,-2.8,1.8,2.2,-0.40000000000000013,A,-388.484120055,-1.5999999999999996,-1.7999999999999998,0.2142857142857143,0.47826086956521746,14,13,0.6,0.4,0.0,0.4,2.2,2.2,0.8,-1.1845380000000003,0.6248503999999997,-1.8093884,-1.1845380000000003,0.6248503999999997,1.3662228,2.0369796,1.69402,0.8617291999999999,-906650.0,0.2184051724137931
2025-02-15,Aston Villa,Ipswich,1.0,1.0,2.89841,0.332864,10,7,11,4,1.2,0.8,1.2,3.2,11.2,7.6,3.8,3.8,5.0,2.4,2.6,1.8,1.8,0.0,D,170.03730034702244,3.5999999999999996,0.0,0.3157894736842105,0.2105263157894737,14,14,0.0,0.0,1.0,1.6,1.0,1.0,1.8,-0.17682799999999976,-1.0007658000000001,0.8239378000000004,-0.17682799999999976,-1.0007658000000001,1.9413361999999998,0.9045401399999999,0.9828968000000001,1.99815,410450.0,2.5196223620881155
2025-02-15,Fulham,Nott'm Forest,2.0,1.0,2.20993,0.331301,-7,-3,4,12,1.6,2.8,1.4,1.6,15.4,12.6,3.6,4.8,4.8,3.6,1.1999999999999997,1.8,1.6,0.19999999999999996,H,-10.73163270365967,2.8000000000000007,-1.1999999999999997,0.4444444444444445,0.5833333333333334,14,14,0.6,0.4,0.0,1.0,1.2,2.0,1.4,1.1082614,0.21221399999999968,0.8960474000000003,1.1082614,0.21221399999999968,1.116073,1.4424160000000001,1.2131278,1.516785,-118950.0,0.7528568460419697
2025-02-15,Man City,Newcastle,4.0,0.0,2.12004,0.157211,1,1,10,12,3.2,2.0,1.8,1.6,14.0,14.4,6.8,5.4,4.6,6.6,-2.0,1.2,1.8,-0.6000000000000001,H,118.50325776178306,-0.40000000000000036,1.3999999999999995,0.4705882352941177,0.37037037037037035,13,14,0.42857142857142855,0.2857142857142857,0.2857142857142857,2.4,1.0,2.6,1.2,0.6121567999999997,0.41944399999999993,0.1927127999999998,0.6121567999999997,0.41944399999999993,2.1142866000000002,2.589106,1.3066708,1.1279902,682470.0,2.007291190058005
2025-02-15,Southampton,Bournemouth,1.0,3.0,0.974418,2.08722,-13,-7,0,11,1.2,2.4,3.0,1.0,10.4,15.0,3.8,6.8,3.8,4.8,-1.0,2.6,3.0,-0.3999999999999999,A,-314.88585664501534,-4.6,-3.0,0.3157894736842105,0.35294117647058826,14,14,0.3333333333333333,0.6666666666666666,0.0,0.4,3.8,2.6,1.2,-2.235175,0.6583756000000001,-2.8935506,-2.235175,0.6583756000000001,1.2914530000000002,2.175338,4.051872,1.6379154,-208550.0,0.5978596220593907
2025-02-15,West Ham,Brentford,0.0,1.0,0.673466,1.96499,-5,-3,7,7,1.2,1.8,2.2,1.4,11.2,16.4,3.2,6.6,1.8,5.0,-3.2,1.8,0.8,1.0,A,-34.136807611065706,-5.199999999999999,-3.3999999999999995,0.37499999999999994,0.27272727272727276,12,13,0.5714285714285714,0.2857142857142857,0.14285714285714285,1.2,2.2,1.8,1.2,-0.6365774000000002,0.6965142,-1.3330916000000002,-0.6365774000000002,0.6965142,0.8208226,2.2443226,2.1159120000000002,1.7249908,-27150.0,0.936543181021386
2025-02-15,Crystal Palace,Everton,1.0,2.0,2.30646,1.01565,3,0,5,5,1.6,2.0,0.6,1.0,12.2,9.6,5.0,4.0,3.4,3.8,-0.3999999999999999,0.6,2.0,-1.4,A,-3.8734084277641614,2.5999999999999996,1.0,0.32,0.5,13,3,0.5714285714285714,0.14285714285714285,0.2857142857142857,1.4,2.2,0.4,1.2,0.31641359999999996,0.8047474,-0.48833380000000004,0.31641359999999996,0.8047474,1.6765,0.5968204,1.8586500000000001,1.7704419999999998,163620.0,1.4504583872477494
2025-02-16,Liverpool,Wolves,2.0,1.0,1.86758,1.05329,16,8,11,4,2.2,0.6,0.8,2.0,20.2,10.4,6.4,5.2,6.6,3.8,2.8,1.8,1.4,0.40000000000000013,H,341.64528929578296,9.799999999999999,1.2000000000000002,0.34375,0.11538461538461538,4,15,0.5714285714285714,0.42857142857142855,0.0,2.6,1.2,1.4,2.0,1.5214245999999998,-0.5044246000000001,2.0258491999999997,1.5214245999999998,-0.5044246000000001,2.545392,1.1586534,0.9463164,1.9106360000000002,517900.0,2.1959358041796557
2025-02-16,Tottenham,Man United,1.0,0.0,1.97109,1.42652,-1,-4,1,7,1.4,1.4,1.8,1.6,12.4,13.4,4.0,3.4,6.0,5.8,0.20000000000000018,1.0,2.4,-1.4,H,-0.2102560875728159,-1.0,0.6000000000000001,0.35,0.4117647058823529,14,14,0.42857142857142855,0.2857142857142857,0.2857142857142857,2.0,3.2,1.0,1.4,-0.9914388000000003,-0.3194466,-0.6719922000000003,-0.9914388000000003,-0.3194466,1.803964,0.9076514,2.4500834,1.5708006,-47700.0,0.9421818181818182
2025-02-19,Aston Villa,Liverpool,2.0,2.0,1.02269,2.04279,-8,-7,9,11,1.0,2.4,1.2,0.8,13.6,17.6,4.0,5.6,6.8,5.6,1.2000000000000002,1.8,2.0,-0.19999999999999996,D,-183.10396838573456,-4.000000000000002,-1.5999999999999996,0.25,0.4285714285714286,4,3,0.42857142857142855,0.2857142857142857,0.2857142857142857,1.6,1.2,2.4,0.6,0.030257200000000095,1.2455405999999996,-1.2152833999999995,0.030257200000000095,1.2455405999999996,2.0183422,2.7670166000000003,0.9723032,0.9621883999999999,-270400.0,0.7156527682843472
2025-02-21,Leicester,Brentford,0.0,4.0,0.727901,2.03465,-8,-4,0,10,0.4,1.0,2.2,1.4,11.2,15.2,2.8,5.4,4.4,5.0,-0.5999999999999996,2.0,1.0,1.0,A,-158.1614698336839,-4.0,-2.6000000000000005,0.14285714285714288,0.18518518518518517,6,6,0.4,0.2,0.4,0.0,2.2,1.8,0.6,-1.1818722,-0.10500619999999983,-1.076866,-1.1818722,-0.10500619999999983,1.1279886000000001,2.4107885999999996,1.819652,1.216338,-174500.0,0.5921467804136964
2025-02-22,Everton,Man United,2.0,2.0,2.10444,0.645685,1,7,7,7,2.4,1.0,1.0,1.4,9.8,14.0,4.6,3.8,2.6,5.0,-2.4,1.8,2.0,-0.19999999999999996,D,33.55957069433157,-4.199999999999999,0.7999999999999998,0.5217391304347826,0.2631578947368421,7,6,0.5714285714285714,0.2857142857142857,0.14285714285714285,1.8,1.4,1.0,1.2,0.5573773999999996,-0.19089859999999992,0.7482759999999995,0.5573773999999996,-0.19089859999999992,1.6860948,1.1417388,1.2092358,1.3716506000000002,-461770.0,0.4402787878787879
2025-02-22,Arsenal,West Ham,0.0,1.0,1.37264,1.02684,14,9,11,5,2.4,1.0,0.8,1.6,12.8,10.4,5.0,3.0,7.4,3.4,4.0,1.8,1.8,0.0,A,230.7819869812056,2.4000000000000004,2.0,0.48,0.3333333333333333,7,7,0.2857142857142857,0.5714285714285714,0.14285714285714285,2.0,0.8,1.0,1.6,0.9189506,-0.8054821999999999,1.7244327999999998,0.9189506,-0.8054821999999999,1.7809759999999997,1.6235799999999998,0.58735614,1.7050242,759300.0,2.8949338657349637
2025-02-22,Bournemouth,Wolves,0.0,1.0,0.629691,2.10124,12,7,8,4,2.8,0.8,1.2,1.8,14.0,11.0,6.6,4.8,4.2,3.4,0.8000000000000003,3.2,1.6,1.6,A,130.91910564047248,3.0,1.7999999999999998,0.42424242424242425,0.16666666666666669,7,6,0.0,0.8,0.2,1.4,0.6,1.4,2.0,0.46943500000000027,-0.5337546,1.0031896000000002,0.46943500000000027,-0.5337546,2.069392,1.0741774,1.3194834000000002,2.044536,85550.0,1.197552245699111
2025-02-22,Fulham,Crystal Palace,0.0,2.0,0.23426,1.46203,6,0,6,13,1.6,1.6,1.2,0.8,17.2,13.0,4.8,5.0,4.6,3.4,1.1999999999999997,1.6,0.6,1.0,A,1.939329814629445,4.199999999999999,-0.20000000000000018,0.33333333333333337,0.32,7,7,0.0,0.4,0.6,1.2,1.2,1.8,0.2,1.2417292,0.6223376,0.6193915999999999,1.2417292,0.6223376,1.5278614000000001,1.9685772,0.792728,1.2704564,-164500.0,0.6877669165796716
2025-02-22,Ipswich,Tottenham,1.0,4.0,1.15389,1.58741,-4,-5,3,6,0.6,1.4,3.0,1.4,7.0,14.2,3.8,4.6,2.2,6.2,-4.0,1.4,1.0,0.3999999999999999,A,-127.42884982777493,-7.199999999999999,-0.7999999999999998,0.15789473684210525,0.30434782608695654,7,6,0.0,1.0,0.0,0.6,2.8,2.0,1.2,-1.2716170000000004,-0.5972647999999998,-0.6743522000000006,-1.2716170000000004,-0.5972647999999998,1.1154828,1.6060831999999998,2.0562899999999997,1.8108780000000002,-507200.0,0.34748488357133667
2025-02-22,Southampton,Brighton,0.0,4.0,0.154147,5.12018,-9,-6,0,8,1.4,1.6,2.6,1.8,11.0,11.2,4.4,3.8,4.2,5.6,-1.3999999999999995,2.4,2.4,0.0,A,-275.1139911375417,-0.1999999999999993,0.6000000000000005,0.3181818181818181,0.4210526315789474,7,8,0.2,0.2,0.6,0.4,3.4,1.6,2.2,-1.3979101999999997,-0.09411640000000032,-1.3037937999999993,-1.3979101999999997,-0.09411640000000032,1.1043086,1.2546556,3.3026959999999996,1.7526793999999999,-357530.0,0.4644387189550316
2025-02-22,Aston Villa,Chelsea,2.0,1.0,2.69413,2.17418,-4,-3,7,2,1.2,1.6,1.6,2.0,13.2,17.0,4.2,4.8,7.0,5.8,1.2000000000000002,1.8,2.6,-0.8,H,3.415510389474548,-3.8000000000000007,-0.5999999999999996,0.2857142857142857,0.33333333333333337,3,8,0.2857142857142857,0.5714285714285714,0.14285714285714285,1.6,1.4,0.4,1.8,-0.1845547999999999,0.3044435999999997,-0.4889983999999996,-0.1845547999999999,0.3044435999999997,1.8109042,1.3571516,1.1616072000000002,1.6298780000000002,-509450.0,0.5718907563025211
2025-02-23,Newcastle,Nott'm Forest,4.0,3.0,3.45858,2.38603,-5,-1,9,9,1.6,2.4,2.2,2.0,12.2,12.0,4.8,4.6,5.4,3.8,1.6000000000000005,1.2,1.2,0.0,H,32.108380511402856,0.1999999999999993,0.20000000000000018,0.33333333333333337,0.5217391304347826,8,8,0.2,0.8,0.0,2.4,1.2,1.6,1.4,-0.2583818,-0.29703979999999963,0.03865799999999964,-0.2583818,-0.29703979999999963,2.1963022,1.3784328000000001,1.2394322,1.6648310000000002,196230.0,1.4077082900477873
2025-02-23,Man City,Liverpool,0.0,2.0,0.58248,0.807058,-3,-1,10,9,3.2,2.4,1.6,1.2,14.2,13.6,6.8,4.6,4.6,4.2,0.39999999999999947,0.8,1.4,-0.5999999999999999,A,-83.46506460778983,0.5999999999999996,2.2,0.4705882352941177,0.5217391304347826,8,4,0.42857142857142855,0.0,0.5714285714285714,2.6,1.0,1.8,1.0,0.9153225999999999,0.8571046,0.05821799999999988,0.9153225999999999,0.8571046,1.8979565999999999,2.5158386000000004,1.177682,1.0630706,409050.0,1.430148798569851
2025-02-25,Wolves,Fulham,1.0,2.0,0.928973,1.43473,-7,-3,6,10,1.0,1.2,1.2,1.0,11.0,15.0,4.4,3.8,4.4,5.4,-1.0,1.8,1.2,0.6000000000000001,A,-128.6118354980208,-4.0,0.6000000000000005,0.22727272727272727,0.3157894736842105,3,3,0.4,0.2,0.4,1.0,1.2,2.0,1.4,-0.1076568,0.6164776000000001,-0.7241344000000001,-0.1076568,0.6164776000000001,1.2969566000000001,1.9756680000000002,1.2589606,1.2989312000000002,70700.0,1.1951152200910722
2025-02-25,Chelsea,Southampton,4.0,0.0,2.98234,0.845039,13,3,10,4,1.4,1.2,2.0,2.8,14.8,9.6,4.2,3.6,4.6,4.4,0.1999999999999993,2.8,2.2,0.5999999999999996,H,316.23522639909174,5.200000000000001,0.6000000000000001,0.3333333333333333,0.3333333333333333,3,3,0.4,0.6,0.0,2.0,1.4,1.2,1.8,-0.0774724,-2.0428328000000002,1.9653604000000002,-0.0774724,-2.0428328000000002,2.245056,1.0600982,1.368082,2.3455660000000003,879950.0,3.838090630543461
2025-02-25,Brighton,Bournemouth,2.0,1.0,2.57927,1.70169,-3,0,5,11,2.0,2.4,1.8,1.0,12.6,14.2,5.2,6.6,5.0,4.8,0.20000000000000018,2.0,3.2,-1.2000000000000002,H,12.043463484478709,-1.5999999999999996,-1.3999999999999995,0.3846153846153846,0.36363636363636365,3,3,0.6,0.4,0.0,1.0,1.0,2.8,1.2,0.7400296,0.45305119999999977,0.2869784000000002,0.7400296,0.45305119999999977,1.427288,1.894528,1.4599008000000002,1.519439,148980.0,1.2872734284612417
2025-02-25,Crystal Palace,Aston Villa,4.0,1.0,4.02522,0.667217,-3,3,4,4,1.6,1.2,0.8,1.4,13.2,14.0,5.2,4.6,4.2,7.2,-3.0,1.2,1.4,-0.19999999999999996,H,-4.318521342043823,-0.8000000000000007,0.6000000000000005,0.3076923076923077,0.2608695652173913,3,3,0.5714285714285714,0.14285714285714285,0.2857142857142857,1.2,2.2,0.8,1.8,0.8347596,0.007147200000000353,0.8276123999999997,0.8347596,0.007147200000000353,1.8948399999999999,0.7697988,1.7448599999999999,1.998414,-153700.0,0.7741532583939461
2025-02-26,Brentford,Everton,1.0,1.0,1.34009,1.44955,3,-2,1,8,1.4,2.2,1.0,1.0,14.4,9.2,5.4,5.0,5.4,3.4,2.0000000000000004,1.0,2.2,-1.2000000000000002,D,-14.303637501723642,5.200000000000001,0.40000000000000036,0.25925925925925924,0.44000000000000006,5,4,0.42857142857142855,0.2857142857142857,0.2857142857142857,0.6,2.2,0.8,0.6,0.20879760000000003,0.6083883999999999,-0.3995907999999999,0.20879760000000003,0.6083883999999999,1.2594896,0.6466006,2.1448744,1.8794119999999999,64620.0,1.1779038075048867
2025-02-26,Man United,Ipswich,3.0,2.0,1.40202,1.04498,3,3,3,5,0.8,0.8,1.6,3.4,11.2,9.4,2.6,4.2,5.8,2.8,3.0,2.0,1.4,0.6000000000000001,H,139.5489338151758,1.799999999999999,-1.6,0.3076923076923077,0.19047619047619047,4,4,0.0,0.0,1.0,0.8,2.2,1.2,1.8,-0.8309336,-1.1992604,0.36832679999999995,-0.8309336,-1.1992604,1.8439639999999997,0.8785587399999999,2.0111619999999997,2.224658,554900.0,3.0544242873009995
2025-02-26,Nott'm Forest,Arsenal,0.0,0.0,0.508611,1.31766,-1,-4,13,13,2.8,2.0,2.6,0.8,14.2,14.0,5.0,4.6,5.0,5.8,-0.7999999999999998,1.6,1.4,0.20000000000000018,D,-153.4475414529902,0.1999999999999993,0.40000000000000036,0.5599999999999999,0.4347826086956522,3,4,0.8,0.2,0.0,2.8,0.8,2.4,0.6,-0.07280780000000009,0.6925227999999999,-0.7653306,-0.07280780000000009,0.6925227999999999,2.1094739999999996,1.9003196,1.2370858,0.8781734,-678700.0,0.4149137931034483
2025-02-26,Tottenham,Man City,0.0,1.0,1.28426,2.38641,-8,0,4,7,2.0,2.8,1.2,1.6,14.2,13.2,5.4,6.2,6.2,5.0,1.2000000000000002,1.0,0.8,0.19999999999999996,A,-192.37858447673625,1.0,-0.7999999999999998,0.37037037037037035,0.4516129032258064,4,3,0.42857142857142855,0.42857142857142855,0.14285714285714285,1.6,2.4,2.4,1.8,-0.21497299999999986,0.8179529999999999,-1.0329259999999998,-0.21497299999999986,0.8179529999999999,1.547206,1.8549821999999998,2.2207354,1.7240994,-582700.0,0.5715441176470588
2025-02-26,Liverpool,Newcastle,2.0,0.0,1.40027,0.45882,5,5,11,12,2.0,1.8,1.0,2.8,12.0,11.4,4.2,4.8,4.6,6.0,-1.4000000000000004,1.4,1.4,0.0,H,189.8554379799259,0.5999999999999996,-0.5999999999999996,0.47619047619047616,0.375,3,3,0.42857142857142855,0.42857142857142855,0.14285714285714285,2.6,1.4,2.2,1.2,0.6293436000000001,-0.17565980000000003,0.8050034000000001,0.6293436000000001,-0.17565980000000003,2.1788,2.2292582,1.0079714,1.2027982000000002,273420.0,1.4035540861659261
2025-02-27,West Ham,Leicester,2.0,0.0,1.70437,0.289578,3,1,4,3,0.6,0.4,1.2,2.6,10.6,8.6,2.8,2.6,3.4,4.6,-1.1999999999999997,1.8,2.8,-0.9999999999999998,H,160.5564594965865,2.0,0.19999999999999973,0.2142857142857143,0.15384615384615385,5,6,0.6,0.2,0.2,0.8,2.2,0.8,2.8,-0.4949446000000003,-1.41009,0.9151453999999998,-0.4949446000000003,-1.41009,0.7158998000000001,0.615007,2.213776,2.5174000000000003,147350.0,1.5816064732583384
2025-03-08,Wolves,Everton,1.0,1.0,0.812432,1.3672,-1,-3,6,8,1.0,2.2,1.0,1.2,12.8,11.4,4.6,5.6,4.6,4.2,0.39999999999999947,1.6,1.6,0.0,D,-90.25868406050996,1.4000000000000004,-1.0,0.2173913043478261,0.3928571428571429,11,10,0.42857142857142855,0.42857142857142855,0.14285714285714285,1.0,1.2,1.0,0.8,0.20750380000000002,0.5848597999999998,-0.3773559999999998,0.20750380000000002,0.5848597999999998,1.2352551999999999,0.9100773999999999,1.1992086,1.8857,69820.0,1.1922198056327946
2025-03-08,Liverpool,Southampton,3.0,1.0,4.98996,0.511566,19,8,13,3,2.0,0.8,1.0,3.0,10.6,9.0,3.4,3.2,4.8,3.2,1.5999999999999996,0.8,1.8,-1.0,H,506.0587401292753,1.5999999999999996,0.19999999999999973,0.5882352941176471,0.25,10,11,0.4,0.4,0.2,2.6,1.0,1.2,2.6,0.6037995999999999,-2.2492989999999997,2.8530985999999996,0.6037995999999999,-2.2492989999999997,2.039458,1.1730998,0.8424954,2.691524,640900.0,3.0670859538784065
2025-03-08,Brentford,Aston Villa,0.0,1.0,0.637743,1.29638,-1,5,2,4,1.6,1.2,0.8,2.0,14.6,12.4,4.8,4.2,5.4,8.0,-2.5999999999999996,1.0,1.2,-0.19999999999999996,A,-79.89805258200931,2.1999999999999993,0.5999999999999996,0.33333333333333337,0.2857142857142857,10,11,0.42857142857142855,0.14285714285714285,0.42857142857142855,0.8,2.0,0.8,2.2,0.7793615999999999,-0.5102516000000001,1.2896132,0.7793615999999999,-0.5102516000000001,1.3737068000000001,0.8253575999999999,2.2418050000000003,2.3462380000000005,-252700.0,0.6286826831239438
2025-03-08,Brighton,Fulham,2.0,1.0,1.94417,0.708227,1,0,8,12,1.8,1.2,1.8,1.2,13.6,13.8,5.4,4.4,4.8,6.0,-1.2000000000000002,1.8,1.6,0.19999999999999996,H,39.80870864135,-0.20000000000000107,1.0,0.3333333333333333,0.2727272727272727,11,11,0.6,0.2,0.2,1.2,0.6,2.0,1.2,0.7448475999999995,0.37936979999999987,0.36547779999999963,0.7448475999999995,0.37936979999999987,1.6784959999999998,2.005374,1.1990028000000001,1.0653298,305230.0,1.842362356837312
2025-03-08,Nott'm Forest,Man City,1.0,0.0,0.501476,0.721234,1,-5,11,10,2.2,1.8,2.2,1.6,12.6,12.2,4.4,5.4,5.2,4.2,1.0,1.8,0.6,1.2000000000000002,H,-79.73082874126044,0.40000000000000036,-1.0,0.5,0.3333333333333333,10,10,0.6,0.2,0.2,2.4,0.6,2.4,1.4,-0.45561160000000056,0.5570544,-1.0126660000000005,-0.45561160000000056,0.5570544,1.7539761999999999,2.1130101999999997,1.4227332000000001,1.5689754,-878700.0,0.3538970588235294
2025-03-08,Crystal Palace,Ipswich,1.0,0.0,3.13879,1.63282,6,8,7,2,2.0,1.2,1.0,2.8,14.6,10.2,5.0,4.0,4.0,3.2,0.7999999999999998,1.8,2.2,-0.40000000000000013,H,211.37935505556104,4.4,1.0,0.4,0.3,11,10,0.0,1.0,0.0,1.8,1.4,1.2,2.2,1.2254506000000005,-0.7893398000000003,2.0147904000000008,1.2254506000000005,-0.7893398000000003,2.378844,0.74085674,1.2674354,2.2575659999999997,256750.0,1.9505738615327657
2025-03-09,Chelsea,Leicester,1.0,0.0,1.76844,0.108487,14,3,10,3,1.6,0.4,1.8,2.6,14.8,9.0,4.8,2.2,4.8,4.2,0.5999999999999996,2.2,2.2,0.0,H,253.35494798123045,5.800000000000001,2.5999999999999996,0.33333333333333337,0.18181818181818182,12,10,0.2,0.6,0.2,2.4,1.2,0.8,2.4,-0.06632419999999972,-1.3547892000000004,1.2884650000000006,-0.06632419999999972,-1.3547892000000004,2.323232,0.6355708,1.2053678,2.067352,936650.0,4.69705940398658
2025-03-09,Tottenham,Bournemouth,2.0,2.0,1.35053,2.22536,-4,3,4,8,1.6,1.8,0.8,1.2,14.2,14.2,5.4,5.6,6.2,5.4,0.7999999999999998,1.4,2.2,-0.8000000000000003,D,-52.70075443889732,0.0,-0.1999999999999993,0.2962962962962963,0.32142857142857145,11,12,0.4,0.6,0.0,1.0,1.4,2.4,1.6,-0.19466300000000003,-0.09525260000000024,-0.09941039999999979,-0.19466300000000003,-0.09525260000000024,1.563568,1.8692039999999999,1.6575893999999998,1.578227,258700.0,1.4988430389510219
2025-03-09,Man United,Arsenal,1.0,1.0,1.31107,1.82996,-13,-3,6,11,1.2,1.6,1.4,0.4,11.2,13.0,3.6,3.6,6.0,6.0,0.0,2.2,1.2,1.0000000000000002,D,-195.8436774473621,-1.8000000000000007,0.0,0.3333333333333333,0.4444444444444445,11,11,0.8571428571428571,0.14285714285714285,0.0,1.4,2.0,1.4,0.4,-0.5888276000000001,0.7666206,-1.3554482,-0.5888276000000001,0.7666206,1.667302,1.5529836,1.8544960000000004,0.6588556,-335000.0,0.7112068965517241
2025-03-10,West Ham,Newcastle,0.0,1.0,0.823986,1.62976,-7,1,6,9,1.0,1.6,0.8,2.4,10.8,9.4,3.2,3.8,3.6,5.0,-1.4,1.6,1.4,0.20000000000000018,A,-101.64984431795848,1.4000000000000004,-0.5999999999999996,0.3125,0.4210526315789474,11,12,0.14285714285714285,0.42857142857142855,0.42857142857142855,1.0,2.0,1.4,1.6,0.06892339999999986,0.00883799999999968,0.06008540000000018,0.06892339999999986,0.00883799999999968,0.8108998,1.6742502000000001,2.0029336,1.2699982,-276830.0,0.5914129263648842
2025-03-15,Everton,West Ham,1.0,1.0,1.189,0.516029,1,1,8,7,1.6,0.8,1.4,0.8,11.2,9.8,5.0,2.8,4.2,3.6,0.6000000000000001,2.0,1.0,1.0,D,27.755281846667916,1.3999999999999986,2.2,0.32,0.28571428571428575,7,5,0.42857142857142855,0.42857142857142855,0.14285714285714285,2.2,1.4,1.0,1.4,0.16271860000000005,-0.2464331999999998,0.40915179999999984,0.16271860000000005,-0.2464331999999998,1.9839446000000003,1.4652939999999999,0.9328667999999999,1.5698682000000002,-37470.0,0.906488644871475
2025-03-15,Ipswich,Nott'm Forest,2.0,4.0,0.520839,1.30722,-15,-6,3,6,1.0,2.4,2.2,1.2,12.6,10.8,5.0,4.4,3.2,4.0,-0.7999999999999998,2.4,1.8,0.5999999999999999,A,-242.2327012419496,1.799999999999999,0.5999999999999996,0.2,0.5454545454545454,7,7,1.0,0.0,0.0,0.8,2.8,1.8,2.2,-0.8178572000000002,-0.13371639999999996,-0.6841408000000002,-0.8178572000000002,-0.13371639999999996,1.1334068,1.6626594000000001,1.7269999999999999,2.2027462,-211200.0,0.5611884479534593
2025-03-15,Man City,Brighton,2.0,2.0,2.02642,2.11119,2,-6,10,10,1.2,2.2,1.6,1.8,12.0,12.2,4.8,6.0,4.2,3.6,0.6000000000000001,0.4,1.2,-0.7999999999999999,D,77.61270205203618,-0.1999999999999993,-1.2000000000000002,0.25,0.3666666666666667,7,7,0.5714285714285714,0.2857142857142857,0.14285714285714285,2.4,1.0,2.2,2.0,0.45426599999999995,1.0374567999999997,-0.5831907999999998,0.45426599999999995,1.0374567999999997,1.886832,2.0099336,0.9297695999999999,1.5376348,692420.0,2.0372090236376166
2025-03-15,Southampton,Wolves,1.0,2.0,1.2821,0.540718,-3,-4,0,4,0.8,1.2,3.0,1.0,7.8,13.2,3.0,4.4,3.4,5.4,-2.0000000000000004,1.8,2.0,-0.19999999999999996,A,-183.506434815788,-5.3999999999999995,-1.4000000000000004,0.26666666666666666,0.2727272727272727,7,7,0.6,0.4,0.0,0.4,3.2,1.0,2.0,-2.6934640000000005,0.17107700000000015,-2.864541000000001,-2.6934640000000005,0.17107700000000015,0.8804259999999999,1.2673634000000003,3.548088,2.0127382000000003,-123000.0,0.715968133010045
2025-03-15,Bournemouth,Brentford,1.0,2.0,2.02714,1.60321,3,-3,7,13,1.2,1.2,1.6,0.8,14.4,14.6,5.2,4.2,6.0,5.2,0.7999999999999998,2.4,1.0,1.4,A,14.578768968612168,-0.1999999999999993,1.0,0.23076923076923075,0.2857142857142857,6,7,0.4,0.2,0.4,1.2,0.6,2.4,0.2,-0.2861334,0.5099141999999999,-0.7960475999999999,-0.2861334,0.5099141999999999,1.7856462,2.4859966,1.3760774000000002,0.8436261999999999,90750.0,1.2121070468622182
2025-03-16,Leicester,Man United,0.0,3.0,1.30455,1.13892,-4,-5,0,5,0.0,1.2,2.6,1.6,7.2,12.4,2.2,4.6,3.8,6.4,-2.6000000000000005,1.2,2.0,-0.8,A,-193.16528842962956,-5.2,-2.3999999999999995,0.0,0.2608695652173913,7,7,0.6,0.2,0.2,0.0,2.4,1.0,1.4,-1.7127518,-0.6208890000000002,-1.0918627999999997,-1.7127518,-0.6208890000000002,1.1158328000000002,0.8615518,1.9995199999999997,1.6649180000000001,-571650.0,0.3070909090909091
2025-03-16,Fulham,Tottenham,2.0,0.0,1.03966,1.40865,4,-1,5,6,1.4,1.8,1.4,0.8,13.2,13.6,4.0,5.0,6.8,5.6,1.2000000000000002,2.0,1.8,0.19999999999999996,H,71.22847455671331,-0.40000000000000036,-1.0,0.35,0.36,8,7,0.6,0.2,0.2,1.2,1.6,1.8,1.4,0.06046459999999998,-0.3436570000000003,0.4041216000000003,0.06046459999999998,-0.3436570000000003,1.3242034,1.1449212,1.0291278,1.786944,-414950.0,0.46616492988550107
2025-03-16,Arsenal,Chelsea,1.0,0.0,0.695725,0.286036,2,-1,10,1,1.6,1.6,0.6,1.2,14.6,16.8,4.2,5.4,6.8,6.4,0.39999999999999947,1.2,2.0,-0.8,H,140.09636249188725,-2.200000000000001,-1.2000000000000002,0.38095238095238093,0.2962962962962963,7,7,0.2857142857142857,0.42857142857142855,0.2857142857142857,2.0,1.0,0.6,2.2,0.7958717999999998,0.41240640000000006,0.38346539999999973,0.7958717999999998,0.41240640000000006,1.7937739999999998,1.4888055999999998,0.76629094,1.954542,-30000.0,0.9747899159663865
2025-04-01,Arsenal,Fulham,2.0,1.0,2.30189,1.44206,6,-1,10,9,0.8,1.4,0.4,1.2,14.6,12.8,3.6,4.0,6.8,6.6,0.20000000000000018,1.4,1.2,0.19999999999999996,H,183.20970833761132,1.799999999999999,-0.3999999999999999,0.22222222222222224,0.35,16,16,0.4,0.2,0.4,2.0,1.0,1.8,1.4,0.7200438000000002,-0.08966340000000006,0.8097072000000003,0.7200438000000002,-0.08966340000000006,1.4999950000000002,1.7911614,0.8078316000000001,1.1429118,797650.0,3.2013246860769975
2025-04-01,Wolves,West Ham,1.0,0.0,1.10359,1.73057,-1,0,4,5,1.2,0.8,1.2,0.6,12.6,9.0,4.0,2.8,4.6,4.0,0.5999999999999996,1.6,1.2,0.40000000000000013,H,-15.428280082178162,3.5999999999999996,1.2000000000000002,0.3,0.28571428571428575,17,17,0.8571428571428571,0.14285714285714285,0.0,0.8,1.4,1.0,1.6,-0.22892959999999984,-0.3402554000000002,0.11132580000000036,-0.22892959999999984,-0.3402554000000002,1.2324438,1.1882778000000003,1.4008734,1.3680022,32350.0,1.0807337159970052
2025-04-01,Nott'm Forest,Man United,1.0,0.0,0.512063,1.86688,10,-1,11,8,1.8,1.8,1.6,1.2,10.2,12.6,3.8,5.2,3.8,5.0,-1.2000000000000002,1.8,1.4,0.40000000000000013,H,96.38158324263532,-2.4000000000000004,-1.4000000000000004,0.4736842105263158,0.34615384615384615,17,16,0.6,0.4,0.0,2.4,0.6,1.6,1.0,-0.6387209999999999,-0.46616100000000005,-0.17255999999999982,-0.6387209999999999,-0.46616100000000005,1.5942354,1.0175606,1.355464,1.7605302000000003,-343700.0,0.5833939393939394
2025-04-02,Bournemouth,Ipswich,1.0,2.0,1.99637,1.41263,8,3,6,2,1.4,1.2,1.6,2.6,15.0,11.8,5.6,4.6,6.2,4.2,2.0,2.6,2.6,0.0,A,133.91737452620805,3.1999999999999993,1.0,0.25,0.2608695652173913,18,18,0.0,1.0,0.0,1.4,1.0,1.2,2.2,0.012486600000000125,-1.1296914000000005,1.1421780000000006,0.012486600000000125,-1.1296914000000005,1.9506962,1.0517542,1.5967062000000003,2.4524,248500.0,1.9200296186597556
2025-04-02,Brighton,Aston Villa,0.0,3.0,0.558009,1.20715,2,5,10,7,2.6,1.4,0.8,1.6,13.2,12.8,5.6,4.4,3.4,7.4,-4.0,1.6,1.0,0.6000000000000001,A,-26.993776438672967,0.3999999999999986,1.1999999999999993,0.46428571428571436,0.3181818181818181,18,25,0.5714285714285714,0.2857142857142857,0.14285714285714285,1.6,0.8,1.0,1.6,1.7166916,-0.12679400000000007,1.8434856000000002,1.7166916,-0.12679400000000007,1.8002539999999996,1.0395292,1.1484016000000001,1.9080526,-12970.0,0.9809418852398795
2025-04-02,Man City,Leicester,2.0,0.0,2.07165,0.104741,14,7,10,3,1.4,0.0,1.0,2.4,12.8,7.6,4.6,2.6,4.6,3.8,0.7999999999999998,0.8,1.6,-0.8,H,341.2959693367416,5.200000000000001,1.9999999999999996,0.30434782608695654,0.0,18,17,0.4,0.6,0.0,2.6,1.2,0.6,2.0,0.5950777999999999,-1.1465310000000002,1.7416088,0.5950777999999999,-1.1465310000000002,1.788186,0.6130742,1.2213498,2.04117,1106650.0,5.368067890270377
2025-04-02,Newcastle,Brentford,2.0,1.0,2.26584,1.53201,4,-4,9,15,1.2,1.6,2.2,0.6,7.8,12.6,2.6,4.2,4.2,3.8,0.40000000000000036,1.6,1.0,0.6000000000000001,H,101.28420598706292,-4.8,-1.6,0.4615384615384615,0.38095238095238093,23,18,0.42857142857142855,0.42857142857142855,0.14285714285714285,2.4,1.8,2.8,0.4,-0.2815209999999999,0.28124919999999975,-0.5627701999999997,-0.2815209999999999,0.28124919999999975,2.0970962,2.614392,1.6792863999999998,0.9819782000000001,249680.0,1.583569007829847
2025-04-02,Southampton,Crystal Palace,1.0,1.0,0.687304,0.93776,-8,-12,0,13,0.6,2.0,3.2,0.6,8.0,15.2,2.8,4.8,4.0,4.2,-0.20000000000000018,1.2,2.2,-1.0000000000000002,D,-288.3831552853688,-7.199999999999999,-2.0,0.2142857142857143,0.4166666666666667,18,25,0.4,0.4,0.2,0.6,3.4,1.6,0.0,-2.3906296,1.6643646000000003,-4.0549942,-2.3906296,1.6643646000000003,0.69718,1.6597472,3.2760095999999996,1.0526624,-216800.0,0.588497674860017
2025-04-02,Liverpool,Everton,1.0,0.0,1.29718,0.823136,14,6,13,8,2.2,1.4,0.8,1.2,15.0,11.8,4.0,5.4,5.4,5.0,0.40000000000000036,0.8,1.8,-1.0,H,263.67856752542457,3.1999999999999993,-1.4000000000000004,0.55,0.25925925925925924,25,18,0.5714285714285714,0.14285714285714285,0.2857142857142857,2.6,1.0,1.0,0.8,1.4957624,0.3010288000000001,1.1947336,1.4957624,0.3010288000000001,2.65758,1.0528596000000001,0.9006146000000002,1.5442564,587720.0,2.618038157641164
2025-04-03,Chelsea,Tottenham,1.0,0.0,1.30443,1.40274,8,-1,13,6,1.2,1.4,1.2,1.2,14.0,13.4,5.2,5.4,6.4,6.0,0.40000000000000036,2.0,1.6,0.3999999999999999,H,119.85158945462626,0.5999999999999996,-0.20000000000000018,0.23076923076923075,0.25925925925925924,18,18,0.42857142857142855,0.42857142857142855,0.14285714285714285,2.4,0.8,1.8,1.6,0.28969659999999986,-0.12597999999999998,0.41567659999999984,0.28969659999999986,-0.12597999999999998,2.3656680000000003,1.2151352000000002,0.8712072,1.7348400000000002,412700.0,1.5309404348385436
2025-04-05,Aston Villa,Nott'm Forest,2.0,1.0,2.63349,0.96769,-4,0,9,6,1.8,1.8,1.4,1.2,9.4,10.2,4.2,3.8,4.2,3.6,0.6000000000000001,1.6,2.0,-0.3999999999999999,H,22.428792287641954,-0.7999999999999989,0.40000000000000036,0.42857142857142855,0.4736842105263158,3,4,0.8,0.0,0.2,1.6,1.2,2.2,2.6,-0.5100750000000001,-0.5339585999999996,0.02388359999999956,-0.5100750000000001,-0.5339585999999996,1.9737362,1.5185973999999998,1.4088348,2.1838758,199250.0,1.4139829628090588
2025-04-05,West Ham,Bournemouth,2.0,2.0,0.907832,1.94869,-6,6,6,8,0.8,1.0,0.6,1.8,8.4,17.0,2.4,5.6,2.6,6.6,-3.9999999999999996,1.4,2.2,-0.8000000000000003,D,-30.29291459046885,-8.6,-3.1999999999999997,0.33333333333333337,0.17857142857142858,4,3,0.2,0.2,0.6,1.0,1.2,2.4,1.6,0.04344539999999997,-0.09332579999999968,0.13677119999999965,0.04344539999999997,-0.09332579999999968,0.8720412,1.9728920000000003,1.6691496000000001,1.6560198,-117900.0,0.7726571538758196
2025-04-05,Everton,Arsenal,1.0,1.0,1.22875,1.4031,-14,-4,9,9,1.0,0.8,1.2,0.6,10.6,15.8,4.2,3.4,5.6,6.4,-0.8000000000000007,2.0,1.4,0.6000000000000001,D,-196.5651220939344,-5.200000000000001,0.8000000000000003,0.23809523809523808,0.23529411764705885,3,4,0.7142857142857143,0.14285714285714285,0.14285714285714285,2.4,1.4,1.0,0.4,0.46438199999999985,0.5886516000000002,-0.12426960000000031,0.46438199999999985,0.5886516000000002,1.9754926000000002,1.5192796,0.7790286,0.8665488,-796770.0,0.3131293103448276
2025-04-05,Crystal Palace,Brighton,2.0,1.0,0.443965,1.27226,-4,0,7,10,1.8,2.0,0.8,1.4,14.8,12.8,4.8,5.4,4.6,3.8,0.7999999999999998,2.2,1.6,0.6000000000000001,H,22.2267568461084,2.0,-0.6000000000000005,0.375,0.37037037037037035,3,3,0.2857142857142857,0.14285714285714285,0.5714285714285714,1.6,1.2,2.2,2.0,1.5266018000000003,1.3030370000000002,0.22356480000000012,1.5266018000000003,1.3030370000000002,2.395768,2.2445632,1.3502934,1.5669248,-140730.0,0.7891938044878516
2025-04-05,Ipswich,Wolves,1.0,2.0,0.872356,2.8096,-1,-7,0,6,1.4,1.2,2.6,0.8,13.0,11.2,4.4,3.6,4.6,4.2,0.39999999999999947,2.4,2.0,0.3999999999999999,A,-109.44558553491584,1.8000000000000007,0.8000000000000003,0.3181818181818181,0.3333333333333333,3,4,0.0,1.0,0.0,0.8,3.6,1.0,1.8,-0.7333301999999999,-0.19146760000000018,-0.5418625999999998,-0.7333301999999999,-0.19146760000000018,0.9373886,1.2473676,1.6672,1.8122922,-162950.0,0.6237155062925759
2025-04-06,Brentford,Chelsea,0.0,0.0,1.36123,1.47829,-8,-2,2,1,1.6,1.4,1.0,0.6,12.2,14.6,3.8,6.2,4.4,5.4,-1.0,1.0,2.6,-1.6,D,-79.08876389063471,-2.4000000000000004,-2.4000000000000004,0.4210526315789474,0.2258064516129032,4,3,0.14285714285714285,0.5714285714285714,0.2857142857142857,0.6,1.6,0.6,2.0,-0.12382160000000009,0.5538610000000002,-0.6776826000000002,-0.12382160000000009,0.5538610000000002,1.4467346,1.2247688,2.1013849999999996,1.7935009999999998,-762150.0,0.35953781512605043
2025-04-06,Fulham,Liverpool,3.0,2.0,1.72764,1.40638,-9,-7,7,11,1.2,2.0,1.4,0.6,9.8,16.4,2.6,4.0,5.8,6.8,-1.0,1.6,0.8,0.8,H,-182.05142743931376,-6.599999999999998,-1.4,0.4615384615384615,0.5,5,4,0.4,0.2,0.4,1.2,1.2,2.0,0.8,-0.6373551999999998,1.4277132,-2.0650683999999995,-0.6373551999999998,1.4277132,1.3398222,2.1326682000000003,0.9694738,1.0737266,-588600.0,0.38104001261896
2025-04-06,Tottenham,Southampton,3.0,1.0,2.648,0.780439,4,3,4,3,1.2,0.6,1.4,2.8,10.6,7.4,4.4,2.4,5.2,3.6,1.6,2.4,1.4,1.0,H,218.05193594291651,3.1999999999999993,2.0000000000000004,0.2727272727272727,0.25,3,4,0.2,0.4,0.4,1.0,1.4,1.2,2.8,-0.21523199999999987,-2.2181604000000004,2.0029284000000005,-0.21523199999999987,-2.2181604000000004,1.376808,1.031707,1.9745219999999999,3.0786819999999997,467250.0,2.5070149975810354
2025-04-06,Man United,Man City,0.0,0.0,1.23317,0.687894,-9,1,7,7,1.8,1.0,1.2,1.0,14.0,14.2,5.2,4.2,6.0,4.2,1.7999999999999998,1.6,1.0,0.6000000000000001,D,-143.27713607061128,-0.1999999999999993,1.0,0.34615384615384615,0.23809523809523808,5,4,0.5714285714285714,0.42857142857142855,0.0,1.6,1.8,2.0,1.6,-0.08628360000000002,0.5958937999999999,-0.6821773999999999,-0.08628360000000002,0.5958937999999999,1.72937,1.9412530000000001,1.7720080000000002,1.3008546,-535000.0,0.6066176470588235
2025-04-07,Leicester,Newcastle,0.0,3.0,0.354575,3.44111,-12,-9,0,9,0.0,1.4,2.4,2.0,6.8,9.8,2.2,2.6,3.2,4.2,-1.0,2.0,1.0,1.0,A,-291.8339558975283,-3.000000000000001,-0.3999999999999999,0.0,0.5384615384615384,5,5,0.6,0.2,0.2,0.0,2.6,1.2,1.6,-1.2365545999999998,-0.05842499999999973,-1.1781296,-1.2365545999999998,-0.05842499999999973,1.0083268,1.5517222,1.9113,1.2346494,-424180.0,0.37393178161852614
2025-04-12,Arsenal,Brentford,1.0,1.0,0.767369,0.588583,10,4,10,12,1.0,0.8,0.6,1.0,14.6,11.2,4.0,3.0,7.6,3.8,3.8,1.4,1.2,0.19999999999999996,D,194.18688051908043,3.4000000000000004,1.0,0.25,0.26666666666666666,7,6,0.42857142857142855,0.42857142857142855,0.14285714285714285,2.0,1.0,2.0,0.8,0.5543615999999999,-0.40858339999999993,0.9629449999999998,0.5543615999999999,-0.40858339999999993,1.5093710000000002,1.811046,0.9408293999999999,1.3852234,732150.0,2.711230571461961
2025-04-12,Southampton,Aston Villa,0.0,3.0,0.412256,2.99927,-13,-11,1,7,0.8,1.8,2.6,1.2,8.6,11.0,3.0,5.0,2.8,3.8,-1.0,1.2,1.8,-0.6000000000000001,A,-357.74068933164904,-2.4000000000000004,-2.0,0.26666666666666666,0.36,6,7,0.8,0.2,0.0,0.8,2.6,1.4,1.6,-1.5984660000000002,0.027105000000000157,-1.6255710000000003,-1.5984660000000002,0.027105000000000157,0.784718,1.0239152,2.3538136,1.7734023999999997,-370500.0,0.45558739255014324
2025-04-12,Nott'm Forest,Everton,0.0,1.0,0.423949,1.26036,12,6,13,8,1.4,0.8,0.8,1.0,10.6,9.8,3.4,3.0,3.2,4.8,-1.5999999999999996,1.6,1.8,-0.19999999999999996,A,27.518251072042403,0.7999999999999989,0.3999999999999999,0.4117647058823529,0.26666666666666666,7,7,0.2,0.4,0.4,2.4,0.4,1.0,0.8,-0.6526086,0.1377609999999998,-0.7903695999999998,-0.6526086,0.1377609999999998,1.590808,1.1052838,1.184258,1.2799884,118070.0,1.3250557498004019
2025-04-12,Brighton,Leicester,2.0,2.0,3.6978,1.98444,10,7,9,3,1.4,0.0,1.8,2.2,11.4,6.6,4.0,2.0,3.4,4.6,-1.1999999999999997,1.8,1.6,0.19999999999999996,D,213.44454468564984,4.800000000000001,2.0,0.35,0.0,7,5,0.4,0.0,0.6,1.4,1.2,0.4,2.0,0.4754893999999996,-1.5925117999999998,2.0680011999999994,0.4754893999999996,-1.5925117999999998,1.5588297999999998,0.4709264,1.0275476,1.98638,414230.0,2.635010854549043
2025-04-12,Man City,Crystal Palace,5.0,2.0,4.59724,1.33808,5,-5,10,13,1.0,2.0,0.6,0.6,12.8,13.0,4.2,4.2,3.4,3.8,-0.3999999999999999,1.4,2.2,-0.8000000000000003,H,109.75118100379018,-0.1999999999999993,0.0,0.23809523809523808,0.47619047619047616,6,7,0.14285714285714285,0.42857142857142855,0.42857142857142855,2.2,1.0,1.8,0.2,0.5317542,1.1027808000000003,-0.5710266000000004,0.5317542,1.1027808000000003,1.806544,1.7472860000000001,0.9357260000000001,0.9497452,833150.0,2.5813798994021067
2025-04-13,Chelsea,Ipswich,2.0,2.0,2.90758,1.60301,12,7,15,4,1.2,1.4,0.2,2.2,15.8,10.8,5.8,3.8,6.0,4.6,1.4000000000000004,2.6,2.4,0.20000000000000018,D,207.34225437273267,5.0,2.0,0.20689655172413793,0.3684210526315789,7,8,1.0,0.0,0.0,2.2,0.4,1.2,2.0,0.6812630000000003,-1.0340749999999999,1.715338,0.6812630000000003,-1.0340749999999999,2.1189380000000004,1.0456001999999998,0.9220652000000001,2.320736,919900.0,4.405775638652351
2025-04-13,Liverpool,West Ham,2.0,1.0,1.42902,1.46598,15,7,15,5,2.0,1.0,0.8,1.0,15.8,9.2,4.6,2.6,6.0,3.4,2.6,0.8,1.2,-0.3999999999999999,H,287.64600954183175,6.600000000000001,1.9999999999999996,0.4347826086956522,0.3846153846153846,7,8,0.5714285714285714,0.2857142857142857,0.14285714285714285,2.4,0.6,0.8,1.0,1.1594412000000003,-0.09556619999999993,1.2550074000000002,1.1594412000000003,-0.09556619999999993,2.344616,1.2278198,0.7303038,1.1927482,550250.0,2.3732218617419516
2025-04-13,Wolves,Tottenham,4.0,2.0,2.22977,1.62887,-2,6,7,6,1.4,1.0,1.0,1.4,13.0,11.2,4.0,4.8,4.4,5.2,-0.7999999999999998,1.8,2.4,-0.5999999999999999,H,24.88247960998092,1.8000000000000007,-0.7999999999999998,0.35,0.20833333333333334,8,7,0.42857142857142855,0.42857142857142855,0.14285714285714285,1.0,0.8,1.6,1.4,-0.0983286000000001,0.07157619999999998,-0.16990480000000008,-0.0983286000000001,0.07157619999999998,1.0722358,1.3402690000000002,1.2325334,1.544724,-344250.0,0.5571208027788499
2025-04-13,Newcastle,Man United,4.0,1.0,2.6383,0.786568,6,4,9,7,2.0,1.4,1.2,0.8,12.4,14.8,3.4,5.0,3.8,5.2,-1.4000000000000004,0.8,2.0,-1.2,H,118.72919972110662,-2.4000000000000004,-1.6,0.5882352941176471,0.27999999999999997,6,7,0.5714285714285714,0.14285714285714285,0.2857142857142857,2.2,2.0,1.2,0.8,0.9514478000000004,0.3145225999999999,0.6369252000000005,0.9514478000000004,0.3145225999999999,1.9845302,1.0559986,1.940584,1.2905428,-147470.0,0.8212484848484849
2025-04-14,Bournemouth,Fulham,1.0,0.0,1.8577,1.07203,-2,-7,3,9,1.4,1.8,2.0,1.4,17.6,10.2,5.8,3.8,6.8,5.2,1.5999999999999996,2.0,2.0,0.0,H,-26.620762465615144,7.400000000000002,2.0,0.24137931034482757,0.4736842105263158,9,8,0.6,0.0,0.4,1.4,1.4,1.6,1.2,0.4091555999999996,-0.32754919999999976,0.7367047999999994,0.4091555999999996,-0.32754919999999976,1.8262661999999998,1.5124114000000002,1.7670292,1.4158254000000001,156250.0,1.4312129156892508
2025-04-16,Newcastle,Crystal Palace,5.0,0.0,2.32947,2.37548,8,2,9,10,2.0,2.0,0.8,1.6,12.4,12.6,3.6,3.8,3.8,3.2,0.5999999999999996,0.6,2.2,-1.6,H,87.75128796956756,-0.1999999999999993,-0.19999999999999973,0.5555555555555556,0.5263157894736842,3,4,0.42857142857142855,0.0,0.5714285714285714,2.4,2.2,1.8,1.2,1.1072842,0.2053948000000001,0.9018894,1.1072842,0.2053948000000001,2.0855362,1.561962,1.8030316,1.4493852,150680.0,1.28600170826611
2025-04-19,Aston Villa,Newcastle,4.0,1.0,3.05371,1.27176,-4,-3,9,9,2.0,3.0,1.0,0.4,13.6,14.6,5.8,5.0,6.2,4.4,1.7999999999999998,1.8,0.8,1.0,H,13.025556254829551,-1.0,0.7999999999999998,0.3448275862068966,0.6,7,3,0.8571428571428571,0.14285714285714285,0.0,1.6,1.2,1.4,1.4,0.44051779999999985,1.2863722000000004,-0.8458544000000006,0.44051779999999985,1.2863722000000004,2.0313141999999997,1.7540182000000002,1.4392768,1.1048984000000002,3020.0,1.0044573672014523
2025-04-19,West Ham,Southampton,1.0,1.0,0.98423,0.922877,3,1,4,3,0.8,0.8,1.4,2.4,9.8,8.6,3.0,3.0,3.4,2.8,0.6000000000000001,1.6,1.4,0.20000000000000018,D,195.8679625129662,1.200000000000001,0.0,0.26666666666666666,0.26666666666666666,6,7,0.2,0.4,0.4,0.8,1.2,1.2,2.8,-0.3711325999999999,-1.6884086,1.3172760000000001,-0.3711325999999999,-1.6884086,0.8661432,0.9143848,1.4917256,2.986588,90650.0,1.2923721980325753
2025-04-19,Everton,Man City,0.0,2.0,0.81683,1.87989,-7,-2,7,7,0.8,1.8,0.8,1.0,9.6,14.6,3.2,5.0,5.2,3.0,2.2,2.2,1.8,0.40000000000000013,A,-149.44207166378874,-5.0,-1.7999999999999998,0.25,0.36,7,7,0.2857142857142857,0.42857142857142855,0.2857142857142857,2.0,1.2,1.6,1.2,0.28315120000000005,0.9631562,-0.680005,0.28315120000000005,0.9631562,1.7090646,1.5482018,0.7882106,1.0693126000000002,-996770.0,0.2670808823529412
2025-04-19,Crystal Palace,Bournemouth,0.0,0.0,0.337818,0.664093,-4,2,9,8,1.2,1.4,2.4,1.6,11.0,16.2,3.4,5.4,3.4,6.2,-2.8000000000000003,2.2,2.4,-0.19999999999999973,D,20.77555218616635,-5.199999999999999,-2.0000000000000004,0.35294117647058826,0.25925925925925924,3,5,0.4,0.4,0.2,1.8,1.2,2.4,1.6,-0.45700379999999985,0.7418056,-1.1988093999999998,-0.45700379999999985,0.7418056,2.2292409999999996,2.13294,1.3016634,1.3299702,8250.0,1.0159082144234477
2025-04-19,Brentford,Brighton,4.0,2.0,2.95516,1.24107,-2,0,2,7,0.8,1.4,1.0,2.0,9.4,13.4,2.8,4.6,4.4,3.8,0.6000000000000005,1.4,1.8,-0.40000000000000013,H,9.381120763155876,-4.0,-1.7999999999999998,0.28571428571428575,0.30434782608695654,7,7,0.42857142857142855,0.14285714285714285,0.42857142857142855,0.2,1.2,2.0,2.4,-0.4224486000000003,0.6426454000000001,-1.0650940000000004,-0.4224486000000003,0.6426454000000001,1.2408046000000001,2.2863292000000004,1.866413,1.6020924,-239730.0,0.6408969711495252
2025-04-20,Fulham,Chelsea,1.0,2.0,0.306122,0.75172,-2,-2,9,1,1.4,0.8,1.4,0.6,10.4,18.8,4.2,5.6,6.0,8.2,-2.1999999999999993,1.8,2.8,-0.9999999999999998,A,-55.95789436612995,-8.4,-1.3999999999999995,0.3333333333333333,0.14285714285714288,6,7,0.4,0.4,0.2,1.4,1.2,0.4,1.8,-0.5858345999999999,0.5147168,-1.1005513999999998,-0.5858345999999999,0.5147168,1.1544121999999999,1.2173447999999998,0.9620698000000001,1.810427,-827650.0,0.3044957983193277
2025-04-20,Ipswich,Arsenal,0.0,4.0,0.192879,2.81362,-16,-5,0,9,1.4,1.2,2.0,0.8,11.0,14.8,4.0,4.4,4.2,8.0,-3.8,2.0,1.4,0.6000000000000001,A,-348.18526140142194,-3.8000000000000007,-0.40000000000000036,0.35,0.2727272727272727,7,8,1.0,0.0,0.0,1.0,3.6,1.0,0.4,-1.2235809999999996,0.42830900000000005,-1.6518899999999996,-1.2235809999999996,0.42830900000000005,1.0582344000000001,1.4376156,2.0164340000000003,0.7592728,-889900.0,0.2328448275862069
2025-04-20,Man United,Wolves,0.0,1.0,1.13966,0.187814,3,-8,5,9,1.0,2.0,1.2,1.0,14.6,12.0,4.8,4.0,4.6,3.2,1.3999999999999995,1.6,1.8,-0.19999999999999996,A,-17.136802629033582,2.5999999999999996,0.7999999999999998,0.20833333333333334,0.5,7,7,0.42857142857142855,0.5714285714285714,0.0,1.0,1.6,1.4,1.4,-0.1272317999999999,0.12300280000000008,-0.2502346,-0.1272317999999999,0.12300280000000008,1.3543100000000001,1.5144216000000001,1.6361768,1.5601094,391950.0,1.9050917907862834
2025-04-20,Leicester,Liverpool,0.0,1.0,0.232205,4.52706,-18,-11,0,8,0.4,2.0,2.2,1.0,7.6,17.2,2.8,5.0,5.2,7.0,-1.7999999999999998,2.6,0.8,1.8,A,-434.7705798220716,-9.6,-2.2,0.14285714285714288,0.4,8,7,0.8,0.2,0.0,0.0,2.8,2.0,1.4,-1.6522254000000005,1.1071336,-2.759359000000001,-1.6522254000000005,1.1071336,0.6594338000000001,1.5814461999999998,2.146582,1.1792126,-697600.0,0.2664177927335822
2025-04-21,Tottenham,Nott'm Forest,1.0,2.0,2.4024,0.557682,-10,-5,7,3,1.4,1.4,2.0,1.0,11.2,11.4,4.4,4.0,4.4,2.8,1.6000000000000005,2.2,1.4,0.8000000000000003,A,-129.55389210030103,-0.20000000000000107,0.40000000000000036,0.3181818181818181,0.35,8,9,0.6,0.4,0.0,1.4,1.2,1.8,3.0,0.17182620000000015,-0.6580809999999999,0.8299072000000001,0.17182620000000015,-0.6580809999999999,1.705742,1.1976814,1.6446838,2.3296478,296000.0,1.6150010388531062
2025-04-22,Man City,Aston Villa,2.0,1.0,1.36232,1.85906,2,-4,10,9,2.2,2.6,0.8,0.4,14.2,17.0,5.8,7.2,3.6,6.0,-2.4,1.4,1.8,-0.40000000000000013,H,76.9406411020675,-2.8000000000000007,-1.4000000000000004,0.37931034482758624,0.3611111111111111,3,3,0.7142857142857143,0.14285714285714285,0.14285714285714285,2.6,1.2,1.6,1.2,1.1318165999999996,1.4685084,-0.3366918000000003,1.1318165999999996,1.4685084,2.279566,1.3825652,0.9036560000000001,1.5269376,679450.0,1.9983836602747778
2025-04-23,Arsenal,Crystal Palace,2.0,2.0,1.92149,2.50515,10,6,10,7,1.8,1.0,0.6,2.4,16.2,8.2,4.6,2.6,8.6,3.4,5.199999999999999,1.2,2.0,-0.8,D,153.6889662750491,8.0,1.9999999999999996,0.391304347826087,0.3846153846153846,3,4,0.42857142857142855,0.42857142857142855,0.14285714285714285,1.8,0.8,1.4,2.2,0.8486792000000002,-0.8234527999999997,1.672132,0.8486792000000002,-0.8234527999999997,1.3339288000000002,1.7119360000000001,0.817342,1.8710668,633150.0,2.201765208313562
2025-04-26,Wolves,Leicester,3.0,0.0,2.57666,1.04978,4,14,10,1,2.0,0.4,0.8,2.2,10.6,8.0,3.8,2.2,2.6,5.0,-2.4,2.0,2.8,-0.7999999999999998,H,195.2317186244709,2.5999999999999996,1.5999999999999996,0.5263157894736842,0.18181818181818182,6,6,0.6,0.4,0.0,1.8,1.0,0.4,2.2,0.04358720000000016,-2.1792057999999996,2.222793,0.04358720000000016,-2.1792057999999996,1.415245,0.5868764000000001,1.3808358,2.470974,179700.0,1.7092954410894021
2025-04-26,Southampton,Fulham,1.0,2.0,0.935581,1.9956,-11,-4,1,6,0.8,1.4,2.0,1.4,10.4,10.4,3.0,4.2,3.0,5.8,-2.8,1.4,1.6,-0.20000000000000018,A,-282.1960352159035,0.0,-1.2000000000000002,0.26666666666666666,0.3333333333333333,7,6,0.3333333333333333,0.3333333333333333,0.3333333333333333,0.6,2.6,1.2,1.4,-0.8050004,-0.42776559999999986,-0.3772348000000001,-0.8050004,-0.42776559999999986,0.702045,1.2531714,2.3370296,1.6519786,-52300.0,0.855664412860494
2025-04-26,Newcastle,Ipswich,3.0,0.0,4.11539,0.127203,13,8,12,5,3.0,1.4,1.2,2.6,14.8,8.8,5.0,2.4,5.0,3.4,1.6,1.2,1.4,-0.19999999999999996,H,264.1193661910536,6.0,2.6,0.6,0.5833333333333334,7,6,0.0,1.0,0.0,3.2,1.4,1.4,1.6,0.7688274000000002,-1.4465352,2.2153626,0.7688274000000002,-1.4465352,2.38387,1.2052608,1.7377796,2.468634,407430.0,2.5084413180303593
2025-04-26,Brighton,West Ham,3.0,2.0,1.29433,1.24134,7,-1,10,4,1.4,1.0,2.6,1.4,14.0,10.4,4.4,3.4,4.8,3.2,1.5999999999999996,2.4,2.0,0.3999999999999999,H,89.16887711886989,3.5999999999999996,1.0000000000000004,0.3181818181818181,0.29411764705882354,7,7,0.2857142857142857,0.2857142857142857,0.42857142857142855,1.8,1.4,0.8,1.2,0.05263880000000021,-0.19770719999999975,0.25034599999999996,0.05263880000000021,-0.19770719999999975,2.1696338,1.1852437999999998,1.250259,1.2969820000000003,266880.0,1.6660344397304716
2025-04-26,Chelsea,Everton,1.0,0.0,0.768313,0.916838,8,3,13,8,1.0,0.6,0.8,1.0,17.4,8.8,5.8,3.0,6.6,4.6,2.0,3.2,2.6,0.6000000000000001,H,87.50410475144963,8.599999999999998,2.8,0.1724137931034483,0.19999999999999998,6,7,0.42857142857142855,0.14285714285714285,0.42857142857142855,2.0,0.6,1.0,0.8,0.2718457999999999,-0.040414400000000184,0.3122602000000001,0.2718457999999999,-0.040414400000000184,2.07069,1.1831791999999999,1.0292151999999999,1.2360222,826770.0,3.27616111004047
2025-04-27,Bournemouth,Man United,1.0,1.0,0.60995,1.91039,5,1,3,4,1.0,0.8,1.2,1.2,15.8,15.0,4.6,4.0,5.8,6.0,-0.20000000000000018,2.6,2.0,0.6000000000000001,D,35.5207544957284,0.8000000000000007,0.5999999999999996,0.2173913043478261,0.2,8,7,0.2,0.6,0.2,0.6,1.4,1.2,1.6,0.6320945999999998,0.16691539999999994,0.4651791999999999,0.6320945999999998,0.16691539999999994,1.6327262,1.1729146,1.7822019999999998,1.7060886,-306400.0,0.6286060606060606
2025-04-27,Liverpool,Tottenham,5.0,1.0,2.51104,0.512812,15,9,15,6,1.8,1.2,1.0,2.0,20.4,13.2,6.4,4.8,8.8,5.2,3.6000000000000005,1.2,1.8,-0.6000000000000001,H,318.5037750344261,7.199999999999999,1.6000000000000005,0.28125,0.25,7,6,0.42857142857142855,0.2857142857142857,0.2857142857142857,2.0,0.6,1.6,1.6,1.7778146,0.7157358000000005,1.0620787999999994,1.7778146,0.7157358000000005,2.1968020000000004,1.394605,0.8625584,1.4785,173650.0,1.2234015180753892
2025-05-01,Nott'm Forest,Brentford,0.0,2.0,0.670607,1.52054,5,1,10,10,1.6,1.6,1.2,1.2,10.4,10.0,3.8,3.8,2.4,4.0,-1.6,1.6,1.6,0.0,A,10.594573007599593,0.40000000000000036,0.0,0.4210526315789474,0.4210526315789474,10,12,0.4,0.2,0.4,1.8,0.2,1.8,0.8,-0.9830730000000003,0.052096800000000165,-1.0351698000000005,-0.9830730000000003,0.052096800000000165,1.2027598000000002,1.5446886000000002,1.184486,1.2923432000000001,53450.0,1.1249269603833119
2025-05-02,Man City,Wolves,1.0,0.0,0.859463,0.622455,9,-2,10,12,2.2,2.2,0.6,0.6,14.8,13.6,6.4,4.4,4.8,3.2,1.5999999999999996,1.6,2.2,-0.6000000000000001,H,198.97040839895067,1.200000000000001,2.0,0.34375,0.5,10,6,0.5714285714285714,0.42857142857142855,0.0,2.2,1.4,1.4,0.8,1.0494226000000004,0.4972396000000001,0.5521830000000003,1.0494226000000004,0.4972396000000001,2.128022,1.3385324,1.2440258,1.1582774,926950.0,3.140514952084055
2025-05-03,Aston Villa,Fulham,1.0,0.0,1.29013,0.702787,1,6,11,6,2.6,1.4,0.8,1.6,16.0,13.0,7.0,4.4,5.4,7.2,-1.7999999999999998,2.0,1.8,0.19999999999999996,H,100.7178498032904,3.0,2.5999999999999996,0.37142857142857144,0.3181818181818181,11,7,0.6,0.4,0.0,2.2,1.2,1.2,1.4,1.436129,-0.14196379999999986,1.5780927999999999,1.436129,-0.14196379999999986,2.4604860000000004,1.3305294,1.3578568,1.5936628000000002,318200.0,1.8781564785428453
2025-05-03,Everton,Ipswich,2.0,2.0,0.808481,1.14351,3,0,4,4,0.4,1.0,1.0,2.4,7.4,7.4,2.6,1.6,3.8,2.6,1.1999999999999997,2.4,1.6,0.7999999999999998,D,144.25850947426875,0.0,1.0,0.15384615384615385,0.625,7,7,0.0,1.0,0.0,1.2,1.6,1.2,2.0,-0.1453036000000001,-2.0868964,1.9415928,-0.1453036000000001,-2.0868964,1.2499086,1.1641286,1.0747613999999999,2.71203,93130.0,1.3447982228804147
2025-05-03,Leicester,Southampton,2.0,0.0,1.60739,0.550774,1,-1,0,4,0.4,0.8,2.2,2.0,7.4,9.8,2.0,3.0,4.2,2.0,2.2,3.2,1.6,1.6,H,83.88516710700833,-2.4000000000000004,-1.0,0.2,0.26666666666666666,7,7,0.4,0.4,0.2,0.0,2.6,1.0,2.4,-2.5177078,-1.1652806,-1.3524272000000002,-2.5177078,-1.1652806,0.570488,0.8471162,2.5783479999999996,2.710596,-56700.0,0.8171262699564587
2025-05-03,Arsenal,Bournemouth,1.0,2.0,2.05484,1.41783,8,3,8,6,2.0,1.0,1.0,1.0,16.2,14.0,5.0,3.8,8.2,6.0,2.1999999999999993,0.8,2.8,-1.9999999999999998,A,135.96231053252518,2.1999999999999993,1.2000000000000002,0.4,0.2631578947368421,10,6,0.6,0.4,0.0,1.2,1.0,1.6,1.4,0.6500094000000005,0.28722060000000016,0.36278880000000036,0.6500094000000005,0.28722060000000016,1.4118228000000002,1.7254106,1.1697338,1.2299736,641400.0,2.236791361357501
2025-05-04,Chelsea,Liverpool,3.0,1.0,3.51944,1.4267,-4,-1,13,8,1.2,2.2,0.6,1.0,17.8,19.8,6.8,6.6,7.8,9.2,-1.3999999999999995,2.6,1.2,1.4000000000000001,H,-113.3986688716343,-2.0,0.20000000000000018,0.17647058823529413,0.33333333333333337,8,7,0.2857142857142857,0.0,0.7142857142857143,1.8,0.4,1.8,1.4,0.3240786,1.2817813999999998,-0.9577027999999999,0.3240786,1.2817813999999998,1.9462206000000002,1.9424781999999996,0.9752228000000001,0.8951076,239050.0,1.2513801987486197
2025-05-04,West Ham,Tottenham,1.0,1.0,1.15166,0.847022,-1,-1,5,3,1.2,1.4,1.8,2.6,10.8,12.4,3.2,4.6,2.4,4.6,-2.1999999999999997,1.8,2.0,-0.19999999999999996,D,1.6959406042528826,-1.5999999999999996,-1.3999999999999995,0.37499999999999994,0.30434782608695654,8,7,0.5714285714285714,0.14285714285714285,0.2857142857142857,1.0,1.0,1.4,2.6,-0.07371099999999964,0.2422922000000003,-0.31600319999999993,-0.07371099999999964,0.2422922000000003,1.0187768,1.3080964000000002,1.351179,1.647758,-376600.0,0.5155023800334492
2025-05-04,Brentford,Man United,4.0,3.0,3.58737,1.13404,4,6,5,5,1.6,0.4,1.0,1.4,10.2,16.4,3.6,4.2,4.4,7.2,-2.8,2.6,2.4,0.20000000000000018,H,89.53638306634889,-6.199999999999999,-0.6000000000000001,0.4444444444444445,0.09523809523809523,3,7,0.7142857142857143,0.14285714285714285,0.14285714285714285,1.0,1.2,1.4,1.6,0.30686940000000007,0.46012940000000035,-0.15326000000000028,0.30686940000000007,0.46012940000000035,1.5917946,1.2696886,1.2821289999999999,1.4338605999999998,-397150.0,0.5186060606060606
2025-05-04,Brighton,Newcastle,1.0,1.0,0.687863,1.63777,-6,-8,10,6,1.6,3.2,2.6,1.0,14.2,15.6,5.6,5.2,5.4,6.4,-1.0,1.6,1.2,0.40000000000000013,D,-79.24131012403245,-1.4000000000000004,0.39999999999999947,0.28571428571428575,0.6153846153846154,8,8,0.42857142857142855,0.14285714285714285,0.42857142857142855,1.8,1.8,1.0,2.0,0.04628279999999996,1.4196988,-1.373416,0.04628279999999996,1.4196988,2.0147158,1.3917322000000003,1.3685694000000002,1.5505162,-9950.0,0.9853143034256786
2025-05-05,Crystal Palace,Nott'm Forest,1.0,1.0,2.34037,0.63684,-6,-1,10,6,1.2,0.8,2.6,1.2,9.4,11.0,2.8,3.6,4.2,2.6,1.6,2.0,2.0,0.0,D,-7.82662070057313,-1.5999999999999996,-0.8000000000000003,0.4285714285714286,0.22222222222222224,12,4,0.4,0.0,0.6,1.6,0.8,2.2,2.2,-0.756812,-1.3103358000000003,0.5535238000000002,-0.756812,-1.3103358000000003,2.0504506,1.1099846,1.050408,2.2450478,45550.0,1.0946395179721586
2025-05-10,Fulham,Everton,1.0,3.0,1.20869,1.32604,3,1,9,5,1.2,0.8,1.4,1.2,13.4,8.0,4.4,3.2,7.0,3.4,3.6,2.4,2.8,-0.3999999999999999,A,-15.548429479743843,5.4,1.2000000000000002,0.2727272727272727,0.25,7,7,0.0,0.4,0.6,1.6,1.4,0.6,0.8,-0.08746639999999983,-0.11750060000000007,0.030034200000000233,-0.08746639999999983,-0.11750060000000007,1.1035224,1.1634167999999998,1.0720161999999998,0.9283927999999999,-880.0,0.9975772926245079
2025-05-10,Ipswich,Brentford,0.0,1.0,0.717433,1.32077,-9,-9,0,10,1.0,2.2,2.6,1.2,7.8,10.2,2.2,4.2,2.6,4.8,-2.1999999999999997,2.0,2.4,-0.3999999999999999,A,-213.2510052342645,-2.3999999999999995,-2.0,0.45454545454545453,0.5238095238095238,7,6,1.0,0.0,0.0,1.0,3.2,2.0,0.8,-1.9031426,0.9443014000000005,-2.8474440000000003,-1.9031426,0.9443014000000005,0.9376827999999999,1.4557986,1.938702,1.2917714,-157750.0,0.6312960149585135
2025-05-10,Southampton,Man City,0.0,0.0,0.136995,1.58463,-17,-12,1,7,0.6,2.0,2.2,0.6,9.8,13.0,3.0,5.8,3.0,4.6,-1.5999999999999996,1.8,1.4,0.40000000000000013,D,-428.71118729531486,-3.1999999999999993,-2.8,0.19999999999999998,0.3448275862068966,7,8,0.4,0.2,0.4,0.6,2.4,0.8,1.2,-1.3265126,0.7034424000000001,-2.029955,-1.3265126,0.7034424000000001,0.6942776,1.2837238000000002,2.3187056000000004,1.0735512,-1049950.0,0.22797794117647058
2025-05-10,Wolves,Brighton,0.0,2.0,0.73395,1.41254,-4,7,10,4,2.0,1.8,0.8,2.2,13.0,13.0,4.2,5.2,4.0,4.8,-0.7999999999999998,1.4,1.8,-0.40000000000000013,A,-65.92580579315245,0.0,-1.0,0.47619047619047616,0.34615384615384615,8,6,0.14285714285714285,0.5714285714285714,0.2857142857142857,2.0,1.0,1.8,3.0,0.575234,-0.01387040000000006,0.5891044000000001,0.575234,-0.01387040000000006,1.530285,2.1001992000000005,1.44223,1.9294784,-234530.0,0.648686299769316
2025-05-10,Bournemouth,Aston Villa,0.0,1.0,1.02272,1.12376,-3,-3,4,9,1.2,2.2,0.8,0.8,11.0,16.4,2.8,6.6,5.0,6.4,-1.4000000000000004,3.0,1.4,1.6,A,-107.0699894488157,-5.399999999999999,-3.8,0.4285714285714286,0.33333333333333337,7,7,0.6,0.0,0.4,0.8,1.2,1.8,1.2,0.043070599999999626,1.4237693999999999,-1.3806988000000002,0.043070599999999626,1.4237693999999999,1.4241702,1.6058154000000002,1.6199000000000001,1.3991095999999998,-161950.0,0.7620307104547792
2025-05-11,Liverpool,Arsenal,2.0,2.0,2.74682,2.18795,1,3,15,9,2.2,1.8,1.6,1.2,18.6,15.4,6.4,5.0,8.2,7.6,0.5999999999999996,1.2,0.6,0.6,D,52.978461842749766,3.200000000000001,1.4000000000000004,0.34375,0.36,7,8,0.42857142857142855,0.14285714285714285,0.42857142857142855,2.6,0.6,1.6,0.4,0.7684246000000001,0.6054453999999998,0.16297920000000032,0.7684246000000001,0.6054453999999998,2.325494,1.8228679999999997,0.7544628000000001,0.6949038000000001,-209050.0,0.8197844827586207
2025-05-11,Tottenham,Crystal Palace,0.0,2.0,0.806792,3.98546,-4,1,7,5,1.6,1.0,2.6,2.6,12.2,11.8,4.6,2.8,4.0,5.2,-1.2000000000000002,1.4,2.6,-1.2000000000000002,A,-130.09983266287873,0.3999999999999986,1.7999999999999998,0.3478260869565218,0.35714285714285715,7,6,0.7142857142857143,0.2857142857142857,0.0,1.4,1.2,1.4,2.6,0.16170260000000058,-0.25044699999999986,0.41214960000000045,0.16170260000000058,-0.25044699999999986,1.9312559999999999,1.7236999999999998,1.4752822,1.9539528000000002,250450.0,1.4753724969156305
2025-05-11,Nott'm Forest,Leicester,2.0,2.0,1.76909,1.22949,12,0,7,1,0.8,0.8,1.4,1.8,11.8,9.8,4.0,2.8,2.8,5.6,-2.8,3.4,2.6,0.7999999999999998,D,212.91092650946348,2.0,1.2000000000000002,0.2,0.28571428571428575,6,8,0.6666666666666666,0.3333333333333333,0.0,0.4,0.6,0.4,2.0,-1.3800784000000001,-1.9130028000000003,0.5329244000000002,-1.3800784000000001,-1.9130028000000003,0.5233412,0.7074052000000001,1.3373348,2.363784,227950.0,1.899743437931715
2025-05-11,Man United,West Ham,0.0,2.0,2.31287,2.15985,2,-1,5,4,1.0,1.4,2.0,1.8,14.6,11.0,4.0,3.4,6.0,2.2,3.8,2.2,1.8,0.40000000000000013,A,-7.274787958850766,3.5999999999999996,0.6000000000000001,0.25,0.4117647058823529,7,7,0.8571428571428571,0.14285714285714285,0.0,0.8,1.2,1.0,1.4,-0.3014999999999999,-0.13817940000000029,-0.1633205999999996,-0.3014999999999999,-0.13817940000000029,1.3185959999999999,1.1961518,1.2393956,1.2777160000000003,424300.0,2.058896930371849
2025-05-11,Newcastle,Chelsea,2.0,0.0,1.6703,0.646426,1,-1,15,4,2.8,1.6,1.2,0.8,15.0,19.0,5.2,7.2,6.8,7.6,-0.7999999999999998,1.4,2.0,-0.6000000000000001,H,24.697439044591647,-4.0,-2.0,0.5384615384615384,0.22222222222222224,7,7,0.7142857142857143,0.14285714285714285,0.14285714285714285,3.6,1.0,0.6,1.4,0.9923731999999998,0.7622885999999998,0.23008460000000008,0.9923731999999998,0.7622885999999998,2.961516,1.0680028,1.4414582,1.4252254,-512470.0,0.5693529411764706
2025-05-16,Aston Villa,Tottenham,2.0,0.0,1.69061,0.523016,11,11,13,1,2.0,1.0,0.6,2.8,14.2,11.2,5.6,3.2,5.6,4.0,1.5999999999999996,1.6,1.4,0.20000000000000018,H,222.1870987212426,3.0,2.3999999999999995,0.35714285714285715,0.3125,6,5,0.42857142857142855,0.5714285714285714,0.0,2.2,1.0,0.8,2.6,1.1108173999999997,-0.8475431999999996,1.9583605999999993,1.1108173999999997,-0.8475431999999996,2.13883,1.1600188,1.4318414000000002,1.6473119999999999,-96750.0,0.8755306831339251
2025-05-16,Chelsea,Man United,1.0,0.0,1.29571,0.337632,10,9,13,4,1.6,1.0,1.2,2.4,16.8,16.0,6.8,4.6,8.0,6.6,1.4000000000000004,1.8,1.6,0.19999999999999996,H,172.78977059884528,0.8000000000000007,2.2,0.23529411764705885,0.2173913043478261,5,5,0.42857142857142855,0.0,0.5714285714285714,1.6,0.6,1.6,2.0,0.5341018,-0.37995120000000004,0.914053,0.5341018,-0.37995120000000004,2.0536406,1.3673596,1.091555,1.7304466,365000.0,1.4424242424242424
2025-05-18,Everton,Southampton,2.0,0.0,2.67793,1.05025,7,5,4,1,1.2,0.4,1.2,1.6,9.2,7.8,4.2,2.2,3.8,3.0,0.7999999999999998,2.2,2.0,0.20000000000000018,H,279.16693812326434,1.3999999999999995,2.0,0.2857142857142857,0.18181818181818182,8,8,0.6,0.4,0.0,1.2,1.6,0.6,2.6,-0.05916060000000001,-1.2425274000000002,1.1833668000000002,-0.05916060000000001,-1.2425274000000002,1.2295002,0.722139,1.1176428,2.6423840000000003,53180.0,1.1715207224641186
2025-05-18,West Ham,Nott'm Forest,1.0,2.0,0.850457,2.14756,-8,0,6,7,1.4,1.0,1.4,1.4,11.0,11.0,3.6,4.2,2.4,2.8,-0.3999999999999999,1.6,3.6,-2.0,A,-111.39840117747508,0.0,-0.6000000000000001,0.38888888888888884,0.23809523809523808,7,7,1.0,0.0,0.0,1.2,1.0,2.2,2.0,0.03938819999999987,-0.9389983999999999,0.9783865999999998,0.03938819999999987,-0.9389983999999999,1.1144155999999998,1.1710924,1.1275854,2.2711358,-80600.0,0.8325368792852691
2025-05-18,Brentford,Fulham,2.0,3.0,2.43045,1.61741,3,10,8,3,2.4,0.8,1.2,1.6,11.4,14.6,4.8,4.4,5.4,7.2,-1.7999999999999998,3.0,2.0,1.0,A,22.475534478983946,-3.1999999999999993,0.39999999999999947,0.5,0.18181818181818182,8,8,0.6,0.2,0.2,1.8,1.4,0.8,1.4,1.0883808,-0.17518840000000013,1.2635692,1.0883808,-0.17518840000000013,1.9763185999999997,1.1841408,1.319866,1.6658941999999999,65500.0,1.180764454256934
2025-05-18,Leicester,Ipswich,2.0,0.0,0.788544,1.36957,-1,3,3,5,1.2,0.8,1.6,2.4,10.4,8.8,3.6,2.6,4.0,2.8,1.2000000000000002,2.8,2.0,0.7999999999999998,H,14.143082867421072,1.5999999999999996,1.0,0.3333333333333333,0.3076923076923077,7,8,0.0,0.0,1.0,0.4,2.2,1.2,1.8,-1.4036157999999999,-1.6363611999999998,0.2327454,-1.4036157999999999,-1.6363611999999998,0.8453242000000001,1.1838346,2.3385027999999997,2.5933222000000002,-16750.0,0.9379859311366161
2025-05-18,Arsenal,Newcastle,1.0,0.0,1.15958,2.24634,1,-4,8,7,2.0,2.4,1.4,1.0,15.6,15.4,5.4,5.2,6.2,5.8,0.40000000000000036,0.6,2.2,-1.6,H,76.91079802462309,0.1999999999999993,0.20000000000000018,0.37037037037037035,0.4615384615384615,7,7,0.7142857142857143,0.14285714285714285,0.14285714285714285,1.4,1.2,1.2,1.4,0.45880140000000025,0.8268015999999998,-0.36800019999999956,0.45880140000000025,0.8268015999999998,1.5482628,1.6878440000000001,1.2479318,1.2640808,482470.0,1.7121013091671218
2025-05-19,Brighton,Liverpool,3.0,2.0,2.17789,3.065,-8,-2,8,7,2.0,2.2,1.8,1.4,12.2,18.6,4.6,6.2,4.8,8.0,-3.2,1.8,1.4,0.40000000000000013,H,-136.23323317306404,-6.400000000000002,-1.6000000000000005,0.4347826086956522,0.3548387096774194,9,8,0.42857142857142855,0.14285714285714285,0.42857142857142855,1.6,1.8,1.6,1.6,-0.043811399999999834,0.9444505999999997,-0.9882619999999995,-0.043811399999999834,0.9444505999999997,1.6364344,2.0419975999999997,1.3557854,1.4168910000000001,-283370.0,0.7020137756979862
2025-05-20,Man City,Bournemouth,3.0,1.0,1.59779,0.962014,5,5,13,6,2.0,0.8,0.6,0.6,16.4,10.8,5.8,2.8,7.0,5.6,1.4000000000000004,1.0,3.4,-2.4,H,172.32705960048543,5.599999999999998,3.0,0.3448275862068966,0.28571428571428575,10,10,0.6,0.4,0.0,2.4,1.0,1.4,1.4,1.1020246000000002,-0.18530899999999995,1.2873336000000002,1.1020246000000002,-0.18530899999999995,2.1834186,1.5915325999999999,1.2071052,1.446058,841400.0,2.6224450443501737
2025-05-20,Crystal Palace,Wolves,4.0,2.0,1.68451,1.42886,2,-3,11,12,1.0,1.6,1.6,1.0,14.8,10.6,4.2,3.4,6.0,3.8,2.2,2.2,1.2,1.0000000000000002,H,100.80562587275494,4.200000000000001,0.8000000000000003,0.23809523809523808,0.4705882352941177,9,10,0.5714285714285714,0.2857142857142857,0.14285714285714285,1.6,0.6,1.2,0.6,1.0371186000000001,0.05206719999999998,0.9850514000000001,1.0371186000000001,0.05206719999999998,2.0572326,1.2523654,0.9746459999999999,0.956654,93800.0,1.2166031636069738
2025-05-25,Wolves,Brentford,1.0,1.0,1.10889,1.97196,-5,-6,10,10,1.2,2.6,1.4,1.6,10.4,13.0,3.0,5.6,5.6,5.4,0.1999999999999993,1.4,3.2,-1.8000000000000003,D,-69.85835460354838,-2.5999999999999996,-2.5999999999999996,0.39999999999999997,0.46428571428571436,5,7,0.2857142857142857,0.5714285714285714,0.14285714285714285,1.8,1.0,1.4,0.8,-0.11924279999999965,1.2867460000000004,-1.4059888,-0.11924279999999965,1.2867460000000004,1.4912804,1.3130225999999998,1.437792,1.2896778,5200.0,1.0121537922168984
2025-05-25,Bournemouth,Leicester,2.0,0.0,2.72449,0.156702,7,-2,4,2,0.8,1.2,1.2,1.2,10.0,9.2,2.6,3.0,4.6,3.2,1.3999999999999995,3.4,2.0,1.4,H,186.9897395095952,0.8000000000000007,-0.3999999999999999,0.3076923076923077,0.39999999999999997,5,7,0.6666666666666666,0.3333333333333333,0.0,0.8,1.2,0.8,2.0,-0.46959819999999985,-1.1771489999999996,0.7075507999999997,-0.46959819999999985,-1.1771489999999996,1.5027760000000001,0.8953876,1.424404,2.376728,265250.0,2.0469705940398657
2025-05-25,Fulham,Man City,0.0,2.0,2.21797,2.45923,-8,-7,6,8,1.4,1.6,1.8,0.4,15.4,14.6,4.4,5.0,6.0,7.4,-1.4000000000000004,2.4,0.8,1.5999999999999999,A,-184.69508462558971,0.8000000000000007,-0.5999999999999996,0.3181818181818181,0.32,7,5,0.6,0.4,0.0,1.4,1.8,0.6,0.2,-0.18066240000000033,0.5773477999999999,-0.7580102000000002,-0.18066240000000033,0.5773477999999999,0.9032743999999999,1.4520116,1.270964,0.7945461999999999,-997650.0,0.26643382352941175
2025-05-25,Ipswich,West Ham,1.0,3.0,0.893095,0.967379,-4,-4,0,4,0.4,1.4,2.4,1.4,10.2,12.0,2.2,3.8,2.4,3.4,-1.0,1.6,2.4,-0.7999999999999998,A,-132.94054023430044,-1.8000000000000007,-1.5999999999999996,0.18181818181818182,0.3684210526315789,7,7,1.0,0.0,0.0,0.8,3.0,1.2,1.4,-1.259242,-0.22742440000000008,-1.0318176,-1.259242,-0.22742440000000008,0.6914794000000001,1.4227538,1.967724,1.4657620000000002,-130600.0,0.6740703768405291
2025-05-25,Liverpool,Crystal Palace,1.0,1.0,1.92122,1.4144,11,-2,13,5,2.2,1.8,1.8,1.0,19.2,15.4,6.0,5.4,6.6,5.2,1.3999999999999995,1.4,1.8,-0.40000000000000013,D,125.61895894857456,3.799999999999999,0.5999999999999996,0.3666666666666667,0.3333333333333333,6,5,0.14285714285714285,0.5714285714285714,0.2857142857142857,2.6,1.0,1.4,2.6,1.1292646,1.0790465999999999,0.050218000000000096,1.1292646,1.0790465999999999,2.594804,2.228386,1.1002888,2.0684592,424100.0,1.8049729524532598
2025-05-25,Man United,Aston Villa,2.0,0.0,2.96259,0.335222,-10,-11,5,12,0.8,1.8,1.8,0.6,15.0,12.8,3.8,5.0,6.6,4.6,2.0,2.4,1.6,0.7999999999999998,H,-152.5055336074081,2.1999999999999993,-1.2000000000000002,0.2105263157894737,0.36,9,9,0.42857142857142855,0.2857142857142857,0.2857142857142857,0.8,1.2,1.8,0.4,-0.20122039999999997,0.8269333999999999,-1.0281538,-0.20122039999999997,0.8269333999999999,1.4797580000000001,1.697124,1.1820996,0.7986096,144450.0,1.212254793916685
2025-05-25,Newcastle,Everton,0.0,1.0,1.1591,1.07279,9,0,15,7,1.4,1.4,1.2,1.2,15.4,9.2,4.8,4.2,6.2,3.2,3.0,2.4,1.8,0.5999999999999999,A,49.23527570792362,6.200000000000001,0.5999999999999996,0.2916666666666667,0.3333333333333333,7,7,0.5714285714285714,0.14285714285714285,0.2857142857142857,3.2,0.4,1.0,0.8,1.0533555999999997,0.09909319999999999,0.9542623999999997,1.0533555999999997,0.09909319999999999,2.60386,1.1387148,1.0935374,0.9021128,314300.0,1.8652919637695125
2025-05-25,Nott'm Forest,Chelsea,0.0,1.0,1.58014,1.30874,-2,-4,7,4,1.4,1.4,1.4,0.8,11.0,12.2,4.2,5.6,4.0,6.4,-2.4000000000000004,4.2,1.6,2.6,A,-83.65649925861044,-1.1999999999999993,-1.3999999999999995,0.3333333333333333,0.25,7,9,0.0,0.4,0.6,0.8,1.0,0.6,1.2,-0.5122956000000003,0.46480339999999987,-0.9770990000000002,-0.5122956000000003,0.46480339999999987,0.7754369999999999,1.0673304,1.3197008,1.3455013999999998,-708700.0,0.404453781512605
2025-05-25,Southampton,Arsenal,1.0,2.0,0.598144,2.40711,-18,-6,2,7,0.4,2.0,1.4,1.2,7.6,15.2,2.2,5.6,3.6,5.6,-1.9999999999999996,1.6,1.0,0.6000000000000001,A,-449.9365923047135,-7.6,-3.3999999999999995,0.18181818181818182,0.35714285714285715,7,7,0.6,0.0,0.4,0.6,1.6,1.6,0.8,-1.0506605999999998,0.20569219999999966,-1.2563527999999995,-1.0506605999999998,0.20569219999999966,0.6908472,1.9104579999999998,1.6115956,1.197626,-849950.0,0.2672844827586207
2025-05-25,Tottenham,Brighton,1.0,4.0,1.85265,3.11624,-9,-9,4,7,0.6,2.2,2.4,1.8,9.6,13.0,2.6,5.6,3.4,4.8,-1.4,1.4,1.6,-0.20000000000000018,A,-170.42027269669256,-3.4000000000000004,-2.9999999999999996,0.23076923076923075,0.3928571428571429,9,6,0.5714285714285714,0.42857142857142855,0.0,1.2,1.6,2.2,1.6,-0.960882,-0.5639053999999999,-0.3969766000000001,-0.960882,-0.5639053999999999,1.6983964,2.2314480000000003,1.9870701999999998,1.2627283999999999,109720.0,1.1643548338775878
2025-08-15,Liverpool,Bournemouth,4.0,2.0,2.33007,1.57303,0,-2,11,6,2.2,1.2,2.0,1.2,16.4,11.0,4.6,3.2,6.2,5.0,1.2000000000000002,1.2,2.6,-1.4000000000000001,H,191.8246830962444,5.399999999999999,1.3999999999999995,0.47826086956521746,0.37499999999999994,82,82,0.6666666666666666,0.3333333333333333,0.0,2.2,1.0,1.4,1.6,0.3716575999999996,-0.021295599999999748,0.39295319999999934,0.3716575999999996,-0.021295599999999748,1.9810559999999995,1.4435973999999998,1.2808556,1.249762,299520.0,1.4398367059238157
2025-08-16,Tottenham,Burnley,3.0,0.0,1.97858,0.734138,0,-3,4,5,0.6,1.6,2.8,2.0,6.0,15.2,1.8,5.4,2.4,3.6,-1.2000000000000002,1.8,2.2,-0.40000000000000013,H,89.57324415686708,-9.2,-3.6000000000000005,0.3333333333333333,0.2962962962962963,83,454,0.75,0.25,0.0,1.4,2.2,1.6,1.4,-1.5825436,-1.2480798,-0.3344638,-1.5825436,-1.2480798,1.8120744000000002,1.5441662,2.1330362,2.6337567999999996,577400.0,3.4466101694915254
2025-08-16,Sunderland,West Ham,3.0,0.0,0.724368,0.558948,0,-7,0,6,0.0,1.8,0.0,1.4,0.0,11.6,0.0,4.2,0.0,3.0,-3.0,0.0,2.2,-2.2,H,-100.8384728254041,-11.6,-4.2,0.0,0.42857142857142855,7,83,0.0,0.0,0.0,0.0,0.0,1.6,1.4,0.0,-0.2248382,0.2248382,0.0,-0.2248382,0.0,1.5130238,0.0,1.4065809999999999,-23050.0,0.9509292572328785
2025-08-16,Wolves,Man City,0.0,4.0,0.519436,2.29903,0,-9,10,8,1.2,1.6,1.6,0.4,13.2,16.2,3.8,4.6,6.8,7.6,-0.7999999999999998,1.2,0.8,0.3999999999999999,A,-240.359618495424,-3.0,-0.7999999999999998,0.3157894736842105,0.3478260869565218,83,83,0.625,0.375,0.0,1.8,1.0,0.8,0.2,-0.10148760000000001,0.4129878,-0.5144754,-0.10148760000000001,0.4129878,1.550572,1.4665756,1.5587440000000001,0.9812882000000002,-1000150.0,0.2804676258992806
2025-08-16,Aston Villa,Newcastle,0.0,0.0,0.318601,1.40098,0,2,15,7,1.0,1.2,0.8,0.6,9.4,16.8,3.4,5.4,3.8,7.2,-3.4000000000000004,1.8,2.0,-0.19999999999999996,D,20.400654362847945,-7.4,-2.0000000000000004,0.29411764705882354,0.2222222222222222,83,83,0.875,0.125,0.0,2.2,0.6,1.2,1.2,-0.05493020000000026,1.4270075999999998,-1.4819378,-0.05493020000000026,1.4270075999999998,2.272414,2.0453479999999997,1.1278866,1.2159428,-83720.0,0.8800057331231188
2025-08-16,Brighton,Fulham,1.0,1.0,1.44008,0.902883,0,7,8,6,2.6,1.2,1.2,1.8,15.2,16.8,6.6,4.8,5.4,5.0,0.40000000000000036,1.2,2.2,-1.0000000000000002,D,60.16261648323689,-1.6000000000000014,1.7999999999999998,0.393939393939394,0.25,83,83,0.6666666666666666,0.16666666666666666,0.16666666666666666,1.8,2.0,1.2,1.4,0.03163059999999973,-0.13979479999999977,0.1714253999999995,0.03163059999999973,-0.13979479999999977,1.6831783999999999,1.3659773999999998,1.82714,1.7631502000000001,248800.0,1.6613503455608718
2025-08-17,Chelsea,Crystal Palace,0.0,0.0,1.36793,1.03414,0,3,13,5,1.2,2.0,0.6,1.2,10.8,16.0,4.4,6.4,6.4,4.2,2.2,1.4,1.2,0.19999999999999996,D,46.36241876727286,-5.199999999999999,-2.0,0.2727272727272727,0.3125,84,84,0.375,0.375,0.25,1.6,0.6,1.4,2.6,0.3214037999999999,1.0429376000000001,-0.7215338000000002,0.3214037999999999,1.0429376000000001,1.9590945999999998,2.323714,1.1373840000000002,2.3152424000000003,447500.0,1.6370106761565837
2025-08-17,Nott'm Forest,Brentford,3.0,1.0,1.7555,1.32516,0,-5,4,8,1.0,2.0,1.4,1.4,12.2,12.4,4.0,5.4,5.2,5.2,0.0,3.8,2.8,1.0,H,32.78655070127502,-0.20000000000000107,-1.4000000000000004,0.25,0.37037037037037035,84,84,0.3333333333333333,0.3333333333333333,0.3333333333333333,0.6,1.2,1.2,0.8,-0.08907199999999982,1.1165419999999997,-1.2056139999999995,-0.08907199999999982,1.1165419999999997,0.9911698000000003,1.3867725999999998,1.4372019999999999,1.1060278000000001,135100.0,1.2682791214901306
2025-08-17,Man United,Arsenal,0.0,1.0,1.37653,1.3304,0,-4,5,9,1.2,1.6,1.6,1.4,17.6,15.0,5.4,5.8,5.6,4.8,0.7999999999999998,2.4,1.0,1.4,A,-242.7562706253418,2.6000000000000014,-0.39999999999999947,0.2222222222222222,0.27586206896551724,84,84,0.75,0.125,0.125,0.6,0.8,2.0,1.0,0.13388400000000011,0.043337199999999854,0.09054680000000026,0.13388400000000011,0.043337199999999854,1.7918720000000001,2.128348,1.0401479999999999,1.2155326,-555400.0,0.582406015037594
2025-08-18,Leeds,Everton,1.0,0.0,2.3812,0.674338,0,-9,2,9,1.2,1.6,3.0,0.8,11.8,10.4,3.4,4.8,5.2,3.4,1.8000000000000003,2.4,1.8,0.5999999999999999,H,-134.4641503116011,1.4000000000000004,-1.4,0.35294117647058826,0.33333333333333337,813,85,0.5,0.0,0.5,1.2,3.6,1.0,0.6,-1.3770896000000001,0.2944431999999999,-1.6715328,-1.3770896000000001,0.2944431999999999,1.4983720000000003,1.0798328000000001,2.47038,0.9714463999999999,-85050.0,0.8148067501360915
2025-08-22,West Ham,Chelsea,1.0,5.0,0.978572,3.94997,-7,-3,3,7,1.4,1.0,1.4,0.6,11.6,12.6,4.2,3.6,4.2,6.6,-2.3999999999999995,2.2,1.8,0.40000000000000013,A,-206.6061114520476,-1.0,0.6000000000000001,0.3333333333333333,0.2777777777777778,6,5,0.75,0.125,0.125,1.0,1.4,0.6,0.8,-0.24732419999999977,0.41786679999999965,-0.6651909999999994,-0.24732419999999977,0.41786679999999965,0.9436329999999999,0.8942424000000001,1.4991818000000001,1.1227034000000002,-680270.0,0.4084608695652174
2025-08-23,Man City,Tottenham,0.0,2.0,1.2475,1.28015,1,9,15,1,2.0,1.0,0.2,1.8,16.4,7.6,4.2,2.4,6.8,3.2,3.5999999999999996,0.6,1.6,-1.0,A,229.15225677671535,8.799999999999999,1.8000000000000003,0.47619047619047616,0.4166666666666667,7,7,0.375,0.5,0.125,2.6,0.8,0.8,2.6,0.8682546,-0.9340095999999993,1.8022641999999993,0.8682546,-0.9340095999999993,2.0976926000000002,0.982892,0.9772699999999999,1.7775020000000001,576600.0,1.7088763216129825
2025-08-23,Bournemouth,Wolves,1.0,0.0,1.78462,0.373367,3,5,7,9,1.4,0.6,1.8,2.4,11.4,11.0,3.6,3.2,5.4,6.8,-1.3999999999999995,2.2,1.2,1.0000000000000002,H,79.7411667865681,0.40000000000000036,0.3999999999999999,0.38888888888888884,0.18749999999999997,8,7,0.0,0.8333333333333334,0.16666666666666666,1.0,0.8,1.4,1.4,0.0873843999999997,-0.7627823999999997,0.8501667999999994,0.0873843999999997,-0.7627823999999997,1.642246,1.1178894,1.1351024,1.1676178,291130.0,1.7467744004104142
2025-08-23,Brentford,Aston Villa,1.0,0.0,1.12964,0.976852,-5,-3,7,9,1.8,0.8,2.0,0.4,12.2,8.6,5.4,3.4,5.2,4.0,1.2000000000000002,2.2,1.4,0.8000000000000003,H,-49.994316076871655,3.5999999999999996,2.0000000000000004,0.3333333333333333,0.23529411764705885,6,7,0.375,0.25,0.375,2.0,1.8,1.6,0.8,0.8604874,-0.37075400000000003,1.2312414,0.8604874,-0.37075400000000003,2.1943905999999997,1.5048924,1.3534380000000001,1.2635790000000002,-110400.0,0.8201895827225643
2025-08-23,Burnley,Sunderland,2.0,0.0,1.00381,1.12127,-15,-2,5,0,0.8,3.0,2.4,0.0,14.8,10.0,4.4,5.0,4.2,5.0,-0.7999999999999998,2.2,0.0,2.2,H,32.63359278000462,4.800000000000001,-0.5999999999999996,0.18181818181818182,0.6,7,7,0.0,0.0,0.0,1.2,1.8,0.0,0.0,-1.5860122000000005,0.16542,-1.7514322000000004,-1.5860122000000005,0.16542,1.6088620000000002,0.0,1.797387,0.0,-210680.0,0.528342437539178
2025-08-23,Arsenal,Leeds,5.0,0.0,2.73761,0.156761,1,6,8,0,1.4,1.2,1.0,2.2,14.4,13.0,5.2,2.8,5.0,5.4,-0.40000000000000036,1.6,2.4,-0.7999999999999998,H,322.40304095394345,1.4000000000000004,2.4000000000000004,0.2692307692307692,0.4285714285714286,6,5,0.5,0.5,0.0,1.4,1.2,1.0,3.0,0.1508431999999995,-0.7996531999999998,0.9504963999999994,0.1508431999999995,-0.7996531999999998,1.6410338,0.7392182,1.6399926,2.513014,955800.0,3.554249064671299
2025-08-24,Fulham,Man United,1.0,1.0,1.65333,1.54603,4,1,6,1,1.0,1.0,1.8,1.6,13.0,17.0,4.2,5.6,3.0,4.2,-1.2000000000000002,2.6,2.2,0.3999999999999999,D,53.82934718805268,-4.0,-1.3999999999999995,0.23809523809523808,0.17857142857142858,8,7,0.3333333333333333,0.6666666666666666,0.0,1.4,1.8,1.0,2.2,-0.45923800000000004,-0.1169779999999998,-0.34226000000000023,-0.45923800000000004,-0.1169779999999998,1.3000164,1.2071020000000001,1.4704039999999998,1.7286785999999996,-398400.0,0.4856700232378002
2025-08-24,Crystal Palace,Nott'm Forest,1.0,1.0,1.10188,1.32987,-9,1,11,10,1.6,1.6,0.8,1.2,15.4,11.6,6.4,4.0,3.4,5.4,-2.0000000000000004,1.6,3.4,-1.7999999999999998,D,17.252472416948876,3.8000000000000007,2.4000000000000004,0.25,0.4,7,7,0.3333333333333333,0.0,0.6666666666666666,1.6,0.8,2.0,1.4,0.8594476000000002,0.16698259999999965,0.6924650000000006,0.8594476000000002,0.16698259999999965,1.5890906,1.1233984,1.1269746,1.7495112000000002,63820.0,1.0999248449927976
2025-08-24,Everton,Brighton,2.0,0.0,1.80116,2.08487,-4,-1,6,7,1.6,2.2,0.8,1.0,10.6,14.0,4.4,5.6,3.4,4.6,-1.1999999999999997,2.2,1.6,0.6000000000000001,H,-18.4577439362738,-3.4000000000000004,-1.1999999999999993,0.36363636363636365,0.3928571428571429,6,8,0.0,0.75,0.25,1.2,1.2,2.2,1.8,-0.07663419999999999,0.12847199999999992,-0.2051061999999999,-0.07663419999999999,0.12847199999999992,1.3441982,1.83066,1.1985558,1.602429,-165750.0,0.7348
2025-08-25,Newcastle,Liverpool,2.0,3.0,1.96342,0.646559,-10,0,12,6,0.6,2.0,0.6,2.2,15.0,15.2,5.0,5.0,6.2,5.8,0.40000000000000036,2.0,1.0,1.0,A,-135.79927263131708,-0.1999999999999993,0.0,0.12,0.4,9,10,0.5,0.375,0.125,2.8,0.4,1.6,1.8,0.8458459999999999,0.12341999999999986,0.722426,0.8458459999999999,0.12341999999999986,2.3825119999999997,2.2464396,1.0016934,1.6479309999999998,-282800.0,0.7115757266700663
2025-08-30,Leeds,Newcastle,0.0,0.0,0.6773,0.303635,3,0,5,5,1.0,0.8,2.8,1.0,12.8,14.4,2.6,4.6,5.6,6.8,-1.2000000000000002,2.2,2.2,0.0,D,-185.2496640010918,-1.5999999999999996,-1.9999999999999996,0.3846153846153846,0.1739130434782609,7,5,0.0,0.25,0.75,1.2,2.6,1.0,1.2,-0.7770637999999999,0.9192367999999999,-1.6963005999999998,-0.7770637999999999,0.9192367999999999,1.7704620000000002,1.9995919999999998,1.9598735999999999,1.1148658,-323500.0,0.5363336677655153
2025-08-30,Chelsea,Fulham,2.0,0.0,2.4324,0.736228,9,5,11,7,1.4,1.2,0.6,1.8,11.6,13.4,3.6,4.4,7.0,4.2,2.8,1.6,1.8,-0.19999999999999996,H,139.28796951309005,-1.8000000000000007,-0.8000000000000003,0.38888888888888884,0.2727272727272727,8,6,0.3333333333333333,0.5,0.16666666666666666,1.4,0.6,1.2,1.2,0.5935984000000001,-0.32030939999999997,0.9139078,0.5935984000000001,-0.32030939999999997,1.9717946000000002,1.258142,1.0636640000000002,1.5907882,773800.0,3.056884635832004
2025-08-30,Man United,Burnley,3.0,2.0,4.02237,1.32618,-5,1,4,4,0.6,1.0,1.0,2.2,16.2,13.0,5.2,3.4,4.6,4.0,0.5999999999999996,2.0,1.6,0.3999999999999999,H,133.29920142896572,3.1999999999999993,1.8000000000000003,0.11538461538461538,0.29411764705882354,6,7,0.25,0.25,0.5,0.4,0.8,1.2,1.6,0.352228,-1.3762921999999995,1.7285201999999995,0.352228,-1.3762921999999995,1.804964,1.2701498,0.940236,2.1361868,538600.0,3.2822033898305083
2025-08-30,Sunderland,Brentford,2.0,1.0,1.57127,1.44604,3,-4,3,8,1.5,1.2,1.0,1.4,9.5,11.6,3.0,4.6,4.0,4.2,-0.20000000000000018,0.5,2.4,-1.9,H,-178.79653637029833,-2.0999999999999996,-1.5999999999999996,0.5,0.2608695652173913,7,7,0.0,0.0,0.0,3.0,0.0,1.2,1.0,0.14144,0.40037900000000004,-0.25893900000000003,0.14144,0.40037900000000004,0.724368,1.3454026,0.558948,1.0039598,-56900.0,0.8870090154493824
2025-08-30,Tottenham,Bournemouth,0.0,1.0,0.17067,2.1201,8,0,6,5,1.2,1.2,1.6,1.6,8.6,12.4,3.0,4.0,3.0,6.4,-3.4000000000000004,2.0,2.2,-0.20000000000000018,A,-106.29221498224116,-3.8000000000000007,-1.0,0.39999999999999997,0.3,7,7,0.3333333333333333,0.5,0.16666666666666666,1.6,1.8,1.4,2.0,-0.866552,0.49703699999999995,-1.363589,-0.866552,0.49703699999999995,1.9376843999999998,1.3131314,1.8347918,1.44567,132420.0,1.194455050074892
2025-08-30,Wolves,Everton,2.0,3.0,0.943257,2.03791,-8,-11,7,9,0.6,1.6,2.4,0.4,11.0,11.2,3.2,4.4,6.4,3.2,3.2,2.0,2.2,-0.20000000000000018,A,-112.6282139464845,-0.1999999999999993,-1.2000000000000002,0.18749999999999997,0.36363636363636365,7,6,0.375,0.375,0.25,1.6,1.8,1.0,0.6,-0.9976313999999998,-0.06637039999999983,-0.931261,-0.9976313999999998,-0.06637039999999983,1.4337412,1.0500732,1.672436,1.1882504,-69400.0,0.8488840500816549
2025-08-31,Nott'm Forest,West Ham,0.0,3.0,0.716018,2.236,12,2,4,6,1.6,1.4,1.2,2.2,11.0,11.8,3.4,4.6,5.2,5.4,-0.20000000000000018,2.4,1.8,0.5999999999999999,A,90.33522524928252,-0.8000000000000007,-1.1999999999999997,0.4705882352941177,0.30434782608695654,7,9,0.8333333333333334,0.16666666666666666,0.0,1.0,1.4,1.6,1.8,0.5532866000000001,-0.9025313999999998,1.4558179999999998,0.5532866000000001,-0.9025313999999998,1.2398572,1.2786994,1.3288579999999999,1.3307365999999998,168950.0,1.3596747067464288
2025-08-31,Aston Villa,Crystal Palace,0.0,3.0,1.20586,2.59713,-3,-2,13,6,0.6,1.6,0.6,0.8,10.0,13.0,3.2,6.6,4.8,2.2,2.5999999999999996,1.8,1.6,0.19999999999999996,A,-14.620735606709331,-3.0,-3.3999999999999995,0.18749999999999997,0.24242424242424246,8,7,0.625,0.125,0.25,1.8,0.4,1.0,1.6,-0.5187802,0.4731436,-0.9919238,-0.5187802,0.4731436,1.7973082000000002,2.2629259999999998,0.9732465999999999,1.6693804,-88520.0,0.8739928825622776
2025-08-31,Liverpool,Arsenal,1.0,0.0,0.481404,0.485679,-2,-5,11,11,2.4,2.2,2.0,0.6,14.0,15.4,5.4,5.4,4.8,5.0,-0.20000000000000018,1.2,1.6,-0.40000000000000013,H,45.9864697063781,-1.4000000000000004,0.0,0.4444444444444444,0.40740740740740744,6,8,0.375,0.125,0.5,2.8,1.4,2.0,0.8,0.2785957999999997,0.5396110000000001,-0.26101520000000034,0.2785957999999997,0.5396110000000001,2.187634,2.028436,1.4308344,1.2286245999999998,-349500.0,0.737218045112782
2025-08-31,Brighton,Man City,2.0,1.0,2.20864,2.13418,-6,0,9,11,2.0,1.8,1.2,0.6,15.6,16.6,6.0,4.6,4.8,7.4,-2.6000000000000005,1.8,0.8,1.0,H,-77.49413764276733,-1.0000000000000018,1.4000000000000004,0.3333333333333333,0.391304347826087,7,8,0.5,0.25,0.25,2.0,1.6,1.6,0.0,0.3751954000000002,0.8143230000000001,-0.43912759999999995,0.3751954000000002,0.8143230000000001,1.8595925999999998,1.7821348000000001,1.7662866000000002,0.9848802000000001,-765000.0,0.44964028776978415
2025-09-13,Arsenal,Nott'm Forest,3.0,0.0,2.8817,0.293681,7,5,8,8,1.8,1.2,0.4,1.4,14.6,10.2,4.2,3.2,6.4,6.2,0.20000000000000018,1.8,1.8,0.0,H,170.92989607560662,4.4,1.0,0.42857142857142855,0.37499999999999994,13,13,0.6666666666666666,0.16666666666666666,0.16666666666666666,2.0,1.0,1.4,1.2,0.6522399999999997,0.1413701999999999,0.5108697999999998,0.6522399999999997,0.1413701999999999,1.7281778000000003,1.1279284,1.3829328,1.8657194000000001,691320.0,2.082419991231916
2025-09-13,Bournemouth,Brighton,2.0,1.0,1.44187,0.624923,3,-1,10,6,1.4,2.0,1.4,1.4,14.4,16.6,4.4,7.0,6.0,4.6,1.4000000000000004,2.2,2.0,0.20000000000000018,H,-1.014284138039784,-2.200000000000001,-2.5999999999999996,0.3181818181818181,0.2857142857142857,14,13,0.6666666666666666,0.3333333333333333,0.0,1.0,0.4,1.8,1.8,0.9071309999999998,0.2543693999999994,0.6527616000000004,0.9071309999999998,0.2543693999999994,1.5998959999999998,1.825396,0.9272498,1.557377,55980.0,1.089568
2025-09-13,Crystal Palace,Sunderland,0.0,0.0,1.75805,0.354129,-2,3,9,0,1.8,1.6666666666666667,0.8,1.0,9.6,10.333333333333334,5.4,3.0,0.8,3.6666666666666665,-2.8666666666666663,2.0,1.3333333333333333,0.6666666666666667,D,231.95085291321857,-0.7333333333333343,2.4000000000000004,0.3333333333333333,0.5555555555555556,13,14,0.0,0.0,0.0,1.6,1.0,0.0,2.0,0.11566399999999999,0.1360366666666668,-0.020372666666666817,0.11566399999999999,0.1360366666666668,1.1817086,1.12127,1.0663846,1.00381,255820.0,1.5727142473359004
2025-09-13,Everton,Aston Villa,0.0,0.0,1.8927,0.354327,11,8,8,6,1.6,0.4,0.6,1.2,11.0,11.4,3.8,3.4,2.6,6.8,-4.199999999999999,2.4,1.6,0.7999999999999998,D,-24.40286991866651,-0.40000000000000036,0.3999999999999999,0.4210526315789474,0.11764705882352942,14,13,0.5,0.375,0.125,1.4,1.0,1.0,1.0,0.12909019999999982,-0.8172421999999999,0.9463323999999997,0.12909019999999982,-0.8172421999999999,1.4666301999999998,1.4588328,1.512324,1.3779052000000003,-154730.0,0.7479885338284634
2025-09-13,Fulham,Leeds,1.0,0.0,1.13979,0.830398,-6,1,4,0,1.0,0.6,1.6,2.4,12.0,13.0,3.8,2.0,4.0,6.2,-2.2,2.0,1.8,0.19999999999999996,H,134.4837263786335,-1.0,1.7999999999999998,0.2631578947368421,0.3,14,14,0.5,0.5,0.0,1.2,2.0,0.8,3.2,-0.6360737999999999,-0.6352287999999997,-0.0008450000000002067,-0.6360737999999999,-0.6352287999999997,1.4227504000000002,0.6710486,1.4978799999999999,2.40144,2000.0,1.005344735435596
2025-09-13,Newcastle,Wolves,1.0,0.0,1.19186,0.375942,2,1,9,6,0.4,1.0,1.0,2.6,13.0,11.4,3.8,3.4,7.4,5.4,2.0,1.6,1.8,-0.19999999999999996,H,156.7467432656449,1.5999999999999996,0.3999999999999999,0.10526315789473685,0.29411764705882354,14,14,0.625,0.125,0.25,2.4,0.8,1.0,1.4,0.639729,-1.0808440000000004,1.7205730000000004,0.639729,-1.0808440000000004,2.247536,1.0844192,0.9736916000000001,1.2681217999999999,307850.0,1.7896626907785045
2025-09-13,West Ham,Tottenham,0.0,3.0,0.793248,1.51402,-11,0,3,4,1.6,1.2,2.2,1.4,12.4,8.0,5.4,3.0,5.8,2.2,3.5999999999999996,1.6,2.2,-0.6000000000000001,A,-22.914616060935717,4.4,2.4000000000000004,0.2962962962962963,0.39999999999999997,13,14,0.5,0.125,0.375,1.2,2.2,1.2,2.4,-0.567931,-0.6207043999999997,0.05277339999999975,-0.567931,-0.6207043999999997,0.9745502,0.9583740000000001,1.9632238000000002,1.7661159999999998,-343670.0,0.5774895500368822
2025-09-13,Brentford,Chelsea,2.0,2.0,1.17533,0.755999,-12,-9,10,10,1.2,1.8,1.8,0.2,10.0,12.2,4.4,4.2,3.8,6.6,-2.8,2.0,1.6,0.3999999999999999,D,-111.32267501615364,-2.1999999999999993,0.20000000000000018,0.2727272727272727,0.42857142857142855,14,14,0.125,0.5,0.375,2.2,1.6,1.6,0.8,0.25466560000000005,1.1376076,-0.8829419999999999,0.25466560000000005,1.1376076,2.29277,1.6270291999999997,1.2895324000000001,1.1792728000000001,-646420.0,0.437895652173913
2025-09-14,Burnley,Liverpool,0.0,1.0,0.168041,2.79492,-14,-7,5,6,1.2,2.2,2.0,1.6,10.8,13.0,3.0,5.0,3.4,4.8,-1.4,2.2,1.4,0.8000000000000003,A,-403.4207646773318,-2.1999999999999993,-2.0,0.39999999999999997,0.44000000000000006,15,14,0.5,0.5,0.0,1.2,1.6,1.8,2.2,-1.3215081999999998,0.16596679999999964,-1.4874749999999994,-1.3215081999999998,0.16596679999999964,1.270072,2.2143398000000003,1.771395,1.9241190000000004,-744500.0,0.24069352371239164
2025-09-14,Man City,Man United,3.0,0.0,1.99725,1.51915,-5,2,12,2,2.0,1.2,1.0,1.0,13.8,17.4,4.2,5.4,4.8,4.4,0.39999999999999947,1.2,2.2,-1.0000000000000002,H,202.26975791540167,-3.599999999999998,-1.2000000000000002,0.47619047619047616,0.2222222222222222,14,15,0.5,0.375,0.125,2.2,1.2,1.2,2.2,0.5099040000000004,0.8608620000000005,-0.3509580000000001,0.5099040000000004,0.8608620000000005,1.9328626,1.1429319999999998,1.2123518,1.9569319999999997,615400.0,1.7944745675187193
2025-09-20,Fulham,Brentford,3.0,1.0,1.52431,0.826556,1,0,4,7,0.6,1.2,1.2,1.6,9.8,9.2,3.0,4.0,4.0,3.8,0.20000000000000018,1.4,1.8,-0.40000000000000013,H,21.49642426141781,0.6000000000000014,-1.0,0.19999999999999998,0.3,7,7,0.5,0.3333333333333333,0.16666666666666666,0.8,1.6,1.2,1.2,-0.4115873999999997,0.17592379999999963,-0.5875111999999993,-0.4115873999999997,0.17592379999999963,1.3051804,1.516894,1.3826835999999998,1.1647399999999997,-127380.0,0.747051114023591
2025-09-20,Man United,Chelsea,2.0,1.0,1.34458,0.469843,-8,-4,6,10,1.2,2.0,1.4,0.6,19.0,13.2,5.6,4.8,4.8,6.4,-1.6000000000000005,1.0,1.8,-0.8,H,-127.2489796040968,5.800000000000001,0.7999999999999998,0.2142857142857143,0.4166666666666667,6,7,0.5,0.0,0.5,1.0,1.2,2.0,1.2,0.9568575999999998,0.8621257999999998,0.09473179999999992,0.9568575999999998,0.8621257999999998,2.3628039999999997,1.4825709999999999,1.0678932,1.1420928,-375400.0,0.6735652173913044
2025-09-20,Wolves,Leeds,1.0,3.0,1.5661,0.456988,-4,-3,4,0,0.6,0.4,2.0,2.0,10.6,12.6,3.4,2.0,4.2,5.8,-1.5999999999999996,2.2,1.6,0.6000000000000001,A,12.976522337258077,-2.0,1.4,0.17647058823529413,0.2,7,7,0.25,0.5,0.25,1.2,2.0,0.6,3.0,-1.1928976000000004,-0.3302708000000001,-0.8626268000000004,-1.1928976000000004,-0.3302708000000001,1.1764386,0.6221642000000001,1.754244,2.3418719999999995,15650.0,1.0418225547835382
2025-09-20,Liverpool,Everton,2.0,1.0,1.06166,0.721371,7,3,11,9,2.0,1.2,1.0,0.6,14.8,12.4,4.8,3.2,6.8,3.8,3.0,1.8,2.8,-0.9999999999999998,H,201.6685203169618,2.4000000000000004,1.5999999999999996,0.4166666666666667,0.37499999999999994,6,7,0.625,0.125,0.25,2.6,1.2,1.4,1.0,0.5139206000000001,0.11122880000000013,0.40269179999999993,0.5139206000000001,0.11122880000000013,1.9981107999999999,1.2055832,1.2347742,1.292112,521250.0,2.135002721829069
2025-09-20,Burnley,Nott'm Forest,1.0,1.0,1.14159,0.830779,-1,-1,4,8,1.0,0.8,1.8,1.8,10.0,9.2,2.4,2.4,3.0,5.6,-2.5999999999999996,1.2,1.4,-0.19999999999999996,D,-176.8223134393586,0.8000000000000007,0.0,0.4166666666666667,0.33333333333333337,6,7,0.0,0.5,0.5,1.0,1.6,1.2,1.4,-1.4364742,-0.6356541999999996,-0.8008200000000003,-1.4364742,-0.6356541999999996,1.0785182,0.9931266000000001,2.128337,1.9153614,-402680.0,0.36951211874491136
2025-09-20,Brighton,Tottenham,2.0,2.0,1.40466,1.19181,-12,-2,11,7,1.6,1.8,1.4,1.0,12.8,10.2,5.0,3.8,4.8,4.6,0.20000000000000018,2.6,2.0,0.6000000000000001,D,98.83200119512162,2.6000000000000014,1.2000000000000002,0.32,0.4736842105263158,7,7,0.5,0.5,0.0,2.0,1.4,1.4,1.6,0.26840200000000025,-0.24303119999999967,0.5114331999999999,0.26840200000000025,-0.24303119999999967,1.5617606000000002,0.9354040000000001,1.7962346,1.4788115999999998,-188400.0,0.7683796410130317
2025-09-20,West Ham,Crystal Palace,1.0,2.0,0.466365,2.33565,-6,-1,2,9,1.4,1.0,2.4,0.4,10.6,9.6,5.2,4.6,4.6,1.8,2.8,0.4,2.0,-1.6,A,-171.65977298252506,1.0,0.6000000000000005,0.2692307692307692,0.2173913043478261,7,7,0.25,0.5,0.25,0.8,2.4,1.6,0.6,-0.4526648,0.3453181999999999,-0.7979829999999999,-0.4526648,0.3453181999999999,0.9516334000000001,2.3072559999999998,1.8762898,1.4446583999999998,-232770.0,0.6686548042704626
2025-09-21,Bournemouth,Newcastle,0.0,0.0,0.55066,0.153629,8,7,10,3,1.6,0.6,1.0,0.8,15.4,13.4,5.0,3.6,6.6,8.0,-1.4000000000000004,2.4,1.2,1.2,D,-22.716407306358636,2.0,1.4,0.32,0.16666666666666666,8,8,0.16666666666666666,0.16666666666666666,0.6666666666666666,1.2,0.6,0.4,1.2,1.1976755999999997,0.5855606,0.6121149999999997,1.1976755999999997,0.5855606,1.5167299999999997,1.3720970000000001,0.8378284,1.1794108,-16720.0,0.9760355453633367
2025-09-21,Sunderland,Aston Villa,1.0,1.0,0.938312,0.939354,11,5,6,4,1.25,0.0,0.75,1.2,9.25,9.2,2.25,2.2,3.5,5.6,-2.0999999999999996,1.25,2.0,-0.75,D,-207.7074479241969,0.05000000000000071,0.04999999999999982,0.5555555555555556,0.0,8,8,0.0,0.0,0.0,2.5,0.5,0.4,1.0,-0.24895274999999983,-1.3584356000000002,1.1094828500000005,-0.24895274999999983,-1.3584356000000002,1.147819,0.9298442000000001,1.002494,1.673994,-167300.0,0.7275155542525815
2025-09-21,Arsenal,Man City,1.0,1.0,0.718575,1.1227,8,3,10,10,2.2,2.0,0.4,0.8,15.4,14.0,4.4,4.4,6.0,4.6,1.4000000000000004,1.4,1.0,0.3999999999999999,D,30.47262654671863,1.4000000000000004,0.0,0.5,0.45454545454545453,8,7,0.5,0.25,0.25,2.4,0.8,1.8,0.4,1.3871958,0.47836880000000015,0.9088269999999998,1.3871958,0.47836880000000015,2.151044,2.0713920000000003,1.3239524,1.1799741999999998,-60000.0,0.9568345323741008
2025-09-27,Tottenham,Wolves,1.0,1.0,0.818711,1.15951,17,10,3,3,2.0,0.6,0.6,2.4,11.6,10.2,4.0,3.4,6.2,3.4,2.8000000000000003,1.8,2.0,-0.19999999999999996,D,43.00310225278258,1.4000000000000004,0.6000000000000001,0.5,0.17647058823529413,7,7,0.5,0.375,0.125,1.0,1.8,0.6,1.4,-0.03288319999999989,-0.7984612000000002,0.7655780000000003,-0.03288319999999989,-0.7984612000000002,1.4422184,0.5976876,2.102724,1.3320226,423550.0,2.086443503911761
2025-09-27,Nott'm Forest,Sunderland,0.0,1.0,1.4203,1.94154,-8,-3,4,1,1.0,1.2,1.8,0.8,10.6,10.2,3.6,2.6,5.2,4.0,1.2000000000000002,1.2,1.4,-0.19999999999999996,A,113.49521867435648,0.40000000000000036,1.0,0.2777777777777778,0.4615384615384615,7,6,0.0,0.0,0.0,1.0,1.8,0.0,1.0,-0.7520964000000003,-0.19937059999999973,-0.5527258000000006,-0.7520964000000003,-0.19937059999999973,1.2982710000000002,0.7376995,1.523986,1.38093,192000.0,1.429837915286111
2025-09-27,Man City,Burnley,5.0,1.0,3.22133,0.509491,7,3,12,4,1.8,1.0,1.0,1.6,11.0,8.4,4.0,2.8,3.8,3.0,0.7999999999999998,1.4,1.2,0.19999999999999996,H,332.40327317502965,2.5999999999999996,1.2000000000000002,0.45,0.35714285714285715,6,7,0.5,0.5,0.0,1.8,0.8,1.6,2.0,0.5109418000000001,-1.2748319999999997,1.7857737999999999,0.5109418000000001,-1.2748319999999997,1.4128646,1.4659878,1.2485657999999997,2.8086919999999997,1154000.0,5.889830508474576
2025-09-27,Crystal Palace,Liverpool,2.0,1.0,3.53323,3.10176,-6,-6,7,9,1.2,2.2,0.4,1.0,11.6,14.2,4.2,4.8,3.4,5.6,-2.1999999999999997,2.6,2.0,0.6000000000000001,H,-108.44848560858782,-2.5999999999999996,-0.5999999999999996,0.2857142857142857,0.45833333333333337,7,7,0.125,0.5,0.375,1.2,0.8,1.6,1.6,0.8205392000000002,0.4806144,0.33992480000000025,0.8205392000000002,0.4806144,1.4445256,2.4920478,0.8827583999999999,1.6121991999999998,-278000.0,0.7164711881693013
2025-09-27,Chelsea,Brighton,1.0,3.0,2.02653,2.4751,6,3,13,6,2.0,1.2,1.0,1.6,13.0,10.6,4.6,4.2,6.6,3.0,3.5999999999999996,2.4,2.6,-0.20000000000000018,A,19.39580402728916,2.4000000000000004,0.39999999999999947,0.4347826086956522,0.2857142857142857,7,7,0.5,0.25,0.25,1.4,0.2,1.8,1.8,0.7414583999999997,0.058253999999999806,0.6832043999999999,0.7414583999999997,0.058253999999999806,1.8767586,1.6959285999999998,0.8903076000000001,1.7569579999999998,525000.0,1.84
2025-09-27,Leeds,Bournemouth,2.0,2.0,2.04728,1.06033,-6,-3,6,7,0.8,1.2,1.4,1.0,10.0,13.6,2.4,4.0,3.4,6.4,-3.0000000000000004,1.2,2.8,-1.5999999999999999,D,-150.03747467083508,-3.5999999999999996,-1.6,0.33333333333333337,0.3,7,6,1.0,0.0,0.0,1.0,1.4,1.2,1.6,-0.38376520000000025,0.7635242000000001,-1.1472894000000005,-0.38376520000000025,0.7635242000000001,1.6724260000000002,1.3474134000000002,1.4896486,1.2982376000000002,-306780.0,0.5495021880231431
2025-09-27,Brentford,Man United,3.0,1.0,2.78726,2.23609,-3,-3,10,2,1.2,1.2,2.0,1.6,8.2,16.2,3.2,4.4,5.2,5.0,0.20000000000000018,1.8,0.6,1.2000000000000002,H,52.70311027794492,-8.0,-1.2000000000000002,0.37499999999999994,0.2727272727272727,7,7,0.75,0.125,0.125,2.6,2.0,1.0,2.0,-0.13624100000000006,0.6063314,-0.7425724,-0.13624100000000006,0.6063314,2.2555899999999998,1.2894484,1.1450742,1.8287219999999997,-271020.0,0.6501161890007746
2025-09-28,Aston Villa,Fulham,3.0,1.0,1.36575,0.952612,-9,-5,10,7,0.2,1.2,1.0,1.0,10.4,10.0,2.4,3.0,6.0,4.2,1.7999999999999998,1.8,2.2,-0.40000000000000013,H,66.16193165191976,0.40000000000000036,-0.6000000000000001,0.08333333333333334,0.39999999999999997,7,8,0.6666666666666666,0.3333333333333333,0.0,1.4,0.8,1.2,1.4,-0.8327536000000001,-0.2237845999999999,-0.6089690000000002,-0.8327536000000001,-0.2237845999999999,1.5117822,1.1909816,1.2991346,1.7057282,237780.0,1.6320574162679427
2025-09-28,Newcastle,Arsenal,1.0,2.0,0.739851,2.07048,-8,-4,9,10,0.6,2.0,0.6,0.4,10.8,13.2,2.6,3.4,6.0,6.6,-0.5999999999999996,1.2,1.6,-0.40000000000000013,A,-134.48047298833353,-2.3999999999999986,-0.7999999999999998,0.23076923076923075,0.5882352941176471,7,7,0.75,0.125,0.125,1.6,0.8,1.8,0.8,0.4888923999999998,0.9445776,-0.45568520000000023,0.4888923999999998,0.9445776,2.0200139999999998,1.8449517999999998,0.5737840000000001,1.0791553999999999,-632300.0,0.5245864661654135
2025-09-29,Everton,West Ham,1.0,1.0,0.909703,0.775766,7,4,8,9,1.2,1.0,1.0,2.6,11.4,10.2,2.4,4.6,4.0,6.2,-2.2,2.6,0.8,1.8,D,112.80497944492868,1.200000000000001,-2.1999999999999997,0.5,0.2173913043478261,9,9,0.375,0.375,0.25,1.2,0.8,2.0,1.4,0.06043299999999974,-0.8413785999999996,0.9018115999999994,0.06043299999999974,-0.8413785999999996,1.5994201999999997,1.4327033999999998,1.3025694,1.1881362,-10480.0,0.9776893108807188
2025-10-03,Bournemouth,Fulham,3.0,1.0,1.33458,0.84335,5,4,10,4,1.2,1.2,0.6,1.4,14.0,10.8,4.4,3.4,5.8,5.2,0.5999999999999996,2.8,2.4,0.3999999999999999,H,67.06137755238751,3.1999999999999993,1.0000000000000004,0.2727272727272727,0.35294117647058826,6,5,0.6666666666666666,0.0,0.3333333333333333,1.0,0.4,1.0,1.8,0.7175421999999999,-0.19897279999999995,0.9165149999999999,0.7175421999999999,-0.19897279999999995,1.504872,0.9823839999999999,0.4864762000000001,1.7917619999999999,304780.0,1.810154173312068
2025-10-04,Leeds,Tottenham,1.0,2.0,1.48051,0.688198,-7,-3,6,8,1.0,1.6,1.8,0.8,9.6,10.4,3.4,3.4,3.4,7.0,-3.6,1.6,2.4,-0.7999999999999998,A,-78.43101291958033,-0.8000000000000007,0.0,0.29411764705882354,0.4705882352941177,7,7,0.5,0.5,0.0,1.2,1.6,1.6,1.0,-0.5277476,-0.3499314,-0.17781619999999998,-0.5277476,-0.3499314,1.662592,1.0712036,1.2845266,1.2575356,-439200.0,0.46004425866732235
2025-10-04,Arsenal,West Ham,2.0,0.0,3.0585,0.864549,15,6,10,10,2.2,1.2,0.6,2.2,15.4,10.6,4.2,4.4,8.2,5.8,2.3999999999999995,1.0,1.4,-0.3999999999999999,H,292.2392585373634,4.800000000000001,-0.20000000000000018,0.5238095238095238,0.2727272727272727,6,5,0.25,0.625,0.125,2.2,0.6,1.8,1.0,1.2199293999999998,-0.8350820000000001,2.0550113999999997,1.2199293999999998,-0.8350820000000001,1.9104610000000002,1.3395886000000001,1.0474624,1.1112108,860270.0,2.831413790901156
2025-10-04,Man United,Sunderland,2.0,0.0,1.9298,0.807119,-8,-1,9,4,1.4,0.8,2.0,0.8,14.6,10.4,4.2,2.2,4.8,3.8,1.0,0.8,1.8,-1.0,H,112.05311726151194,4.199999999999999,2.0,0.3333333333333333,0.36363636363636365,7,7,0.0,0.0,0.0,1.4,1.2,0.3333333333333333,0.6666666666666666,0.4868713999999996,-0.12820659999999995,0.6150779999999996,0.4868713999999996,-0.12820659999999995,2.4037879999999996,1.1389796666666667,1.124299,1.3940533333333331,327920.0,1.7341273394824035
2025-10-04,Chelsea,Liverpool,2.0,1.0,1.23721,2.05981,-7,-5,10,6,2.2,1.6,1.6,1.0,11.8,14.4,4.6,3.6,5.4,5.6,-0.1999999999999993,2.6,2.4,0.20000000000000018,H,-85.46538522544483,-2.5999999999999996,0.9999999999999996,0.47826086956521746,0.4444444444444445,7,7,0.375,0.0,0.625,1.4,0.8,1.6,2.0,0.5849864,0.2429123999999998,0.3420740000000002,0.5849864,0.2429123999999998,2.1284020000000003,2.2069878,1.2019600000000001,2.2724042,169500.0,1.1728709841917389
2025-10-05,Everton,Crystal Palace,2.0,1.0,2.13876,2.17789,-5,-3,9,11,1.4,1.6,1.0,0.6,12.4,12.4,3.4,4.8,4.2,3.4,0.8000000000000003,2.8,2.2,0.5999999999999996,H,-37.1438198945541,0.0,-1.4,0.4117647058823529,0.33333333333333337,6,8,0.5,0.25,0.25,1.4,0.6,1.6,0.4,0.4285928000000001,0.9735911999999998,-0.5449983999999997,0.4285928000000001,0.9735911999999998,1.6179948,2.2733559999999997,1.0817446,1.1536334,-243250.0,0.6537366548042705
2025-10-05,Brentford,Man City,0.0,1.0,0.693758,1.09647,-5,0,10,8,1.6,2.0,1.6,1.2,8.2,12.2,4.2,4.8,5.0,4.6,0.40000000000000036,1.8,1.2,0.6000000000000001,A,-166.166607138686,-4.0,-0.5999999999999996,0.38095238095238093,0.4166666666666667,8,8,0.5,0.375,0.125,2.4,1.8,1.6,0.6,0.06006099999999992,0.6973908000000004,-0.6373298000000005,0.06006099999999992,0.6973908000000004,2.22201,1.9199540000000002,1.3440782,1.1603232,-886420.0,0.36228776978417265
2025-10-05,Wolves,Brighton,1.0,1.0,0.369404,1.39158,-9,-6,1,9,0.8,1.6,1.8,1.6,10.2,11.0,3.4,4.0,4.4,3.6,0.8000000000000003,2.2,3.0,-0.7999999999999998,D,-148.6141184914568,-0.8000000000000007,-0.6000000000000001,0.23529411764705885,0.4,8,8,0.125,0.625,0.25,0.8,2.6,2.0,1.2,-0.3743826,0.040528600000000026,-0.41491120000000004,-0.3743826,0.040528600000000026,0.9743266,1.9427346,1.6356856,1.571232,-235150.0,0.62376
2025-10-05,Aston Villa,Burnley,2.0,1.0,1.73572,0.502292,2,1,10,1,0.8,1.2,1.2,2.0,11.6,7.4,2.6,2.4,5.8,2.4,3.4,1.8,1.8,0.0,H,256.50805371779165,4.199999999999999,0.20000000000000018,0.3076923076923077,0.5,7,8,0.25,0.5,0.25,1.2,0.8,1.0,2.8,-0.5336502000000001,-1.5683113999999998,1.0346611999999997,-0.5336502000000001,-1.5683113999999998,1.1741902,1.08321,1.2353049999999999,3.057326,377980.0,2.6016101694915252
2025-10-05,Newcastle,Nott'm Forest,2.0,0.0,3.81662,0.337689,1,3,6,6,0.8,0.4,1.0,1.8,9.2,12.8,2.6,3.8,6.2,5.6,0.6000000000000005,1.4,1.8,-0.40000000000000013,H,101.87022415513889,-3.6000000000000014,-1.1999999999999997,0.3076923076923077,0.10526315789473685,7,8,0.3333333333333333,0.6666666666666666,0.0,1.2,1.2,1.0,1.4,0.006290800000000263,-0.9424124000000001,0.9487032000000004,0.006290800000000263,-0.9424124000000001,1.3449062,1.047746,0.9624393999999998,1.6631994000000003,59020.0,1.0924093442725622
2025-10-18,Fulham,Arsenal,0.0,1.0,0.502332,2.07823,-13,-4,7,10,1.2,1.6,1.8,0.6,10.6,16.0,3.4,4.2,4.0,9.4,-5.4,2.4,1.0,1.4,A,-225.9828847157271,-5.4,-0.8000000000000003,0.35294117647058826,0.38095238095238093,15,14,0.5,0.16666666666666666,0.3333333333333333,1.2,1.4,1.4,1.0,-0.31867880000000004,1.1425497999999998,-1.4612285999999999,-0.31867880000000004,1.1425497999999998,1.548818,1.6963237999999996,1.3976507999999999,1.1885498,-953800.0,0.28285714285714286
2025-10-18,Nott'm Forest,Chelsea,0.0,3.0,2.0555,2.5583,-10,-6,4,7,0.2,1.6,2.0,1.6,12.0,11.8,4.4,4.4,5.2,5.8,-0.5999999999999996,2.0,2.4,-0.3999999999999999,A,-152.67537945674826,0.1999999999999993,0.0,0.045454545454545456,0.36363636363636365,13,14,0.0,0.5,0.5,1.0,1.6,1.8,1.4,-1.6837966,-0.1738131999999999,-1.5099834,-1.6837966,-0.1738131999999999,1.4482096000000002,1.4261956000000002,1.6081860000000003,1.3497844,-511320.0,0.5553739130434783
2025-10-18,Brighton,Newcastle,2.0,1.0,0.857104,1.28313,-1,0,9,4,1.8,0.8,1.4,0.4,11.8,10.8,4.4,3.8,4.8,6.4,-1.6000000000000005,3.2,1.0,2.2,H,16.000669732473852,1.0,0.6000000000000005,0.40909090909090906,0.2105263157894737,13,13,0.375,0.125,0.5,1.8,1.4,0.2,0.4,0.18822179999999955,0.4387048000000001,-0.25048300000000057,0.18822179999999955,0.4387048000000001,1.5838266,1.1484708,1.7863285999999998,0.6788008000000001,-72700.0,0.8958004873154651
2025-10-18,Burnley,Leeds,2.0,0.0,0.509647,2.33152,-3,-4,4,3,1.0,1.2,2.4,1.2,7.0,12.2,2.4,4.0,2.4,3.8,-1.4,2.0,1.6,0.3999999999999999,H,-21.56044235795639,-5.199999999999999,-1.6,0.4166666666666667,0.3,13,14,0.5,0.0,0.5,1.0,1.6,1.0,2.4,-1.791505,0.1468845999999998,-1.9383895999999998,-1.791505,0.1468845999999998,0.9363962000000001,0.4461798,2.1166038,2.1516460000000004,-138200.0,0.6306787814003206
2025-10-18,Crystal Palace,Bournemouth,3.0,3.0,4.56284,2.0471,-2,-1,9,7,1.6,1.6,0.8,0.8,13.8,13.4,5.6,4.8,4.0,5.0,-1.0,2.2,2.4,-0.19999999999999973,D,24.27513208418327,0.40000000000000036,0.7999999999999998,0.28571428571428575,0.33333333333333337,13,15,0.3333333333333333,0.3333333333333333,0.3333333333333333,1.6,1.0,1.6,2.0,1.0270152,0.5335375999999998,0.49347760000000007,1.0270152,0.5335375999999998,2.083608,1.4266607999999998,1.3702918000000002,1.6401299999999999,21520.0,1.0316015154630092
2025-10-18,Man City,Everton,2.0,0.0,2.4799,0.794622,3,2,12,9,2.2,1.4,0.8,1.2,12.2,13.0,4.8,4.2,3.6,4.2,-0.6000000000000001,1.4,2.4,-1.0,H,143.08092299226587,-0.8000000000000007,0.5999999999999996,0.45833333333333337,0.3333333333333333,13,13,0.25,0.5,0.25,2.4,0.8,1.6,1.2,0.7844632,0.47750880000000007,0.30695439999999996,0.7844632,0.47750880000000007,1.7846666,1.1664898,0.978652,1.3507814000000002,930750.0,3.026673924877518
2025-10-18,Sunderland,Wolves,2.0,0.0,1.02481,0.676323,11,6,7,1,0.8,1.0,0.8,1.8,10.2,10.2,2.6,3.8,3.8,4.2,-0.40000000000000036,2.4,1.8,0.5999999999999999,H,-12.193354349734818,0.0,-1.1999999999999997,0.3076923076923077,0.2631578947368421,14,13,0.0,0.0,0.0,2.0,0.6666666666666666,0.6,1.6,-0.3762348,-0.2965671999999999,-0.07966760000000006,-0.3762348,-0.2965671999999999,1.0779833333333333,0.7920268,0.9814473333333332,1.2678328,56830.0,1.1457740156470437
2025-10-19,Liverpool,Man United,1.0,2.0,2.60972,2.53117,8,0,11,1,1.2,1.6,1.0,1.8,15.8,15.6,3.2,4.8,5.8,4.0,1.7999999999999998,2.2,0.8,1.4000000000000001,A,168.87837911181828,0.20000000000000107,-1.5999999999999996,0.37499999999999994,0.33333333333333337,15,15,0.375,0.25,0.375,2.0,1.2,1.0,2.4,0.6708046000000001,0.7328676000000001,-0.06206299999999998,0.6708046000000001,0.7328676000000001,1.7082348,1.3545884,1.276486,2.2641839999999998,205900.0,1.2658146139943196
2025-10-19,Tottenham,Aston Villa,1.0,2.0,1.51461,0.352231,8,0,4,5,1.6,1.2,1.0,1.2,9.8,11.2,3.0,3.6,6.8,5.2,1.5999999999999996,2.2,2.0,0.20000000000000018,A,-140.57736830035742,-1.3999999999999986,-0.6000000000000001,0.5333333333333333,0.3333333333333333,15,14,0.5,0.5,0.0,1.0,1.6,0.4,0.8,-0.5149237999999998,-0.25640699999999983,-0.2585168,-0.5149237999999998,-0.25640699999999983,1.1254806,0.745903,2.2230895999999998,1.5891924,199420.0,1.3247988533828463
2025-10-20,West Ham,Brentford,0.0,2.0,0.260251,3.46635,-3,0,1,4,1.0,1.4,1.6,1.8,9.0,7.6,3.6,4.0,5.0,5.2,-0.20000000000000018,1.8,2.2,-0.40000000000000013,A,-116.84510103917182,1.4000000000000004,-0.3999999999999999,0.2777777777777778,0.35,16,15,0.5,0.375,0.125,0.8,2.6,1.0,1.8,-0.6795926000000001,-0.05103900000000028,-0.6285535999999998,-0.6795926000000001,-0.05103900000000028,0.8480603999999999,1.3780971999999998,2.1588444000000004,1.3354806,-33850.0,0.9327812859922952
2025-10-24,Leeds,West Ham,2.0,1.0,2.2214,0.498653,3,3,5,7,1.2,0.4,1.6,2.0,14.0,8.0,4.6,2.2,3.8,4.8,-1.0,1.6,2.0,-0.3999999999999999,H,-1.4859008546463883,6.0,2.3999999999999995,0.2608695652173913,0.18181818181818182,6,4,0.25,0.5,0.25,1.0,1.6,1.4,1.4,0.43652619999999986,-1.6248087999999998,2.0613349999999997,0.43652619999999986,-1.6248087999999998,1.55556,1.0805284,0.9519302,1.2603368,-95530.0,0.7966278500415133
2025-10-25,Chelsea,Sunderland,1.0,2.0,1.21332,1.5506,2,-1,10,4,1.8,0.8,1.6,0.6,12.6,9.4,4.4,2.4,5.0,3.8,1.2000000000000002,2.4,1.8,0.5999999999999999,A,186.28418681207015,3.1999999999999993,2.0000000000000004,0.40909090909090906,0.33333333333333337,7,7,0.0,0.0,0.0,1.2,0.8,0.25,1.0,-0.4124876000000002,-0.3315834,-0.0809042000000002,-0.4124876000000002,-0.3315834,1.6719560000000002,1.0560144999999999,1.328582,1.52799,703320.0,2.574550013432435
2025-10-25,Newcastle,Fulham,2.0,1.0,2.76806,1.52001,1,1,6,4,1.0,1.2,0.8,1.6,12.4,10.2,4.0,2.8,6.2,4.4,1.7999999999999998,1.0,2.0,-1.0,H,99.84836843716973,2.200000000000001,1.2000000000000002,0.25,0.4285714285714286,7,7,0.5,0.5,0.0,1.2,1.2,1.2,2.2,0.598643,-0.2946239999999999,0.8932669999999999,0.598643,-0.2946239999999999,1.7741702,1.0104966000000002,0.900692,1.8006520000000001,321500.0,1.8545986177565126
2025-10-25,Man United,Brighton,4.0,2.0,1.96231,0.947154,1,1,12,7,1.4,1.8,1.6,1.4,12.8,12.0,4.4,4.0,3.4,5.8,-2.4,1.0,2.8,-1.7999999999999998,H,-38.10640026810984,0.8000000000000007,0.40000000000000036,0.3181818181818181,0.45,6,7,0.5,0.5,0.0,1.8,0.8,1.8,1.4,0.1779196000000003,0.0881246,0.08979500000000029,0.1779196000000003,0.0881246,2.3271740000000003,1.9385426,0.8537528,1.4983228,149600.0,1.23936
2025-10-25,Brentford,Liverpool,3.0,2.0,3.27126,2.11838,-10,1,7,6,1.6,1.2,1.4,1.4,10.6,17.8,4.6,3.8,6.4,7.0,-0.5999999999999996,2.0,1.8,0.19999999999999996,H,-105.84586997977522,-7.200000000000001,0.7999999999999998,0.3478260869565218,0.3157894736842105,5,6,0.625,0.25,0.125,1.6,1.4,1.6,1.8,0.6152267999999999,0.6873696,-0.07214280000000017,0.6152267999999999,0.6873696,1.6432876,2.3336098,1.3365642000000002,1.8159582,-476920.0,0.5135951045385008
2025-10-26,Arsenal,Crystal Palace,1.0,0.0,0.856175,0.350534,8,5,13,8,1.8,1.6,0.4,1.4,17.0,16.6,5.0,6.2,9.8,5.0,4.800000000000001,0.6,1.8,-1.2000000000000002,H,146.974817707576,0.3999999999999986,-1.2000000000000002,0.36,0.25806451612903225,8,8,0.375,0.375,0.25,2.4,0.2,1.4,0.8,1.4568743999999998,1.2519091999999998,0.20496519999999996,1.4568743999999998,1.2519091999999998,2.111193,1.911842,0.9368062,1.420027,627500.0,1.893238434163701
2025-10-26,Aston Villa,Man City,1.0,0.0,0.843906,1.36914,-9,-2,10,10,1.6,2.4,0.8,0.4,10.2,13.6,3.2,5.6,4.4,5.4,-1.0,1.6,1.0,0.6000000000000001,H,-51.447844439944674,-3.4000000000000004,-2.3999999999999995,0.5,0.4285714285714286,7,8,0.75,0.125,0.125,1.4,1.0,1.8,0.6,-0.21062880000000006,1.1364108,-1.3470396,-0.21062880000000006,1.1364108,1.2633082000000002,1.8223220000000002,1.195206,1.2716758000000001,-776020.0,0.44171223021582734
2025-10-26,Bournemouth,Nott'm Forest,2.0,0.0,0.656601,0.305493,13,8,13,5,2.0,0.2,1.4,2.0,11.0,12.2,4.6,4.2,4.4,4.4,0.0,2.4,2.4,0.0,H,119.58736070251392,-1.1999999999999993,0.39999999999999947,0.4347826086956522,0.047619047619047616,8,8,0.16666666666666666,0.3333333333333333,0.5,1.6,0.4,0.8,1.6,-0.35949640000000027,-1.4803601999999998,1.1208637999999995,-0.35949640000000027,-1.4803601999999998,1.567244,0.9879158,0.4303942,1.9584494,42300.0,1.0662303500970751
2025-10-26,Wolves,Burnley,2.0,3.0,2.58132,1.54544,-3,-2,2,0,0.6,1.0,1.6,1.8,11.0,6.6,3.6,2.4,4.2,2.4,1.8000000000000003,1.8,1.4,0.40000000000000013,A,14.129136441763194,4.4,1.2000000000000002,0.16666666666666666,0.4166666666666667,8,8,0.5,0.0,0.5,1.0,2.4,1.0,3.0,-0.14733400000000008,-1.6166415999999997,1.4693075999999996,-0.14733400000000008,-1.6166415999999997,0.9014173999999999,0.8044864,1.6314936,2.792076,153850.0,1.651906779661017
2025-10-26,Everton,Tottenham,0.0,3.0,1.4032,2.09327,-6,-3,11,10,0.8,1.8,1.2,1.2,12.0,10.6,3.6,3.4,4.4,8.0,-3.5999999999999996,2.6,2.2,0.3999999999999999,A,49.159926458159134,1.4000000000000004,0.20000000000000018,0.22222222222222224,0.5294117647058824,8,7,0.625,0.0,0.375,1.4,0.4,1.8,1.0,-0.07847739999999992,0.10743800000000014,-0.18591540000000006,-0.07847739999999992,0.10743800000000014,1.8840505999999997,1.0394387999999999,1.2886206000000002,1.3233055999999999,-354150.0,0.5646053602163758
2025-11-01,Liverpool,Aston Villa,2.0,0.0,1.47021,0.43502,1,-10,10,5,1.4,1.8,2.0,0.8,16.0,10.6,4.0,3.6,5.2,4.8,0.40000000000000036,1.8,1.2,0.6000000000000001,H,63.78583402865547,5.4,0.3999999999999999,0.35,0.5,7,6,0.375,0.25,0.375,1.8,1.2,0.6,1.0,-0.06858219999999982,-0.008001000000000147,-0.06058119999999967,-0.06858219999999982,-0.008001000000000147,1.6808148000000003,0.5915972,1.34513,1.6875704000000002,366520.0,1.5969575556207043
2025-11-01,Tottenham,Chelsea,0.0,1.0,0.146954,3.34251,5,2,4,10,1.8,1.6,1.2,1.6,9.2,12.6,3.2,4.6,7.0,5.6,1.4000000000000004,2.0,2.2,-0.20000000000000018,A,-143.5498237927327,-3.4000000000000004,-1.3999999999999995,0.5625,0.3478260869565218,6,7,0.5,0.375,0.125,1.2,1.6,2.4,1.0,0.10129760000000032,-0.3960774,0.49737500000000034,0.10129760000000032,-0.3960774,1.2670442,1.8085704,1.4964437999999998,1.4268243999999999,-336600.0,0.707304347826087
2025-11-01,Nott'm Forest,Man United,2.0,2.0,1.55066,0.91622,-10,-11,3,4,0.2,2.2,1.8,1.4,12.8,13.0,4.8,5.8,4.4,2.8,1.6000000000000005,2.4,1.4,1.0,D,-59.37781122394972,-0.1999999999999993,-1.0,0.04166666666666667,0.37931034482758624,6,7,0.6666666666666666,0.3333333333333333,0.0,0.6,1.8,0.8,1.8,-1.0329780000000002,0.47657079999999974,-1.5095488,-1.0329780000000002,0.47657079999999974,1.5054915999999998,1.6340143999999999,1.873948,2.0686539999999995,-135920.0,0.8245287890524141
2025-11-01,Brighton,Leeds,3.0,0.0,2.64127,0.35919,2,1,11,3,2.0,1.6,1.8,1.6,14.2,14.6,4.6,5.0,6.2,3.8,2.4000000000000004,2.4,1.8,0.5999999999999999,H,192.74854521714383,-0.40000000000000036,-0.40000000000000036,0.4347826086956522,0.32,7,8,0.25,0.0,0.75,2.0,1.4,0.8,2.4,0.04848279999999994,0.8429539999999998,-0.7944711999999998,0.04848279999999994,0.8429539999999998,1.6176748,0.8842990000000001,1.7154006000000002,1.6866314,250800.0,1.6702298236237307
2025-11-01,Crystal Palace,Brentford,2.0,0.0,0.734558,0.820498,1,-2,9,4,1.6,1.8,1.6,1.4,15.2,12.6,5.2,5.4,4.6,6.4,-1.8000000000000007,1.6,2.0,-0.3999999999999999,H,64.17757395971103,2.5999999999999996,-0.20000000000000018,0.3076923076923077,0.3333333333333333,6,7,0.25,0.125,0.625,2.0,1.4,1.2,1.8,0.8699968,0.7619365999999999,0.10806020000000016,0.8699968,0.7619365999999999,2.5281019999999996,1.8072131999999996,1.6523438000000001,1.2440441999999998,198920.0,1.3950117161126336
2025-11-01,Burnley,Arsenal,0.0,2.0,0.679177,2.51649,-15,-6,7,12,1.6,1.4,2.0,0.4,8.2,15.8,3.8,4.6,2.8,9.0,-6.2,1.4,0.4,0.9999999999999999,A,-368.9882846599312,-7.600000000000001,-0.7999999999999998,0.4210526315789474,0.30434782608695654,6,6,0.25,0.5,0.25,1.2,0.8,1.2,0.6,-1.2984418,1.0403988,-2.3388406,-1.2984418,1.0403988,0.7810616,1.6743797999999999,1.7316217999999999,0.7396522,-1094000.0,0.1774436090225564
2025-11-01,Fulham,Wolves,3.0,0.0,1.91207,0.209934,3,1,7,1,1.2,1.0,2.0,2.0,11.6,12.4,3.2,4.4,4.4,4.4,0.0,2.2,1.2,1.0000000000000002,H,121.88178048695568,-0.8000000000000007,-1.2000000000000002,0.37499999999999994,0.22727272727272727,7,6,0.3333333333333333,0.3333333333333333,0.3333333333333333,1.0,1.0,0.6,1.8,-0.6061124000000002,0.22302559999999994,-0.8291380000000002,-0.6061124000000002,0.22302559999999994,1.4075464,0.8028004000000001,1.5480888,1.3009022000000001,-13650.0,0.9649865332820315
2025-11-02,West Ham,Newcastle,3.0,1.0,1.41383,0.523615,-6,-6,0,3,0.6,1.2,1.8,1.0,8.4,12.8,2.0,4.6,5.2,5.0,0.20000000000000018,2.6,0.8,1.8,H,-142.3379817158243,-4.4,-2.5999999999999996,0.3,0.2608695652173913,9,8,0.125,0.5,0.375,0.6,2.8,0.2,0.6,-1.8252038000000004,0.6850693999999997,-2.5102732000000003,-1.8252038000000004,0.6850693999999997,0.6697786,1.0775428,2.68271,0.7126490000000001,-227970.0,0.6732549806507094
2025-11-02,Man City,Bournemouth,3.0,1.0,2.48999,0.899846,-6,1,12,5,1.8,2.0,0.6,1.2,14.6,11.0,5.2,4.6,6.2,4.8,1.4000000000000004,1.8,2.2,-0.40000000000000013,H,113.00275802664372,3.5999999999999996,0.6000000000000005,0.34615384615384615,0.4347826086956522,7,7,0.6666666666666666,0.3333333333333333,0.0,2.6,0.8,1.8,2.4,1.1458376000000001,-0.45266420000000007,1.5985018000000002,1.1458376000000001,-0.45266420000000007,2.1087540000000002,1.5525148,1.0130854,2.14173,709020.0,2.0411759523040325
2025-11-03,Sunderland,Everton,1.0,1.0,1.18068,1.00741,8,6,10,6,1.2,0.8,0.8,1.8,10.2,10.4,3.2,3.6,3.4,4.2,-0.8000000000000003,1.8,2.4,-0.5999999999999999,D,-103.00588666446288,-0.20000000000000107,-0.3999999999999999,0.37499999999999994,0.22222222222222224,9,8,0.0,0.0,0.0,2.0,0.5,1.0,1.4,0.016656800000000027,-0.5241660000000004,0.5408228000000004,0.016656800000000027,-0.5241660000000004,1.06469,1.0602062,0.90516625,1.6050234000000003,-12570.0,0.9726292868807839
2025-11-08,Chelsea,Wolves,3.0,0.0,3.98342,0.111462,13,7,7,1,1.6,0.8,1.2,2.0,14.6,10.2,6.2,3.6,5.6,3.8,1.7999999999999998,1.6,1.6,0.0,H,252.90987499239785,4.4,2.6,0.25806451612903225,0.22222222222222224,7,7,0.5,0.25,0.25,1.2,1.2,0.2,1.6,0.4179812000000007,-0.33922399999999997,0.7572052000000007,0.4179812000000007,-0.33922399999999997,1.6554779999999998,0.5590151999999999,1.5711755999999997,1.3464142000000001,760150.0,2.949852507374631
2025-11-08,Sunderland,Arsenal,2.0,2.0,1.20495,2.32943,-4,-5,11,12,1.2,1.6,0.8,0.2,10.8,15.8,3.0,5.6,3.0,8.0,-5.0,2.0,0.4,1.6,D,-291.6525572923633,-5.0,-2.5999999999999996,0.39999999999999997,0.28571428571428575,5,7,0.0,0.0,0.0,1.8,0.6,1.2,0.4,0.05151920000000021,1.4886864000000002,-1.4371672,0.05151920000000021,1.4886864000000002,1.087888,1.6962558,0.925615,0.7558588,-883320.0,0.3358496240601504
2025-11-08,Tottenham,Man United,2.0,2.0,1.35532,0.820256,1,-3,4,5,1.4,2.2,1.0,1.6,7.6,14.4,2.8,6.4,6.2,2.8,3.4000000000000004,2.4,1.6,0.7999999999999998,D,-51.30111373546947,-6.800000000000001,-3.6000000000000005,0.5,0.34375,7,7,0.5,0.25,0.25,1.0,1.0,1.2,2.0,-0.4952436,0.17473540000000054,-0.6699790000000005,-0.4952436,0.17473540000000054,0.9259049999999999,1.7497319999999998,1.5416978,2.119644,38800.0,1.0500903692228247
2025-11-08,Everton,Fulham,2.0,0.0,2.30607,0.424478,1,2,8,1,0.8,1.2,1.6,1.8,10.2,12.6,3.6,3.8,3.6,6.0,-2.4,2.2,1.6,0.6000000000000001,H,58.65245203189443,-2.4000000000000004,-0.19999999999999973,0.22222222222222224,0.3157894736842105,5,7,0.0,0.5,0.5,1.0,1.0,0.8,2.2,-0.49076220000000004,-0.40523599999999993,-0.08552620000000011,-0.49076220000000004,-0.40523599999999993,1.6291045999999998,0.9910166,1.4972245999999998,1.8681740000000002,83050.0,1.2207602339181287
2025-11-08,West Ham,Burnley,3.0,2.0,2.96728,1.87478,-1,-2,3,3,1.0,1.4,1.6,2.2,9.8,6.4,3.2,2.8,5.0,2.2,2.8,2.2,1.6,0.6000000000000001,H,77.37244207285585,3.4000000000000004,0.40000000000000036,0.3125,0.5,6,7,0.0,0.25,0.75,1.0,2.6,1.4,3.0,-1.2733037999999999,-1.7280665999999998,0.4547627999999999,-1.2733037999999999,-1.7280665999999998,0.7824532,0.9235082,2.357921,2.707864,233730.0,1.9903813559322034
2025-11-09,Aston Villa,Bournemouth,4.0,0.0,1.88282,2.00992,-5,4,10,5,1.6,2.2,1.0,1.8,10.2,10.4,3.8,5.2,4.6,4.6,0.0,1.6,2.2,-0.6000000000000001,H,63.945068179903046,-0.20000000000000107,-1.4000000000000004,0.4210526315789474,0.4230769230769231,8,7,0.5,0.16666666666666666,0.3333333333333333,1.2,1.0,1.8,2.4,-0.2152474000000001,-0.8500992,0.6348518,-0.2152474000000001,-0.8500992,1.0939674000000001,1.5400812,1.3644307999999998,2.32017,-67000.0,0.9016123821551294
2025-11-09,Brentford,Newcastle,3.0,1.0,2.73729,0.432277,1,3,10,3,1.6,1.4,1.2,1.6,12.2,14.4,5.2,5.2,5.4,5.8,-0.39999999999999947,2.4,1.0,1.4,H,10.559178494114349,-2.200000000000001,0.0,0.3076923076923077,0.2692307692307692,8,7,0.5,0.375,0.125,1.8,1.2,0.4,1.0,0.9186753999999997,0.5864326,0.3322427999999997,0.9186753999999997,0.5864326,1.8114496,0.7329978,1.4367582,0.763499,-194120.0,0.721771535043715
2025-11-09,Crystal Palace,Brighton,0.0,0.0,0.839547,0.637037,2,-3,9,4,1.6,2.2,1.4,1.4,13.4,14.6,5.0,5.2,4.2,6.6,-2.3999999999999995,1.0,2.2,-1.2000000000000002,D,21.93566132168985,-1.1999999999999993,-0.20000000000000018,0.32,0.4230769230769231,8,8,0.375,0.125,0.5,1.6,1.0,1.4,2.0,0.4789517999999995,0.4623287999999999,0.01662299999999961,0.4789517999999995,0.4623287999999999,2.3381115999999995,1.5047253999999999,1.5306714,1.5202548,77500.0,1.124
2025-11-09,Nott'm Forest,Leeds,3.0,1.0,2.49097,0.419461,-3,-3,4,3,0.4,1.0,2.0,2.0,12.8,14.4,3.8,4.6,5.0,5.2,-0.20000000000000018,2.4,1.8,0.5999999999999999,H,108.1875208190329,-1.5999999999999996,-0.7999999999999998,0.10526315789473685,0.2173913043478261,8,8,1.0,0.0,0.0,1.0,2.0,0.6,2.4,-0.8439278000000003,0.6083604000000002,-1.4522882000000006,-0.8439278000000003,0.6083604000000002,1.4995956,0.8269714,1.7954440000000003,1.7188834,264480.0,1.706787814003207
2025-11-09,Man City,Liverpool,3.0,0.0,1.59542,1.0281,3,9,12,6,2.2,1.4,0.6,1.8,16.6,17.0,6.2,4.2,7.8,4.4,3.3999999999999995,1.8,1.8,0.0,H,44.75053606417191,-0.3999999999999986,2.0,0.3548387096774194,0.3333333333333333,7,8,0.375,0.125,0.5,2.6,0.8,1.6,1.8,1.3830414000000002,0.07039799999999996,1.3126434000000002,1.3830414000000002,0.07039799999999996,2.2871940000000004,2.1442858,1.0006518,2.0346322,409500.0,1.4176440591534931
2025-11-22,Newcastle,Man City,2.0,1.0,2.40555,2.45648,-12,-6,9,7,1.4,1.8,1.8,0.4,13.8,15.2,4.8,5.8,4.8,7.2,-2.4000000000000004,0.8,2.0,-1.2,H,-111.89716816149848,-1.3999999999999986,-1.0,0.2916666666666667,0.3103448275862069,13,13,0.5,0.25,0.25,1.6,1.2,1.4,0.8,0.39155580000000034,0.9541376000000004,-0.5625818,0.39155580000000034,0.9541376000000004,2.0959621999999998,1.6043040000000002,0.990136,0.9968629999999999,-692300.0,0.5019424460431655
2025-11-22,Wolves,Crystal Palace,0.0,2.0,1.66409,1.44933,-10,-4,1,7,0.6,1.2,2.4,1.2,9.0,12.2,3.0,4.0,2.2,4.6,-2.3999999999999995,1.6,1.0,0.6000000000000001,A,-245.37940370453703,-3.1999999999999993,-1.0,0.19999999999999998,0.3,14,13,0.625,0.25,0.125,1.2,2.8,1.2,0.8,-1.1817753999999998,0.43315979999999965,-1.6149351999999995,-1.1817753999999998,0.43315979999999965,1.1959034,1.6990688000000003,1.5461896,1.2070180000000001,-312650.0,0.5549466192170819
2025-11-22,Fulham,Sunderland,1.0,0.0,2.83729,0.222768,-10,-5,10,7,1.0,1.4,1.6,1.2,12.0,9.8,3.8,2.8,5.4,2.6,2.8000000000000003,1.2,2.0,-0.8,H,75.15241433689039,2.1999999999999993,1.0,0.2631578947368421,0.5,14,14,0.0,0.0,0.0,1.6,0.6,0.6,1.0,-0.6989268000000002,-0.2776248000000001,-0.42130200000000007,-0.6989268000000002,-0.2776248000000001,1.3463664000000002,1.1549316,1.0982296,1.465056,-70480.0,0.8422136652637234
2025-11-22,Liverpool,Nott'm Forest,0.0,3.0,1.79273,1.19459,10,-1,12,2,1.2,1.0,2.0,2.0,14.4,11.2,3.6,3.8,4.6,4.8,-0.20000000000000018,2.0,2.0,0.0,A,129.06264038329596,3.200000000000001,-0.19999999999999973,0.3333333333333333,0.2631578947368421,13,13,0.5,0.3333333333333333,0.16666666666666666,2.0,1.0,0.4,1.8,0.043228000000000266,-0.32537799999999995,0.3686060000000002,0.043228000000000266,-0.32537799999999995,1.5906128000000002,0.6195024,1.149254,1.9196782,341820.0,1.5351975950397696
2025-11-22,Bournemouth,West Ham,2.0,2.0,3.48299,0.390782,10,1,13,4,1.8,1.4,2.2,1.8,10.6,10.0,5.0,3.8,5.6,5.4,0.1999999999999993,2.2,1.8,0.40000000000000013,D,115.1340825418556,0.5999999999999996,1.2000000000000002,0.36,0.3684210526315789,13,14,0.16666666666666666,0.16666666666666666,0.6666666666666666,1.6,0.4,1.0,1.6,-0.6272892000000001,-1.0280163999999998,0.40072719999999973,-0.6272892000000001,-1.0280163999999998,1.1536662000000002,0.9867832000000002,0.4601524,1.5259978,211250.0,1.449726438592383
2025-11-22,Burnley,Chelsea,0.0,2.0,0.660943,1.72093,-16,-6,7,10,1.6,2.0,1.8,0.6,7.8,16.0,3.8,7.2,2.6,6.6,-3.9999999999999996,1.4,1.2,0.19999999999999996,A,-277.6682361959338,-8.2,-3.4000000000000004,0.4210526315789474,0.2777777777777778,14,14,0.0,0.5,0.5,1.0,0.8,2.4,1.0,-1.4041988000000005,1.2820867999999999,-2.6862856000000006,-1.4041988000000005,1.2820867999999999,0.7004530000000001,2.2153244,1.9189957999999998,1.1401872,-914000.0,0.20521739130434782
2025-11-22,Brighton,Brentford,2.0,1.0,0.977488,2.19979,1,-1,11,3,1.6,1.6,1.2,1.2,13.6,13.2,5.2,5.0,6.8,5.8,1.0,2.0,2.4,-0.3999999999999999,H,53.83437178647273,0.40000000000000036,0.20000000000000018,0.3076923076923077,0.32,13,13,0.5,0.125,0.375,2.0,1.0,1.0,2.0,0.3321128000000002,1.269444,-0.9373311999999998,0.3321128000000002,1.269444,1.7103507999999998,1.5769208,1.1742386000000002,1.1691778,121420.0,1.2411136264347273
2025-11-23,Leeds,Aston Villa,1.0,2.0,1.84668,1.35978,-9,-9,8,5,0.8,1.8,2.2,0.8,12.6,11.6,3.6,4.6,4.6,5.4,-0.8000000000000007,1.6,1.8,-0.19999999999999996,A,-262.41608977830106,1.0,-0.9999999999999996,0.22222222222222224,0.391304347826087,14,14,0.25,0.25,0.5,1.2,1.0,0.6,1.0,-0.0033314000000002064,-0.3232949999999999,0.3199635999999997,-0.0033314000000002064,-0.3232949999999999,1.7615380000000003,0.6115568,0.6450308,1.3890944,-239780.0,0.6094661063878303
2025-11-23,Arsenal,Tottenham,4.0,1.0,2.27827,0.0300672,8,6,13,13,1.6,1.6,0.4,1.2,15.2,7.6,5.6,3.0,6.0,5.2,0.7999999999999998,0.4,2.8,-2.4,H,264.42741146499384,7.6,2.5999999999999996,0.28571428571428575,0.5333333333333333,15,15,0.5,0.375,0.125,2.4,0.2,2.4,0.6,1.4474566000000002,-0.3200709999999998,1.7675276,1.4474566000000002,-0.3200709999999998,2.0505120000000003,1.3534895999999998,0.557645,1.2658235999999998,516600.0,1.6351118760757315
2025-11-24,Man United,Everton,0.0,1.0,2.2737,0.155063,3,4,12,4,2.4,1.0,1.4,1.4,12.6,10.6,5.6,3.4,3.0,4.4,-1.4000000000000004,1.4,2.0,-0.6000000000000001,A,-46.06335825301085,2.0,2.1999999999999997,0.4285714285714286,0.29411764705882354,16,16,0.5,0.25,0.25,2.2,1.2,1.0,1.6,0.17795660000000013,-0.1412312,0.31918780000000013,0.17795660000000013,-0.1412312,2.127118,1.0471302,0.9761392000000001,1.6093394,315350.0,1.6866630375612413
2025-11-29,Brentford,Burnley,3.0,1.0,3.72106,0.874025,6,3,10,3,1.8,1.4,1.4,1.8,14.0,8.4,5.6,3.8,6.0,2.0,4.0,2.2,1.6,0.6000000000000001,H,206.29650365840712,5.6,1.7999999999999998,0.32142857142857145,0.3684210526315789,7,7,1.0,0.0,0.0,2.2,1.4,1.8,3.0,1.5944467999999998,-1.3695105999999997,2.9639573999999995,1.5944467999999998,-1.3695105999999997,2.1329795999999996,1.1516365999999998,1.3278432,2.9056039999999994,267580.0,2.133813559322034
2025-11-29,Man City,Leeds,3.0,2.0,2.85292,1.75142,15,6,15,3,1.8,0.8,0.8,2.2,16.6,12.2,5.8,3.8,8.6,4.4,4.199999999999999,2.2,2.2,0.0,H,321.38687096129865,4.400000000000002,2.0,0.3103448275862069,0.2105263157894737,7,6,0.5,0.5,0.0,3.2,0.4,0.8,2.0,0.8837812,-0.06441379999999985,0.9481949999999999,0.8837812,-0.06441379999999985,2.356778,0.8795113999999999,0.9502418,1.6695553999999997,1015800.0,3.714591127739177
2025-11-29,Sunderland,Bournemouth,3.0,2.0,1.16955,1.79274,2,3,9,5,1.4,1.6,1.0,2.4,9.0,14.0,2.6,5.8,2.8,6.6,-3.8,1.8,2.8,-0.9999999999999998,H,-88.72465345811202,-5.0,-3.1999999999999997,0.5384615384615384,0.27586206896551724,7,7,0.0,0.0,0.0,1.6,1.0,1.4,2.4,-0.575993,-0.10709360000000001,-0.46889939999999997,-0.575993,-0.10709360000000001,1.1840044,1.6274591999999999,1.2797113999999998,2.23072,-234300.0,0.6559370319245793
2025-11-29,Everton,Newcastle,1.0,4.0,1.01125,2.45882,2,1,8,2,0.8,1.4,1.2,2.0,8.4,12.0,2.2,4.0,4.2,4.2,0.0,1.6,1.0,0.6000000000000001,A,-41.72888978124956,-3.5999999999999996,-1.7999999999999998,0.36363636363636365,0.35,5,7,0.5,0.25,0.25,1.0,1.0,0.6,1.6,-0.5571325999999996,-0.31441640000000004,-0.2427161999999996,-0.5571325999999996,-0.31441640000000004,1.7300866,0.5392572,1.1651462000000001,1.2472367999999998,-238450.0,0.6582341980794038
2025-11-29,Tottenham,Fulham,1.0,2.0,1.04396,0.494736,5,-2,2,0,1.4,1.0,1.8,1.0,6.4,14.4,2.8,4.2,5.2,6.2,-1.0,2.8,1.6,1.1999999999999997,A,-57.4561694707827,-8.0,-1.4000000000000004,0.5,0.23809523809523808,6,7,0.6666666666666666,0.16666666666666666,0.16666666666666666,0.8,1.4,0.6,2.4,-0.6112491599999996,-0.07777640000000008,-0.5334727599999995,-0.6112491599999996,-0.07777640000000008,0.801253,0.8953355999999999,1.5589213999999998,2.041372,437200.0,2.1621477937267413
2025-11-30,Chelsea,Arsenal,1.0,1.0,0.791914,1.22828,-2,-1,9,10,2.0,2.0,0.4,0.6,16.6,14.4,7.0,6.2,7.0,5.2,1.7999999999999998,1.8,0.6,1.2000000000000002,D,-95.8712616201235,2.200000000000001,0.7999999999999998,0.2857142857142857,0.3225806451612903,8,7,0.375,0.375,0.25,1.8,1.2,1.4,0.8,1.6586042000000003,1.4583069600000003,0.20029724000000004,1.6586042000000003,1.4583069600000003,2.178576,1.8960617999999996,1.38664,0.7215428,-180000.0,0.8646616541353384
2025-11-30,West Ham,Liverpool,0.0,2.0,0.364152,1.56793,-4,4,6,3,1.8,1.0,1.8,2.2,10.2,16.2,4.2,4.0,5.2,5.8,-0.5999999999999996,1.8,2.0,-0.19999999999999996,A,-210.9207503635544,-6.0,0.20000000000000018,0.42857142857142855,0.25,8,8,0.625,0.25,0.125,1.4,2.0,1.0,2.0,-1.2076677999999998,-0.0016639999999998878,-1.2060038,-1.2076677999999998,-0.0016639999999998878,1.1801948,2.220594,1.9428829999999997,1.9610322,-510770.0,0.47907190209077
2025-11-30,Crystal Palace,Man United,1.0,2.0,2.13561,1.47768,6,0,9,5,1.4,2.0,0.8,1.6,11.2,14.6,3.2,5.6,4.6,4.4,0.1999999999999993,1.0,1.6,-0.6000000000000001,A,56.46323341454854,-3.4000000000000004,-2.3999999999999995,0.43749999999999994,0.35714285714285715,8,6,0.5,0.25,0.25,1.4,0.8,1.4,2.2,0.38238179999999966,0.3771477999999999,0.005233999999999739,0.38238179999999966,0.3771477999999999,2.285645,1.6045772,1.3921048,2.0600419999999997,-72100.0,0.9069197004905758
2025-11-30,Aston Villa,Wolves,1.0,0.0,1.15486,0.692588,15,12,12,1,1.8,0.4,0.8,2.6,11.4,9.4,3.8,2.6,4.8,2.0,2.8,1.4,1.6,-0.20000000000000018,H,278.31975589626086,2.0,1.1999999999999997,0.4736842105263158,0.15384615384615385,7,8,0.625,0.125,0.25,2.0,1.0,0.2,2.0,-0.6673606000000003,-0.9343882000000001,0.2670275999999998,-0.6673606000000003,-0.9343882000000001,1.4068112,0.5066342,1.4862188,1.7861742000000003,224130.0,1.5749134282416315
2025-11-30,Nott'm Forest,Brighton,0.0,2.0,0.960325,2.0572,-7,-3,4,5,1.6,1.8,1.6,1.2,13.2,13.0,4.4,5.0,5.8,6.6,-0.7999999999999998,1.2,2.0,-0.8,A,-113.25636993492547,0.1999999999999993,-0.5999999999999996,0.36363636363636365,0.36,8,8,0.5,0.16666666666666666,0.3333333333333333,1.0,2.0,1.4,1.6,0.2507801999999999,-0.11678279999999996,0.36756299999999986,0.2507801999999999,-0.11678279999999996,1.6466895999999998,1.2151587999999998,1.6143042,1.3279322,13680.0,1.021888
2025-12-02,Bournemouth,Everton,0.0,1.0,0.635415,1.19573,3,-3,11,7,1.4,1.0,2.4,1.6,16.0,9.4,6.0,2.4,6.2,5.2,1.0,3.0,1.2,1.8,A,-40.36922314364074,6.6,3.6,0.2333333333333333,0.4166666666666667,3,3,0.8333333333333334,0.16666666666666666,0.0,1.8,0.8,1.2,1.4,0.5206924000000004,-0.5095909999999997,1.0302834,0.5206924000000004,-0.5095909999999997,1.4933402,0.9432752000000001,0.4636354,1.5878393999999998,221730.0,1.4828089275993468
2025-12-02,Fulham,Man City,4.0,5.0,0.972635,1.96225,-13,0,12,4,1.4,2.0,1.0,1.2,14.0,16.4,4.8,6.2,5.4,8.0,-2.5999999999999996,2.0,3.0,-1.0,A,-189.8586996279744,-2.3999999999999986,-1.4000000000000004,0.2916666666666667,0.3225806451612903,3,3,0.5,0.5,0.0,1.6,0.4,0.8,1.2,0.12755839999999985,0.7670256000000004,-0.6394672000000006,0.12755839999999985,0.7670256000000004,1.5831583999999999,1.635794,0.8335772,1.3740858,-1013800.0,0.2706474820143885
2025-12-02,Newcastle,Tottenham,2.0,2.0,1.88558,1.05205,-1,5,12,10,2.0,1.4,1.8,1.8,11.4,7.4,5.0,2.6,4.8,5.6,-0.7999999999999998,0.8,3.0,-2.2,D,117.7097671747947,4.0,2.4,0.4,0.5384615384615384,3,3,0.625,0.375,0.0,1.6,0.8,2.2,1.4,-0.1101076000000003,-0.73388016,0.6237725599999997,-0.1101076000000003,-0.73388016,2.1843882,1.1034730400000001,1.3521202,1.4719776,-115700.0,0.8577575608556676
2025-12-03,Leeds,Chelsea,3.0,1.0,2.2047,0.964018,-15,-7,5,10,1.2,1.6,2.4,0.6,10.2,15.4,3.8,6.6,3.6,7.2,-3.6,2.2,1.6,0.6000000000000001,H,-217.10080419691712,-5.200000000000001,-2.8,0.3157894736842105,0.24242424242424246,4,3,0.75,0.25,0.0,1.2,1.4,1.8,0.8,-0.6490884000000001,1.4707710000000003,-2.1198594,-0.6490884000000001,1.4707710000000003,1.6546340000000002,1.7695163999999999,0.7821192,1.0766613999999999,-775800.0,0.3253913043478261
2025-12-03,Wolves,Nott'm Forest,0.0,1.0,1.02461,1.12389,-3,-7,1,4,0.4,1.6,2.4,1.4,8.0,14.6,2.8,4.6,2.2,6.6,-4.3999999999999995,2.4,0.8,1.5999999999999999,A,-156.13056125528396,-6.6,-1.7999999999999998,0.14285714285714288,0.3478260869565218,3,3,0.16666666666666666,0.16666666666666666,0.6666666666666666,1.2,2.4,0.8,1.6,-0.9571451999999998,0.1319652,-1.0891103999999998,-0.9571451999999998,0.1319652,1.4248341999999998,0.5924464,1.3762496,2.0578481999999996,-248830.0,0.6103995741216258
2025-12-03,Liverpool,Sunderland,1.0,1.0,1.37633,0.712662,-2,-2,9,7,1.2,1.6,1.8,1.4,14.2,9.8,3.8,3.4,4.4,3.4,1.0000000000000004,2.0,2.8,-0.7999999999999998,D,181.9567721622052,4.399999999999999,0.3999999999999999,0.3157894736842105,0.4705882352941177,3,4,0.0,0.0,0.0,1.2,1.2,0.6,0.8,0.22338159999999996,-0.7703283999999997,0.9937099999999996,0.22338159999999996,-0.7703283999999997,1.4831448,0.9752312000000002,1.073566,1.8317520000000003,533820.0,2.195083728843915
2025-12-03,Brighton,Aston Villa,3.0,4.0,1.96298,3.15745,-2,-2,13,8,1.8,1.6,1.0,0.6,13.8,13.0,5.2,4.6,5.4,5.0,0.40000000000000036,2.2,1.4,0.8000000000000003,A,-58.33970752947676,0.8000000000000007,0.6000000000000005,0.34615384615384615,0.3478260869565218,3,3,0.5,0.375,0.125,2.2,1.0,1.0,1.0,0.1877974,-0.3424304,0.5302278,0.1877974,-0.3424304,1.6178324,0.6881424,1.4336200000000001,1.5325023999999998,11020.0,1.0179484673767876
2025-12-03,Arsenal,Brentford,2.0,0.0,2.63126,0.588716,11,2,13,3,2.0,2.0,0.8,1.6,12.8,12.4,6.0,5.0,3.8,5.0,-1.2000000000000002,1.8,2.0,-0.19999999999999996,H,196.73200034332055,0.40000000000000036,1.0,0.3333333333333333,0.4,3,4,0.375,0.375,0.25,2.2,0.4,1.0,1.8,1.23040056,1.522634,-0.29223343999999996,1.23040056,1.522634,1.958644,1.7518467999999998,0.53230624,1.0135754000000001,826420.0,2.6410897970531
2025-12-03,Burnley,Crystal Palace,0.0,1.0,1.16852,0.987797,-9,-4,4,9,1.2,1.0,2.4,0.6,8.8,10.0,3.6,2.4,3.0,4.2,-1.2000000000000002,1.6,1.4,0.20000000000000018,A,-257.98090772667933,-1.1999999999999993,1.2000000000000002,0.3333333333333333,0.4166666666666667,4,3,0.25,0.25,0.5,0.6,1.2,1.6,0.8,-1.5745430000000002,0.010819799999999935,-1.5853628000000002,-1.5745430000000002,0.010819799999999935,0.6318796,1.7821068,2.0389277999999997,1.2662499999999999,-466500.0,0.33594306049822065
2025-12-04,Man United,West Ham,1.0,1.0,2.27674,1.36584,9,1,12,5,2.0,1.8,1.6,1.8,15.0,10.2,6.0,4.0,4.4,5.4,-1.0,1.6,1.8,-0.19999999999999996,D,91.21087246971456,4.800000000000001,2.0,0.3333333333333333,0.45,4,4,0.75,0.25,0.0,2.2,1.2,1.4,1.4,0.26127180000000005,-0.8072036000000002,1.0684754000000003,0.26127180000000005,-0.8072036000000002,2.306552,0.9531500000000002,0.7410718000000001,2.0777222,304870.0,1.6490324228812296
2025-12-06,Aston Villa,Arsenal,2.0,1.0,2.71986,1.85965,-2,1,15,11,2.2,2.2,1.2,0.8,14.0,13.8,6.0,6.8,5.2,3.8,1.4000000000000004,1.6,1.8,-0.19999999999999996,H,-47.04860858918005,0.1999999999999993,-0.7999999999999998,0.3666666666666667,0.3235294117647059,3,3,0.375,0.5,0.125,2.2,0.4,1.6,0.8,0.0015104000000001339,1.5377811600000002,-1.53627076,0.0015104000000001339,1.5377811600000002,1.3966112000000002,2.044582,1.1053104,0.7836448,-716020.0,0.4616390977443609
2025-12-06,Bournemouth,Chelsea,0.0,0.0,1.41931,0.672602,-10,-9,8,9,1.0,1.6,2.6,0.8,14.4,15.0,5.4,5.6,5.2,5.8,-0.5999999999999996,3.0,1.6,1.4,D,-81.51676717170722,-0.5999999999999996,-0.1999999999999993,0.18518518518518517,0.28571428571428575,4,3,0.3333333333333333,0.3333333333333333,0.3333333333333333,1.4,0.8,1.6,1.0,0.3384077999999999,1.2900905999999999,-0.9516827999999999,0.3384077999999999,1.2900905999999999,1.3320492,1.8111202,0.5777968,1.2825354,-469020.0,0.5921565217391305
2025-12-06,Everton,Nott'm Forest,3.0,0.0,1.25348,0.31234,6,0,7,7,1.2,1.8,1.0,1.0,9.6,15.0,2.6,4.4,4.6,7.6,-3.0,1.4,1.0,0.3999999999999999,H,80.96813734555076,-5.4,-1.8000000000000003,0.4615384615384615,0.40909090909090906,4,3,0.16666666666666666,0.5,0.3333333333333333,1.2,1.8,1.0,1.0,-0.2595139999999996,0.22204279999999987,-0.48155679999999945,-0.2595139999999996,0.22204279999999987,1.5537966,0.7584882000000002,1.5860448,1.6864302000000002,-179430.0,0.7190611887016972
2025-12-06,Man City,Sunderland,3.0,0.0,2.41605,0.626486,4,6,15,7,3.0,1.4,1.8,1.4,15.0,9.6,6.2,3.8,7.2,3.8,3.4000000000000004,2.4,2.8,-0.3999999999999999,H,253.7874855238333,5.4,2.4000000000000004,0.48387096774193544,0.3684210526315789,4,3,0.0,0.0,0.0,3.2,0.8,0.8,1.0,0.8599018000000003,-0.9705179999999998,1.8304198,0.8599018000000003,-0.9705179999999998,2.527912,1.0469378,0.9966958,1.7554079999999999,943320.0,3.1118474075400733
2025-12-06,Newcastle,Burnley,2.0,1.0,1.80708,1.58375,6,7,10,3,2.0,0.6,2.0,2.2,11.6,8.8,5.0,3.0,6.2,3.0,3.2,0.8,1.6,-0.8,H,254.25161977578432,2.799999999999999,2.0,0.4,0.19999999999999998,4,3,0.5,0.5,0.0,1.8,1.2,1.6,3.0,-0.19301159999999995,-1.3312224000000004,1.1382108000000004,-0.19301159999999995,-1.3312224000000004,2.3231322,1.0612055999999999,1.4873417999999998,2.845342,461700.0,2.95635593220339
2025-12-06,Tottenham,Brentford,2.0,0.0,2.42388,0.470563,1,-4,2,3,1.2,1.4,2.2,1.6,7.6,10.2,2.2,3.6,5.6,5.6,0.0,3.6,1.6,2.0,H,-41.12289611344113,-2.5999999999999996,-1.4,0.5454545454545454,0.38888888888888884,4,3,0.375,0.25,0.375,1.0,1.6,0.8,1.8,-1.0386001599999997,0.8835491999999998,-1.9221493599999995,-1.0386001599999997,0.8835491999999998,0.975911,1.5803819999999997,1.2338486,1.2255734,309820.0,1.6152349179872116
2025-12-06,Leeds,Liverpool,3.0,3.0,1.79333,2.04805,-5,-4,7,3,1.4,1.0,2.4,1.4,11.0,15.2,3.8,3.6,3.8,5.0,-1.2000000000000002,1.8,1.8,0.0,D,-225.1590451872662,-4.199999999999999,0.19999999999999973,0.3684210526315789,0.2777777777777778,3,3,0.25,0.75,0.0,1.8,1.6,1.2,2.0,-0.7455013999999998,0.5866912,-1.3321925999999997,-0.7455013999999998,0.5866912,1.9601140000000001,1.975196,0.9141957999999999,2.0002544,-606300.0,0.38164201937786846
2025-12-07,Brighton,West Ham,1.0,1.0,2.10077,1.7064,8,2,10,3,2.0,1.8,1.0,1.6,13.6,10.6,5.6,4.0,5.2,5.8,-0.5999999999999996,2.2,1.6,0.6000000000000001,D,142.64688044870218,3.0,1.5999999999999996,0.35714285714285715,0.45,4,3,0.375,0.25,0.375,2.4,1.6,1.0,1.6,0.15193459999999992,-0.6448342000000002,0.7967688000000002,0.15193459999999992,-0.6448342000000002,1.5687003999999998,0.7791180000000001,1.6382739999999998,2.3898666000000004,155270.0,1.3305515934685883
2025-12-07,Fulham,Crystal Palace,1.0,2.0,0.766771,1.71109,-9,-1,9,9,2.0,1.2,1.6,0.4,14.0,9.2,5.0,2.8,6.2,4.4,1.7999999999999998,1.6,1.4,0.20000000000000018,A,-114.875330234976,4.800000000000001,2.2,0.4,0.4285714285714286,5,4,0.0,0.5,0.5,2.2,1.4,1.2,0.8,0.1792453999999999,0.07580339999999985,0.10344200000000003,0.1792453999999999,0.07580339999999985,1.5497273999999999,1.4602402,1.0599475999999999,1.2587819999999998,-326300.0,0.5355160142348755
2025-12-08,Wolves,Man United,1.0,4.0,0.262147,4.04708,-8,-6,1,8,0.0,1.4,2.0,1.4,6.0,15.8,1.6,5.0,1.8,5.4,-3.6000000000000005,2.6,1.6,1.0,A,-196.54087432772732,-9.8,-3.4,0.0,0.27999999999999997,5,4,0.375,0.625,0.0,0.8,2.0,1.8,1.8,-1.1841771999999997,0.24042059999999998,-1.4245977999999997,-1.1841771999999997,0.24042059999999998,1.4411048000000002,1.5962832,1.1934456,2.0877139999999996,-384750.0,0.5032920216886135
2025-12-13,Chelsea,Everton,2.0,0.0,2.64457,1.34,2,-4,7,7,1.4,1.6,0.8,0.8,14.2,10.2,4.6,3.2,4.8,5.6,-0.7999999999999998,1.6,1.8,-0.19999999999999996,H,60.73966462059093,4.0,1.3999999999999995,0.30434782608695654,0.5,7,7,0.5,0.125,0.375,1.6,1.4,0.8,1.0,0.5016378000000001,-0.036632,0.5382698000000001,0.5016378000000001,-0.036632,1.8504788,0.7748392,1.4850504,1.526271,690750.0,2.5040827436037016
2025-12-13,Liverpool,Brighton,2.0,0.0,2.4127,1.69004,-2,-3,7,8,1.2,1.6,2.0,1.2,15.2,15.2,4.2,5.0,5.6,6.4,-0.8000000000000007,2.0,2.6,-0.6000000000000001,H,67.48738816455989,0.0,-0.7999999999999998,0.2857142857142857,0.32,7,6,0.5,0.125,0.375,1.2,1.4,1.6,1.2,0.4305971999999998,-0.2256073999999999,0.6562045999999997,0.4305971999999998,-0.2256073999999999,1.6621299999999999,1.5016142,1.1189626000000001,1.2316232,355500.0,1.5688
2025-12-13,Burnley,Fulham,2.0,3.0,2.05486,1.65053,-4,-6,4,3,0.8,1.6,2.2,2.0,10.0,12.6,3.6,4.6,4.6,5.4,-0.8000000000000007,1.6,1.4,0.20000000000000018,A,-179.50527193412086,-2.5999999999999996,-0.9999999999999996,0.22222222222222224,0.3478260869565218,7,6,0.0,0.5,0.5,0.6,1.2,1.0,2.2,-1.0084258,-0.35004559999999985,-0.6583802000000001,-1.0084258,-0.35004559999999985,0.8319753999999999,0.8470372000000002,1.6775031999999999,1.763684,-140200.0,0.6273258904837852
2025-12-13,Arsenal,Wolves,2.0,1.0,1.61796,0.61997,19,8,13,1,2.0,0.2,1.2,2.2,14.4,6.6,7.0,1.6,3.2,1.8,1.4000000000000001,2.0,2.6,-0.6000000000000001,H,384.89154392907767,7.800000000000001,5.4,0.2857142857142857,0.125,7,5,0.5,0.5,0.0,2.0,0.4,0.2,2.0,0.9982765599999999,-1.6007366000000005,2.59901316,0.9982765599999999,-1.6007366000000005,1.9085560000000001,0.5699634,0.5913132400000001,1.7787742000000002,940150.0,3.411568552007182
2025-12-14,Crystal Palace,Man City,0.0,3.0,1.30092,1.35317,-3,-2,8,7,1.2,3.0,0.6,1.6,9.6,15.6,3.4,5.8,4.0,6.4,-2.4000000000000004,1.4,2.2,-0.8000000000000003,A,-116.88696594832436,-6.0,-2.4,0.35294117647058826,0.5172413793103449,7,8,0.25,0.375,0.375,1.6,1.2,1.6,1.6,0.28185519999999986,0.8997858000000001,-0.6179306000000002,0.28185519999999986,0.8997858000000001,2.361157,1.601408,1.6168150000000001,1.1268847999999998,-687500.0,0.5053956834532374
2025-12-14,Nott'm Forest,Tottenham,3.0,0.0,2.32658,0.380246,-6,4,4,8,1.4,1.6,1.2,2.0,13.0,10.0,4.4,3.4,6.6,5.8,0.7999999999999998,1.4,3.4,-2.0,H,41.23683541655623,3.0,1.0000000000000004,0.3181818181818181,0.4705882352941177,8,8,0.5,0.5,0.0,1.0,1.8,2.0,1.8,-0.09307319999999986,-0.00882556000000001,-0.08424763999999985,-0.09307319999999986,-0.00882556000000001,1.6955509999999996,1.0110790399999998,1.5785442,1.690444,-174720.0,0.785197934595525
2025-12-14,Sunderland,Newcastle,1.0,0.0,0.630045,0.169329,2,-5,9,4,1.2,2.2,1.8,1.6,7.8,12.6,3.4,5.6,4.0,6.8,-2.8,2.2,0.8,1.4000000000000001,H,-94.37999930499063,-4.8,-2.1999999999999997,0.35294117647058826,0.3928571428571429,8,8,0.0,0.0,0.0,1.8,1.2,1.4,1.8,-1.3630847999999998,0.029697400000000096,-1.3927821999999999,-1.3630847999999998,0.029697400000000096,1.1036604,0.9702941999999999,1.3490514,1.3140267999999997,-251020.0,0.6402178586785151
2025-12-14,West Ham,Aston Villa,2.0,3.0,1.27701,0.595093,-15,-9,6,10,1.4,2.6,1.6,1.0,10.4,15.0,3.2,6.6,5.6,5.0,0.5999999999999996,1.8,1.0,0.8,A,-241.2431469881019,-4.6,-3.3999999999999995,0.43749999999999994,0.393939393939394,7,8,0.25,0.375,0.375,1.4,1.8,1.8,1.6,-0.9017511999999999,0.3805904,-1.2823415999999999,-0.9017511999999999,0.3805904,1.0943756,1.2487669999999997,1.9536649999999998,1.5465583999999999,-144250.0,0.7650574937294374
2025-12-14,Brentford,Leeds,1.0,1.0,0.697006,1.63409,2,2,12,3,1.4,2.0,1.6,2.4,9.8,12.4,3.4,4.4,5.8,3.4,2.4,1.8,2.2,-0.40000000000000013,D,110.91786563090182,-2.5999999999999996,-1.0000000000000004,0.4117647058823529,0.45454545454545453,8,8,0.25,0.25,0.5,2.4,1.2,1.2,2.4,0.4756977999999996,-0.3400293999999999,0.8157271999999995,0.4756977999999996,-0.3400293999999999,2.6421256,1.0637158,1.3514484000000002,2.0121814000000002,129380.0,1.3457509353287012
2025-12-15,Man United,Bournemouth,4.0,4.0,3.21204,2.35196,7,6,10,2,1.8,0.8,1.2,2.0,17.6,15.4,5.6,5.4,6.2,5.4,0.7999999999999998,1.8,2.6,-0.8,D,13.130314828846394,2.200000000000001,0.1999999999999993,0.32142857142857145,0.14814814814814814,7,9,0.16666666666666666,0.5,0.3333333333333333,1.8,1.0,1.6,3.0,1.1242952,0.8057782,0.31851699999999994,1.1242952,0.8057782,1.9574260000000003,1.5619872000000001,0.7490038,2.430496,93620.0,1.137478340039355
2025-12-20,Leeds,Crystal Palace,4.0,1.0,2.90786,1.53058,-12,-4,7,9,2.0,1.2,2.0,1.2,14.0,10.8,4.6,3.8,3.2,3.6,-0.3999999999999999,2.0,1.6,0.3999999999999999,H,-141.90702055410725,3.1999999999999993,0.7999999999999998,0.4347826086956522,0.3157894736842105,6,6,0.5,0.25,0.25,2.0,1.8,1.2,0.8,0.26168919999999973,0.23090319999999998,0.030785999999999758,0.26168919999999973,0.23090319999999998,1.9093240000000002,1.3353282,1.1117398,1.3188632000000002,-328300.0,0.5326690391459075
2025-12-20,Everton,Arsenal,0.0,1.0,0.213273,1.84723,-8,-1,9,8,1.2,2.0,1.2,1.0,9.6,14.2,2.6,6.0,5.6,4.4,1.1999999999999993,1.4,1.8,-0.40000000000000013,A,-182.1408971423623,-4.6,-3.4,0.4615384615384615,0.3333333333333333,7,7,0.625,0.125,0.25,1.6,1.6,1.4,1.0,-0.6738644,0.9729785599999999,-1.6468429599999999,-0.6738644,0.9729785599999999,1.622552,2.002416,1.4933595999999998,1.1796466,-870750.0,0.3453007518796993
2025-12-20,Tottenham,Liverpool,1.0,2.0,1.34905,1.23164,-5,-4,4,4,1.2,1.6,2.2,1.4,9.2,17.4,2.8,4.8,5.4,4.6,0.8000000000000007,3.0,1.4,1.6,A,-191.50061745419453,-8.2,-2.0,0.4285714285714286,0.33333333333333337,6,7,0.5,0.25,0.25,1.2,1.4,1.6,2.2,-0.50510516,0.6885932000000001,-1.1936983600000002,-0.50510516,0.6885932000000001,1.2969448,1.764454,1.0960591999999998,1.6522744,-167100.0,0.8295767465578786
2025-12-20,Wolves,Brentford,0.0,2.0,1.26823,1.56309,-5,-4,1,3,0.4,1.0,2.0,1.6,6.6,8.2,2.0,2.4,1.6,4.6,-2.9999999999999996,3.0,1.4,1.6,A,-196.5760134374675,-1.5999999999999996,-0.3999999999999999,0.2,0.4166666666666667,7,6,0.25,0.5,0.25,0.8,2.2,0.6,1.6,-1.0259429999999998,-0.17272160000000025,-0.8532213999999996,-1.0259429999999998,-0.17272160000000025,1.1803142000000002,1.5091834,1.9114639999999998,1.4054874,-113730.0,0.7741570356249255
2025-12-20,Bournemouth,Burnley,1.0,1.0,1.81847,0.480528,5,3,8,3,1.6,0.8,2.0,2.2,15.6,10.0,6.4,3.8,4.4,5.8,-1.3999999999999995,2.8,1.4,1.4,D,184.11894027642848,5.6,2.6000000000000005,0.25,0.2105263157894737,5,7,0.5,0.5,0.0,1.4,0.8,1.6,2.4,0.6083422000000003,-0.7090597999999999,1.3174020000000002,0.6083422000000003,-0.7090597999999999,1.5057792,1.2760573999999998,0.6815914000000001,2.562492,444980.0,2.8855084745762714
2025-12-20,Brighton,Sunderland,0.0,0.0,0.919272,1.31044,-2,0,10,4,1.6,1.0,1.6,1.4,16.6,7.6,4.6,3.2,5.2,4.2,1.0,2.2,2.8,-0.5999999999999996,D,94.05837916920518,9.000000000000002,1.3999999999999995,0.3478260869565218,0.3125,7,6,0.0,0.0,0.0,2.2,1.4,0.6,1.6,-0.3296374000000002,-1.0460455999999996,0.7164081999999994,-0.3296374000000002,-1.0460455999999996,1.7079224,0.783927,1.7411919999999999,1.9545579999999998,178320.0,1.3992119638219755
2025-12-20,Newcastle,Chelsea,2.0,2.0,2.87863,1.0261,-8,2,13,10,2.0,1.2,1.2,0.8,12.8,13.6,5.8,4.0,7.6,3.6,3.9999999999999996,1.4,1.6,-0.20000000000000018,D,-49.92425793606208,-0.7999999999999989,1.7999999999999998,0.3448275862068966,0.3,6,7,0.75,0.125,0.125,2.0,1.0,1.4,0.6,0.3985567999999997,-0.011839799999999956,0.41039659999999967,0.3985567999999997,-0.011839799999999956,2.536578,1.851672,1.3899958,1.2974814,-452300.0,0.6066956521739131
2025-12-20,Man City,West Ham,3.0,0.0,3.58188,1.02143,16,9,15,3,3.0,1.2,1.6,1.8,14.2,9.4,5.8,2.6,5.4,5.2,0.20000000000000018,1.8,1.6,0.19999999999999996,H,286.3446911430226,4.799999999999999,3.1999999999999997,0.5172413793103449,0.4615384615384615,6,6,0.5,0.375,0.125,2.8,0.6,1.0,1.6,0.7967718000000001,-0.9838677999999996,1.7806395999999998,0.7967718000000001,-0.9838677999999996,2.366856,0.9652448,1.0200948,2.62808,920270.0,2.9591467438741406
2025-12-21,Aston Villa,Man United,2.0,1.0,1.86917,1.30455,4,7,15,11,2.4,2.2,1.4,1.6,13.2,21.6,5.8,7.0,4.4,6.6,-2.1999999999999993,1.0,2.0,-1.0,H,161.8381059575006,-8.400000000000002,-1.2000000000000002,0.41379310344827586,0.31428571428571433,7,6,0.5,0.25,0.25,2.0,0.4,2.4,1.4,0.26962700000000006,1.403324,-1.133697,0.26962700000000006,1.403324,1.6674332,1.9584812,1.286718,1.5826913999999999,-160620.0,0.7926413632842757
2025-12-22,Fulham,Nott'm Forest,1.0,0.0,1.70568,0.486296,2,0,6,6,2.2,1.4,2.0,1.0,12.2,13.2,4.6,4.4,5.2,6.0,-0.7999999999999998,1.4,1.2,0.19999999999999996,H,27.40669750588586,-1.0,0.1999999999999993,0.47826086956521746,0.3181818181818181,9,8,0.6666666666666666,0.3333333333333333,0.0,1.8,1.6,0.8,1.4,-0.05459320000000001,-0.11810819999999977,0.06351499999999977,-0.05459320000000001,-0.11810819999999977,1.3982196,0.6548004000000001,1.2368544,1.7088082,-262480.0,0.5890273689484562
2025-12-26,Man United,Newcastle,1.0,0.0,0.940811,1.12998,4,0,8,3,2.4,2.0,1.8,1.4,19.6,13.2,7.0,5.8,5.8,7.8,-2.0,2.0,1.8,0.19999999999999996,H,-3.992021814084183,6.400000000000002,1.2000000000000002,0.34285714285714286,0.3448275862068966,5,6,0.625,0.125,0.25,2.2,1.6,1.4,2.0,0.8666726000000005,0.7792488,0.0874238000000005,0.8666726000000005,0.7792488,2.330918,0.9734342,1.1254272,1.3299037999999999,76900.0,1.1102192919592948
2025-12-27,West Ham,Fulham,0.0,1.0,1.13719,1.11436,-5,-7,6,6,0.8,2.2,2.0,2.0,9.8,9.6,2.8,3.6,4.8,4.0,0.7999999999999998,1.4,1.8,-0.40000000000000013,A,-110.45664971110068,0.20000000000000107,-0.8000000000000003,0.28571428571428575,0.6111111111111112,7,5,0.5,0.3333333333333333,0.16666666666666666,1.6,2.0,1.4,2.0,-0.8775162000000001,-0.33362079999999983,-0.5438954000000003,-0.8775162000000001,-0.33362079999999983,1.2565046,0.9866208000000001,1.6055536,1.9015060000000001,93530.0,1.2486177565124934
2025-12-27,Chelsea,Aston Villa,1.0,2.0,1.97155,2.05918,-1,-9,10,12,1.2,2.4,1.2,1.4,13.2,12.8,3.8,6.0,2.6,4.8,-2.1999999999999997,2.2,1.0,1.2000000000000002,A,-97.72436131520703,0.3999999999999986,-2.2,0.3157894736842105,0.39999999999999997,7,6,0.375,0.5,0.125,1.8,0.8,2.2,1.8,-0.5943431999999997,0.47993100000000055,-1.0742742000000003,-0.5943431999999997,0.47993100000000055,1.9740867999999998,1.1799148,1.2580304000000002,1.6142979999999998,536020.0,1.873025179973289
2025-12-27,Liverpool,Wolves,2.0,1.0,1.56502,0.780664,14,11,7,0,2.0,0.4,1.0,2.0,14.8,6.8,4.8,2.2,4.2,2.0,2.2,1.6,3.0,-1.4,H,328.5989506550602,8.0,2.5999999999999996,0.4166666666666667,0.18181818181818182,7,7,0.625,0.375,0.0,1.2,1.2,0.2,2.2,0.5454831999999998,-1.1278670000000002,1.6733502,0.5454831999999998,-1.1278670000000002,1.9323380000000001,0.4620554,1.3126964,1.9386240000000001,590650.0,2.5150698986789792
2025-12-27,Brentford,Bournemouth,4.0,1.0,2.8513,2.56183,2,4,10,2,1.2,1.4,1.2,1.8,7.6,13.2,2.8,4.6,4.6,3.6,0.9999999999999996,1.8,2.4,-0.5999999999999999,H,41.557434964280446,-5.6,-1.7999999999999998,0.4285714285714286,0.30434782608695654,7,7,0.3333333333333333,0.3333333333333333,0.3333333333333333,2.0,1.2,2.0,3.4,-0.35821000000000014,0.2574890000000001,-0.6156990000000002,-0.35821000000000014,0.2574890000000001,2.2240748,1.8203132,1.2310484000000002,2.663448,-177400.0,0.7394930834973127
2025-12-27,Arsenal,Brighton,2.0,1.0,2.54318,0.710064,10,5,15,5,1.4,1.2,0.8,1.4,13.4,17.0,4.8,4.4,4.2,4.4,-0.20000000000000018,2.0,1.8,0.19999999999999996,H,181.08286098540248,-3.5999999999999996,0.39999999999999947,0.2916666666666667,0.2727272727272727,7,7,0.125,0.5,0.375,2.2,0.4,1.0,1.4,0.8501293999999999,-0.16341060000000018,1.01354,0.8501293999999999,-0.16341060000000018,2.088433,1.3446022000000002,0.4907672400000001,1.3088572,705000.0,2.128
2025-12-27,Nott'm Forest,Man City,1.0,2.0,0.600141,1.46468,-14,-9,7,9,0.8,3.4,1.2,1.2,12.6,14.2,3.4,6.6,5.8,4.8,1.0,2.0,1.4,0.6000000000000001,A,-241.11372690675265,-1.5999999999999996,-3.1999999999999997,0.23529411764705885,0.5151515151515151,5,7,0.6666666666666666,0.16666666666666666,0.16666666666666666,1.6,1.6,2.0,1.4,-0.24235699999999993,1.2986758000000003,-1.5410328000000002,-0.24235699999999993,1.2986758000000003,1.876807,1.647502,1.2662854,1.2433538,-751320.0,0.45948201438848923
2025-12-27,Burnley,Everton,0.0,0.0,1.24948,1.25204,-7,-5,3,7,1.0,1.0,2.0,1.4,9.2,10.0,3.6,2.6,6.2,5.8,0.40000000000000036,1.2,1.8,-0.6000000000000001,D,-200.3500116102225,-0.8000000000000007,1.0,0.2777777777777778,0.3846153846153846,7,7,0.75,0.25,0.0,0.8,1.6,0.6,1.0,-0.7646508000000001,-0.5769284000000001,-0.18772239999999996,-0.7646508000000001,-0.5769284000000001,1.0146294,0.8985650000000002,1.8414534,1.8428529999999999,-223250.0,0.5138813282525857
2025-12-28,Sunderland,Leeds,1.0,1.0,0.805957,2.60653,9,0,11,1,1.0,2.6,1.2,1.8,9.6,15.2,4.0,5.2,4.2,4.4,-0.20000000000000018,2.6,1.2,1.4000000000000001,D,39.83180464807674,-5.6,-1.2000000000000002,0.25,0.5,8,8,0.0,0.0,0.0,1.8,1.0,0.8,2.4,-0.44490760000000007,0.43976519999999963,-0.8846727999999997,-0.44490760000000007,0.43976519999999963,1.042007,1.2991362,1.1950464,1.8383626,72480.0,1.1936932121859969
2025-12-28,Crystal Palace,Tottenham,0.0,1.0,0.929681,0.870768,5,2,5,7,1.0,1.2,2.0,1.8,10.6,11.6,3.6,3.2,3.8,5.6,-1.7999999999999998,1.6,3.0,-1.4,A,72.60166692892471,-1.0,0.3999999999999999,0.2777777777777778,0.37499999999999994,8,8,0.625,0.375,0.0,1.2,1.6,1.6,2.0,-0.0016007999999998468,-0.03198259999999986,0.030381800000000014,-0.0016007999999998468,-0.03198259999999986,1.9146949999999996,0.84876624,1.2670970000000001,1.8748280000000002,-110900.0,0.8636587164986477
2025-12-30,Man United,Wolves,1.0,1.0,1.13306,1.21784,14,8,8,0,2.2,0.6,1.6,2.2,18.8,6.8,6.6,2.2,5.4,2.2,3.2,2.0,2.4,-0.3999999999999999,D,202.00106872504105,12.0,4.3999999999999995,0.33333333333333337,0.2727272727272727,4,3,0.3333333333333333,0.6666666666666666,0.0,2.0,1.6,0.4,2.2,0.9604248,-1.1922838000000002,2.1527086000000004,0.9604248,-1.1922838000000002,2.1331202,0.4829236,1.1899994,2.046666,384750.0,1.9869180454020776
2025-12-30,West Ham,Brighton,2.0,2.0,2.27644,3.08914,-5,0,6,4,0.8,1.0,1.8,1.8,10.6,15.2,3.2,3.8,4.4,4.4,0.0,1.4,2.2,-0.8000000000000003,D,-126.99181696599452,-4.6,-0.5999999999999996,0.25,0.2631578947368421,3,3,0.3333333333333333,0.2222222222222222,0.4444444444444444,1.6,1.8,1.0,1.6,-0.6321946,-0.7494087999999999,0.11721419999999982,-0.6321946,-0.7494087999999999,1.4318924000000002,1.208299,1.1351556,1.7436124000000004,-155270.0,0.751568
2025-12-30,Arsenal,Aston Villa,4.0,1.0,4.41335,2.94195,2,-3,15,12,1.6,2.6,0.8,1.6,16.6,11.8,5.2,6.4,5.0,4.8,0.20000000000000018,1.2,1.6,-0.40000000000000013,H,67.37473876161425,4.800000000000001,-1.2000000000000002,0.3076923076923077,0.40625,3,3,0.4444444444444444,0.4444444444444444,0.1111111111111111,2.2,0.6,2.2,1.8,1.1294794,0.4050026,0.7244767999999999,1.1294794,0.4050026,1.985369,1.5213046,0.45987024,1.705686,716020.0,2.166194338577804
2025-12-30,Chelsea,Bournemouth,2.0,2.0,2.33294,3.49142,9,2,7,1,1.2,1.2,1.4,2.0,13.8,13.6,3.6,5.4,3.2,6.0,-2.8,3.0,1.8,1.2,D,94.71966650512468,0.20000000000000107,-1.8000000000000003,0.3333333333333333,0.2222222222222222,3,3,0.2857142857142857,0.2857142857142857,0.42857142857142855,1.6,1.0,1.6,3.6,-0.5245959999999998,0.07495699999999972,-0.5995529999999996,-0.5245959999999998,0.07495699999999972,2.1209548,1.9232592000000004,1.2579044000000001,2.32114,469020.0,1.688742694352257
2025-12-30,Burnley,Newcastle,1.0,3.0,1.32551,2.49248,-5,-3,1,3,0.8,1.2,1.4,1.4,11.2,13.8,3.2,4.8,6.2,8.6,-2.3999999999999995,0.8,2.0,-1.2,A,-223.49779618218557,-2.6000000000000014,-1.5999999999999996,0.25,0.25,3,4,0.6,0.4,0.0,0.4,1.6,1.2,1.8,-0.19575580000000015,0.5275685999999997,-0.7233243999999999,-0.19575580000000015,0.5275685999999997,1.162596,0.9428042,1.6255574000000004,1.3466451999999998,-461700.0,0.3382542640103196
2025-12-30,Nott'm Forest,Everton,0.0,2.0,1.75445,1.69525,-3,-1,7,8,1.0,0.8,1.2,0.6,10.2,11.0,3.2,3.4,5.0,5.2,-0.20000000000000018,2.2,2.2,0.0,A,-82.94504758481435,-0.8000000000000007,-0.19999999999999973,0.3125,0.23529411764705885,3,3,0.2857142857142857,0.42857142857142855,0.2857142857142857,1.8,1.4,0.6,0.6,-0.19588979999999978,-0.2869024,0.09101260000000022,-0.19588979999999978,-0.2869024,1.5857351999999998,0.9900486000000001,1.0475614,1.5967689999999999,179430.0,1.3907022318998368
2026-01-01,Crystal Palace,Fulham,1.0,1.0,2.35346,1.75434,1,-3,4,9,0.8,2.0,1.8,1.8,10.8,11.2,3.4,3.8,3.6,4.4,-0.8000000000000003,1.6,2.0,-0.3999999999999999,D,18.70654993951416,-0.3999999999999986,-0.3999999999999999,0.23529411764705885,0.5263157894736842,4,5,0.0,0.5714285714285714,0.42857142857142855,0.6,1.2,1.4,1.4,-0.12140419999999996,-0.22834200000000027,0.1069378000000003,-0.12140419999999996,-0.22834200000000027,1.1880631999999998,1.0408228000000002,1.0318306,1.862028,326300.0,1.86735778841042
2026-01-01,Liverpool,Leeds,0.0,0.0,1.67833,0.15936,12,2,10,2,2.0,2.4,1.2,1.4,15.8,16.8,4.6,5.6,5.0,6.0,-1.0,1.6,1.0,0.6000000000000001,D,202.98362819605157,-1.0,-1.0,0.4347826086956522,0.4285714285714286,5,4,0.2,0.6,0.2,1.4,1.0,1.0,2.2,0.4615988000000002,1.0201797999999997,-0.5585809999999996,0.4615988000000002,1.0201797999999997,1.723398,1.3541382,0.9625952,1.8976245999999999,606300.0,2.6202565473009085
2026-01-01,Brentford,Tottenham,0.0,0.0,0.556304,0.608309,2,0,13,7,1.4,1.2,1.2,1.4,7.8,10.4,3.4,3.6,4.0,4.4,-0.40000000000000036,2.2,2.8,-0.5999999999999996,D,56.94433286927574,-2.6000000000000005,-0.20000000000000018,0.4117647058823529,0.3333333333333333,5,4,0.4444444444444444,0.2222222222222222,0.3333333333333333,2.8,1.2,1.4,1.8,-0.8697229999999998,-0.15361000000000002,-0.7161129999999998,-0.8697229999999998,-0.15361000000000002,2.6555831999999997,0.8852802399999999,1.5241204000000002,1.7646622,-309820.0,0.619104991394148
2026-01-01,Sunderland,Man City,0.0,0.0,0.962141,2.44247,-5,-9,9,9,0.6,3.2,1.0,1.0,8.8,13.8,3.4,5.8,3.6,4.2,-0.6000000000000001,1.8,1.0,0.8,D,-233.2478999579739,-5.0,-2.4,0.17647058823529413,0.5517241379310345,4,5,1.0,0.0,0.0,1.6,1.2,2.2,1.6,-0.6803842,1.2512835999999996,-1.9316677999999996,-0.6803842,1.2512835999999996,0.9982364,1.721144,1.5810878,1.2246304000000001,-943320.0,0.3213525179856115
2026-01-03,Wolves,West Ham,3.0,0.0,2.23925,0.235678,-2,-1,0,3,0.8,1.0,2.2,2.0,8.0,10.4,2.8,3.4,2.4,4.2,-1.8000000000000003,2.4,1.6,0.7999999999999998,H,-52.16498741041687,-2.4000000000000004,-0.6000000000000001,0.28571428571428575,0.29411764705882354,4,4,0.875,0.125,0.0,0.6,2.4,1.0,1.8,-1.1554718000000004,-0.6125546,-0.5429172000000004,-1.1554718000000004,-0.6125546,1.3600794,0.9966209999999999,1.945766,2.7327559999999997,-79880.0,0.8299448619419667
2026-01-03,Aston Villa,Nott'm Forest,3.0,1.0,1.42988,0.8982,14,9,15,6,2.0,0.8,1.8,1.6,11.2,12.4,5.0,3.8,4.2,5.0,-0.7999999999999998,1.8,2.0,-0.19999999999999996,H,230.6884603897447,-1.200000000000001,1.2000000000000002,0.4,0.2105263157894737,4,4,0.8333333333333334,0.0,0.16666666666666666,2.0,0.4,0.8,1.2,-0.12817140000000027,-0.20390580000000003,0.07573439999999976,-0.12817140000000027,-0.20390580000000003,1.6941232,0.6845218000000001,1.4471696,1.2866202,-24700.0,0.9613264858771216
2026-01-03,Brighton,Burnley,2.0,0.0,1.4717,0.254551,5,1,8,4,0.8,1.0,1.4,1.8,15.2,12.0,3.6,3.2,4.4,6.2,-1.7999999999999998,2.8,1.2,1.5999999999999999,H,234.65545886820723,3.1999999999999993,0.3999999999999999,0.22222222222222224,0.3125,4,4,0.0,0.5,0.5,1.8,1.2,1.6,2.2,-0.34797480000000003,-0.4652944000000001,0.11731960000000008,-0.34797480000000003,-0.4652944000000001,1.720356,1.2717046,1.746654,2.5790420000000003,389000.0,2.6483050847457625
2026-01-03,Bournemouth,Arsenal,2.0,3.0,0.947846,1.28,-14,-8,6,8,1.6,2.0,2.2,1.0,16.0,18.0,6.2,5.2,6.4,4.8,1.6000000000000005,1.4,1.6,-0.20000000000000018,A,-262.5101617453038,-2.0,1.0,0.25806451612903225,0.3846153846153846,4,4,0.5,0.5,0.0,1.0,0.8,1.4,1.0,0.4187160000000003,1.0152505999999997,-0.5965345999999994,0.4187160000000003,1.0152505999999997,1.6025572000000001,1.956216,0.609027,1.1218348,-649020.0,0.5120150375939849
2026-01-04,Man City,Chelsea,1.0,1.0,1.03049,2.03726,2,7,15,8,2.2,1.4,0.2,1.2,14.4,14.4,5.8,3.8,4.8,5.2,-0.40000000000000036,1.0,3.0,-2.0,D,106.0390563589624,0.0,2.0,0.37931034482758624,0.3684210526315789,3,5,0.375,0.375,0.25,3.0,0.6,1.2,1.0,1.3494264000000002,-0.5081556,1.8575820000000003,1.3494264000000002,-0.5081556,2.5872520000000003,1.545232,1.0654564,1.4621073999999998,240000.0,1.208695652173913
2026-01-04,Fulham,Liverpool,2.0,2.0,0.609182,1.7188,-8,-1,9,7,1.4,1.8,1.0,1.0,12.2,15.0,3.6,4.6,3.6,5.2,-1.6,3.0,1.4,1.6,D,-102.7949343310886,-2.8000000000000007,-0.9999999999999996,0.38888888888888884,0.391304347826087,3,3,0.5,0.16666666666666666,0.3333333333333333,2.0,1.4,1.8,2.0,-0.1502429999999999,0.6326592000000002,-0.7829022000000001,-0.1502429999999999,0.6326592000000002,1.6388892,1.5988200000000001,0.9184675999999999,1.6746423999999998,-604300.0,0.38368179500254973
2026-01-04,Tottenham,Sunderland,1.0,1.0,1.4175,0.467481,-6,1,4,5,0.8,0.4,1.0,0.8,10.6,9.0,3.8,3.0,3.0,3.6,-0.6000000000000001,2.6,1.8,0.8,D,-0.6711415007575852,1.5999999999999996,0.7999999999999998,0.2105263157894737,0.13333333333333333,3,3,0.0,0.0,0.0,1.2,1.4,0.6,1.2,0.023497000000000323,-0.8437163999999998,0.8672134000000001,0.023497000000000323,-0.8437163999999998,1.2638327999999999,0.8845912,1.271941,1.7524524,366720.0,1.8209904181964718
2026-01-04,Everton,Brentford,2.0,4.0,1.00566,3.05179,3,-1,6,3,1.0,1.4,0.6,0.8,10.6,8.0,3.4,3.6,4.4,3.0,1.4000000000000004,1.6,2.2,-0.6000000000000001,A,-18.02687640442332,2.5999999999999996,-0.20000000000000018,0.29411764705882354,0.38888888888888884,5,3,0.375,0.25,0.375,1.2,1.6,0.6,1.6,-0.4108054000000001,-0.4716152,0.060809799999999914,-0.4108054000000001,-0.4716152,1.2374546,1.1285314,1.4272275999999997,1.6070832000000004,-44330.0,0.9119702927042377
2026-01-04,Leeds,Man United,1.0,1.0,0.970138,1.94781,-10,-1,10,8,1.8,2.2,1.2,1.6,14.2,18.4,5.0,7.0,5.8,5.8,0.0,1.2,1.6,-0.40000000000000013,D,-85.86055792114212,-4.199999999999999,-2.0,0.36,0.31428571428571433,3,5,0.25,0.5,0.25,2.6,1.6,2.2,1.6,0.4682493999999997,0.7612888000000004,-0.2930394000000007,0.4682493999999997,0.7612888000000004,2.1947940000000004,1.7131572,1.2802162,1.4345814,-400400.0,0.4830880454428092
2026-01-04,Newcastle,Crystal Palace,2.0,0.0,2.72764,1.27825,-1,3,11,9,1.4,0.8,1.2,2.0,14.0,12.4,5.2,3.2,7.2,4.0,3.2,2.2,1.6,0.6000000000000001,H,37.30434007704821,1.5999999999999996,2.0,0.2692307692307692,0.25,5,3,0.5,0.0,0.5,2.0,1.4,1.2,1.2,0.5942565999999998,0.03456440000000027,0.5596921999999995,0.5942565999999998,0.03456440000000027,2.34898,1.2058661999999998,1.527678,1.4726832,-4800.0,0.9931672597864769
2026-01-06,West Ham,Nott'm Forest,1.0,2.0,1.73697,1.26683,-1,-2,4,6,0.8,1.0,2.4,1.6,8.8,13.0,2.4,4.2,4.4,5.2,-0.7999999999999998,1.2,1.8,-0.6000000000000001,A,-84.364900678519,-4.199999999999999,-1.8000000000000003,0.33333333333333337,0.23809523809523808,3,3,0.7142857142857143,0.2857142857142857,0.0,1.4,2.0,1.0,1.4,-0.9343950000000001,-0.12201379999999995,-0.8123812000000001,-0.9343950000000001,-0.12201379999999995,1.6044144,0.8030632000000001,1.6482606,1.4412759999999998,-168950.0,0.735470031940878
2026-01-07,Bournemouth,Tottenham,3.0,2.0,1.19014,1.6261,-2,-2,3,5,2.0,0.6,2.8,1.2,16.4,10.2,5.8,3.4,6.8,2.2,4.6,2.0,2.4,-0.3999999999999999,H,47.19308708665108,6.199999999999999,2.4,0.3448275862068966,0.17647058823529413,4,3,0.2857142857142857,0.5714285714285714,0.14285714285714285,1.0,1.4,0.8,1.8,0.20294360000000022,-0.17716259999999995,0.38010620000000017,0.20294360000000022,-0.17716259999999995,1.6608062000000001,0.5882880399999999,0.8039284,1.595283,-132420.0,0.8372018686992869
2026-01-07,Brentford,Sunderland,3.0,0.0,3.86096,1.50644,1,4,11,3,2.2,0.6,0.8,0.4,9.4,9.4,4.8,3.4,2.8,3.6,-0.8000000000000003,1.8,2.4,-0.5999999999999999,H,98.32571677775309,0.0,1.4,0.45833333333333337,0.17647058823529413,3,3,1.0,0.0,0.0,2.2,0.8,0.4,1.2,0.32827420000000007,-0.6758074000000001,1.0040816000000001,0.32827420000000007,-0.6758074000000001,2.1125920000000002,0.6679674,1.2221061999999998,1.7932884000000002,56900.0,1.1273842571863526
2026-01-07,Crystal Palace,Aston Villa,0.0,0.0,1.32505,2.07015,-11,-11,2,12,0.4,2.2,2.2,1.8,12.4,10.4,2.4,4.6,4.4,4.4,0.0,2.2,2.0,0.20000000000000018,D,-146.09253990384786,2.0,-2.1999999999999997,0.16666666666666669,0.47826086956521746,3,4,0.5555555555555556,0.2222222222222222,0.2222222222222222,0.4,1.4,2.4,2.2,-0.44417739999999983,-0.19387739999999987,-0.25029999999999997,-0.44417739999999983,-0.19387739999999987,1.5118436,2.0226906,1.218599,2.294314,88520.0,1.1441740773315092
2026-01-07,Everton,Wolves,1.0,1.0,1.63321,0.71329,7,0,6,1,0.8,1.2,1.4,1.4,11.2,8.6,3.6,4.0,4.0,3.4,0.6000000000000001,0.8,2.0,-1.2,D,167.7123809746313,2.5999999999999996,-0.3999999999999999,0.22222222222222224,0.3,3,4,0.3333333333333333,0.4444444444444444,0.2222222222222222,1.6,1.8,0.6,1.8,-1.0082594000000005,0.0022291999999999312,-1.0104886000000004,-1.0082594000000005,0.0022291999999999312,1.1579466,0.6845047999999999,1.6189316000000002,1.890864,69400.0,1.1780171860972168
2026-01-07,Fulham,Chelsea,2.0,1.0,1.06013,2.45107,-6,5,7,6,1.6,1.6,1.0,1.4,11.4,13.8,3.2,3.6,3.0,5.6,-2.5999999999999996,3.2,3.2,0.0,H,-29.51187493812449,-2.4000000000000004,-0.3999999999999999,0.5,0.4444444444444445,3,3,0.42857142857142855,0.42857142857142855,0.14285714285714285,1.8,1.8,1.2,1.2,-0.18330279999999988,-0.15746000000000038,-0.0258427999999995,-0.18330279999999988,-0.15746000000000038,1.3783116,1.284182,1.2202408000000002,1.6388146,-773800.0,0.32713043478260867
2026-01-07,Man City,Brighton,1.0,1.0,2.95904,1.33162,9,6,13,5,1.8,1.0,0.4,1.2,13.6,13.8,5.2,3.6,5.2,3.2,2.0,1.4,2.4,-1.0,D,137.01681486169264,-0.20000000000000107,1.6,0.34615384615384615,0.2777777777777778,3,4,0.5555555555555556,0.2222222222222222,0.2222222222222222,2.6,0.6,1.0,1.2,0.7901596000000002,-0.183419,0.9735786000000002,0.7901596000000002,-0.183419,2.2953520000000003,1.6366962,1.2929392,1.8064384,765000.0,2.224
2026-01-07,Burnley,Man United,2.0,2.0,0.31971,2.52488,-12,-4,1,8,0.8,1.6,1.8,1.6,11.2,16.0,3.2,5.4,5.2,4.8,0.40000000000000036,1.6,1.4,0.20000000000000018,D,-188.9015013288301,-4.800000000000001,-2.2,0.25,0.2962962962962963,4,3,0.4,0.2,0.4,0.6,1.8,2.0,1.4,-0.6640582000000002,0.19983660000000003,-0.8638948000000002,-0.6640582000000002,0.19983660000000003,1.2918625999999998,1.9194752000000002,1.6207554000000002,1.318477,-538600.0,0.30467337980893366
2026-01-07,Newcastle,Leeds,4.0,3.0,2.43495,2.35318,6,0,11,3,1.4,1.4,1.0,0.8,13.0,14.0,5.2,4.6,7.0,6.0,1.0,2.0,0.6,1.4,H,147.0489380362137,-1.0,0.6000000000000005,0.2692307692307692,0.30434782608695654,3,3,0.0,0.2,0.8,2.0,1.2,1.0,1.6,0.8394686,0.3236589999999999,0.5158096000000001,0.8394686,0.3236589999999999,2.340896,1.3141721999999998,1.4793260000000001,1.7050366000000001,323500.0,1.864510956707643
2026-01-08,Arsenal,Liverpool,0.0,0.0,0.701832,0.318642,3,4,15,8,2.4,1.6,1.0,0.8,17.4,13.8,4.4,3.6,5.2,6.0,-0.7999999999999998,1.4,1.0,0.3999999999999999,D,110.62335782777429,3.599999999999998,0.8000000000000003,0.5454545454545454,0.4444444444444445,5,4,0.4444444444444444,0.1111111111111111,0.4444444444444444,2.8,0.8,1.8,1.8,1.2537234,0.8036388000000003,0.4500845999999996,1.2537234,0.8036388000000003,2.696804,1.5189040000000003,0.97815344,1.1422268,349500.0,1.3564507904130545
2026-01-17,Nott'm Forest,Arsenal,0.0,0.0,0.318481,2.86323,-16,-10,6,8,0.8,2.0,1.8,0.8,12.6,16.0,4.0,4.8,5.6,4.2,1.3999999999999995,1.6,1.8,-0.19999999999999996,D,-257.0291362492612,-3.4000000000000004,-0.7999999999999998,0.2,0.4166666666666667,11,9,0.7142857142857143,0.14285714285714285,0.14285714285714285,1.4,1.4,1.6,1.4,-0.6053086000000001,1.1307634,-1.736072,-0.6053086000000001,1.1307634,1.6264932,1.708918,1.2033674,1.1755686,-691320.0,0.4802105263157895
2026-01-17,Tottenham,West Ham,1.0,2.0,1.65292,2.76761,4,4,5,3,1.0,0.6,1.2,2.2,12.2,9.6,4.0,2.4,3.0,4.6,-1.5999999999999996,2.4,1.6,0.7999999999999998,A,34.88460676402178,2.5999999999999996,1.6,0.25,0.25,10,11,0.4444444444444444,0.2222222222222222,0.3333333333333333,1.4,1.4,0.8,2.0,0.29929620000000023,-0.9767504,1.2760466000000004,0.29929620000000023,-0.9767504,1.5179420000000001,0.9440259999999998,0.6969352000000001,2.7363260000000005,343670.0,1.7316330658037595
2026-01-17,Sunderland,Crystal Palace,2.0,1.0,1.84601,1.15169,3,2,9,9,0.4,0.4,1.0,1.6,10.6,11.4,3.8,2.6,3.8,4.6,-0.7999999999999998,1.6,2.2,-0.6000000000000001,H,-33.40296437573784,-0.8000000000000007,1.1999999999999997,0.10526315789473685,0.15384615384615385,10,10,0.0,0.0,1.0,1.4,1.0,1.2,1.4,-1.2388545999999998,-0.5827474000000004,-0.6561071999999994,-1.2388545999999998,-0.5827474000000004,0.9545286000000001,1.3914094000000001,1.8680998,1.8469762000000003,-255820.0,0.6358434163701068
2026-01-17,Man United,Man City,2.0,0.0,3.07278,0.387015,-6,-3,6,10,1.2,1.4,1.2,0.6,17.0,16.6,5.6,5.2,5.0,6.0,-1.0,1.0,1.6,-0.6000000000000001,H,-133.47745303322586,0.3999999999999986,0.39999999999999947,0.2142857142857143,0.2692307692307692,10,10,0.5555555555555556,0.3333333333333333,0.1111111111111111,1.4,1.4,2.2,1.4,0.4688546,1.1051936,-0.636339,0.4688546,1.1051936,1.9672702000000002,1.93581,1.2441366000000003,1.2482773999999999,-615400.0,0.5572661870503597
2026-01-17,Leeds,Fulham,1.0,0.0,2.16898,0.258796,-6,-5,8,10,1.8,1.4,1.4,0.8,13.2,13.4,5.0,3.4,6.2,2.6,3.6,1.0,3.4,-2.4,H,-77.76714387499487,-0.20000000000000107,1.6,0.36,0.4117647058823529,10,10,0.6666666666666666,0.3333333333333333,0.0,2.4,1.6,1.4,1.2,0.11988820000000011,-0.3806247999999999,0.500513,0.11988820000000011,-0.3806247999999999,1.9445416000000002,1.0876888,1.5700476,1.7791080000000001,-2000.0,0.9946836788942052
2026-01-17,Chelsea,Brentford,2.0,0.0,1.62263,1.47521,-3,-10,8,6,1.4,2.6,1.8,0.6,13.2,11.6,3.8,5.6,7.0,4.2,2.8,3.6,2.2,1.4,H,47.763848263728505,1.5999999999999996,-1.7999999999999998,0.3684210526315789,0.46428571428571436,10,10,0.1111111111111111,0.4444444444444444,0.4444444444444444,1.8,1.0,1.4,1.6,-0.14018600000000037,0.9865950000000001,-1.1267810000000005,-0.14018600000000037,0.9865950000000001,2.3448788,1.5747898,1.6460684,1.6613036,646420.0,2.283649072639898
2026-01-17,Liverpool,Burnley,1.0,1.0,3.49045,0.546971,14,6,8,1,1.2,0.8,0.8,1.6,11.8,9.4,2.8,1.8,5.6,3.6,1.9999999999999996,1.2,1.8,-0.6000000000000001,D,287.8149532761417,2.4000000000000004,0.9999999999999998,0.4285714285714286,0.4444444444444445,9,10,0.4,0.6,0.0,1.0,1.0,1.0,2.2,0.5824687999999998,-1.1859582,1.7684269999999997,0.5824687999999998,-1.1859582,1.765022,1.0135268,0.9074631999999999,2.3571180000000003,744500.0,4.154661016949152
2026-01-18,Wolves,Newcastle,0.0,0.0,0.390216,0.813313,-11,-5,3,6,1.2,2.2,1.2,1.4,10.6,15.4,4.4,6.4,4.8,7.4,-2.6000000000000005,1.8,1.8,0.0,D,-202.65575773990625,-4.800000000000001,-2.0,0.2727272727272727,0.34375,11,11,0.6666666666666666,0.1111111111111111,0.2222222222222222,0.8,1.8,1.6,1.4,0.017843199999999726,0.9479657999999997,-0.9301226,0.017843199999999726,0.9479657999999997,1.2916654,1.3365772,1.6838136000000001,1.3289811999999999,-307850.0,0.5587645119678946
2026-01-18,Aston Villa,Everton,0.0,1.0,0.905393,0.745859,9,5,15,10,1.6,1.0,1.4,1.2,12.0,11.6,4.4,3.6,4.8,3.0,1.7999999999999998,1.6,1.0,0.6000000000000001,A,112.51326957307174,0.40000000000000036,0.8000000000000003,0.36363636363636365,0.2777777777777778,11,11,0.4444444444444444,0.3333333333333333,0.2222222222222222,2.4,0.6,0.8,0.4,0.091526,-0.5633614000000005,0.6548874000000005,0.091526,-0.5633614000000005,1.811318,1.1276166,1.3529816000000001,1.7115230000000001,154730.0,1.3369188894937398
2026-01-19,Brighton,Bournemouth,1.0,1.0,0.995777,1.69737,3,1,8,2,1.2,1.8,1.0,2.4,12.2,15.8,4.0,4.6,3.2,6.6,-3.3999999999999995,3.2,2.0,1.2000000000000002,D,48.42547450544453,-3.6000000000000014,-0.5999999999999996,0.3,0.391304347826087,12,12,0.7142857142857143,0.2857142857142857,0.0,1.6,1.2,1.8,3.4,-0.3643710000000002,0.2877676,-0.6521386000000002,-0.3643710000000002,0.2877676,1.486442,2.441574,1.7257262,2.2897300000000005,-55980.0,0.9177949425827484
2026-01-24,Bournemouth,Liverpool,3.0,2.0,3.31474,0.937335,-11,-2,5,9,1.8,1.0,2.4,0.8,14.8,16.6,4.8,4.2,6.8,6.2,0.5999999999999996,2.4,0.8,1.5999999999999999,H,-75.01219775117397,-1.8000000000000007,0.5999999999999996,0.375,0.23809523809523808,5,7,0.7142857142857143,0.2857142857142857,0.0,1.2,1.4,1.8,1.2,0.1604977999999997,1.1946466000000002,-1.0341488000000005,0.1604977999999997,1.1946466000000002,1.2022362,1.3770124,1.0509920000000001,0.9635092000000001,-299520.0,0.6945232024477308
2026-01-24,Man City,Wolves,2.0,0.0,1.0654,0.542683,18,0,11,2,0.8,1.2,1.0,0.8,14.6,10.0,3.8,4.4,6.0,5.0,1.0,2.0,1.8,0.19999999999999996,H,318.7206969851168,4.6,-0.6000000000000005,0.2105263157894737,0.2727272727272727,7,6,0.5555555555555556,0.4444444444444444,0.0,2.2,0.8,0.8,1.4,0.05595059999999985,-0.007804200000000039,0.06375479999999989,0.05595059999999985,-0.007804200000000039,2.568076,0.8048704000000001,1.3536431999999998,1.420822,1000150.0,3.5654739002180325
2026-01-24,Burnley,Tottenham,2.0,2.0,1.54884,2.59093,-4,-2,2,5,0.8,1.0,1.6,1.2,10.0,13.4,1.8,4.4,3.2,4.8,-1.5999999999999996,2.0,2.8,-0.7999999999999998,D,-92.33025173593342,-3.4000000000000004,-2.6000000000000005,0.4444444444444445,0.22727272727272727,7,7,0.8,0.2,0.0,1.0,1.8,1.0,1.6,-1.5070655999999998,0.05287620000000004,-1.5599417999999998,-1.5070655999999998,0.05287620000000004,1.223616,0.9074946,1.7815454,1.377657,-577400.0,0.29014015244652075
2026-01-24,West Ham,Sunderland,3.0,1.0,2.18675,0.713838,-9,-2,1,3,1.0,0.8,1.8,1.2,11.6,10.4,2.6,4.0,5.6,3.6,1.9999999999999996,2.0,1.8,0.19999999999999996,H,-37.74883651118398,1.1999999999999993,-1.4,0.3846153846153846,0.2,7,7,1.0,0.0,0.0,1.0,2.0,0.4,1.6,-0.2417224,-1.1782242,0.9365018,-0.2417224,-1.1782242,1.3583524,0.9247018,1.5266706000000003,1.9980224,23050.0,1.0516029372257545
2026-01-24,Fulham,Brighton,2.0,1.0,1.13243,1.94652,1,2,7,5,1.2,1.4,1.0,1.2,12.8,12.4,3.4,4.2,3.0,4.8,-1.7999999999999998,3.4,3.2,0.19999999999999973,H,4.75556907027385,0.40000000000000036,-0.8000000000000003,0.35294117647058826,0.3333333333333333,7,5,0.5714285714285714,0.14285714285714285,0.2857142857142857,2.0,2.0,1.2,1.4,-1.0065384,-0.42645599999999995,-0.5800824,-1.0065384,-0.42645599999999995,1.0228796,1.7756127999999998,1.6659012000000004,2.2303369999999996,-248800.0,0.60192
2026-01-25,Brentford,Nott'm Forest,0.0,2.0,2.00413,1.38958,9,6,11,6,2.2,0.8,1.0,1.6,13.2,11.4,5.4,3.6,5.2,5.4,-0.20000000000000018,1.8,1.0,0.8,A,26.989643922371897,1.799999999999999,1.8000000000000003,0.40740740740740744,0.22222222222222224,8,8,0.42857142857142855,0.2857142857142857,0.2857142857142857,2.2,0.6,0.8,1.6,0.8981390000000002,-0.8703815999999999,1.7685206,0.8981390000000002,-0.8703815999999999,2.337326,0.8175111999999999,1.4369388,1.430124,-135100.0,0.7884699693117054
2026-01-25,Crystal Palace,Chelsea,1.0,3.0,2.41793,3.08817,-9,-3,2,3,0.4,1.4,1.2,1.4,10.8,11.8,2.4,3.4,4.4,6.8,-2.3999999999999995,2.2,3.0,-0.7999999999999998,A,-103.13429666881144,-1.0,-1.0,0.16666666666666669,0.4117647058823529,8,8,0.3333333333333333,0.3333333333333333,0.3333333333333333,0.4,1.4,1.0,1.6,-0.44615539999999987,0.2598039999999999,-0.7059593999999998,-0.44615539999999987,0.2598039999999999,1.6089441999999998,1.43021,1.5052216,1.718652,-447500.0,0.6108695652173913
2026-01-25,Newcastle,Aston Villa,0.0,2.0,1.95484,1.32143,-5,3,11,10,1.8,1.2,1.0,1.4,15.6,13.2,5.8,4.6,7.6,5.0,2.5999999999999996,1.6,1.6,0.0,A,-115.17492533868176,2.4000000000000004,1.2000000000000002,0.3103448275862069,0.2608695652173913,7,7,0.7777777777777778,0.1111111111111111,0.1111111111111111,2.4,1.6,2.0,2.0,0.6620791999999998,0.010508799999999763,0.6515704,0.6620791999999998,0.010508799999999763,2.3467759999999998,2.1647646000000003,1.4586659999999998,2.189988,83720.0,1.1363562331020554
2026-01-25,Arsenal,Man United,2.0,3.0,1.42411,0.640902,5,2,13,8,1.8,1.4,0.8,0.8,16.4,16.2,5.0,5.8,5.4,4.2,1.2000000000000002,1.6,1.0,0.6000000000000001,A,149.5909570714507,0.1999999999999993,-0.7999999999999998,0.36,0.24137931034482757,8,8,0.6666666666666666,0.2222222222222222,0.1111111111111111,2.0,0.6,2.0,1.4,1.3129217999999998,1.1189315999999998,0.1939902,1.3129217999999998,1.1189315999999998,2.3815164,2.2603999999999997,1.0358684,1.111355,555400.0,1.7170152336689903
2026-01-26,Everton,Leeds,1.0,1.0,0.889916,1.6766,5,2,4,3,1.2,1.2,1.0,1.2,12.4,12.0,4.0,4.4,3.4,5.8,-2.4,1.0,1.0,0.0,D,87.03085220275739,0.40000000000000036,-0.40000000000000036,0.3,0.2727272727272727,8,9,0.6,0.0,0.4,1.4,2.0,1.4,1.8,-0.26847679999999996,0.22646899999999937,-0.4949457999999993,-0.26847679999999996,0.22646899999999937,1.0233746,1.7009159999999999,1.676694,1.6938326000000004,85050.0,1.2272848743987173
2026-01-31,Wolves,Bournemouth,0.0,2.0,2.10353,1.59116,-7,-2,4,3,1.0,2.2,0.8,2.0,10.4,13.2,3.8,3.8,5.4,4.4,1.0,2.2,2.2,0.0,A,-188.49307382553295,-2.799999999999999,0.0,0.2631578947368421,0.5789473684210527,7,7,0.14285714285714285,0.7142857142857143,0.14285714285714285,0.8,1.4,2.0,2.8,0.044523599999999885,0.6938727999999998,-0.6493492,0.044523599999999885,0.6938727999999998,1.0368906,2.379064,1.5566102000000002,2.1123214,-291130.0,0.5724837733854151
2026-01-31,Liverpool,Newcastle,4.0,1.0,3.09973,0.284319,3,-6,9,7,1.0,1.8,1.2,1.2,16.6,15.4,4.2,6.0,7.2,6.6,0.6000000000000005,1.0,1.6,-0.6000000000000001,H,78.08148879215764,1.200000000000001,-1.7999999999999998,0.23809523809523808,0.3,7,6,0.4444444444444444,0.4444444444444444,0.1111111111111111,1.2,0.6,1.4,0.8,0.5622944000000003,0.7509273999999997,-0.18863299999999938,0.5622944000000003,0.7509273999999997,2.1045659999999997,1.4127844,0.7779394,0.8595664,282800.0,1.4053318045005017
2026-01-31,Chelsea,West Ham,3.0,2.0,2.66133,1.72585,12,1,8,5,1.8,1.6,1.2,1.8,11.0,12.0,4.0,3.2,6.6,5.2,1.3999999999999995,2.4,2.2,0.19999999999999973,H,197.97277767455373,-1.0,0.7999999999999998,0.45,0.5,6,7,0.6666666666666666,0.2222222222222222,0.1111111111111111,1.6,1.0,0.8,1.8,0.4113779999999998,0.04829400000000028,0.3630839999999995,0.4113779999999998,0.04829400000000028,1.8727208000000002,1.4193916000000002,1.918818,2.3703119999999998,680270.0,2.4482149319822026
2026-01-31,Leeds,Arsenal,0.0,4.0,0.17871,3.54427,-15,-2,11,8,1.2,1.8,1.2,1.2,11.4,14.6,4.0,4.6,4.8,5.8,-1.0,1.6,1.6,0.0,A,-271.3651870985664,-3.1999999999999993,-0.5999999999999996,0.3,0.391304347826087,5,6,0.6,0.4,0.0,2.4,1.2,1.2,1.0,0.0236911999999998,1.1029402000000004,-1.0792490000000006,0.0236911999999998,1.1029402000000004,2.0090016,1.8156780000000001,1.3498508,0.9982748000000001,-955800.0,0.28135338345864663
2026-01-31,Brighton,Everton,1.0,1.0,1.42825,1.28126,-3,-2,6,10,1.4,1.4,1.2,1.2,13.4,11.4,4.6,3.4,5.6,3.2,2.3999999999999995,2.8,0.6,2.1999999999999997,D,-0.8504812516771381,2.0,1.1999999999999997,0.30434782608695654,0.4117647058823529,7,5,0.1111111111111111,0.6666666666666666,0.2222222222222222,1.4,1.2,0.8,0.4,0.10298519999999978,-0.42632559999999997,0.5293107999999997,0.10298519999999978,-0.42632559999999997,1.4900997999999999,1.2457758,1.6252422000000002,1.4378616,165750.0,1.360914534567229
2026-02-01,Aston Villa,Brentford,0.0,1.0,2.15316,0.314916,6,0,12,6,1.2,1.4,1.2,1.2,13.8,12.2,4.6,4.2,4.6,6.0,-1.4000000000000004,1.4,1.6,-0.20000000000000018,A,98.45605005929316,1.6000000000000014,0.39999999999999947,0.2608695652173913,0.3333333333333333,7,7,0.4444444444444444,0.2222222222222222,0.3333333333333333,1.6,0.8,1.2,1.6,-0.13369920000000013,0.9631550000000002,-1.0968542000000003,-0.13369920000000013,0.9631550000000002,1.6158325999999998,1.4298738,1.1001694,1.790332,110400.0,1.2192303109734302
2026-02-01,Man United,Fulham,3.0,2.0,1.84362,1.71998,2,1,9,10,1.8,1.4,1.2,1.2,16.2,12.2,5.6,3.4,4.2,3.4,0.8000000000000003,0.6,3.0,-2.4,H,49.43130973250141,4.0,2.1999999999999997,0.32142857142857145,0.4117647058823529,7,8,0.2857142857142857,0.5714285714285714,0.14285714285714285,1.8,1.2,1.4,1.0,1.0001238000000001,-1.1647903999999998,2.1649142,1.0001238000000001,-1.1647903999999998,2.1270862,1.0545524,1.2905270000000002,1.75169,398400.0,2.059011164274322
2026-02-01,Nott'm Forest,Crystal Palace,1.0,1.0,0.987254,1.648,-2,5,4,6,1.0,0.6,1.2,1.6,11.4,10.4,3.6,3.4,5.4,4.6,0.8000000000000007,0.8,2.0,-1.2,D,-2.751947766884541,1.0,0.20000000000000018,0.2777777777777778,0.17647058823529413,7,7,0.2857142857142857,0.0,0.7142857142857143,0.8,1.2,1.0,1.8,-0.8203837999999999,-0.5919859999999999,-0.22839779999999998,-0.8203837999999999,-0.5919859999999999,1.1919954000000001,1.3318813999999999,1.6921212,1.8833601999999998,-63820.0,0.909153024911032
2026-02-01,Tottenham,Man City,2.0,2.0,1.49738,2.03614,-13,-3,4,10,1.2,0.8,1.6,0.8,15.4,13.6,5.8,3.6,5.0,5.8,-0.7999999999999998,2.4,1.8,0.5999999999999999,D,-223.06053712224343,1.8000000000000007,2.1999999999999997,0.20689655172413793,0.22222222222222224,8,8,0.3333333333333333,0.5555555555555556,0.1111111111111111,1.2,1.4,2.0,1.4,0.2730768000000001,-0.01241380000000003,0.28549060000000015,0.2730768000000001,-0.01241380000000003,1.5774620000000001,1.521917,1.0864059999999998,1.3817233999999998,-576600.0,0.5851798561151079
2026-02-02,Sunderland,Burnley,3.0,0.0,1.8865,0.126371,8,2,11,2,0.8,1.2,1.6,2.0,10.2,8.6,3.8,2.6,3.6,2.2,1.4,2.4,2.2,0.19999999999999973,H,140.6440793787674,1.5999999999999996,1.1999999999999997,0.2105263157894737,0.4615384615384615,9,9,1.0,0.0,0.0,1.4,0.8,0.8,1.8,-1.112692,-1.7149716000000002,0.6022796000000001,-1.112692,-1.7149716000000002,1.0827406,0.747965,1.6325517999999999,2.461752,210680.0,1.8927118644067797
2026-02-06,Leeds,Nott'm Forest,3.0,1.0,3.38179,1.6608,1,-3,8,6,1.2,1.2,2.0,1.0,11.2,9.0,3.8,2.6,5.0,4.6,0.40000000000000036,1.4,0.8,0.5999999999999999,H,-15.076772680170734,2.1999999999999993,1.1999999999999997,0.3157894736842105,0.4615384615384615,6,5,1.0,0.0,0.0,1.8,1.8,1.0,1.6,-0.34562680000000046,-0.964373,0.6187461999999996,-0.34562680000000046,-0.964373,1.6038035999999998,0.8706492000000001,1.8659012000000001,1.6260280000000003,-264480.0,0.5858959103150247
2026-02-07,Newcastle,Brentford,2.0,3.0,3.3215,1.65022,-4,-2,10,9,1.4,1.6,1.8,1.2,13.0,12.0,4.6,4.2,8.0,5.6,2.4000000000000004,2.0,2.0,0.0,A,-39.41350020017581,1.0,0.39999999999999947,0.30434782608695654,0.38095238095238093,7,6,0.5555555555555556,0.3333333333333333,0.1111111111111111,2.0,1.6,1.4,1.2,-0.04554880000000017,0.6059071999999999,-0.651456,-0.04554880000000017,0.6059071999999999,2.3606279999999997,1.3751137999999998,1.5125420000000003,1.6947120000000002,194120.0,1.3854799634616148
2026-02-07,Burnley,West Ham,0.0,2.0,1.84644,1.1223,-1,-3,3,4,1.0,1.6,2.0,2.0,6.6,12.2,1.8,3.6,2.0,4.8,-2.8,2.6,2.0,0.6000000000000001,A,-108.26933857406334,-5.6,-1.8,0.5555555555555556,0.4444444444444445,5,7,0.2,0.2,0.6,1.4,2.0,1.0,2.2,-1.8336034000000003,0.023738000000000037,-1.8573414000000004,-1.8336034000000003,0.023738000000000037,1.29968,1.4913935999999999,2.1021720000000004,2.44723,-233730.0,0.502416281693739
2026-02-07,Wolves,Chelsea,1.0,3.0,1.11372,3.76278,-15,-5,4,6,0.8,2.0,1.0,1.2,11.6,10.4,4.4,4.6,5.6,6.0,-0.40000000000000036,2.4,2.8,-0.3999999999999999,A,-275.340807278247,1.1999999999999993,-0.1999999999999993,0.18181818181818182,0.4347826086956522,7,7,0.5555555555555556,0.2222222222222222,0.2222222222222222,0.8,1.6,1.4,1.2,0.13004159999999998,0.8301699999999999,-0.7001283999999999,0.13004159999999998,0.8301699999999999,1.2526746,1.8550403999999996,1.6500641999999999,1.7612979999999996,-760150.0,0.339
2026-02-07,Arsenal,Sunderland,3.0,0.0,1.19401,0.427225,7,1,10,2,1.8,1.4,1.0,1.6,13.0,11.0,4.8,4.0,7.6,3.2,4.3999999999999995,1.4,2.4,-1.0,H,258.8417259031871,2.0,0.7999999999999998,0.375,0.35,7,5,0.0,0.0,1.0,2.0,1.2,0.4,2.0,1.4817722,-0.46460040000000036,1.9463726000000003,1.4817722,-0.46460040000000036,2.1400864000000004,0.9249369999999999,1.0463056,2.1601064,883320.0,2.977523059013164
2026-02-07,Bournemouth,Aston Villa,1.0,1.0,1.82646,0.646496,-9,3,8,10,2.2,1.0,1.6,0.6,11.6,17.0,3.4,5.0,5.0,6.4,-1.4000000000000004,2.6,0.8,1.8,D,-98.8480879680933,-5.4,-1.6,0.6470588235294118,0.2,7,6,0.5714285714285714,0.14285714285714285,0.2857142857142857,1.8,1.6,1.6,1.4,0.3597028,0.5282296,-0.16852679999999998,0.3597028,0.5282296,1.7381011999999998,1.7975606,0.9993130000000001,2.1883600000000003,67000.0,1.1091240757027916
2026-02-07,Man United,Tottenham,2.0,0.0,2.16576,0.593404,9,8,11,5,2.2,1.6,1.4,2.0,15.8,16.0,5.6,6.4,3.2,5.4,-2.2,1.0,2.6,-1.6,H,154.21807242370824,-0.1999999999999993,-0.8000000000000007,0.3928571428571429,0.25,6,6,0.4444444444444444,0.2222222222222222,0.3333333333333333,2.2,1.4,1.0,1.6,1.0418078000000004,0.15492379999999972,0.8868840000000007,1.0418078000000004,0.15492379999999972,2.0404622,1.2152706,1.361355,1.3103089999999997,-38800.0,0.9522989918859109
2026-02-07,Fulham,Everton,1.0,2.0,2.20126,1.88778,1,1,10,8,1.6,1.2,1.6,1.4,11.6,10.6,3.6,3.6,4.2,3.2,1.0,2.2,1.0,1.2000000000000002,A,-42.21861522795484,1.0,0.0,0.4444444444444445,0.3333333333333333,6,7,0.14285714285714285,0.42857142857142855,0.42857142857142855,1.6,1.2,0.8,0.6,-1.0696944,-0.44388359999999993,-0.6258108,-1.0696944,-0.44388359999999993,1.0548386,1.2628818,1.6627552,1.5964285999999999,-83050.0,0.8191616766467066
2026-02-08,Brighton,Crystal Palace,0.0,1.0,0.737798,0.928404,2,4,7,4,1.2,0.6,1.0,1.6,12.4,11.0,3.8,3.6,5.6,4.8,0.7999999999999998,2.0,2.6,-0.6000000000000001,A,2.000189569452914,1.4000000000000004,0.19999999999999973,0.3157894736842105,0.16666666666666666,8,7,0.3333333333333333,0.1111111111111111,0.5555555555555556,1.0,0.6,1.0,2.0,-0.030156800000000095,-0.5796608000000001,0.549504,-0.030156800000000095,-0.5796608000000001,1.3831538,1.4639220000000002,1.2500042,1.847107,-77500.0,0.8896797153024911
2026-02-08,Liverpool,Man City,1.0,2.0,1.26652,2.41476,-4,0,11,8,1.8,1.2,1.4,1.2,16.2,13.8,4.8,3.4,7.0,5.6,1.4000000000000004,1.2,2.2,-1.0000000000000002,A,-76.78328021343236,2.3999999999999986,1.4,0.375,0.35294117647058826,8,7,0.4444444444444444,0.1111111111111111,0.4444444444444444,1.8,0.6,1.4,1.0,0.8215825999999999,-0.20072760000000023,1.0223102000000002,0.8215825999999999,-0.20072760000000023,2.449246,1.536695,0.6922708,1.4866723999999998,-409500.0,0.7053956834532374
2026-02-10,Chelsea,Leeds,2.0,2.0,3.21176,1.28948,11,5,10,4,2.4,1.6,1.2,2.0,11.8,11.8,5.2,4.2,6.4,4.8,1.6000000000000005,2.4,1.6,0.7999999999999998,D,140.2650670913372,0.0,1.0,0.4615384615384615,0.38095238095238093,3,4,0.8,0.2,0.0,2.0,1.2,1.2,1.4,1.158628,0.1941056000000001,0.9645223999999999,1.158628,0.1941056000000001,2.246604,1.6859520000000003,2.018332,1.3012318,775800.0,3.0732228754676645
2026-02-10,Everton,Bournemouth,1.0,2.0,2.33114,1.4121,3,-2,5,6,1.2,2.0,0.8,1.2,11.0,12.6,3.0,4.6,3.6,5.8,-2.1999999999999997,2.0,2.2,-0.20000000000000018,A,-20.49780480592676,-1.5999999999999996,-1.5999999999999996,0.39999999999999997,0.4347826086956522,3,3,0.7142857142857143,0.2857142857142857,0.0,1.4,1.4,2.0,2.2,-0.09735359999999971,0.6621264,-0.7594799999999997,-0.09735359999999971,0.6621264,0.9991078,2.338748,1.5202499999999999,2.2991174,-221730.0,0.6743957238098035
2026-02-10,Tottenham,Newcastle,1.0,2.0,1.68925,2.46991,-4,-2,5,4,1.4,1.4,2.2,2.4,14.8,13.8,5.6,4.0,4.8,8.2,-3.3999999999999995,2.6,2.2,0.3999999999999999,A,-114.056229539593,1.0,1.5999999999999996,0.25,0.35,3,3,0.5555555555555556,0.3333333333333333,0.1111111111111111,1.4,1.4,0.8,1.4,-0.34955120000000006,-0.0011707999999996943,-0.34838040000000037,-0.34955120000000006,-0.0011707999999996943,1.6681460000000001,0.9778842000000001,1.3946868000000001,1.2772624000000001,115700.0,1.165830586211839
2026-02-10,West Ham,Man United,1.0,1.0,1.30746,0.735767,-13,-4,4,8,2.0,2.4,1.4,1.2,12.2,17.4,4.4,7.2,3.8,3.8,0.0,2.2,1.0,1.2000000000000002,D,-146.9019379704855,-5.199999999999999,-2.8,0.45454545454545453,0.3333333333333333,3,3,0.6666666666666666,0.2222222222222222,0.1111111111111111,1.6,1.8,2.2,1.6,0.27962440000000055,1.1607446000000001,-0.8811201999999996,0.27962440000000055,1.1607446000000001,1.7228720000000002,2.0930444,1.3558522,0.969055,-304870.0,0.6064162148205525
2026-02-11,Sunderland,Liverpool,0.0,1.0,0.693794,3.08172,-5,1,11,6,1.2,1.6,2.0,1.4,10.0,17.2,4.0,5.2,2.6,6.4,-3.8000000000000003,2.2,1.4,0.8000000000000003,A,-158.2016628795859,-7.199999999999999,-1.2000000000000002,0.3,0.3076923076923077,4,3,0.0,0.0,1.0,1.4,0.4,1.8,1.8,-0.42795359999999993,0.3700110000000001,-0.7979646,-0.42795359999999993,0.3700110000000001,1.2261306,1.2508934,1.2992780000000002,1.5536268,-533820.0,0.4555634880163182
2026-02-11,Man City,Fulham,3.0,0.0,1.67722,1.05283,10,2,11,7,1.4,1.4,1.2,1.6,14.4,12.6,4.2,3.8,4.8,4.8,0.0,2.4,2.2,0.19999999999999973,H,185.3868362381479,1.8000000000000007,0.40000000000000036,0.3333333333333333,0.3684210526315789,3,4,0.42857142857142855,0.5714285714285714,0.0,2.0,0.4,1.4,1.4,0.23027439999999988,-0.7850747999999999,1.0153491999999997,0.23027439999999988,-0.7850747999999999,2.210572,1.2996012000000001,1.1118957999999999,1.911622,1013800.0,3.6948431685273793
2026-02-11,Nott'm Forest,Wolves,0.0,0.0,3.69094,0.406959,3,6,5,2,1.2,0.4,1.0,1.6,10.2,11.6,2.8,3.4,5.8,5.0,0.7999999999999998,0.6,2.4,-1.7999999999999998,D,124.87219006709164,-1.4000000000000004,-0.6000000000000001,0.4285714285714286,0.11764705882352942,5,4,0.14285714285714285,0.2857142857142857,0.5714285714285714,1.0,1.0,0.8,1.6,-1.2022350000000004,-0.8004848,-0.4017502000000004,-1.2022350000000004,-0.8004848,1.1973812,0.7748894,1.6102812,1.40293,248830.0,1.6382711299217647
2026-02-11,Aston Villa,Brighton,1.0,0.0,0.576138,0.481306,11,2,9,2,0.6,0.8,0.6,1.2,16.2,10.8,5.0,3.4,6.4,5.4,1.0,0.8,2.2,-1.4000000000000001,H,141.5775478871908,5.399999999999999,1.6,0.12,0.23529411764705885,4,3,0.4444444444444444,0.4444444444444444,0.1111111111111111,1.4,1.0,1.0,1.8,0.1859008000000002,-0.3117078000000002,0.4976086000000004,0.1859008000000002,-0.3117078000000002,1.8154926000000002,1.7534768,1.0246350000000002,2.2647579999999996,-11020.0,0.982368
2026-02-11,Crystal Palace,Burnley,2.0,3.0,2.1276,0.691273,6,2,2,2,0.8,1.0,1.2,2.0,10.2,9.2,4.2,2.2,4.4,2.2,2.2,2.6,2.4,0.20000000000000018,A,151.50618018544628,1.0,2.0,0.19047619047619047,0.45454545454545453,3,4,0.2,0.4,0.4,0.4,1.6,0.6,1.8,-0.2516615999999998,-1.4453455999999998,1.193684,-0.2516615999999998,-1.4453455999999998,1.6654082,0.5984342,1.8273195999999998,2.09484,466500.0,2.9766949152542375
2026-02-12,Brentford,Arsenal,1.0,1.0,1.81154,0.78418,-6,1,8,10,1.4,1.8,1.2,0.6,12.0,13.8,3.8,4.8,5.2,7.6,-2.3999999999999995,2.0,1.4,0.6000000000000001,D,-147.22403554162224,-1.8000000000000007,-1.0,0.3684210526315789,0.375,5,5,0.4444444444444444,0.3333333333333333,0.2222222222222222,1.6,0.8,1.8,0.8,-0.1375748000000001,1.5686984000000002,-1.7062732000000003,-0.1375748000000001,1.5686984000000002,1.9939400000000003,2.2788760000000003,1.5400498000000002,0.8756340000000001,-826420.0,0.37863157894736843
2026-02-18,Wolves,Arsenal,2.0,2.0,0.173119,2.01018,-19,-6,4,11,0.2,2.0,1.4,0.8,10.4,13.4,3.2,4.4,4.0,7.8,-3.8,2.2,1.4,0.8000000000000003,D,-342.96275279618635,-3.0,-1.2000000000000002,0.0625,0.45454545454545453,7,6,0.5555555555555556,0.4444444444444444,0.0,0.8,1.4,1.8,0.6,-1.2732969999999997,1.2865883999999999,-2.5598853999999998,-1.2732969999999997,1.2865883999999999,1.4229892000000002,2.063782,1.5932042,0.69397,-940150.0,0.2931203007518797
2026-02-21,Man City,Newcastle,2.0,1.0,2.22648,0.507954,8,6,11,7,1.8,1.0,1.0,2.0,12.6,14.4,4.0,3.4,4.4,9.0,-4.6,2.8,2.0,0.7999999999999998,H,172.33580283613742,-1.8000000000000007,0.6000000000000001,0.45,0.29411764705882354,10,11,0.5555555555555556,0.2222222222222222,0.2222222222222222,2.0,0.4,1.2,1.4,0.029668399999999817,0.13860720000000026,-0.10893880000000045,0.029668399999999817,0.13860720000000026,2.0628059999999997,1.4380004,1.1971646,1.4891034,692300.0,1.9922602837895944
2026-02-21,Aston Villa,Leeds,1.0,1.0,1.25439,1.27855,12,-1,9,4,0.8,1.4,0.6,1.6,16.2,9.8,4.6,3.4,6.8,4.2,2.5999999999999996,1.2,2.0,-0.8,D,164.92250824883172,6.399999999999999,1.1999999999999997,0.1739130434782609,0.4117647058823529,10,11,0.2,0.4,0.4,1.2,0.8,1.4,1.6,0.0558472000000001,-0.17399640000000027,0.22984360000000037,0.0558472000000001,-0.17399640000000027,1.3867482,1.6170300000000002,0.7489662000000001,1.8041826,239780.0,1.640780331373597
2026-02-21,Brentford,Brighton,0.0,2.0,1.69023,1.37203,7,5,8,2,1.0,0.6,1.4,1.2,10.8,11.4,3.2,3.4,5.0,6.0,-1.0,2.2,1.6,0.6000000000000001,A,22.383818957131552,-0.5999999999999996,-0.19999999999999973,0.3125,0.17647058823529413,9,10,0.5555555555555556,0.1111111111111111,0.3333333333333333,1.6,0.8,1.0,1.6,-0.4030067999999998,-0.005190200000000145,-0.39781659999999963,-0.4030067999999998,-0.005190200000000145,2.2168468,1.51173,1.3700678,1.8974456,-121420.0,0.805728
2026-02-21,Chelsea,Burnley,1.0,1.0,2.51534,1.01255,14,8,8,5,2.6,1.2,1.2,2.0,12.8,9.4,4.8,2.6,5.0,2.2,2.8,2.6,2.2,0.3999999999999999,D,248.04677751352983,3.4000000000000004,2.1999999999999997,0.5416666666666667,0.4615384615384615,11,10,0.0,0.6,0.4,2.0,1.6,1.0,1.8,1.2648959999999998,-1.2915770000000002,2.556473,1.2648959999999998,-1.2915770000000002,2.360042,0.4199388,2.008228,2.158944,914000.0,4.872881355932203
2026-02-21,West Ham,Bournemouth,0.0,0.0,2.34412,0.522731,-9,-1,5,8,2.0,1.8,1.2,1.0,10.8,12.6,4.4,4.8,3.6,5.6,-1.9999999999999996,1.8,2.2,-0.40000000000000013,D,-113.8849076640281,-1.799999999999999,-0.39999999999999947,0.45454545454545453,0.375,11,11,0.14285714285714285,0.14285714285714285,0.7142857142857143,1.4,1.4,1.6,1.6,0.29993500000000006,0.5655104,-0.2655753999999999,0.29993500000000006,0.5655104,1.7289619999999999,2.150776,1.3839869999999999,2.1229374,-211250.0,0.6897853094070311
2026-02-22,Tottenham,Arsenal,1.0,4.0,0.383264,3.31701,-15,-6,2,9,1.2,2.4,2.0,1.2,14.8,12.4,5.2,4.6,3.8,6.6,-2.8,2.6,1.4,1.2000000000000002,A,-293.6044456976572,2.4000000000000004,0.6000000000000005,0.23076923076923075,0.5217391304347826,12,4,0.5555555555555556,0.3333333333333333,0.1111111111111111,1.2,1.8,2.0,1.0,-0.5928752000000004,1.1450508,-1.7379260000000003,-0.5928752000000004,1.1450508,1.52122,2.0963719999999997,1.7945562,0.6859392,-516600.0,0.611578947368421
2026-02-22,Sunderland,Fulham,1.0,3.0,1.7609,2.16696,2,3,8,4,1.2,1.0,1.6,2.0,10.0,12.2,3.8,3.4,2.4,5.2,-2.8000000000000003,2.2,1.8,0.40000000000000013,A,-76.03940592822755,-2.1999999999999993,0.3999999999999999,0.3157894736842105,0.29411764705882354,11,11,1.0,0.0,0.0,1.2,0.6,0.8,1.6,-0.4346348000000002,-0.6317648,0.1971299999999998,-0.4346348000000002,-0.6317648,1.2388804,1.1800612000000001,1.8817561999999999,1.836094,70480.0,1.1873471557682085
2026-02-22,Crystal Palace,Wolves,1.0,0.0,2.03559,1.67749,6,2,2,3,1.2,0.6,1.8,1.8,12.2,10.2,3.8,3.2,5.4,3.4,2.0000000000000004,2.6,2.2,0.3999999999999999,H,153.15161068314842,2.0,0.5999999999999996,0.3157894736842105,0.18749999999999997,11,4,0.5555555555555556,0.3333333333333333,0.1111111111111111,0.8,1.6,0.6,1.2,0.18462380000000045,-1.5560898,1.7407136000000005,0.18462380000000045,-1.5560898,1.8307442000000003,0.7322872,1.6949402,1.8175260000000002,312650.0,1.8019751186353725
2026-02-22,Nott'm Forest,Liverpool,0.0,1.0,0.934768,2.39634,-11,-1,3,8,0.8,1.8,0.8,1.4,14.6,20.2,3.8,5.8,6.4,8.6,-2.1999999999999993,0.6,1.0,-0.4,A,-159.36170483631054,-5.6,-2.0,0.2105263157894737,0.3103448275862069,11,11,0.42857142857142855,0.42857142857142855,0.14285714285714285,0.4,1.0,1.4,1.2,-0.4514108000000001,0.9242342000000003,-1.3756450000000005,-0.4514108000000001,0.9242342000000003,1.4702532,1.4576273999999998,1.6156237999999998,1.3337196,-341820.0,0.6513819479857216
2026-02-23,Everton,Man United,0.0,1.0,0.560924,1.4547,-4,-5,2,6,1.2,2.2,1.0,1.0,11.6,13.2,3.8,5.8,4.6,3.2,1.3999999999999995,2.0,1.2,0.8,A,-70.58755102042437,-1.5999999999999996,-2.0,0.3157894736842105,0.37931034482758624,13,13,0.4444444444444444,0.3333333333333333,0.2222222222222222,1.0,1.8,1.6,1.6,-0.09752959999999988,0.605372,-0.7029015999999999,-0.09752959999999988,0.605372,1.2146398,1.4307817999999999,1.740202,1.1781176000000002,-315350.0,0.5928866511747999
2026-02-27,Wolves,Aston Villa,2.0,0.0,1.50771,1.31328,-17,-6,5,8,0.6,1.0,1.6,0.6,10.4,15.8,4.4,4.4,2.8,7.0,-4.2,1.8,1.2,0.6000000000000001,H,-238.59953795886145,-5.4,0.0,0.13636363636363635,0.22727272727272727,5,6,0.6666666666666666,0.1111111111111111,0.2222222222222222,1.2,1.4,1.2,1.2,-1.5231663999999998,0.019108400000000136,-1.5422748,-1.5231663999999998,0.019108400000000136,1.203967,1.8078412,1.6826222000000002,2.2982500000000003,-224130.0,0.634955536010945
2026-02-28,Bournemouth,Sunderland,1.0,1.0,1.82434,1.07887,4,8,8,2,1.6,1.0,0.8,2.0,12.4,9.8,5.4,2.8,5.4,3.0,2.4000000000000004,1.8,1.8,0.0,D,101.75067364829216,2.5999999999999996,2.6000000000000005,0.2962962962962963,0.35714285714285715,7,6,1.0,0.0,0.0,2.0,1.8,0.4,2.0,0.06091399999999991,-0.6547108000000001,0.7156248000000001,0.06091399999999991,-0.6547108000000001,1.8195311999999997,0.8850847999999999,0.9940918,1.9156983999999997,234300.0,1.5245365809975822
2026-02-28,Burnley,Brentford,3.0,4.0,0.823824,2.44595,-12,-2,3,12,1.2,1.0,2.0,1.4,10.4,10.4,3.2,2.8,3.0,4.4,-1.4000000000000004,2.2,2.0,0.20000000000000018,A,-213.3955862483674,0.0,0.40000000000000036,0.37499999999999994,0.35714285714285715,7,7,1.0,0.0,0.0,1.0,1.8,2.0,1.2,-1.0034392,-0.3098828,-0.6935564000000001,-1.0034392,-0.3098828,1.257996,1.6110452000000002,1.996526,1.8742359999999998,-267580.0,0.46864450534175306
2026-02-28,Liverpool,West Ham,5.0,2.0,2.09939,1.3517,12,1,8,6,1.8,1.6,1.2,1.0,15.8,11.4,4.4,4.2,7.2,4.4,2.8,0.8,1.4,-0.5999999999999999,H,200.54091952311,4.4,0.20000000000000018,0.40909090909090906,0.38095238095238093,6,7,0.5555555555555556,0.3333333333333333,0.1111111111111111,1.6,1.0,1.2,2.0,0.6278527999999999,0.44127479999999997,0.1865779999999999,0.6278527999999999,0.44127479999999997,2.2200100000000003,1.3745736000000002,0.8372147999999999,2.396364,510770.0,2.0873693398335216
2026-02-28,Newcastle,Everton,2.0,3.0,1.11889,2.40731,-3,-2,7,11,1.2,1.0,2.4,1.2,14.6,12.2,4.4,4.0,8.6,5.8,2.8,2.6,2.0,0.6000000000000001,A,-30.186666600443232,2.4000000000000004,0.40000000000000036,0.2727272727272727,0.25,7,5,0.4444444444444444,0.3333333333333333,0.2222222222222222,2.0,2.0,1.2,0.4,-0.28971740000000024,-0.24437799999999998,-0.04533940000000025,-0.28971740000000024,-0.24437799999999998,2.663512,1.3724378,1.525836,1.5077666,238450.0,1.5192161132280892
2026-02-28,Leeds,Man City,0.0,1.0,1.37824,2.46834,-13,-7,10,8,1.4,2.2,1.8,0.8,9.8,14.2,3.2,5.2,3.2,4.2,-1.0,2.6,2.6,0.0,A,-233.5012329744261,-4.399999999999999,-2.0,0.43749999999999994,0.4230769230769231,7,7,0.6,0.4,0.0,1.8,1.4,1.2,1.2,-0.5512012000000004,0.9105266,-1.4617278000000002,-0.5512012000000004,0.9105266,1.9214956,1.7490130000000002,1.7884512000000001,1.4797923999999998,-1015800.0,0.26920863309352516
2026-03-01,Man United,Crystal Palace,2.0,1.0,2.34609,0.384699,9,6,13,4,2.0,1.2,1.0,1.4,13.2,13.8,5.0,4.0,3.2,6.0,-2.8,1.4,3.0,-1.6,H,114.03070415134904,-0.6000000000000014,1.0,0.4,0.3,6,7,0.4444444444444444,0.3333333333333333,0.2222222222222222,1.8,0.6,0.8,1.8,0.24697419999999992,0.3951078000000001,-0.1481336000000002,0.24697419999999992,0.3951078000000001,1.8312062,1.3073848000000001,1.0096437999999999,1.8413124,72100.0,1.1026334519572953
2026-03-01,Arsenal,Chelsea,2.0,1.0,1.71598,1.35268,5,0,10,8,2.8,2.4,0.8,1.4,13.4,14.0,5.2,4.8,5.8,6.2,-0.40000000000000036,1.2,2.4,-1.2,H,130.78144235532727,-0.5999999999999996,0.40000000000000036,0.5384615384615384,0.5,7,8,0.3333333333333333,0.3333333333333333,0.3333333333333333,2.2,1.0,2.0,1.4,1.5751583999999998,1.5359699999999994,0.039188400000000456,1.5751583999999998,1.5359699999999994,2.0552964,2.473076,1.0077566,1.70018,180000.0,1.1565217391304348
2026-03-01,Brighton,Nott'm Forest,2.0,1.0,1.20107,0.83055,3,-1,6,6,0.8,0.8,1.0,1.0,10.2,17.0,3.8,4.2,4.6,7.0,-2.4000000000000004,1.6,0.8,0.8,H,90.88725929999714,-6.800000000000001,-0.40000000000000036,0.2105263157894737,0.19047619047619047,8,7,0.42857142857142855,0.2857142857142857,0.2857142857142857,0.8,0.6,1.2,1.6,0.07148840000000001,-0.23477539999999975,0.30626379999999975,0.07148840000000001,-0.23477539999999975,1.1105594,1.1403412000000002,1.094405,2.05169,-13680.0,0.9785808229473288
2026-03-01,Fulham,Tottenham,2.0,1.0,2.3207,0.952091,5,4,10,5,1.6,1.2,2.0,2.4,13.0,11.8,4.0,5.0,5.4,2.0,3.4000000000000004,1.0,2.0,-1.0,H,124.24880701082408,1.1999999999999993,-1.0,0.4,0.24,7,7,0.5714285714285714,0.2857142857142857,0.14285714285714285,1.6,1.2,1.0,1.4,-0.1685159999999999,-0.9566864000000004,0.7881704000000005,-0.1685159999999999,-0.9566864000000004,1.3417363999999998,1.2579022000000002,1.6980932,1.2781449999999999,-437200.0,0.46250307351856407
2026-03-03,Bournemouth,Brentford,0.0,0.0,2.3177,0.673328,-3,-1,8,12,1.2,1.8,0.6,1.6,14.2,11.6,5.4,4.0,6.2,4.8,1.4000000000000004,2.4,2.2,0.19999999999999973,D,-9.73722468537585,2.5999999999999996,1.4000000000000004,0.2222222222222222,0.45,3,3,0.42857142857142855,0.2857142857142857,0.2857142857142857,2.0,1.8,2.4,1.8,-0.26547300000000007,-0.10836760000000023,-0.15710539999999984,-0.26547300000000007,-0.10836760000000023,1.8207052000000001,1.7876172000000001,1.1137602000000002,1.7853548,177400.0,1.352277691727233
2026-03-03,Everton,Burnley,2.0,0.0,1.15845,0.762229,11,3,2,5,1.4,1.4,1.4,2.4,12.0,11.0,4.4,3.0,5.4,3.6,1.8000000000000003,2.6,2.4,0.20000000000000018,H,210.43766892496888,1.0,1.4000000000000004,0.3181818181818181,0.4666666666666666,3,3,0.6,0.2,0.2,1.0,1.8,1.0,1.8,0.17064279999999998,-1.1194463999999997,1.2900891999999997,0.17064279999999998,-1.1194463999999997,1.28417,0.5263432000000001,1.6616959999999998,2.298318,223250.0,1.9459745762711864
2026-03-03,Leeds,Sunderland,0.0,1.0,0.888232,0.843856,-3,1,7,2,1.2,1.0,1.8,1.6,9.8,10.0,2.8,3.2,3.4,3.0,0.3999999999999999,2.0,1.4,0.6000000000000001,A,-8.774317360189116,-0.1999999999999993,-0.40000000000000036,0.4285714285714286,0.3125,3,3,0.0,0.0,1.0,1.0,1.4,0.6,2.2,-0.926558,-0.5092223999999999,-0.41733560000000014,-0.926558,-0.5092223999999999,1.6155716000000002,0.8387708,1.9760031999999998,2.096712,-72480.0,0.8377361869794931
2026-03-03,Wolves,Liverpool,2.0,1.0,0.636033,2.17217,-15,-7,5,8,1.0,2.4,1.2,1.0,8.8,16.6,3.4,5.0,1.8,7.0,-5.2,1.8,1.0,0.8,H,-201.26670582524295,-7.800000000000001,-1.6,0.29411764705882354,0.48,4,3,0.6666666666666666,0.3333333333333333,0.0,1.0,1.4,1.2,1.0,-1.5867543999999996,1.2528717999999999,-2.8396261999999997,-1.5867543999999996,1.2528717999999999,1.057659,1.6905673999999997,1.8981426,1.2508632,-590650.0,0.3976032636409995
2026-03-04,Aston Villa,Chelsea,1.0,4.0,1.06854,3.38883,2,-3,7,7,0.6,2.0,1.0,1.6,15.8,13.8,3.8,4.2,7.0,7.2,-0.20000000000000018,1.4,2.6,-1.2000000000000002,A,-7.627955172973543,2.0,-0.40000000000000036,0.15789473684210525,0.47619047619047616,5,3,0.3333333333333333,0.5555555555555556,0.1111111111111111,1.0,0.8,1.8,1.4,0.10690439999999968,1.329262,-1.2223576000000003,0.10690439999999968,1.329262,1.2637922,2.538392,0.7437662000000002,1.4676500000000001,-536020.0,0.533895652173913
2026-03-04,Brighton,Arsenal,0.0,1.0,0.919228,0.514803,-11,-4,8,9,1.0,2.4,0.8,1.0,10.4,13.0,4.2,4.6,4.2,4.4,-0.20000000000000018,2.0,1.2,0.8,A,-195.94736257977752,-2.5999999999999996,-0.39999999999999947,0.23809523809523808,0.5217391304347826,3,3,0.2222222222222222,0.4444444444444444,0.3333333333333333,1.2,0.8,2.2,0.8,-0.017225599999999952,0.9747064,-0.9919319999999999,-0.017225599999999952,0.9747064,1.166919,2.503774,0.9984270000000001,0.5730228,-705000.0,0.4699248120300752
2026-03-04,Fulham,West Ham,0.0,1.0,0.628123,1.49528,8,1,10,6,1.6,1.4,2.0,1.8,14.2,11.0,4.0,4.0,5.2,4.8,0.40000000000000036,1.4,1.4,0.0,A,57.13674383039893,3.1999999999999993,0.0,0.4,0.35,3,4,0.42857142857142855,0.42857142857142855,0.14285714285714285,1.8,1.4,1.6,2.4,0.26802380000000037,-0.0028455999999998927,0.27086940000000026,0.26802380000000037,-0.0028455999999998927,1.4647404,1.4406276000000002,1.7912522,2.099866,-93530.0,0.8008856151406127
2026-03-04,Man City,Nott'm Forest,2.0,2.0,2.72655,1.23642,16,11,11,6,2.0,0.6,0.8,1.4,14.8,18.2,5.4,4.6,4.0,6.8,-2.8,3.0,1.0,2.0,D,234.59144082247823,-3.3999999999999986,0.8000000000000007,0.37037037037037035,0.13043478260869565,4,3,0.5714285714285714,0.2857142857142857,0.14285714285714285,1.8,0.6,1.4,1.8,1.0240032,-0.18596939999999984,1.2099725999999997,1.0240032,-0.18596939999999984,1.791726,1.209192,1.0944694,1.950768,751320.0,2.1763637502348594
2026-03-04,Newcastle,Man United,2.0,1.0,1.96637,1.80571,-10,-10,6,9,1.6,1.8,2.6,0.8,15.0,15.2,5.0,6.6,8.8,4.2,4.6000000000000005,2.8,1.8,0.9999999999999998,H,-55.94467874138945,-0.1999999999999993,-1.5999999999999996,0.32,0.27272727272727276,4,3,0.6666666666666666,0.1111111111111111,0.2222222222222222,2.0,2.2,1.6,1.2,-0.6740834000000002,0.795894,-1.4699774000000003,-0.6740834000000002,0.795894,2.3115639999999997,1.4608118,1.8020780000000003,0.9164684000000001,-76900.0,0.9007229537825975
2026-03-05,Tottenham,Crystal Palace,1.0,3.0,1.29615,1.91515,-2,-6,2,4,1.0,1.2,2.4,1.2,10.8,12.8,3.0,3.2,3.0,5.4,-2.4000000000000004,2.6,3.0,-0.3999999999999999,A,-111.97936043249229,-2.0,-0.20000000000000018,0.3333333333333333,0.37499999999999994,4,4,0.5555555555555556,0.4444444444444444,0.0,1.2,2.2,0.8,1.4,-1.4388262,0.13687760000000027,-1.5757038000000003,-1.4388262,0.13687760000000027,1.3280628,1.0782086,2.2116301999999997,1.7289583999999998,110900.0,1.157864768683274
2026-03-14,West Ham,Man City,1.0,1.0,0.488982,1.9546,-16,-5,6,8,1.2,2.0,1.2,0.8,10.6,16.0,3.4,6.2,5.2,4.4,0.7999999999999998,1.8,2.4,-0.5999999999999999,D,-224.69447329415675,-5.4,-2.8000000000000003,0.35294117647058826,0.3225806451612903,10,10,0.5555555555555556,0.3333333333333333,0.1111111111111111,1.4,1.2,1.0,1.0,0.35768179999999994,1.2142772000000002,-0.8565954000000002,0.35768179999999994,1.2142772000000002,1.970348,1.949745,1.2656611999999998,1.6354122,-920270.0,0.33793525179856115
2026-03-14,Chelsea,Newcastle,0.0,1.0,1.72508,1.03251,7,2,9,7,2.2,1.8,1.4,2.0,14.0,15.8,4.6,5.6,7.0,7.0,0.0,2.4,2.6,-0.20000000000000018,A,38.044301110128345,-1.8000000000000007,-1.0,0.47826086956521746,0.32142857142857145,10,10,0.6666666666666666,0.1111111111111111,0.2222222222222222,2.0,1.4,1.4,1.6,1.6062239999999999,-0.07886919999999997,1.6850931999999998,1.6062239999999999,-0.07886919999999997,2.4688000000000003,1.3135952,1.798902,1.7462372,452300.0,1.6482728966604558
2026-03-14,Sunderland,Brighton,0.0,1.0,0.659083,1.12832,2,-2,7,5,0.6,0.8,1.6,0.8,7.8,10.4,2.4,4.4,3.2,4.0,-0.7999999999999998,1.8,2.6,-0.8,A,-95.45166055850495,-2.6000000000000005,-2.0000000000000004,0.25,0.18181818181818182,11,10,0.0,0.0,1.0,1.2,1.0,1.2,1.2,-0.8701233999999998,0.03426140000000011,-0.9043847999999999,-0.8701233999999998,0.03426140000000011,1.4298689999999998,1.6441232,1.7938422000000003,1.7268556,-178320.0,0.714688
2026-03-14,Burnley,Bournemouth,0.0,0.0,1.67695,2.36979,-8,-3,2,9,1.4,0.8,2.2,0.6,11.0,15.0,3.4,5.0,3.8,5.8,-2.0,1.8,2.2,-0.40000000000000013,D,-193.678848289474,-4.0,-1.6,0.4117647058823529,0.16,11,11,0.3333333333333333,0.3333333333333333,0.3333333333333333,1.6,2.6,1.4,0.8,-0.8466647999999999,0.1658754,-1.0125402,-0.8466647999999999,0.1658754,1.1728648,1.7429562,2.2353080000000003,2.0215014,-444980.0,0.3465593703192458
2026-03-14,Arsenal,Everton,2.0,0.0,1.90855,1.17847,7,2,10,13,2.0,1.6,1.0,1.2,11.2,13.4,4.0,4.6,4.0,6.2,-2.2,1.2,2.2,-1.0000000000000002,H,197.93906768445072,-2.200000000000001,-0.5999999999999996,0.5,0.3478260869565218,10,11,0.5555555555555556,0.2222222222222222,0.2222222222222222,2.2,1.0,1.8,0.8,0.7404644,0.2792850000000002,0.4611793999999998,0.7404644,0.2792850000000002,1.8898564,1.6034918,1.1362798,1.4816486000000002,870750.0,2.896026129559064
2026-03-15,Crystal Palace,Leeds,0.0,0.0,0.525205,1.13558,1,4,5,4,1.6,1.2,1.2,1.2,11.8,12.8,3.4,3.4,4.6,4.4,0.1999999999999993,2.8,2.0,0.7999999999999998,D,45.26316690474778,-1.0,0.0,0.4705882352941177,0.35294117647058826,10,12,0.6,0.2,0.2,1.0,1.4,1.4,1.6,0.1285284000000002,-0.2445708000000002,0.3730992000000004,0.1285284000000002,-0.2445708000000002,2.0519260000000004,1.3514340000000002,1.8562846,1.8938692000000004,328300.0,1.8773383217530732
2026-03-15,Man United,Aston Villa,3.0,1.0,1.67823,1.21071,1,5,13,5,1.4,0.8,0.8,1.6,15.4,12.2,6.4,3.6,4.4,5.2,-0.7999999999999998,2.0,2.0,0.0,H,19.78644109584684,3.200000000000001,2.8000000000000003,0.21874999999999997,0.22222222222222224,11,11,0.5555555555555556,0.2222222222222222,0.2222222222222222,2.0,0.8,0.8,1.4,0.739034,-0.7248024000000001,1.4638364,0.739034,-0.7248024000000001,2.1122620000000003,1.6586611999999998,0.8605876,2.205482,160620.0,1.2616046125280953
2026-03-15,Nott'm Forest,Fulham,0.0,0.0,0.821011,0.933988,-6,-4,3,4,0.8,1.2,1.6,1.6,18.2,14.0,5.2,3.8,6.0,5.2,0.7999999999999998,1.6,1.6,0.0,D,-43.28179066332518,4.199999999999999,1.4000000000000004,0.15384615384615385,0.3157894736842105,11,11,0.7142857142857143,0.2857142857142857,0.0,0.2,0.8,1.2,1.8,-0.3518462000000002,0.11932039999999988,-0.4711666000000001,-0.3518462000000002,0.11932039999999988,1.5371786,1.3905812,1.8019558,1.9608359999999998,262480.0,1.6977139819245082
2026-03-15,Liverpool,Tottenham,1.0,1.0,1.30076,1.15636,10,9,8,2,1.8,0.8,1.2,2.6,17.0,10.8,5.0,2.6,7.8,3.6,4.199999999999999,1.0,2.6,-1.6,D,195.4674341048085,6.199999999999999,2.4,0.36,0.3076923076923077,12,10,0.4444444444444444,0.3333333333333333,0.2222222222222222,2.2,1.2,1.0,1.8,0.9970169999999996,-1.4548742,2.4518911999999995,0.9970169999999996,-1.4548742,2.326884,1.2741668000000002,0.951422,1.5563488,167100.0,1.2054339808212442
2026-03-16,Brentford,Wolves,2.0,2.0,2.7966,1.80044,13,0,5,3,1.6,1.2,1.6,0.8,11.4,7.4,4.0,3.4,5.2,1.6,3.6,1.8,2.0,-0.19999999999999996,D,140.73354235881288,4.0,0.6000000000000001,0.4,0.35294117647058826,13,13,0.2222222222222222,0.5555555555555556,0.2222222222222222,0.8,1.0,0.4,1.0,-0.06959320000000013,-1.3641697999999995,1.2945765999999994,-0.06959320000000013,-1.3641697999999995,1.9846328,0.9116523999999998,1.1321078,1.9116400000000002,113730.0,1.291727587533667
2026-03-20,Bournemouth,Man United,2.0,2.0,1.76664,1.74574,-7,-3,9,8,0.6,1.6,0.4,1.0,15.4,14.0,3.8,5.6,5.2,4.2,1.0,2.0,2.4,-0.3999999999999999,D,-57.19647658160466,1.4000000000000004,-1.7999999999999998,0.15789473684210525,0.28571428571428575,6,5,0.14285714285714285,0.42857142857142855,0.42857142857142855,1.6,1.2,1.6,1.4,0.06845060000000025,0.5180667999999999,-0.4496161999999997,0.06845060000000025,0.5180667999999999,2.0946759999999998,1.4323918,0.9924258,1.1157148,-93620.0,0.8791376194164731
2026-03-21,Leeds,Brentford,0.0,0.0,0.417296,0.302221,-8,-3,6,10,0.6,1.4,1.0,1.6,12.0,11.2,3.0,3.6,4.0,4.8,-0.7999999999999998,2.0,1.8,0.19999999999999996,D,-86.13073068741824,0.8000000000000007,-0.6000000000000001,0.19999999999999998,0.38888888888888884,6,5,0.2,0.2,0.6,0.8,1.4,1.6,1.4,-0.4666937999999998,0.46389479999999983,-0.9305885999999997,-0.4666937999999998,0.46389479999999983,1.5991904,1.3119248000000001,1.7552124,2.0477628,-129380.0,0.743079550419
2026-03-21,Everton,Chelsea,3.0,0.0,1.44532,1.35143,-2,1,5,9,1.2,1.6,1.4,1.4,12.0,15.4,4.6,4.0,5.6,7.8,-2.2,1.2,2.6,-1.4000000000000001,H,-11.746910438201894,-3.4000000000000004,0.5999999999999996,0.2608695652173913,0.4,7,7,0.5555555555555556,0.1111111111111111,0.3333333333333333,1.0,1.0,2.4,1.4,0.19596500000000017,1.2149259999999997,-1.0189609999999996,0.19596500000000017,1.2149259999999997,1.3147280000000001,2.808706,1.2037837999999998,1.47526,-690750.0,0.3993478260869565
2026-03-21,Brighton,Liverpool,2.0,1.0,3.42956,0.956801,-7,-1,5,7,1.0,1.8,0.6,1.0,11.4,17.4,4.8,5.0,4.0,7.4,-3.4000000000000004,2.8,0.6,2.1999999999999997,H,-14.01753772199504,-5.999999999999998,-0.20000000000000018,0.20833333333333334,0.36,7,6,0.5555555555555556,0.1111111111111111,0.3333333333333333,0.8,1.0,1.0,1.0,0.16622999999999988,1.2555450000000001,-1.0893150000000003,0.16622999999999988,1.2555450000000001,1.0564246000000002,1.7812414,1.0504774,1.2562334,-355500.0,0.6374298827129016
2026-03-21,Fulham,Burnley,3.0,1.0,3.48438,1.92556,7,2,9,5,1.0,1.4,1.2,1.8,12.4,10.4,3.2,2.8,4.8,3.8,1.0,2.0,1.4,0.6000000000000001,H,178.28336202404512,2.0,0.40000000000000036,0.3125,0.5,6,7,0.0,0.6666666666666666,0.3333333333333333,1.4,1.2,1.0,1.8,0.07921979999999995,-1.1300607999999999,1.2092805999999998,0.07921979999999995,-1.1300607999999999,1.4685286000000002,0.6278788000000001,1.7465481999999999,2.235668,140200.0,1.5940677966101695
2026-03-22,Newcastle,Sunderland,1.0,2.0,1.26705,2.66657,2,5,6,4,1.6,0.6,1.4,1.2,14.0,9.6,5.8,2.6,5.4,4.2,1.2000000000000002,2.6,1.6,1.0,A,58.19084832908948,4.4,3.1999999999999997,0.27586206896551724,0.23076923076923075,8,8,1.0,0.0,0.0,2.0,2.4,0.6,2.0,-0.5516391999999999,-0.8106138,0.25897460000000017,-0.5516391999999999,-0.8106138,2.15931,0.9140457999999999,1.9075700000000002,1.9908584,251020.0,1.5619682994537476
2026-03-22,Aston Villa,West Ham,2.0,0.0,2.48528,0.760054,14,-2,4,9,0.8,1.0,2.0,1.4,12.6,9.6,3.2,2.8,5.6,5.0,0.5999999999999996,2.2,2.0,0.20000000000000018,H,143.22079033351406,3.0,0.40000000000000036,0.25,0.35714285714285715,7,8,0.2222222222222222,0.4444444444444444,0.3333333333333333,0.6,1.4,1.8,1.8,-0.5823136,0.20938619999999997,-0.7916998,-0.5823136,0.20938619999999997,1.1915242,1.692548,1.2418922000000001,1.7776406000000002,144250.0,1.3070913077725501
2026-03-22,Tottenham,Nott'm Forest,0.0,3.0,1.6189,1.54408,1,-2,1,7,1.0,0.6,2.4,1.0,12.0,17.2,3.8,4.4,4.4,5.0,-0.5999999999999996,2.2,1.8,0.40000000000000013,A,-88.06714719519755,-5.199999999999999,-0.6000000000000005,0.2631578947368421,0.13636363636363635,7,7,0.5714285714285714,0.42857142857142855,0.0,1.2,2.6,1.6,1.6,-1.1692830000000003,-0.03024360000000037,-1.1390394,-1.1692830000000003,-0.03024360000000037,1.3037927999999999,1.2768359999999999,2.5011639999999997,2.210102,174720.0,1.2735642262165716
2026-04-10,West Ham,Wolves,4.0,0.0,2.54379,0.571967,2,-3,6,3,0.8,1.6,1.6,1.2,10.0,8.6,2.4,3.6,5.2,2.2,3.0,2.0,2.4,-0.3999999999999999,H,67.88386749741471,1.4000000000000004,-1.2000000000000002,0.33333333333333337,0.4444444444444445,19,25,0.8888888888888888,0.1111111111111111,0.0,1.2,1.0,0.6,1.2,-0.2499975999999997,-0.9066055999999998,0.6566080000000001,-0.2499975999999997,-0.9066055999999998,1.6128564,1.0281723999999999,1.0387532,2.244348,79880.0,1.2048993202513787
2026-04-11,Liverpool,Fulham,2.0,0.0,2.01499,1.42024,4,-3,8,4,1.8,1.6,1.4,0.8,15.2,14.0,5.4,3.8,6.8,5.2,1.5999999999999996,1.6,2.2,-0.6000000000000001,H,89.32399676443356,1.1999999999999993,1.6000000000000005,0.3333333333333333,0.4210526315789474,21,21,0.42857142857142855,0.14285714285714285,0.42857142857142855,2.4,1.4,1.0,1.6,0.2834079999999999,0.5158618000000004,-0.2324538000000005,0.2834079999999999,0.5158618000000004,2.25137,1.2265108000000002,1.150822,1.6543461999999998,604300.0,2.6063264221158957
2026-04-11,Arsenal,Bournemouth,1.0,2.0,3.16346,1.39461,12,8,10,9,2.2,0.6,0.8,0.6,14.8,16.4,5.0,4.0,4.8,6.0,-1.2000000000000002,0.8,1.8,-1.0,A,146.54629848925902,-1.5999999999999979,1.0,0.44000000000000006,0.15,28,22,0.42857142857142855,0.5714285714285714,0.0,1.8,0.8,1.0,0.4,1.0919523999999998,0.2564386000000003,0.8355137999999995,1.0919523999999998,0.2564386000000003,1.3888964000000001,1.5186302,0.7835838,1.8903033999999999,649020.0,1.9530676378160885
2026-04-11,Brentford,Everton,2.0,2.0,2.26302,1.57033,1,-3,5,10,1.2,1.6,1.4,1.0,10.0,10.8,3.4,5.2,4.0,4.8,-0.7999999999999998,1.2,1.0,0.19999999999999996,D,-9.490916115711116,-0.8000000000000007,-1.8000000000000003,0.35294117647058826,0.3076923076923077,21,21,0.3333333333333333,0.3333333333333333,0.3333333333333333,1.2,1.4,1.4,1.2,0.23540779999999972,0.030934999999999935,0.2044727999999998,0.23540779999999972,0.030934999999999935,2.4326920000000003,1.5001358000000002,1.370534,1.5124686,44330.0,1.0965269461077845
2026-04-11,Burnley,Brighton,0.0,2.0,0.812029,1.07182,-8,-10,3,7,1.0,1.4,2.0,0.6,10.6,12.8,3.2,5.6,4.6,3.8,0.7999999999999998,1.6,3.2,-1.6,A,-240.94942360504183,-2.200000000000001,-2.3999999999999995,0.3125,0.25,21,21,0.2,0.4,0.4,1.4,2.0,1.0,0.8,-1.1545594000000001,0.6797481999999999,-1.8343076,-1.1545594000000001,0.6797481999999999,1.2431528,1.2519592000000002,2.21077,1.4033842,-389000.0,0.3776
2026-04-12,Sunderland,Tottenham,1.0,0.0,1.77584,1.01598,6,6,6,2,1.0,0.8,1.2,2.6,10.8,11.6,3.6,4.0,4.6,6.6,-2.0,2.6,1.8,0.8,H,107.49522589635694,-0.7999999999999989,-0.3999999999999999,0.2777777777777778,0.2,21,21,0.0,0.0,1.0,1.2,1.2,1.2,2.0,-0.053124599999999855,-0.9981869999999997,0.9450623999999999,-0.053124599999999855,-0.9981869999999997,1.3692574,1.383777,1.5310122,1.7052399999999999,-366720.0,0.5491517088763216
2026-04-12,Chelsea,Man City,0.0,3.0,1.22108,2.40839,-4,-7,8,8,1.2,1.8,1.6,0.8,14.0,17.4,4.0,6.0,8.8,6.6,2.200000000000001,2.2,2.0,0.20000000000000018,A,-137.808114410773,-3.3999999999999986,-2.0,0.3,0.3,22,29,0.3333333333333333,0.3333333333333333,0.3333333333333333,1.6,1.2,1.2,1.2,0.8116920000000001,1.2777528,-0.46606079999999994,0.8116920000000001,1.2777528,2.347228,1.8521709999999998,1.30712,1.5407803999999998,-240000.0,0.8273381294964028
2026-04-12,Crystal Palace,Newcastle,2.0,1.0,3.13933,1.27299,-1,1,5,7,1.4,1.4,1.2,1.6,12.8,13.0,2.6,5.6,5.4,4.8,0.6000000000000005,2.6,2.4,0.20000000000000018,H,7.447495554380339,-0.1999999999999993,-2.9999999999999996,0.5384615384615384,0.25,28,21,0.5555555555555556,0.0,0.4444444444444444,0.8,1.2,1.0,1.4,-0.03166779999999991,-0.9876751999999995,0.9560073999999996,-0.03166779999999991,-0.9876751999999995,1.6862749999999997,1.0216012,1.7325325999999996,1.8261512,4800.0,1.0068797477425828
2026-04-12,Nott'm Forest,Aston Villa,1.0,1.0,0.85045,1.36297,-12,1,4,5,1.2,1.0,1.0,2.0,11.8,14.2,3.8,4.4,4.0,5.4,-1.4000000000000004,2.2,1.8,0.40000000000000013,D,-107.02858240371027,-2.3999999999999986,-0.6000000000000005,0.3157894736842105,0.22727272727272727,21,21,0.8571428571428571,0.0,0.14285714285714285,0.2,0.4,0.8,1.2,-0.7020038,-0.2562348000000001,-0.44576899999999986,-0.7020038,-0.2562348000000001,1.3504908,1.3124132,1.6497034,1.6584580000000002,24700.0,1.0402293234307307
2026-04-13,Man United,Leeds,1.0,2.0,1.36555,2.95118,12,7,15,4,1.8,0.2,1.2,0.6,15.0,14.0,6.0,3.4,5.2,5.0,0.20000000000000018,2.6,1.6,1.0,A,94.5606899713132,1.0,2.6,0.3,0.05882352941176471,24,23,0.2,0.4,0.4,2.4,0.8,1.4,1.6,0.6282254000000005,-0.05922279999999991,0.6874482000000004,0.6282254000000005,-0.05922279999999991,2.2212959999999997,1.546678,0.8591616,1.6632442,400400.0,2.070016034206307
2026-04-18,Brentford,Fulham,0.0,0.0,2.33552,0.790707,5,0,3,4,1.6,1.0,1.4,1.0,10.8,15.4,3.6,3.8,3.2,6.2,-3.0,1.0,2.0,-1.0,D,41.43311587218932,-4.6,-0.19999999999999973,0.4444444444444445,0.2631578947368421,7,7,0.5714285714285714,0.2857142857142857,0.14285714285714285,1.0,1.8,1.0,1.8,0.31030579999999963,0.3156998,-0.005394000000000343,0.31030579999999963,0.3156998,2.113104,1.4587996,1.383312,1.6235482,127380.0,1.3385964912280701
2026-04-18,Leeds,Wolves,3.0,0.0,3.55804,0.568627,5,-2,4,2,0.4,1.2,0.6,1.6,14.2,10.4,3.8,3.8,5.4,2.4,3.0000000000000004,1.2,2.4,-1.2,H,110.7904675646746,3.799999999999999,0.0,0.10526315789473685,0.3157894736842105,5,8,0.2,0.6,0.2,0.6,1.4,0.4,1.8,0.25307119999999994,-0.9335579999999999,1.1866291999999998,0.25307119999999994,-0.9335579999999999,1.2488536,0.9999077999999999,1.7638973999999998,2.426464,-15650.0,0.9598563550083365
2026-04-18,Newcastle,Bournemouth,1.0,2.0,1.61167,3.36662,-3,-1,3,11,1.4,1.0,1.6,0.8,11.8,16.0,4.8,3.6,4.6,5.2,-0.6000000000000005,2.0,2.2,-0.20000000000000018,A,-81.8236161345585,-4.199999999999999,1.1999999999999997,0.2916666666666667,0.2777777777777778,6,7,0.14285714285714285,0.14285714285714285,0.7142857142857143,1.4,2.2,1.2,0.4,-1.0172379999999996,0.26694640000000014,-1.2841843999999998,-1.0172379999999996,0.26694640000000014,1.9257300000000002,1.4580781999999999,1.9702479999999998,2.3238399999999997,16720.0,1.0245528503039736
2026-04-18,Tottenham,Brighton,2.0,2.0,1.56052,1.1373,-8,-11,1,9,0.6,1.4,2.0,0.6,12.6,13.2,4.4,5.4,7.4,3.4,4.0,2.0,3.0,-1.0,D,-179.06720047977387,-0.5999999999999996,-1.0,0.13636363636363635,0.25925925925925924,6,7,0.4444444444444444,0.4444444444444444,0.1111111111111111,1.0,2.8,1.2,0.6,-0.5634097999999998,0.7953464,-1.3587561999999997,-0.5634097999999998,0.7953464,1.2969887999999998,1.1999992,2.256458,0.973982,188400.0,1.30144
2026-04-18,Chelsea,Man United,0.0,1.0,1.28109,0.436043,-3,-4,5,8,1.0,1.8,2.0,1.6,14.0,16.8,4.2,7.2,7.8,7.2,0.5999999999999996,2.4,2.6,-0.20000000000000018,A,-49.379721511470734,-2.8000000000000007,-3.0,0.23809523809523808,0.25,6,5,0.5555555555555556,0.0,0.4444444444444444,1.2,1.8,1.6,1.4,0.27367200000000014,0.13234420000000036,0.14132779999999978,0.27367200000000014,0.13234420000000036,2.2669179999999995,1.2765638,1.493756,1.4051008,375400.0,1.4846372321198038
2026-04-19,Aston Villa,Sunderland,4.0,3.0,3.90223,1.56008,7,-6,7,7,1.0,1.0,2.0,0.6,13.4,11.0,4.6,3.6,4.6,3.8,0.7999999999999998,2.0,3.0,-1.0,H,127.6692886921769,2.4000000000000004,0.9999999999999996,0.2173913043478261,0.2777777777777778,7,7,0.0,0.0,1.0,1.0,1.2,1.0,1.6,-0.14889880000000022,0.18005939999999998,-0.3289582000000002,-0.14889880000000022,0.18005939999999998,1.5075016,1.1460718,1.2447312,1.4720764,167300.0,1.3745410584758664
2026-04-19,Everton,Liverpool,1.0,2.0,1.4784,1.38333,-5,3,7,6,2.0,2.0,1.2,1.4,11.2,16.8,5.8,5.6,3.4,7.6,-4.199999999999999,1.0,1.6,-0.6000000000000001,A,-63.0811877328465,-5.600000000000001,0.20000000000000018,0.3448275862068966,0.35714285714285715,8,8,0.6666666666666666,0.1111111111111111,0.2222222222222222,1.4,0.8,1.2,1.4,0.0711522,0.11004360000000024,-0.03889140000000024,0.0711522,0.11004360000000024,1.2771500000000002,1.9088732,1.3314118000000001,1.8017790000000002,-521250.0,0.4683834778174401
2026-04-19,Nott'm Forest,Burnley,4.0,1.0,1.4425,0.601418,3,5,4,4,1.4,0.8,1.0,2.2,11.2,10.2,4.2,3.4,4.0,5.2,-1.2000000000000002,2.2,1.6,0.6000000000000001,H,169.99824542525084,1.0,0.8000000000000003,0.3333333333333333,0.23529411764705885,7,8,0.0,0.3333333333333333,0.6666666666666666,0.4,0.6,1.0,2.2,-0.5121933999999999,-0.9059596000000001,0.3937662000000002,-0.5121933999999999,-0.9059596000000001,1.4568846,0.9035966,1.3496514,2.234454,402680.0,2.706271186440678
2026-04-19,Man City,Arsenal,2.0,1.0,2.61528,2.28964,-1,-1,11,11,1.8,2.0,0.8,0.8,18.4,15.8,6.6,4.8,8.2,6.2,1.9999999999999991,1.6,0.8,0.8,H,16.666941601379904,2.599999999999998,1.7999999999999998,0.27272727272727276,0.4166666666666667,7,8,0.4444444444444444,0.2222222222222222,0.3333333333333333,2.0,0.8,2.4,0.8,1.3903368,1.0783101999999998,0.31202660000000026,1.3903368,1.0783101999999998,2.130938,2.0340886,0.9343014000000001,0.6931722,60000.0,1.0451127819548873
2026-04-20,Crystal Palace,West Ham,0.0,0.0,0.733442,0.622445,4,3,7,6,1.4,1.6,0.8,1.6,10.8,9.6,3.0,3.2,4.2,4.4,-0.20000000000000018,2.2,2.2,0.0,D,49.89071916989246,1.200000000000001,-0.20000000000000018,0.4666666666666666,0.5,8,10,0.2222222222222222,0.5555555555555556,0.2222222222222222,1.2,1.4,1.4,2.0,0.054334799999999905,-0.21991080000000007,0.2742456,0.054334799999999905,-0.21991080000000007,2.049131,1.2910368,1.5731005999999998,1.9441126,232770.0,1.4955399910586933
2026-04-21,Brighton,Chelsea,3.0,0.0,2.51784,0.297865,-3,7,7,9,1.4,0.8,0.8,1.8,12.4,16.4,4.6,4.2,3.6,7.2,-3.6,2.6,2.0,0.6000000000000001,H,49.67333826443314,-3.9999999999999982,0.39999999999999947,0.30434782608695654,0.19047619047619047,3,3,0.4444444444444444,0.3333333333333333,0.2222222222222222,1.0,1.0,2.2,1.6,0.6365984,0.5153413999999998,0.12125700000000017,0.6365984,0.5153413999999998,1.5431812,2.588778,0.9023635999999999,1.552298,-525000.0,0.5434782608695652
2026-04-22,Bournemouth,Leeds,2.0,2.0,1.91355,1.21601,6,1,7,7,1.2,1.0,0.8,0.4,14.2,14.8,3.2,4.6,4.4,5.4,-1.0,2.2,1.6,0.6000000000000001,D,77.29837667502716,-0.6000000000000014,-1.3999999999999995,0.37499999999999994,0.2173913043478261,4,4,0.6666666666666666,0.0,0.3333333333333333,1.4,1.2,1.2,1.0,0.4688424000000002,1.0689737999999995,-0.6001313999999993,0.4688424000000002,1.0689737999999995,2.209976,1.6662780000000001,1.0163538,1.4493642,306780.0,1.819828968466061
2026-04-22,Burnley,Man City,0.0,1.0,0.973776,3.40888,-17,-10,2,11,0.4,1.8,2.2,0.8,8.6,18.4,3.4,6.2,5.2,8.8,-3.6000000000000005,1.6,1.6,0.0,A,-398.53502658453294,-9.799999999999999,-2.8000000000000003,0.11764705882352942,0.2903225806451613,3,3,0.6,0.4,0.0,1.0,2.0,1.8,0.8,-0.7497507999999999,1.1117596,-1.8615104,-0.7497507999999999,1.1117596,1.3416166,2.2564459999999995,1.920158,1.1704404,-1154000.0,0.1697841726618705
2026-04-24,Sunderland,Nott'm Forest,0.0,5.0,0.614323,1.54208,5,0,6,7,1.4,2.0,1.2,0.8,11.4,10.6,4.2,4.2,4.2,4.0,0.20000000000000018,3.2,2.0,1.2000000000000002,A,-49.0575880138515,0.8000000000000007,0.0,0.3333333333333333,0.47619047619047616,5,5,0.0,1.0,0.0,1.0,1.0,1.8,1.4,-0.13927660000000008,-0.2698729999999998,0.13059639999999972,-0.13927660000000008,-0.2698729999999998,1.3552233999999999,1.3322860000000003,1.5038702000000002,2.1864879999999998,-192000.0,0.6993799711905806
2026-04-25,Fulham,Aston Villa,1.0,0.0,1.24069,0.906156,-8,-2,9,5,0.6,1.8,0.8,2.2,14.0,13.6,3.0,5.0,5.8,4.4,1.3999999999999995,1.6,1.6,0.0,H,-54.80966051847713,0.40000000000000036,-2.0,0.19999999999999998,0.36,7,6,0.7142857142857143,0.2857142857142857,0.0,1.6,1.2,1.0,1.4,-0.26698460000000024,0.3584172000000003,-0.6254018000000006,-0.26698460000000024,0.3584172000000003,1.9533786,1.1709772,1.6414462,1.5635379999999999,-237780.0,0.612723541483436
2026-04-25,Liverpool,Crystal Palace,3.0,1.0,1.45071,2.19912,8,-1,10,7,1.4,1.2,1.2,0.8,16.0,9.8,5.4,2.6,6.8,3.6,3.1999999999999997,1.2,1.6,-0.40000000000000013,H,112.98708194165532,6.199999999999999,2.8000000000000003,0.25925925925925924,0.4615384615384615,6,5,0.2222222222222222,0.4444444444444444,0.3333333333333333,2.6,1.2,1.4,1.2,-0.058508399999999794,0.004914200000000202,-0.0634226,-0.058508399999999794,0.004914200000000202,1.956278,1.2055886,1.3254758,1.4426603999999998,278000.0,1.3957295373665481
2026-04-25,West Ham,Everton,2.0,1.0,1.8356,1.1144,-6,1,9,8,1.2,1.6,0.6,1.2,9.2,11.4,3.2,5.6,4.6,3.2,1.3999999999999995,2.0,0.8,1.2,H,-36.945509748853055,-2.200000000000001,-2.3999999999999995,0.37499999999999994,0.28571428571428575,5,6,0.3333333333333333,0.3333333333333333,0.3333333333333333,1.8,0.6,1.6,1.6,-0.0925722,-0.16751780000000016,0.07494560000000017,-0.0925722,-0.16751780000000016,1.7742204000000001,1.6650300000000002,0.8997806,1.7839939999999999,10480.0,1.0228198149156233
2026-04-25,Wolves,Tottenham,0.0,1.0,0.762656,1.06403,-2,5,7,2,1.2,0.8,2.0,2.0,9.4,12.6,2.8,5.4,3.0,7.2,-4.2,2.4,2.0,0.3999999999999999,A,-31.451254566735543,-3.1999999999999993,-2.6000000000000005,0.4285714285714286,0.14814814814814814,7,7,0.4444444444444444,0.3333333333333333,0.2222222222222222,1.4,1.6,0.8,1.6,-1.4598206,-0.20504400000000023,-1.2547765999999998,-1.4598206,-0.20504400000000023,1.1068224,1.2617530000000001,2.169914,1.82238,-423550.0,0.4792844848782887
2026-04-25,Arsenal,Newcastle,1.0,0.0,0.639189,0.868897,12,3,9,6,1.4,1.2,1.0,1.4,13.6,10.8,4.0,4.0,6.2,3.6,2.6,1.0,2.0,-1.0,H,213.6017248646683,2.799999999999999,0.0,0.35,0.3,6,7,0.6666666666666666,0.2222222222222222,0.1111111111111111,2.0,1.2,1.2,1.8,0.4264330000000005,-1.1105440000000002,1.5369770000000007,0.4264330000000005,-1.1105440000000002,1.8812220000000004,1.1135366000000002,0.9987774,2.3759740000000003,632300.0,1.9062634370073097
2026-04-27,Man United,Brentford,2.0,1.0,1.84852,1.30383,6,2,12,11,1.6,0.8,1.4,0.8,13.6,10.2,5.2,3.0,6.0,3.4,2.6,2.8,0.6,2.1999999999999997,H,74.90184899746419,3.4000000000000004,2.2,0.3076923076923077,0.26666666666666666,9,9,0.7777777777777778,0.1111111111111111,0.1111111111111111,2.2,1.2,1.6,1.0,-0.4289434000000001,0.29484319999999964,-0.7237865999999997,-0.4289434000000001,0.29484319999999964,1.87985,1.077327,1.3719946,1.8066959999999999,271020.0,1.5381865840581437
2026-05-01,Leeds,Burnley,3.0,1.0,2.09546,0.434597,4,8,7,4,1.4,0.4,0.6,2.0,13.2,9.4,4.4,3.2,3.8,5.2,-1.4000000000000004,1.4,1.4,0.0,H,198.092767754433,3.799999999999999,1.2000000000000002,0.3181818181818181,0.125,9,9,0.6666666666666666,0.0,0.3333333333333333,1.2,0.6,1.2,2.4,0.9205906000000004,-1.1575274000000002,2.078118000000001,0.9205906000000004,-1.1575274000000002,1.9247196,0.998606,1.1687688,2.1456540000000004,138200.0,1.585593220338983
2026-05-02,Arsenal,Fulham,3.0,0.0,4.09079,0.696714,9,1,12,5,1.2,0.8,0.8,0.6,13.4,14.0,3.8,3.2,6.6,4.8,1.7999999999999998,1.2,1.6,-0.40000000000000013,H,196.55933008263605,-0.5999999999999996,0.5999999999999996,0.3157894736842105,0.25,7,7,0.42857142857142855,0.2857142857142857,0.2857142857142857,1.8,0.6,0.6,1.2,0.3078314,-0.02664640000000018,0.33447780000000016,0.3078314,-0.02664640000000018,1.7242378000000003,1.272945,1.0443764,1.7219282,953800.0,3.5353535353535355
2026-05-02,Wolves,Sunderland,1.0,1.0,1.96131,0.923954,-8,-2,7,7,0.8,1.2,2.2,2.2,9.8,13.6,2.8,4.8,4.0,4.4,-0.40000000000000036,2.4,3.0,-0.6000000000000001,D,-80.35942845747604,-3.799999999999999,-2.0,0.28571428571428575,0.25,7,8,1.0,0.0,0.0,1.4,1.4,1.4,1.8,-1.5589814000000004,-0.31595280000000026,-1.2430286000000002,-1.5589814000000004,-0.31595280000000026,0.8386476,1.3153202,2.064488,1.8151724000000002,-56830.0,0.8727724545535954
2026-05-02,Brentford,West Ham,3.0,0.0,2.27374,0.753895,8,-4,4,7,1.0,1.4,1.2,0.8,11.6,9.4,3.4,3.2,4.4,4.2,0.20000000000000018,1.2,1.8,-0.6000000000000001,H,73.23663453707422,2.1999999999999993,0.19999999999999973,0.29411764705882354,0.43749999999999994,5,7,0.4444444444444444,0.4444444444444444,0.1111111111111111,1.0,1.4,1.0,1.4,0.5147796000000002,-0.12176359999999997,0.6365432000000002,0.5147796000000002,-0.12176359999999997,2.1793819999999995,1.0703558000000002,1.2635374000000001,1.558535,33850.0,1.0720626743022588
2026-05-02,Newcastle,Brighton,3.0,1.0,3.12933,1.87112,-8,-10,3,10,0.8,2.0,1.4,0.6,11.0,13.2,3.6,5.8,3.6,4.0,-0.3999999999999999,2.0,2.0,0.0,H,-47.49801488119397,-2.1999999999999993,-2.1999999999999997,0.22222222222222224,0.3448275862068966,7,11,0.4444444444444444,0.1111111111111111,0.4444444444444444,1.6,2.2,1.4,0.6,-1.0967344,0.9997083999999998,-2.0964428,-1.0967344,0.9997083999999998,1.8570959999999999,1.0381551999999998,2.3792860000000005,1.0596,72700.0,1.11632
2026-05-03,Bournemouth,Crystal Palace,3.0,0.0,2.29626,0.678329,6,1,5,7,1.6,1.2,1.2,1.0,15.0,11.0,4.2,3.4,6.0,5.0,1.0,2.4,1.8,0.5999999999999999,H,97.04208037994272,4.0,0.8000000000000003,0.38095238095238093,0.35294117647058826,11,8,0.2857142857142857,0.2857142857142857,0.42857142857142855,1.2,1.2,1.4,1.4,0.27947599999999984,0.5468744000000001,-0.26739840000000026,0.27947599999999984,0.5468744000000001,1.929738,1.4150746,1.0720888,1.3636004,-21520.0,0.9693665480427046
2026-05-03,Man United,Liverpool,3.0,2.0,2.55612,1.02814,1,0,12,9,1.8,1.8,1.2,1.0,13.0,14.0,5.4,4.6,6.6,5.6,1.0,2.6,1.2,1.4000000000000001,H,21.870736613720737,-1.0,0.8000000000000007,0.3333333333333333,0.391304347826087,6,8,0.3333333333333333,0.3333333333333333,0.3333333333333333,2.0,1.0,1.2,1.0,-0.28787340000000006,-0.5154177999999998,0.22754439999999976,-0.28787340000000006,-0.5154177999999998,1.8808300000000002,1.9980722,1.2887646,1.434511,-205900.0,0.7900050994390617
2026-05-03,Aston Villa,Tottenham,1.0,2.0,0.609494,1.12225,13,2,10,4,1.6,0.8,1.6,1.4,13.8,12.4,4.4,5.0,4.8,7.0,-2.2,1.4,2.2,-0.8000000000000003,A,132.19629303419538,1.4000000000000004,-0.5999999999999996,0.36363636363636365,0.16,8,8,0.4444444444444444,0.5555555555555556,0.0,1.8,1.6,0.6,1.2,0.7555683999999998,-0.02096919999999991,0.7765375999999997,0.7555683999999998,-0.02096919999999991,1.8573155999999997,0.9563729999999999,1.493764,1.6651432,-199420.0,0.75483157118269
2026-05-04,Chelsea,Nott'm Forest,1.0,3.0,2.17132,2.31019,7,-11,2,7,0.0,2.6,2.2,0.4,14.6,10.8,2.6,4.6,6.6,5.0,1.5999999999999996,1.8,2.2,-0.40000000000000013,A,-11.532399021131823,3.799999999999999,-1.9999999999999996,0.0,0.5652173913043479,13,10,0.0,0.5714285714285714,0.42857142857142855,0.6,1.6,2.4,1.4,-0.39271159999999994,0.2137043999999999,-0.6064159999999998,-0.39271159999999994,0.2137043999999999,1.99087,1.3627859999999998,1.2357946,1.9085266,511320.0,1.8005887142230852
2026-05-04,Everton,Man City,3.0,3.0,1.68558,1.41706,-9,-7,6,13,1.4,1.8,1.6,0.8,10.8,21.2,5.2,7.0,2.8,10.4,-7.6000000000000005,1.6,1.0,0.6000000000000001,D,-176.7235142189163,-10.399999999999999,-1.7999999999999998,0.2692307692307692,0.2571428571428572,9,12,0.3333333333333333,0.4444444444444444,0.2222222222222222,1.4,1.0,1.6,0.4,-0.39100200000000007,1.3807603999999998,-1.7717623999999998,-0.39100200000000007,1.3807603999999998,1.3948467999999998,2.5309939999999997,1.2727578,1.0657196,-930750.0,0.3303956834532374
2026-05-09,Sunderland,Man United,0.0,0.0,1.2376,0.535981,-9,-3,3,8,1.4,1.8,2.2,1.4,12.8,13.4,4.4,5.4,3.6,6.0,-2.4,3.6,2.4,1.2000000000000002,D,-155.8692092249637,-0.5999999999999996,-1.0,0.3181818181818181,0.3333333333333333,7,6,1.0,0.0,0.0,0.4,2.0,1.2,1.0,-0.42957659999999964,-0.07578139999999989,-0.35379519999999975,-0.42957659999999964,-0.07578139999999989,1.100788,1.235592,1.787012,1.3764968,-327920.0,0.5766589207332817
2026-05-09,Fulham,Bournemouth,0.0,1.0,1.24334,0.998003,-5,-4,9,11,0.8,2.2,1.2,1.2,15.0,13.8,3.4,4.6,4.8,5.8,-1.0,1.2,2.4,-1.2,A,-98.42800614501424,1.1999999999999993,-1.1999999999999997,0.23529411764705885,0.47826086956521746,7,6,0.7142857142857143,0.0,0.2857142857142857,1.4,1.0,1.2,0.6,-0.7280570000000002,0.46449419999999986,-1.1925512,-0.7280570000000002,0.46449419999999986,1.9750305999999997,1.8131702,1.4333734000000002,2.225468,-304780.0,0.552439131839408
2026-05-09,Man City,Brentford,3.0,0.0,4.37429,0.670038,5,5,13,8,2.0,1.2,1.0,0.8,21.2,12.4,6.4,4.0,11.0,4.6,6.4,1.2,1.0,0.19999999999999996,H,180.4656437349679,8.799999999999999,2.4000000000000004,0.3125,0.3,5,7,0.4444444444444444,0.4444444444444444,0.1111111111111111,2.2,0.8,1.6,1.4,1.0290304,0.6195165999999999,0.40951380000000004,1.0290304,0.6195165999999999,2.062186,1.2751098,1.1259054000000002,1.745768,886420.0,2.7602367051908336
2026-05-09,Liverpool,Chelsea,1.0,1.0,0.623191,0.597184,5,9,10,6,2.0,0.2,1.4,2.6,13.2,14.4,4.8,3.0,5.4,7.0,-1.5999999999999996,1.6,2.0,-0.3999999999999999,D,81.89332272952674,-1.200000000000001,1.7999999999999998,0.4166666666666667,0.06666666666666667,6,5,0.4444444444444444,0.0,0.5555555555555556,2.4,1.2,1.6,2.0,-0.8498938,-0.5589995999999999,-0.2908942000000001,-0.8498938,-0.5589995999999999,1.626474,2.030717,1.708436,1.5722800000000001,-169500.0,0.8526086956521739
2026-05-09,Brighton,Wolves,3.0,0.0,2.22427,0.515647,12,8,9,2,2.0,0.6,1.2,2.2,13.4,13.0,5.8,3.6,5.4,4.8,0.6000000000000005,2.2,2.0,0.20000000000000018,H,202.03213617428744,0.40000000000000036,2.1999999999999997,0.3448275862068966,0.16666666666666666,7,7,0.1111111111111111,0.5555555555555556,0.3333333333333333,1.4,0.8,0.4,2.0,0.6542190000000001,-1.0442828000000004,1.6985018000000005,0.6542190000000001,-1.0442828000000004,1.7610991999999999,1.0050966,0.7056846,2.924992,235150.0,1.603180710529691
2026-05-10,Burnley,Aston Villa,2.0,2.0,1.71234,1.75493,-14,-7,1,2,0.6,1.6,2.6,1.4,8.2,13.0,3.4,4.2,4.2,4.6,-0.39999999999999947,1.8,1.4,0.40000000000000013,D,-226.8305281932528,-4.800000000000001,-0.8000000000000003,0.17647058823529413,0.38095238095238093,9,7,0.4,0.4,0.2,0.6,1.8,0.6,1.6,-1.3511319999999996,0.7465211999999999,-2.0976531999999994,-1.3511319999999996,0.7465211999999999,1.2266038,1.0879223999999998,2.083748,1.420708,-377980.0,0.384377341281475
2026-05-10,Crystal Palace,Everton,2.0,2.0,3.28826,2.10265,-5,0,8,7,0.6,2.0,1.4,1.8,10.6,11.8,2.8,5.8,4.6,3.2,1.3999999999999995,1.8,2.4,-0.5999999999999999,D,-35.69656593396962,-1.200000000000001,-3.0,0.2142857142857143,0.3448275862068966,7,6,0.5555555555555556,0.2222222222222222,0.2222222222222222,1.0,0.8,1.6,1.8,0.09948819999999992,-0.19128199999999995,0.29077019999999987,0.09948819999999992,-0.19128199999999995,1.7122334000000001,1.6316579999999998,1.0799556,1.865464,243250.0,1.5296679368535655
2026-05-10,Nott'm Forest,Newcastle,1.0,1.0,1.46434,1.65067,-3,10,6,6,3.2,1.2,0.6,1.6,9.8,12.2,5.0,3.8,4.2,3.8,0.40000000000000036,2.0,2.2,-0.20000000000000018,D,11.13287997771954,-2.3999999999999986,1.2000000000000002,0.64,0.3157894736842105,6,8,0.42857142857142855,0.5714285714285714,0.0,1.0,0.6,1.0,1.2,0.2640737999999998,-0.7065783999999999,0.9706521999999997,0.2640737999999998,-0.7065783999999999,1.5479337999999998,1.2304521999999998,1.1403349999999999,1.8838658,-59020.0,0.915407768381826
2026-05-10,West Ham,Arsenal,0.0,1.0,1.32011,1.42953,-17,-2,9,8,1.2,1.6,1.2,0.8,11.8,15.6,3.8,5.2,5.2,6.6,-1.3999999999999995,2.0,1.0,1.0,A,-253.01525143419667,-3.799999999999999,-1.4000000000000004,0.3157894736842105,0.3076923076923077,8,8,0.3333333333333333,0.5555555555555556,0.1111111111111111,1.6,0.6,1.8,1.2,-0.13260899999999998,1.0675316000000004,-1.2001406000000003,-0.13260899999999998,1.0675316000000004,1.7039904,1.7831626,0.979893,1.1804862,-860270.0,0.35318045112781954
2026-05-11,Tottenham,Leeds,1.0,1.0,1.49036,1.86976,-1,-4,1,7,1.0,2.0,1.4,0.8,11.8,14.8,4.6,5.4,7.2,4.2,3.0,3.2,2.0,1.2000000000000002,D,-76.35191290074658,-3.0,-0.8000000000000007,0.2173913043478261,0.37037037037037035,8,10,0.4,0.6,0.0,1.0,2.8,1.4,1.2,0.11046200000000006,1.1306881999999998,-1.0202261999999997,0.11046200000000006,1.1306881999999998,1.3096168,1.57416,2.07669,1.654091,439200.0,2.173703901656868
2026-05-13,Man City,Crystal Palace,3.0,0.0,1.95679,0.428862,13,8,13,6,2.4,1.0,0.8,1.8,21.4,12.4,7.2,4.4,10.0,4.0,6.0,1.6,1.4,0.20000000000000018,H,237.11136303040237,8.999999999999998,2.8,0.3333333333333333,0.22727272727272727,4,3,0.2222222222222222,0.4444444444444444,0.3333333333333333,2.4,0.8,1.2,1.8,1.4767571999999998,0.4586852000000001,1.0180719999999996,1.4767571999999998,0.4586852000000001,2.723964,1.2211404000000001,1.1513764,1.6254016,687500.0,1.9786476868327403
2026-05-15,Aston Villa,Liverpool,4.0,2.0,2.5252,1.55027,-1,-5,7,6,1.6,2.0,1.8,1.2,12.0,12.4,4.2,4.4,5.0,4.8,0.20000000000000018,1.6,1.0,0.6000000000000001,H,-14.653819028784936,-0.40000000000000036,-0.20000000000000018,0.38095238095238093,0.45454545454545453,5,6,0.4444444444444444,0.2222222222222222,0.3333333333333333,1.8,2.0,1.4,1.6,0.40999399999999997,-0.3501405999999998,0.7601345999999998,0.40999399999999997,-0.3501405999999998,1.8639868,1.5873561999999999,1.6219527999999996,1.8069761999999998,-366520.0,0.6261907190209077
2026-05-17,Wolves,Fulham,1.0,1.0,1.49725,1.48412,-9,-3,8,5,0.2,0.2,2.4,1.2,11.4,13.4,3.0,2.6,4.0,5.8,-1.7999999999999998,1.6,1.6,0.0,D,-126.9862183222549,-2.0,0.3999999999999999,0.06666666666666667,0.07692307692307693,8,8,0.42857142857142855,0.2857142857142857,0.2857142857142857,1.4,1.0,0.6,1.2,-1.1867753999999997,-0.9907536000000003,-0.19602179999999936,-1.1867753999999997,-0.9907536000000003,1.0081655999999999,1.2017218,1.4967228000000001,2.2046422,13650.0,1.0362838915470494
2026-05-17,Newcastle,West Ham,3.0,1.0,2.1336,0.957771,5,-3,6,4,1.2,1.2,1.4,1.0,12.2,11.8,4.2,4.2,2.2,4.8,-2.5999999999999996,2.0,2.4,-0.3999999999999999,H,72.9801390625646,0.3999999999999986,0.0,0.2857142857142857,0.2857142857142857,7,7,0.2222222222222222,0.4444444444444444,0.3333333333333333,1.8,1.8,0.6,2.0,-0.38940839999999977,0.19055219999999995,-0.5799605999999997,-0.38940839999999977,0.19055219999999995,1.8186620000000002,0.9966748000000001,2.423466,1.6439949999999999,227970.0,1.4853213548208546
2026-05-17,Leeds,Brighton,1.0,0.0,0.747756,2.23238,-7,1,7,10,2.2,2.2,1.0,1.0,14.2,13.0,5.4,5.6,3.4,6.0,-2.6,1.8,1.4,0.40000000000000013,H,-24.93341265224308,1.1999999999999993,-0.1999999999999993,0.40740740740740744,0.3928571428571429,6,8,0.4,0.0,0.6,1.2,0.6,1.6,1.0,1.1835531999999997,0.5013917999999999,0.6821613999999998,1.1835531999999997,0.5013917999999999,1.6674536000000004,1.3161180000000001,0.9235282,1.5702383999999998,-250800.0,0.59872
2026-05-17,Brentford,Crystal Palace,2.0,2.0,1.54564,1.82274,7,3,6,3,1.2,0.6,1.4,2.2,12.0,11.4,4.0,3.8,4.6,4.4,0.1999999999999993,1.4,1.8,-0.40000000000000013,D,45.16417960035892,0.5999999999999996,0.20000000000000018,0.3,0.15789473684210525,8,4,0.3333333333333333,0.1111111111111111,0.5555555555555556,1.4,1.2,1.0,2.4,-0.09831880000000015,-0.22016840000000015,0.1218496,-0.09831880000000015,-0.22016840000000015,2.271822,1.121232,1.2574804,1.8692,-198920.0,0.7168398576512456
2026-05-17,Man United,Nott'm Forest,3.0,2.0,4.28532,1.84418,13,-1,12,10,1.4,2.8,1.0,0.8,12.8,11.6,4.6,4.8,6.0,4.0,2.0,2.6,2.0,0.6000000000000001,H,117.21036121010911,1.200000000000001,-0.20000000000000018,0.30434782608695654,0.5833333333333334,8,7,0.5714285714285714,0.2857142857142857,0.14285714285714285,2.2,1.4,2.8,1.0,-0.2119251999999998,0.24177179999999998,-0.4536969999999998,-0.2119251999999998,0.24177179999999998,1.9589019999999997,1.492664,1.3757118,1.6664325999999998,135920.0,1.2128139287280015
2026-05-17,Everton,Sunderland,1.0,3.0,1.32181,1.28383,2,-2,7,8,1.8,1.0,2.2,2.0,12.4,12.4,5.2,3.8,4.6,4.0,0.5999999999999996,2.8,2.4,0.3999999999999999,A,31.22503508406453,0.0,1.4000000000000004,0.34615384615384615,0.2631578947368421,7,8,0.0,0.0,1.0,1.8,1.2,1.6,1.4,-0.44718199999999997,-0.5691568000000005,0.1219748000000005,-0.44718199999999997,-0.5691568000000005,1.2657348000000002,1.414666,1.2737498,1.9686324,12570.0,1.0281409510163875
2026-05-18,Arsenal,Burnley,1.0,0.0,1.22695,0.194884,18,8,12,1,1.4,0.8,0.8,2.4,13.6,9.4,4.6,3.6,5.6,3.4,2.1999999999999997,1.8,1.6,0.19999999999999996,H,405.7893581340911,4.199999999999999,0.9999999999999996,0.30434782608695654,0.22222222222222224,8,8,0.2,0.6,0.2,1.8,0.6,0.8,2.6,0.9433995999999998,-1.047886,1.9912855999999999,0.9433995999999998,-1.047886,2.3035938000000002,0.9472708000000001,1.0982742,2.139226,1094000.0,5.635593220338983
2026-05-19,Bournemouth,Man City,1.0,1.0,1.71486,1.26917,-4,0,7,11,2.0,2.4,0.8,0.8,12.6,20.8,4.6,6.4,5.0,9.4,-4.4,2.4,1.4,1.0,D,-111.43621165154468,-8.200000000000001,-1.8000000000000007,0.4347826086956522,0.37499999999999994,10,6,0.7142857142857143,0.2857142857142857,0.0,1.6,1.0,1.8,0.8,0.41124680000000025,1.5448808,-1.1336339999999998,0.41124680000000025,1.5448808,2.023698,2.331454,1.0784554,1.1495316,-709020.0,0.4899136690647482
2026-05-19,Chelsea,Tottenham,2.0,1.0,1.09262,2.15227,7,-7,1,7,0.4,1.2,2.2,1.0,13.2,12.2,2.8,4.6,5.6,7.4,-1.8000000000000007,2.4,3.6,-1.2000000000000002,H,112.15412065106192,1.0,-1.7999999999999998,0.14285714285714288,0.2608695652173913,10,8,0.4444444444444444,0.4444444444444444,0.1111111111111111,0.4,1.8,1.0,1.0,-0.5454230000000002,0.019618000000000135,-0.5650410000000003,-0.5454230000000002,0.019618000000000135,1.7827820000000003,1.0621422,1.4399366,1.3538900000000003,336600.0,1.4138185394639784
2026-05-24,Fulham,Newcastle,2.0,0.0,1.72878,0.24232,-2,-2,9,4,0.4,1.6,1.0,1.2,12.2,13.8,2.8,5.0,5.2,3.2,2.0,1.6,1.6,0.0,H,6.773312549931006,-1.6000000000000014,-2.2,0.14285714285714288,0.32,7,7,0.5714285714285714,0.42857142857142855,0.0,1.2,0.8,0.8,1.2,-0.8744296,0.21902540000000004,-1.093455,-0.8744296,0.21902540000000004,1.7834466,1.0666042,1.2554180000000001,1.8388838,-321500.0,0.5392002293249247
2026-05-24,Brighton,Man United,0.0,3.0,0.702398,2.32868,-4,-6,12,8,1.8,1.8,1.2,1.0,14.2,14.6,6.0,4.4,7.2,5.2,2.0,1.2,2.4,-1.2,A,-105.0274278894692,-0.40000000000000036,1.5999999999999996,0.3,0.40909090909090906,7,7,0.5555555555555556,0.4444444444444444,0.0,2.0,0.6,1.0,0.8,0.7463584000000003,0.5934288000000001,0.15292960000000022,0.7463584000000003,0.5934288000000001,2.0583936,1.1956348,0.6231332,1.3625247999999999,-149600.0,0.806868060934676
2026-05-24,Burnley,Wolves,1.0,1.0,1.28476,2.8433,1,-1,2,1,0.8,0.4,2.2,1.8,8.4,10.8,2.6,3.0,2.4,4.2,-1.8000000000000003,1.8,1.4,0.40000000000000013,D,-49.19758799922329,-2.4000000000000004,-0.3999999999999999,0.3076923076923077,0.13333333333333333,6,7,0.4,0.2,0.4,1.0,1.8,0.4,2.6,-1.2023409999999999,-0.7897848000000003,-0.4125561999999996,-1.2023409999999999,-0.7897848000000003,1.1997838,1.0268342000000001,2.2102739999999996,2.6316580000000003,-153850.0,0.6053610362960112
2026-05-24,Crystal Palace,Arsenal,1.0,2.0,1.00492,3.90645,-14,-10,9,10,1.0,1.4,2.6,0.4,12.8,13.2,4.6,4.6,4.4,4.2,0.20000000000000018,2.0,1.8,0.19999999999999996,A,-246.0122342074576,-0.3999999999999986,0.0,0.2173913043478261,0.30434782608695654,7,6,0.4444444444444444,0.3333333333333333,0.2222222222222222,1.0,0.6,1.8,1.0,-0.18694780000000022,0.7960428000000002,-0.9829906000000004,-0.18694780000000022,0.7960428000000002,1.9443654000000001,1.9122326,1.362231,1.0822002,-627500.0,0.5281954887218046
2026-05-24,Liverpool,Brentford,1.0,1.0,2.99412,1.46082,4,2,11,5,2.0,1.2,2.0,1.4,12.0,11.4,4.4,3.8,5.4,6.0,-0.5999999999999996,1.2,1.6,-0.40000000000000013,D,40.43853108725557,0.5999999999999996,0.6000000000000005,0.45454545454545453,0.3157894736842105,9,7,0.6666666666666666,0.2222222222222222,0.1111111111111111,2.4,1.0,1.0,1.6,-0.6640766000000002,-0.2922767999999998,-0.37179980000000046,-0.6640766000000002,-0.2922767999999998,1.4978082000000001,1.0790734,1.3449208000000001,1.956326,476920.0,1.9470590571508002
2026-05-24,Man City,Aston Villa,1.0,2.0,1.38085,2.4397,2,4,13,2,2.2,2.2,0.8,2.0,20.6,12.4,6.4,5.0,9.0,5.2,3.8,1.4,1.8,-0.40000000000000013,A,109.04899944033468,8.200000000000001,1.4000000000000004,0.34375,0.44000000000000006,5,9,0.7777777777777778,0.1111111111111111,0.1111111111111111,2.4,0.8,0.8,1.8,1.3906148000000003,0.5024759999999999,0.8881388000000003,1.3906148000000003,0.5024759999999999,2.779878,1.3096092,1.0265828,1.397884,776020.0,2.2639173914459754
2026-05-24,Nott'm Forest,Bournemouth,1.0,1.0,2.05852,1.33684,-10,-1,6,11,3.0,1.8,1.2,0.8,10.8,13.0,4.8,4.4,3.8,6.2,-2.4000000000000004,1.8,2.6,-0.8,D,-88.0477486428706,-2.1999999999999993,0.39999999999999947,0.625,0.40909090909090906,7,5,0.2857142857142857,0.2857142857142857,0.42857142857142855,1.2,0.8,1.0,0.4,-0.1439522000000002,0.8541548000000003,-0.9981070000000005,-0.1439522000000002,0.8541548000000003,1.1026137999999999,1.7303508,1.3890772000000002,2.007908,-42300.0,0.9378836382859996
2026-05-24,Sunderland,Chelsea,2.0,1.0,2.33109,0.920885,-2,1,4,4,1.4,0.8,2.2,1.8,11.2,12.6,4.0,3.0,4.0,5.4,-1.4000000000000004,1.8,2.6,-0.8,H,-11.781175833536508,-1.4000000000000004,1.0,0.35,0.26666666666666666,7,5,0.0,1.0,0.0,0.4,1.8,1.2,2.0,-0.7287247999999997,-0.5198909999999997,-0.20883380000000007,-0.7287247999999997,-0.5198909999999997,1.2095492,1.3975978,1.2778641999999998,1.4741741999999998,-703320.0,0.3884173913043478
2026-05-24,Tottenham,Everton,1.0,0.0,1.40597,0.268476,-4,6,2,5,1.4,1.6,1.2,2.4,11.8,11.6,3.8,4.6,7.0,4.6,2.4000000000000004,3.6,3.0,0.6000000000000001,H,-54.63348280325499,0.20000000000000107,-0.7999999999999998,0.3684210526315789,0.3478260869565218,5,7,0.5555555555555556,0.1111111111111111,0.3333333333333333,1.0,2.6,1.6,2.0,0.3835200000000001,-0.30104799999999954,0.6845679999999996,0.3835200000000001,-0.30104799999999954,1.2698387999999998,1.6746320000000001,1.95666,2.082864,354150.0,1.7711486118671746
2026-05-24,West Ham,Leeds,3.0,0.0,2.73135,1.94969,-4,-7,8,7,0.6,2.0,1.6,0.8,11.2,12.6,4.4,4.4,4.0,4.0,0.0,2.6,1.6,1.0,H,-31.97809610892909,-1.4000000000000004,0.0,0.13636363636363635,0.45454545454545453,7,7,0.4,0.4,0.2,1.4,0.6,1.2,1.0,-0.43897819999999976,0.5695024000000002,-1.0084806,-0.43897819999999976,0.5695024000000002,1.7065204,1.6902160000000002,1.1186456,1.3098109999999998,95530.0,1.25529128808124
2026-08-21,Arsenal,Coventry,3.0,0.0,1.85424,0.558336,0,15,12,0,1.6,0.0,0.2,0.0,14.8,0.0,5.4,0.0,4.0,0.0,4.0,1.6,0.0,1.6,H,317.60546675349383,14.8,5.4,0.2962962962962963,0.0,89,7,0.0,0.0,0.0,1.6,0.4,0.0,0.0,1.4414767999999998,0.0,1.4414767999999998,1.4414767999999998,0.0,2.2057878000000004,0.0,0.8667149999999999,0.0,1154850.0,4.912756225647976
2026-08-22,Nott'm Forest,Leeds,0.0,1.0,0.656681,0.466247,0,0,7,6,2.4,1.4,1.2,1.4,11.8,11.8,5.0,3.8,4.2,3.8,0.40000000000000036,2.0,1.8,0.19999999999999996,A,-21.506871448282936,0.0,1.2000000000000002,0.48,0.3684210526315789,90,90,1.0,0.0,0.0,1.4,0.8,1.0,1.4,-0.1678326000000001,-0.18471219999999988,0.016879599999999773,-0.1678326000000001,-0.18471219999999988,1.3273642000000003,1.8244439999999997,1.1771772,1.605203,119450.0,1.2967333250527884
2026-08-22,Ipswich,Sunderland,2.0,1.0,1.58452,1.17743,0,-7,0,10,0.6,1.2,2.2,1.6,12.2,13.2,3.0,3.0,3.2,4.4,-1.2000000000000002,1.8,1.8,0.0,H,-130.6588973409655,-1.0,0.0,0.19999999999999998,0.39999999999999997,454,90,0.0,0.0,0.0,0.8,2.8,2.0,1.4,-0.7499505999999998,0.021746199999999716,-0.7716967999999995,-0.7499505999999998,0.021746199999999716,0.6393204,1.4556580000000001,1.8437177999999996,1.8681264,-100730.0,0.7474679101484155
2026-08-22,Brentford,Tottenham,3.0,0.0,4.04155,0.756284,0,-5,7,7,1.4,1.2,1.6,0.8,11.0,13.4,3.4,3.8,4.6,6.8,-2.2,2.2,4.0,-1.7999999999999998,H,123.87562757174057,-2.4000000000000004,-0.3999999999999999,0.4117647058823529,0.3157894736842105,90,90,0.4,0.2,0.4,1.8,1.2,1.0,1.0,-0.9078994000000002,0.5263748000000001,-1.4342742000000004,-0.9078994000000002,0.5263748000000001,2.242904,1.302178,1.3476224,1.1082740000000002,-252700.0,0.6886013555144793
2026-08-22,Hull,Man United,2.0,0.0,1.49627,1.77874,0,-13,0,8,0.0,2.2,0.0,1.0,0.0,16.0,0.0,5.6,0.0,5.6,-5.6,0.0,2.0,-2.0,H,-229.21553310411355,-16.0,-5.6,0.0,0.3928571428571429,7,90,0.0,0.0,0.0,0.0,0.0,1.4,0.8,0.0,1.0876945999999996,-1.0876945999999996,0.0,1.0876945999999996,0.0,1.3704308,0.0,1.3908196,-785000.0,0.1552781663617777
2026-08-22,Everton,Crystal Palace,2.0,0.0,1.45085,2.23095,0,0,7,4,1.4,1.0,2.2,2.4,11.2,11.6,4.4,3.8,4.8,3.4,1.4,3.2,1.4,1.8000000000000003,H,38.8646254809255,-0.40000000000000036,0.6000000000000005,0.3181818181818181,0.2631578947368421,90,90,0.5,0.2,0.3,2.0,1.6,1.2,2.4,-0.5475608000000001,-0.9169358000000001,0.369375,-0.5475608000000001,-0.9169358000000001,1.4179119999999998,1.4088402,1.2395758000000001,1.7091100000000001,-89300.0,0.8406495360456817
2026-08-23,Man City,Bournemouth,2.0,1.0,2.47444,0.707541,0,-1,10,11,2.2,1.6,1.2,0.8,18.2,14.0,5.2,4.6,8.6,6.2,2.3999999999999995,1.6,2.0,-0.3999999999999999,H,116.72714602242309,4.199999999999999,0.6000000000000005,0.4230769230769231,0.3478260869565218,91,91,0.625,0.25,0.125,2.2,1.0,1.2,0.6,0.691824,0.3588288000000004,0.3329951999999996,0.691824,0.3588288000000004,2.610752,1.8931726000000002,1.412932,1.950788,834450.0,2.4498305968204326
2026-08-23,Newcastle,Liverpool,2.0,2.0,1.59465,3.13133,0,2,9,3,1.4,1.8,1.2,2.0,12.8,14.0,4.8,4.8,4.0,7.0,-3.0,1.6,1.6,0.0,D,-62.78967389039644,-1.1999999999999993,0.0,0.2916666666666667,0.375,91,91,0.5,0.4,0.1,2.0,1.4,1.6,2.4,0.27272339999999984,-0.3384026000000002,0.6111260000000001,0.27272339999999984,-0.3384026000000002,2.021604,1.4181421999999997,2.1335582,2.1250625999999997,-376700.0,0.6088265835929387
2026-08-23,Brighton,Aston Villa,4.0,0.0,4.00327,0.275249,0,-1,9,5,1.4,1.8,1.4,1.6,14.8,11.8,5.8,4.6,6.2,5.2,1.0,1.0,1.6,-0.6000000000000001,H,-15.150381436356156,3.0,1.2000000000000002,0.24137931034482757,0.391304347826087,91,91,0.5,0.4,0.1,1.6,1.0,1.2,1.6,0.5057460000000003,0.2458159999999998,0.25993000000000044,0.5057460000000003,0.2458159999999998,1.9586592000000003,1.5348932,0.9227592,1.372512,65200.0,1.1245939231798203
2026-08-24,Fulham,Chelsea,2.0,3.0,1.41707,2.58384,0,3,9,4,0.8,1.0,1.0,2.0,14.2,10.4,4.0,2.6,5.8,5.4,0.39999999999999947,1.8,2.8,-0.9999999999999998,A,-27.10734960438617,3.799999999999999,1.4,0.2,0.3846153846153846,92,92,0.5,0.375,0.125,1.2,0.6,1.2,2.0,-0.26817500000000005,-0.9709414000000001,0.7027664,-0.26817500000000005,-0.9709414000000001,1.6650626,1.3112388,1.1134638000000001,1.5971961999999997,-981200.0,0.26225563909774435
