season,date,home_team,away_team,home_xg,away_xg,home_xga,away_xga
2014,2014-08-16,Man United,Swansea,1.16635,0.278076,0.278076,1.16635
2014,2014-08-16,Leicester,Everton,1.2783,0.613273,0.613273,1.2783
2014,2014-08-16,QPR,Hull,1.90067,1.11757,1.11757,1.90067
2014,2014-08-16,Stoke,Aston Villa,0.423368,0.909774,0.909774,0.423368
2014,2014-08-16,West Brom,Sunderland,1.68343,0.991901,0.991901,1.68343
2014,2014-08-16,West Ham,Tottenham,1.8531,1.01706,1.01706,1.8531
2014,2014-08-16,Arsenal,Crystal Palace,1.55411,0.158151,0.158151,1.55411
2014,2014-08-17,Liverpool,Southampton,1.33192,1.55248,1.55248,1.33192
2014,2014-08-17,Newcastle,Man City,0.965583,1.48053,1.48053,0.965583
2014,2014-08-18,Burnley,Chelsea,0.371141,2.12996,2.12996,0.371141
2014,2014-08-23,Aston Villa,Newcastle,0.507525,0.699295,0.699295,0.507525
2014,2014-08-23,Chelsea,Leicester,2.02939,0.550894,0.550894,2.02939
2014,2014-08-23,Crystal Palace,West Ham,0.617283,1.33957,1.33957,0.617283
2014,2014-08-23,Southampton,West Brom,0.665853,0.665791,0.665791,0.665853
2014,2014-08-23,Swansea,Burnley,0.914215,0.843331,0.843331,0.914215
2014,2014-08-23,Everton,Arsenal,1.33429,1.43355,1.43355,1.33429
2014,2014-08-24,Hull,Stoke,0.870175,1.60916,1.60916,0.870175
2014,2014-08-24,Tottenham,QPR,2.38894,1.07617,1.07617,2.38894
2014,2014-08-24,Sunderland,Man United,0.666489,0.941557,0.941557,0.666489
2014,2014-08-25,Man City,Liverpool,1.31375,0.901889,0.901889,1.31375
2014,2014-08-30,Burnley,Man United,0.513746,0.467281,0.467281,0.513746
2014,2014-08-30,Man City,Stoke,0.891768,0.299792,0.299792,0.891768
2014,2014-08-30,Newcastle,Crystal Palace,1.69776,1.66056,1.66056,1.69776
2014,2014-08-30,QPR,Sunderland,1.27277,0.964343,0.964343,1.27277
2014,2014-08-30,Swansea,West Brom,2.02641,0.696665,0.696665,2.02641
2014,2014-08-30,West Ham,Southampton,0.635223,1.57513,1.57513,0.635223
2014,2014-08-30,Everton,Chelsea,1.4491,2.02665,2.02665,1.4491
2014,2014-08-31,Aston Villa,Hull,0.639316,0.28888,0.28888,0.639316
2014,2014-08-31,Tottenham,Liverpool,0.48592,2.74317,2.74317,0.48592
2014,2014-08-31,Leicester,Arsenal,0.809743,2.29649,2.29649,0.809743
2014,2014-09-13,Arsenal,Man City,2.07804,2.30834,2.30834,2.07804
2014,2014-09-13,Chelsea,Swansea,3.56581,1.02153,1.02153,3.56581
2014,2014-09-13,Crystal Palace,Burnley,0.780534,1.2493,1.2493,0.780534
2014,2014-09-13,Southampton,Newcastle,2.11739,1.15026,1.15026,2.11739
2014,2014-09-13,Stoke,Leicester,1.64782,0.598313,0.598313,1.64782
2014,2014-09-13,Sunderland,Tottenham,0.338966,2.03694,2.03694,0.338966
2014,2014-09-13,West Brom,Everton,0.602059,0.807492,0.807492,0.602059
2014,2014-09-13,Liverpool,Aston Villa,0.728097,0.701676,0.701676,0.728097
2014,2014-09-14,Man United,QPR,2.20911,0.563524,0.563524,2.20911
2014,2014-09-15,Hull,West Ham,0.439084,0.661678,0.661678,0.439084
2014,2014-09-20,QPR,Stoke,1.05642,1.45847,1.45847,1.05642
2014,2014-09-20,Swansea,Southampton,0.520262,0.750244,0.750244,0.520262
2014,2014-09-20,Aston Villa,Arsenal,0.649013,1.36224,1.36224,0.649013
2014,2014-09-20,Burnley,Sunderland,0.710673,0.643512,0.643512,0.710673
2014,2014-09-20,Newcastle,Hull,1.91632,0.854291,0.854291,1.91632
2014,2014-09-20,West Ham,Liverpool,1.26032,0.37835,0.37835,1.26032
2014,2014-09-21,Tottenham,West Brom,0.438596,1.08401,1.08401,0.438596
2014,2014-09-21,Leicester,Man United,2.5422,1.71191,1.71191,2.5422
2014,2014-09-21,Man City,Chelsea,1.05592,1.02093,1.02093,1.05592
2014,2014-09-21,Everton,Crystal Palace,2.56122,1.62886,1.62886,2.56122
2014,2014-09-27,Liverpool,Everton,1.5286,0.475885,0.475885,1.5286
2014,2014-09-27,Man United,West Ham,0.520246,1.27452,1.27452,0.520246
2014,2014-09-27,Southampton,QPR,2.34463,0.456323,0.456323,2.34463
2014,2014-09-27,Chelsea,Aston Villa,3.14218,0.228896,0.228896,3.14218
2014,2014-09-27,Crystal Palace,Leicester,2.1144,0.453547,0.453547,2.1144
2014,2014-09-27,Hull,Man City,1.12374,1.78953,1.78953,1.12374
2014,2014-09-27,Sunderland,Swansea,1.39649,0.156398,0.156398,1.39649
2014,2014-09-27,Arsenal,Tottenham,1.2647,0.673535,0.673535,1.2647
2014,2014-09-28,West Brom,Burnley,1.81127,0.473814,0.473814,1.81127
2014,2014-09-29,Stoke,Newcastle,1.56203,1.13994,1.13994,1.56203
2014,2014-10-04,Hull,Crystal Palace,1.07209,0.616109,0.616109,1.07209
2014,2014-10-04,Leicester,Burnley,1.57773,0.957718,0.957718,1.57773
2014,2014-10-04,Liverpool,West Brom,1.56163,1.4384,1.4384,1.56163
2014,2014-10-04,Sunderland,Stoke,1.40551,0.478187,0.478187,1.40551
2014,2014-10-04,Swansea,Newcastle,1.55242,1.18603,1.18603,1.55242
2014,2014-10-04,Aston Villa,Man City,0.690283,2.30634,2.30634,0.690283
2014,2014-10-05,Man United,Everton,1.6239,2.13558,2.13558,1.6239
2014,2014-10-05,Tottenham,Southampton,0.898735,1.14587,1.14587,0.898735
2014,2014-10-05,Chelsea,Arsenal,1.40263,0.330699,0.330699,1.40263
2014,2014-10-05,West Ham,QPR,1.64038,0.697342,0.697342,1.64038
2014,2014-10-18,Man City,Tottenham,3.75041,2.32314,2.32314,3.75041
2014,2014-10-18,Everton,Aston Villa,1.67016,0.37205,0.37205,1.67016
2014,2014-10-18,Burnley,West Ham,1.74404,2.84138,2.84138,1.74404
2014,2014-10-18,Crystal Palace,Chelsea,1.16779,1.01515,1.01515,1.16779
2014,2014-10-18,Southampton,Sunderland,3.71097,0.92175,0.92175,3.71097
2014,2014-10-18,Newcastle,Leicester,2.1929,0.650379,0.650379,2.1929
2014,2014-10-18,Arsenal,Hull,2.14845,0.552062,0.552062,2.14845
2014,2014-10-19,QPR,Liverpool,2.60852,1.51813,1.51813,2.60852
2014,2014-10-19,Stoke,Swansea,1.75841,2.26827,2.26827,1.75841
2014,2014-10-20,West Brom,Man United,0.61662,0.934042,0.934042,0.61662
2014,2014-10-25,West Ham,Man City,2.62631,1.8643,1.8643,2.62631
2014,2014-10-25,Southampton,Stoke,1.3758,0.867568,0.867568,1.3758
2014,2014-10-25,Sunderland,Arsenal,0.441491,1.47081,1.47081,0.441491
2014,2014-10-25,West Brom,Crystal Palace,1.45724,1.77354,1.77354,1.45724
2014,2014-10-25,Liverpool,Hull,0.678924,0.222999,0.222999,0.678924
2014,2014-10-25,Swansea,Leicester,1.05601,0.773436,0.773436,1.05601
2014,2014-10-26,Tottenham,Newcastle,2.03729,0.73967,0.73967,2.03729
2014,2014-10-26,Burnley,Everton,1.55564,1.32187,1.32187,1.55564
2014,2014-10-26,Man United,Chelsea,1.84074,0.989916,0.989916,1.84074
2014,2014-10-27,QPR,Aston Villa,0.81667,1.18709,1.18709,0.81667
2014,2014-11-01,Newcastle,Liverpool,1.56863,0.258953,0.258953,1.56863
2014,2014-11-01,Stoke,West Ham,3.06954,0.528668,0.528668,3.06954
2014,2014-11-01,Leicester,West Brom,1.41001,0.562442,0.562442,1.41001
2014,2014-11-01,Arsenal,Burnley,4.3298,0.684259,0.684259,4.3298
2014,2014-11-01,Chelsea,QPR,2.23703,0.510067,0.510067,2.23703
2014,2014-11-01,Everton,Swansea,1.14779,0.694419,0.694419,1.14779
2014,2014-11-01,Hull,Southampton,0.256678,1.90484,1.90484,0.256678
2014,2014-11-02,Man City,Man United,2.56723,0.727924,0.727924,2.56723
2014,2014-11-02,Aston Villa,Tottenham,0.872267,2.54173,2.54173,0.872267
2014,2014-11-03,Crystal Palace,Sunderland,0.766023,0.727981,0.727981,0.766023
2014,2014-11-08,Liverpool,Chelsea,0.531905,1.97201,1.97201,0.531905
2014,2014-11-08,Burnley,Hull,1.10315,0.526656,0.526656,1.10315
2014,2014-11-08,Man United,Crystal Palace,0.956776,0.400837,0.400837,0.956776
2014,2014-11-08,West Ham,Aston Villa,1.47873,0.560875,0.560875,1.47873
2014,2014-11-08,Southampton,Leicester,1.00528,0.540434,0.540434,1.00528
2014,2014-11-08,QPR,Man City,1.86489,1.70189,1.70189,1.86489
2014,2014-11-09,Sunderland,Everton,0.508326,1.31898,1.31898,0.508326
2014,2014-11-09,Tottenham,Stoke,1.28384,1.24867,1.24867,1.28384
2014,2014-11-09,West Brom,Newcastle,0.765208,0.694441,0.694441,0.765208
2014,2014-11-09,Swansea,Arsenal,0.520487,1.77699,1.77699,0.520487
2014,2014-11-22,Stoke,Burnley,1.94307,1.27532,1.27532,1.94307
2014,2014-11-22,Newcastle,QPR,1.47871,0.402285,0.402285,1.47871
2014,2014-11-22,Man City,Swansea,2.26312,0.957011,0.957011,2.26312
2014,2014-11-22,Leicester,Sunderland,0.685893,0.889971,0.889971,0.685893
2014,2014-11-22,Everton,West Ham,1.82651,1.11958,1.11958,1.82651
2014,2014-11-22,Chelsea,West Brom,4.36607,0.0930471,0.0930471,4.36607
2014,2014-11-22,Arsenal,Man United,2.00193,1.2791,1.2791,2.00193
2014,2014-11-23,Crystal Palace,Liverpool,1.47309,0.952958,0.952958,1.47309
2014,2014-11-23,Hull,Tottenham,0.94244,2.16438,2.16438,0.94244
2014,2014-11-24,Aston Villa,Southampton,1.13228,0.863156,0.863156,1.13228
2014,2014-11-29,West Brom,Arsenal,0.31526,1.05603,1.05603,0.31526
2014,2014-11-29,West Ham,Newcastle,1.09981,0.246562,0.246562,1.09981
2014,2014-11-29,Swansea,Crystal Palace,1.4626,1.50956,1.50956,1.4626
2014,2014-11-29,Liverpool,Stoke,1.71025,0.875424,0.875424,1.71025
2014,2014-11-29,Man United,Hull,1.76885,0.230407,0.230407,1.76885
2014,2014-11-29,QPR,Leicester,2.98194,2.10013,2.10013,2.98194
2014,2014-11-29,Burnley,Aston Villa,2.3058,1.0873,1.0873,2.3058
2014,2014-11-29,Sunderland,Chelsea,1.03133,0.761171,0.761171,1.03133
2014,2014-11-30,Southampton,Man City,0.804381,2.13214,2.13214,0.804381
2014,2014-11-30,Tottenham,Everton,1.13109,0.934335,0.934335,1.13109
2014,2014-12-02,Burnley,Newcastle,0.678486,1.0006,1.0006,0.678486
2014,2014-12-02,Leicester,Liverpool,1.23928,1.3012,1.3012,1.23928
2014,2014-12-02,Man United,Stoke,1.91104,1.29092,1.29092,1.91104
2014,2014-12-02,Swansea,QPR,1.54207,0.789519,0.789519,1.54207
2014,2014-12-02,Crystal Palace,Aston Villa,0.801741,0.192439,0.192439,0.801741
2014,2014-12-02,West Brom,West Ham,1.41302,1.24431,1.24431,1.41302
2014,2014-12-03,Chelsea,Tottenham,1.71947,0.289204,0.289204,1.71947
2014,2014-12-03,Everton,Hull,1.27965,0.29547,0.29547,1.27965
2014,2014-12-03,Sunderland,Man City,0.412004,1.0386,1.0386,0.412004
2014,2014-12-03,Arsenal,Southampton,2.37332,0.570955,0.570955,2.37332
2014,2014-12-06,Newcastle,Chelsea,1.48574,2.16232,2.16232,1.48574
2014,2014-12-06,QPR,Burnley,1.63744,1.2646,1.2646,1.63744
2014,2014-12-06,Stoke,Arsenal,2.50357,2.02073,2.02073,2.50357
2014,2014-12-06,Tottenham,Crystal Palace,0.958788,1.17369,1.17369,0.958788
2014,2014-12-06,Hull,West Brom,0.586305,1.06151,1.06151,0.586305
2014,2014-12-06,Liverpool,Sunderland,0.663875,0.268395,0.268395,0.663875
2014,2014-12-06,Man City,Everton,2.2487,0.385845,0.385845,2.2487
2014,2014-12-07,West Ham,Swansea,2.11509,0.998148,0.998148,2.11509
2014,2014-12-07,Aston Villa,Leicester,1.97697,1.0083,1.0083,1.97697
2014,2014-12-08,Southampton,Man United,1.8287,0.799261,0.799261,1.8287
2014,2014-12-13,Burnley,Southampton,0.396158,1.713,1.713,0.396158
2014,2014-12-13,Chelsea,Hull,1.21862,0.435091,0.435091,1.21862
2014,2014-12-13,Crystal Palace,Stoke,0.498092,0.898532,0.898532,0.498092
2014,2014-12-13,West Brom,Aston Villa,1.4373,0.266303,0.266303,1.4373
2014,2014-12-13,Sunderland,West Ham,1.33557,0.870324,0.870324,1.33557
2014,2014-12-13,Leicester,Man City,0.360608,1.13411,1.13411,0.360608
2014,2014-12-13,Arsenal,Newcastle,2.38819,0.938764,0.938764,2.38819
2014,2014-12-14,Man United,Liverpool,1.79543,1.87114,1.87114,1.79543
2014,2014-12-14,Swansea,Tottenham,1.67826,0.731022,0.731022,1.67826
2014,2014-12-15,Everton,QPR,0.747708,0.972265,0.972265,0.747708
2014,2014-12-20,Man City,Crystal Palace,1.41484,0.760531,0.760531,1.41484
2014,2014-12-20,West Ham,Leicester,1.45134,0.659983,0.659983,1.45134
2014,2014-12-20,Tottenham,Burnley,1.77346,0.655135,0.655135,1.77346
2014,2014-12-20,QPR,West Brom,2.92864,1.30117,1.30117,2.92864
2014,2014-12-20,Southampton,Everton,2.21266,0.597999,0.597999,2.21266
2014,2014-12-20,Aston Villa,Man United,0.575806,1.06851,1.06851,0.575806
2014,2014-12-20,Hull,Swansea,0.825885,1.45331,1.45331,0.825885
2014,2014-12-21,Newcastle,Sunderland,0.900259,2.18418,2.18418,0.900259
2014,2014-12-21,Liverpool,Arsenal,1.31858,0.754219,0.754219,1.31858
2014,2014-12-22,Stoke,Chelsea,0.411669,1.45482,1.45482,0.411669
2014,2014-12-26,Chelsea,West Ham,3.56764,0.45944,0.45944,3.56764
2014,2014-12-26,Burnley,Liverpool,0.61207,1.06708,1.06708,0.61207
2014,2014-12-26,Swansea,Aston Villa,0.601468,1.41578,1.41578,0.601468
2014,2014-12-26,Sunderland,Hull,1.35551,0.85573,0.85573,1.35551
2014,2014-12-26,West Brom,Man City,2.64442,2.10224,2.10224,2.64442
2014,2014-12-26,Everton,Stoke,1.00929,1.39552,1.39552,1.00929
2014,2014-12-26,Crystal Palace,Southampton,0.379447,1.30288,1.30288,0.379447
2014,2014-12-26,Man United,Newcastle,1.86147,1.03151,1.03151,1.86147
2014,2014-12-26,Leicester,Tottenham,1.47301,1.35719,1.35719,1.47301
2014,2014-12-26,Arsenal,QPR,2.13888,1.21752,1.21752,2.13888
2014,2014-12-28,Tottenham,Man United,0.888,2.2613,2.2613,0.888
2014,2014-12-28,Southampton,Chelsea,0.528455,0.521788,0.521788,0.528455
2014,2014-12-28,QPR,Crystal Palace,0.405679,0.328577,0.328577,0.405679
2014,2014-12-28,Hull,Leicester,1.72314,0.180127,0.180127,1.72314
2014,2014-12-28,Man City,Burnley,1.38586,0.962215,0.962215,1.38586
2014,2014-12-28,Aston Villa,Sunderland,0.650993,0.845626,0.845626,0.650993
2014,2014-12-28,West Ham,Arsenal,1.1084,3.35886,3.35886,1.1084
2014,2014-12-28,Stoke,West Brom,1.25399,1.35813,1.35813,1.25399
2014,2014-12-28,Newcastle,Everton,1.71345,1.07321,1.07321,1.71345
2014,2014-12-29,Liverpool,Swansea,3.27658,1.00374,1.00374,3.27658
2014,2015-01-01,Stoke,Man United,1.4082,0.932262,0.932262,1.4082
2014,2015-01-01,Man City,Sunderland,3.63333,0.979558,0.979558,3.63333
2014,2015-01-01,Newcastle,Burnley,1.24639,1.65582,1.65582,1.24639
2014,2015-01-01,QPR,Swansea,3.16214,1.69725,1.69725,3.16214
2014,2015-01-01,Southampton,Arsenal,2.41442,0.849285,0.849285,2.41442
2014,2015-01-01,West Ham,West Brom,1.13586,1.1226,1.1226,1.13586
2014,2015-01-01,Aston Villa,Crystal Palace,1.38709,0.575995,0.575995,1.38709
2014,2015-01-01,Hull,Everton,1.95682,0.957698,0.957698,1.95682
2014,2015-01-01,Liverpool,Leicester,2.38944,1.09438,1.09438,2.38944
2014,2015-01-01,Tottenham,Chelsea,1.82436,3.03274,3.03274,1.82436
2014,2015-01-10,Sunderland,Liverpool,0.250077,2.16251,2.16251,0.250077
2014,2015-01-10,Swansea,West Ham,1.54943,0.731228,0.731228,1.54943
2014,2015-01-10,West Brom,Hull,0.784159,0.395844,0.395844,0.784159
2014,2015-01-10,Burnley,QPR,2.19126,1.69555,1.69555,2.19126
2014,2015-01-10,Chelsea,Newcastle,1.08131,0.394837,0.394837,1.08131
2014,2015-01-10,Everton,Man City,0.95041,1.50724,1.50724,0.95041
2014,2015-01-10,Leicester,Aston Villa,2.36522,0.606149,0.606149,2.36522
2014,2015-01-10,Crystal Palace,Tottenham,2.85997,0.919178,0.919178,2.85997
2014,2015-01-11,Arsenal,Stoke,2.26889,0.39839,0.39839,2.26889
2014,2015-01-11,Man United,Southampton,1.19228,1.15706,1.15706,1.19228
2014,2015-01-17,Aston Villa,Liverpool,0.845309,1.54424,1.54424,0.845309
2014,2015-01-17,Burnley,Crystal Palace,1.08428,0.528431,0.528431,1.08428
2014,2015-01-17,Leicester,Stoke,0.382481,0.715634,0.715634,0.382481
2014,2015-01-17,QPR,Man United,0.929623,1.55645,1.55645,0.929623
2014,2015-01-17,Swansea,Chelsea,0.214209,3.19733,3.19733,0.214209
2014,2015-01-17,Tottenham,Sunderland,0.931537,1.19577,1.19577,0.931537
2014,2015-01-17,Newcastle,Southampton,0.856732,0.432026,0.432026,0.856732
2014,2015-01-18,West Ham,Hull,2.68629,0.423719,0.423719,2.68629
2014,2015-01-18,Man City,Arsenal,0.561966,1.49476,1.49476,0.561966
2014,2015-01-19,Everton,West Brom,1.4927,0.196316,0.196316,1.4927
2014,2015-01-31,Hull,Newcastle,0.989377,0.50926,0.50926,0.989377
2014,2015-01-31,Liverpool,West Ham,2.28203,0.383092,0.383092,2.28203
2014,2015-01-31,Man United,Leicester,1.7369,0.380882,0.380882,1.7369
2014,2015-01-31,Stoke,QPR,0.782569,1.11577,1.11577,0.782569
2014,2015-01-31,Sunderland,Burnley,1.89994,1.34786,1.34786,1.89994
2014,2015-01-31,West Brom,Tottenham,0.808495,1.34429,1.34429,0.808495
2014,2015-01-31,Crystal Palace,Everton,1.21034,1.35977,1.35977,1.21034
2014,2015-01-31,Chelsea,Man City,0.708923,0.907151,0.907151,0.708923
2014,2015-02-01,Arsenal,Aston Villa,2.35805,0.714521,0.714521,2.35805
2014,2015-02-01,Southampton,Swansea,1.62682,0.262557,0.262557,1.62682
2014,2015-02-07,Tottenham,Arsenal,1.2754,0.834136,0.834136,1.2754
2014,2015-02-07,Aston Villa,Chelsea,0.707847,1.11662,1.11662,0.707847
2014,2015-02-07,Swansea,Sunderland,1.86428,0.143279,0.143279,1.86428
2014,2015-02-07,Leicester,Crystal Palace,0.7797,1.00613,1.00613,0.7797
2014,2015-02-07,Man City,Hull,0.992526,1.13348,1.13348,0.992526
2014,2015-02-07,QPR,Southampton,1.03037,0.963892,0.963892,1.03037
2014,2015-02-07,Everton,Liverpool,0.227711,1.03601,1.03601,0.227711
2014,2015-02-08,Burnley,West Brom,1.09795,2.55442,2.55442,1.09795
2014,2015-02-08,Newcastle,Stoke,0.789943,0.220357,0.220357,0.789943
2014,2015-02-08,West Ham,Man United,0.86518,1.21344,1.21344,0.86518
2014,2015-02-10,Arsenal,Leicester,1.77095,0.799802,0.799802,1.77095
2014,2015-02-10,Sunderland,QPR,1.80831,1.26883,1.26883,1.80831
2014,2015-02-10,Hull,Aston Villa,0.985975,0.423817,0.423817,0.985975
2014,2015-02-10,Liverpool,Tottenham,2.76444,1.71247,1.71247,2.76444
2014,2015-02-11,Chelsea,Everton,0.89846,0.706994,0.706994,0.89846
2014,2015-02-11,Stoke,Man City,0.745602,2.13611,2.13611,0.745602
2014,2015-02-11,Man United,Burnley,1.62116,1.85067,1.85067,1.62116
2014,2015-02-11,Southampton,West Ham,1.68446,0.125464,0.125464,1.68446
2014,2015-02-11,Crystal Palace,Newcastle,0.932684,0.444535,0.444535,0.932684
2014,2015-02-11,West Brom,Swansea,0.685986,0.438959,0.438959,0.685986
2014,2015-02-21,Aston Villa,Stoke,0.234004,1.11955,1.11955,0.234004
2014,2015-02-21,Chelsea,Burnley,1.53973,0.513251,0.513251,1.53973
2014,2015-02-21,Crystal Palace,Arsenal,2.26395,2.08054,2.08054,2.26395
2014,2015-02-21,Sunderland,West Brom,0.699828,0.107318,0.107318,0.699828
2014,2015-02-21,Swansea,Man United,1.04218,1.47171,1.47171,1.04218
2014,2015-02-21,Hull,QPR,1.09259,0.190631,0.190631,1.09259
2014,2015-02-21,Man City,Newcastle,3.12533,0.166685,0.166685,3.12533
2014,2015-02-22,Tottenham,West Ham,2.17554,2.20831,2.20831,2.17554
2014,2015-02-22,Everton,Leicester,2.05032,1.99519,1.99519,2.05032
2014,2015-02-22,Southampton,Liverpool,0.869183,0.695778,0.695778,0.869183
2014,2015-02-28,West Ham,Crystal Palace,1.28506,0.851359,0.851359,1.28506
2014,2015-02-28,West Brom,Southampton,1.08916,0.579867,0.579867,1.08916
2014,2015-02-28,Stoke,Hull,0.895577,0.344489,0.344489,0.895577
2014,2015-02-28,Newcastle,Aston Villa,0.93198,0.773437,0.773437,0.93198
2014,2015-02-28,Burnley,Swansea,0.898885,1.41451,1.41451,0.898885
2014,2015-02-28,Man United,Sunderland,3.03534,0.272806,0.272806,3.03534
2014,2015-03-01,Liverpool,Man City,0.769022,1.12846,1.12846,0.769022
2014,2015-03-01,Arsenal,Everton,1.39298,0.367813,0.367813,1.39298
2014,2015-03-03,Aston Villa,West Brom,1.9201,0.905628,0.905628,1.9201
2014,2015-03-03,Hull,Sunderland,1.3938,1.23136,1.23136,1.3938
2014,2015-03-03,Southampton,Crystal Palace,2.22869,0.392674,0.392674,2.22869
2014,2015-03-04,West Ham,Chelsea,1.46324,2.38358,2.38358,1.46324
2014,2015-03-04,Man City,Leicester,2.91599,0.217043,0.217043,2.91599
2014,2015-03-04,Newcastle,Man United,1.19246,1.68865,1.68865,1.19246
2014,2015-03-04,Stoke,Everton,1.03921,0.418315,0.418315,1.03921
2014,2015-03-04,Tottenham,Swansea,2.13485,0.708217,0.708217,2.13485
2014,2015-03-04,QPR,Arsenal,0.318849,2.1651,2.1651,0.318849
2014,2015-03-04,Liverpool,Burnley,1.30453,0.319239,0.319239,1.30453
2014,2015-03-07,QPR,Tottenham,1.49775,2.62405,2.62405,1.49775
2014,2015-03-14,Crystal Palace,QPR,2.20095,0.266048,0.266048,2.20095
2014,2015-03-14,Arsenal,West Ham,3.19619,0.478172,0.478172,3.19619
2014,2015-03-14,Leicester,Hull,0.53913,1.0475,1.0475,0.53913
2014,2015-03-14,West Brom,Stoke,0.958807,0.198751,0.198751,0.958807
2014,2015-03-14,Sunderland,Aston Villa,0.472898,1.50195,1.50195,0.472898
2014,2015-03-14,Burnley,Man City,0.242058,1.2576,1.2576,0.242058
2014,2015-03-15,Chelsea,Southampton,3.19317,1.82802,1.82802,3.19317
2014,2015-03-15,Everton,Newcastle,2.25807,0.809194,0.809194,2.25807
2014,2015-03-15,Man United,Tottenham,1.02781,0.206431,0.206431,1.02781
2014,2015-03-16,Swansea,Liverpool,0.438751,1.69506,1.69506,0.438751
2014,2015-03-21,Man City,West Brom,4.90913,0.775158,0.775158,4.90913
2014,2015-03-21,Aston Villa,Swansea,0.762371,1.90437,1.90437,0.762371
2014,2015-03-21,Tottenham,Leicester,2.82935,2.722,2.722,2.82935
2014,2015-03-21,Southampton,Burnley,1.92097,1.05022,1.05022,1.92097
2014,2015-03-21,Stoke,Crystal Palace,2.07851,2.14974,2.14974,2.07851
2014,2015-03-21,Newcastle,Arsenal,1.0068,0.754782,0.754782,1.0068
2014,2015-03-21,West Ham,Sunderland,0.99619,0.536562,0.536562,0.99619
2014,2015-03-22,Liverpool,Man United,0.557648,1.22632,1.22632,0.557648
2014,2015-03-22,Hull,Chelsea,1.32415,0.758601,0.758601,1.32415
2014,2015-03-22,QPR,Everton,1.39318,0.839996,0.839996,1.39318
2014,2015-04-04,Arsenal,Liverpool,1.45672,1.21414,1.21414,1.45672
2014,2015-04-04,Everton,Southampton,1.02048,0.533646,0.533646,1.02048
2014,2015-04-04,Leicester,West Ham,3.43561,1.93553,1.93553,3.43561
2014,2015-04-04,Man United,Aston Villa,1.9836,0.311787,0.311787,1.9836
2014,2015-04-04,Swansea,Hull,1.49943,0.919329,0.919329,1.49943
2014,2015-04-04,West Brom,QPR,2.13361,1.20939,1.20939,2.13361
2014,2015-04-04,Chelsea,Stoke,3.28546,0.277288,0.277288,3.28546
2014,2015-04-05,Burnley,Tottenham,1.51355,0.377376,0.377376,1.51355
2014,2015-04-05,Sunderland,Newcastle,0.829443,0.798234,0.798234,0.829443
2014,2015-04-06,Crystal Palace,Man City,1.32783,1.1129,1.1129,1.32783
2014,2015-04-07,Aston Villa,QPR,1.86698,1.43061,1.43061,1.86698
2014,2015-04-11,Swansea,Everton,1.09678,0.842056,0.842056,1.09678
2014,2015-04-11,Sunderland,Crystal Palace,0.617079,2.34787,2.34787,0.617079
2014,2015-04-11,Southampton,Hull,2.37369,0.737337,0.737337,2.37369
2014,2015-04-11,West Ham,Stoke,0.604708,0.587985,0.587985,0.604708
2014,2015-04-11,Tottenham,Aston Villa,0.621738,0.860976,0.860976,0.621738
2014,2015-04-11,West Brom,Leicester,0.968439,1.6874,1.6874,0.968439
2014,2015-04-11,Burnley,Arsenal,0.65718,1.21096,1.21096,0.65718
2014,2015-04-12,QPR,Chelsea,0.780982,0.920984,0.920984,0.780982
2014,2015-04-12,Man United,Man City,2.66017,1.75844,1.75844,2.66017
2014,2015-04-13,Liverpool,Newcastle,1.26534,0.363343,0.363343,1.26534
2014,2015-04-18,Everton,Burnley,2.36114,1.06159,1.06159,2.36114
2014,2015-04-18,Crystal Palace,West Brom,2.0561,0.698022,0.698022,2.0561
2014,2015-04-18,Leicester,Swansea,2.57043,0.87346,0.87346,2.57043
2014,2015-04-18,Stoke,Southampton,2.26451,1.36108,1.36108,2.26451
2014,2015-04-18,Chelsea,Man United,1.1493,0.744613,0.744613,1.1493
2014,2015-04-19,Man City,West Ham,2.05138,0.738105,0.738105,2.05138
2014,2015-04-19,Newcastle,Tottenham,0.938886,1.99862,1.99862,0.938886
2014,2015-04-25,Southampton,Tottenham,1.39327,0.531276,0.531276,1.39327
2014,2015-04-25,QPR,West Ham,2.28143,0.824309,0.824309,2.28143
2014,2015-04-25,Newcastle,Swansea,1.54939,1.58825,1.58825,1.54939
2014,2015-04-25,West Brom,Liverpool,0.507754,1.41235,1.41235,0.507754
2014,2015-04-25,Stoke,Sunderland,2.15079,2.17523,2.17523,2.15079
2014,2015-04-25,Burnley,Leicester,1.98975,1.21926,1.21926,1.98975
2014,2015-04-25,Crystal Palace,Hull,0.913865,2.37709,2.37709,0.913865
2014,2015-04-25,Man City,Aston Villa,1.1892,0.901376,0.901376,1.1892
2014,2015-04-26,Everton,Man United,1.07922,0.750462,0.750462,1.07922
2014,2015-04-26,Arsenal,Chelsea,1.07482,0.853305,0.853305,1.07482
2014,2015-04-28,Hull,Liverpool,0.730978,0.523697,0.523697,0.730978
2014,2015-04-29,Leicester,Chelsea,0.600074,1.51717,1.51717,0.600074
2014,2015-05-02,Leicester,Newcastle,4.02694,0.485003,0.485003,4.02694
2014,2015-05-02,Liverpool,QPR,2.28745,0.386314,0.386314,2.28745
2014,2015-05-02,Aston Villa,Everton,1.56179,1.4049,1.4049,1.56179
2014,2015-05-02,Sunderland,Southampton,1.97694,0.906357,0.906357,1.97694
2014,2015-05-02,Swansea,Stoke,2.07645,0.324134,0.324134,2.07645
2014,2015-05-02,West Ham,Burnley,3.23925,0.758485,0.758485,3.23925
2014,2015-05-02,Man United,West Brom,2.10841,0.317533,0.317533,2.10841
2014,2015-05-03,Chelsea,Crystal Palace,1.5619,0.41646,0.41646,1.5619
2014,2015-05-03,Tottenham,Man City,2.07027,1.80612,1.80612,2.07027
2014,2015-05-04,Hull,Arsenal,0.474706,2.94938,2.94938,0.474706
2014,2015-05-09,Everton,Sunderland,1.14341,1.19799,1.19799,1.14341
2014,2015-05-09,Hull,Burnley,1.12811,1.21303,1.21303,1.12811
2014,2015-05-09,Aston Villa,West Ham,1.26585,0.149381,0.149381,1.26585
2014,2015-05-09,Leicester,Southampton,1.64129,0.348109,0.348109,1.64129
2014,2015-05-09,Newcastle,West Brom,1.23706,1.21081,1.21081,1.23706
2014,2015-05-09,Stoke,Tottenham,2.138,0.298008,0.298008,2.138
2014,2015-05-09,Crystal Palace,Man United,1.04344,2.29775,2.29775,1.04344
2014,2015-05-10,Man City,QPR,5.35103,0.872314,0.872314,5.35103
2014,2015-05-10,Chelsea,Liverpool,0.535272,1.33324,1.33324,0.535272
2014,2015-05-11,Arsenal,Swansea,1.88364,0.347185,0.347185,1.88364
2014,2015-05-16,Southampton,Aston Villa,3.59558,1.18593,1.18593,3.59558
2014,2015-05-16,QPR,Newcastle,0.470106,2.11207,2.11207,0.470106
2014,2015-05-16,Sunderland,Leicester,0.935248,0.682972,0.682972,0.935248
2014,2015-05-16,Tottenham,Hull,1.70119,1.13285,1.13285,1.70119
2014,2015-05-16,West Ham,Everton,0.813296,2.07078,2.07078,0.813296
2014,2015-05-16,Burnley,Stoke,0.909845,1.76276,1.76276,0.909845
2014,2015-05-16,Liverpool,Crystal Palace,1.11415,1.99504,1.99504,1.11415
2014,2015-05-17,Swansea,Man City,1.06125,2.28119,2.28119,1.06125
2014,2015-05-17,Man United,Arsenal,0.715214,1.06814,1.06814,0.715214
2014,2015-05-18,West Brom,Chelsea,1.22743,1.07679,1.07679,1.22743
2014,2015-05-20,Arsenal,Sunderland,1.68909,1.50177,1.50177,1.68909
2014,2015-05-24,Aston Villa,Burnley,0.654751,0.66113,0.66113,0.654751
2014,2015-05-24,Chelsea,Sunderland,2.52912,1.39272,1.39272,2.52912
2014,2015-05-24,Crystal Palace,Swansea,1.07504,0.118613,0.118613,1.07504
2014,2015-05-24,Arsenal,West Brom,3.16614,0.569092,0.569092,3.16614
2014,2015-05-24,Everton,Tottenham,0.646215,1.39049,1.39049,0.646215
2014,2015-05-24,Hull,Man United,0.984196,0.399522,0.399522,0.984196
2014,2015-05-24,Leicester,QPR,2.17428,1.26755,1.26755,2.17428
2014,2015-05-24,Man City,Southampton,2.44073,0.775853,0.775853,2.44073
2014,2015-05-24,Newcastle,West Ham,1.64216,0.416396,0.416396,1.64216
2014,2015-05-24,Stoke,Liverpool,2.15707,1.02292,1.02292,2.15707
2015,2015-08-08,Man United,Tottenham,0.627539,0.6746,0.6746,0.627539
2015,2015-08-08,Bournemouth,Aston Villa,0.876106,0.782253,0.782253,0.876106
2015,2015-08-08,Everton,Watford,0.604226,0.557892,0.557892,0.604226
2015,2015-08-08,Leicester,Sunderland,2.56803,1.45946,1.45946,2.56803
2015,2015-08-08,Norwich,Crystal Palace,1.13076,2.10975,2.10975,1.13076
2015,2015-08-08,Chelsea,Swansea,0.64396,2.59203,2.59203,0.64396
2015,2015-08-09,Newcastle,Southampton,1.54613,1.2529,1.2529,1.54613
2015,2015-08-09,Arsenal,West Ham,1.33166,0.535961,0.535961,1.33166
2015,2015-08-09,Stoke,Liverpool,0.381274,0.329873,0.329873,0.381274
2015,2015-08-10,West Brom,Man City,0.435238,1.9242,1.9242,0.435238
2015,2015-08-14,Aston Villa,Man United,0.219118,0.660404,0.660404,0.219118
2015,2015-08-15,Southampton,Everton,1.06214,1.39628,1.39628,1.06214
2015,2015-08-15,Sunderland,Norwich,0.329128,1.71686,1.71686,0.329128
2015,2015-08-15,Swansea,Newcastle,1.97424,0.113109,0.113109,1.97424
2015,2015-08-15,Tottenham,Stoke,1.70614,2.80956,2.80956,1.70614
2015,2015-08-15,Watford,West Brom,0.760848,0.684036,0.684036,0.760848
2015,2015-08-15,West Ham,Leicester,0.513491,1.80939,1.80939,0.513491
2015,2015-08-16,Crystal Palace,Arsenal,0.964134,2.05542,2.05542,0.964134
2015,2015-08-16,Man City,Chelsea,2.18579,0.482423,0.482423,2.18579
2015,2015-08-17,Liverpool,Bournemouth,2.15062,0.460805,0.460805,2.15062
2015,2015-08-22,Man United,Newcastle,1.2491,0.4384,0.4384,1.2491
2015,2015-08-22,Norwich,Stoke,3.14888,0.698228,0.698228,3.14888
2015,2015-08-22,Sunderland,Swansea,0.569426,1.56064,1.56064,0.569426
2015,2015-08-22,Crystal Palace,Aston Villa,1.23807,0.765278,0.765278,1.23807
2015,2015-08-22,Leicester,Tottenham,0.829012,1.89437,1.89437,0.829012
2015,2015-08-22,West Ham,Bournemouth,1.50203,2.8554,2.8554,1.50203
2015,2015-08-23,West Brom,Chelsea,1.42622,2.02778,2.02778,1.42622
2015,2015-08-23,Everton,Man City,0.579338,1.57983,1.57983,0.579338
2015,2015-08-23,Watford,Southampton,1.17588,0.68359,0.68359,1.17588
2015,2015-08-24,Arsenal,Liverpool,1.83755,1.29206,1.29206,1.83755
2015,2015-08-29,Newcastle,Arsenal,0.0319694,2.33948,2.33948,0.0319694
2015,2015-08-29,Stoke,West Brom,1.21771,0.881194,0.881194,1.21771
2015,2015-08-29,Aston Villa,Sunderland,2.27406,0.368848,0.368848,2.27406
2015,2015-08-29,Bournemouth,Leicester,0.321432,0.919097,0.919097,0.321432
2015,2015-08-29,Chelsea,Crystal Palace,1.27906,2.19283,2.19283,1.27906
2015,2015-08-29,Liverpool,West Ham,0.561737,0.97217,0.97217,0.561737
2015,2015-08-29,Man City,Watford,1.52895,0.363603,0.363603,1.52895
2015,2015-08-29,Tottenham,Everton,1.99917,0.694692,0.694692,1.99917
2015,2015-08-30,Southampton,Norwich,2.85501,0.639434,0.639434,2.85501
2015,2015-08-30,Swansea,Man United,0.971183,1.28089,1.28089,0.971183
2015,2015-09-12,Everton,Chelsea,1.18026,0.656048,0.656048,1.18026
2015,2015-09-12,Arsenal,Stoke,4.42684,0.191277,0.191277,4.42684
2015,2015-09-12,Crystal Palace,Man City,0.743193,3.08883,3.08883,0.743193
2015,2015-09-12,Watford,Swansea,1.57333,0.503008,0.503008,1.57333
2015,2015-09-12,West Brom,Southampton,0.409143,1.00731,1.00731,0.409143
2015,2015-09-12,Norwich,Bournemouth,1.33151,0.389495,0.389495,1.33151
2015,2015-09-12,Man United,Liverpool,1.46206,1.02572,1.02572,1.46206
2015,2015-09-13,Sunderland,Tottenham,1.0407,1.45615,1.45615,1.0407
2015,2015-09-13,Leicester,Aston Villa,1.34987,0.953181,0.953181,1.34987
2015,2015-09-14,West Ham,Newcastle,1.71282,0.716599,0.716599,1.71282
2015,2015-09-19,Chelsea,Arsenal,2.0687,0.775312,0.775312,2.0687
2015,2015-09-19,Newcastle,Watford,1.15114,1.33961,1.33961,1.15114
2015,2015-09-19,Aston Villa,West Brom,0.876719,0.632761,0.632761,0.876719
2015,2015-09-19,Bournemouth,Sunderland,0.644335,0.854867,0.854867,0.644335
2015,2015-09-19,Stoke,Leicester,1.14717,1.22582,1.22582,1.14717
2015,2015-09-19,Swansea,Everton,0.864868,1.77458,1.77458,0.864868
2015,2015-09-19,Man City,West Ham,2.98465,0.995273,0.995273,2.98465
2015,2015-09-20,Tottenham,Crystal Palace,1.01573,0.538439,0.538439,1.01573
2015,2015-09-20,Southampton,Man United,1.83663,1.65119,1.65119,1.83663
2015,2015-09-20,Liverpool,Norwich,1.90447,0.556271,0.556271,1.90447
2015,2015-09-26,Tottenham,Man City,2.30799,1.57842,1.57842,2.30799
2015,2015-09-26,Southampton,Swansea,1.55418,1.41962,1.41962,1.55418
2015,2015-09-26,Stoke,Bournemouth,1.94483,0.871678,0.871678,1.94483
2015,2015-09-26,Leicester,Arsenal,1.38516,3.89623,3.89623,1.38516
2015,2015-09-26,Liverpool,Aston Villa,1.78331,0.892054,0.892054,1.78331
2015,2015-09-26,Man United,Sunderland,2.8971,0.832139,0.832139,2.8971
2015,2015-09-26,West Ham,Norwich,2.60407,1.38603,1.38603,2.60407
2015,2015-09-26,Newcastle,Chelsea,0.702109,1.30593,1.30593,0.702109
2015,2015-09-27,Watford,Crystal Palace,0.685939,2.33566,2.33566,0.685939
2015,2015-09-28,West Brom,Everton,1.27511,2.30159,2.30159,1.27511
2015,2015-10-03,Crystal Palace,West Brom,1.99083,0.255528,0.255528,1.99083
2015,2015-10-03,Aston Villa,Stoke,0.839028,1.03499,1.03499,0.839028
2015,2015-10-03,Bournemouth,Watford,1.50268,0.913291,0.913291,1.50268
2015,2015-10-03,Man City,Newcastle,3.3346,0.980279,0.980279,3.3346
2015,2015-10-03,Norwich,Leicester,1.18074,3.00282,3.00282,1.18074
2015,2015-10-03,Sunderland,West Ham,1.08401,1.93656,1.93656,1.08401
2015,2015-10-03,Chelsea,Southampton,0.520175,1.58246,1.58246,0.520175
2015,2015-10-04,Everton,Liverpool,1.20063,1.30844,1.30844,1.20063
2015,2015-10-04,Swansea,Tottenham,0.774806,1.18142,1.18142,0.774806
2015,2015-10-04,Arsenal,Man United,2.16952,1.03953,1.03953,2.16952
2015,2015-10-17,Tottenham,Liverpool,0.586228,0.715892,0.715892,0.586228
2015,2015-10-17,Southampton,Leicester,1.46668,2.78648,2.78648,1.46668
2015,2015-10-17,West Brom,Sunderland,2.07781,0.658473,0.658473,2.07781
2015,2015-10-17,Chelsea,Aston Villa,1.22875,0.795846,0.795846,1.22875
2015,2015-10-17,Crystal Palace,West Ham,1.08391,2.76356,2.76356,1.08391
2015,2015-10-17,Everton,Man United,0.653457,1.47853,1.47853,0.653457
2015,2015-10-17,Man City,Bournemouth,4.71274,0.173025,0.173025,4.71274
2015,2015-10-17,Watford,Arsenal,0.254791,2.69046,2.69046,0.254791
2015,2015-10-18,Newcastle,Norwich,2.24896,1.34395,1.34395,2.24896
2015,2015-10-19,Swansea,Stoke,0.485489,1.64894,1.64894,0.485489
2015,2015-10-24,Aston Villa,Swansea,1.09516,1.74353,1.74353,1.09516
2015,2015-10-24,Leicester,Crystal Palace,1.33502,0.240008,0.240008,1.33502
2015,2015-10-24,West Ham,Chelsea,0.77284,1.1356,1.1356,0.77284
2015,2015-10-24,Norwich,West Brom,1.03228,1.45436,1.45436,1.03228
2015,2015-10-24,Stoke,Watford,0.848432,1.0403,1.0403,0.848432
2015,2015-10-24,Arsenal,Everton,2.55754,0.373025,0.373025,2.55754
2015,2015-10-25,Sunderland,Newcastle,2.37969,1.41744,1.41744,2.37969
2015,2015-10-25,Bournemouth,Tottenham,0.490581,3.43313,3.43313,0.490581
2015,2015-10-25,Man United,Man City,0.391754,0.310718,0.310718,0.391754
2015,2015-10-25,Liverpool,Southampton,0.682823,1.56383,1.56383,0.682823
2015,2015-10-31,Chelsea,Liverpool,0.735762,0.839342,0.839342,0.735762
2015,2015-10-31,Crystal Palace,Man United,0.939118,0.394404,0.394404,0.939118
2015,2015-10-31,Man City,Norwich,2.83557,1.17497,1.17497,2.83557
2015,2015-10-31,Newcastle,Stoke,1.26075,1.38017,1.38017,1.26075
2015,2015-10-31,Swansea,Arsenal,0.264441,2.17657,2.17657,0.264441
2015,2015-10-31,Watford,West Ham,1.61544,0.605625,0.605625,1.61544
2015,2015-10-31,West Brom,Leicester,1.50447,2.22545,2.22545,1.50447
2015,2015-11-01,Everton,Sunderland,2.34852,1.21834,1.21834,2.34852
2015,2015-11-01,Southampton,Bournemouth,1.15966,0.712132,0.712132,1.15966
2015,2015-11-03,Tottenham,Aston Villa,1.14374,0.325711,0.325711,1.14374
2015,2015-11-07,Bournemouth,Newcastle,1.00427,0.504409,0.504409,1.00427
2015,2015-11-07,Leicester,Watford,1.56389,1.00531,1.00531,1.56389
2015,2015-11-07,Man United,West Brom,1.2779,0.594031,0.594031,1.2779
2015,2015-11-07,Norwich,Swansea,1.19517,0.402284,0.402284,1.19517
2015,2015-11-07,West Ham,Everton,0.589567,1.08814,1.08814,0.589567
2015,2015-11-07,Sunderland,Southampton,0.299104,1.79578,1.79578,0.299104
2015,2015-11-07,Stoke,Chelsea,0.825418,1.02642,1.02642,0.825418
2015,2015-11-08,Aston Villa,Man City,0.182741,1.53281,1.53281,0.182741
2015,2015-11-08,Arsenal,Tottenham,2.01767,0.90585,0.90585,2.01767
2015,2015-11-08,Liverpool,Crystal Palace,2.15673,0.849281,0.849281,2.15673
2015,2015-11-21,Watford,Man United,1.47077,1.30264,1.30264,1.47077
2015,2015-11-21,Swansea,Bournemouth,1.88526,1.58509,1.58509,1.88526
2015,2015-11-21,Southampton,Stoke,0.709485,1.19495,1.19495,0.709485
2015,2015-11-21,West Brom,Arsenal,0.332888,2.08956,2.08956,0.332888
2015,2015-11-21,Newcastle,Leicester,0.372387,3.27478,3.27478,0.372387
2015,2015-11-21,Everton,Aston Villa,2.83068,0.322061,0.322061,2.83068
2015,2015-11-21,Chelsea,Norwich,2.16487,0.202798,0.202798,2.16487
2015,2015-11-21,Man City,Liverpool,1.08612,2.61697,2.61697,1.08612
2015,2015-11-22,Tottenham,West Ham,3.22353,0.818937,0.818937,3.22353
2015,2015-11-24,Crystal Palace,Sunderland,0.696183,1.30739,1.30739,0.696183
2015,2015-11-28,Sunderland,Stoke,0.863466,0.79464,0.79464,0.863466
2015,2015-11-28,Aston Villa,Watford,1.48969,1.45176,1.45176,1.48969
2015,2015-11-28,Bournemouth,Everton,1.69105,0.729005,0.729005,1.69105
2015,2015-11-28,Crystal Palace,Newcastle,1.67836,0.791299,0.791299,1.67836
2015,2015-11-28,Man City,Southampton,2.12331,1.24478,1.24478,2.12331
2015,2015-11-28,Leicester,Man United,0.876256,1.05613,1.05613,0.876256
2015,2015-11-29,Tottenham,Chelsea,0.333494,0.283375,0.283375,0.333494
2015,2015-11-29,West Ham,West Brom,1.41404,0.866305,0.866305,1.41404
2015,2015-11-29,Liverpool,Swansea,1.19358,0.367517,0.367517,1.19358
2015,2015-11-29,Norwich,Arsenal,1.01025,1.65699,1.65699,1.01025
2015,2015-12-05,Stoke,Man City,2.01436,0.483752,0.483752,2.01436
2015,2015-12-05,Swansea,Leicester,0.780602,2.20962,2.20962,0.780602
2015,2015-12-05,Watford,Norwich,2.07199,0.310524,0.310524,2.07199
2015,2015-12-05,West Brom,Tottenham,1.48695,1.12876,1.12876,1.48695
2015,2015-12-05,Arsenal,Sunderland,2.29559,1.5228,1.5228,2.29559
2015,2015-12-05,Man United,West Ham,1.76061,1.10206,1.10206,1.76061
2015,2015-12-05,Southampton,Aston Villa,2.86051,1.058,1.058,2.86051
2015,2015-12-05,Chelsea,Bournemouth,1.66952,1.25911,1.25911,1.66952
2015,2015-12-06,Newcastle,Liverpool,0.646346,0.999043,0.999043,0.646346
2015,2015-12-08,Everton,Crystal Palace,1.69774,1.1905,1.1905,1.69774
2015,2015-12-12,Norwich,Everton,1.49283,2.43558,2.43558,1.49283
2015,2015-12-12,Man City,Swansea,1.34338,0.962789,0.962789,1.34338
2015,2015-12-12,Sunderland,Watford,0.879474,2.0562,2.0562,0.879474
2015,2015-12-12,Crystal Palace,Southampton,1.31177,0.890411,0.890411,1.31177
2015,2015-12-12,West Ham,Stoke,1.13181,1.87239,1.87239,1.13181
2015,2015-12-12,Bournemouth,Man United,1.05032,1.96768,1.96768,1.05032
2015,2015-12-13,Aston Villa,Arsenal,1.00876,1.68498,1.68498,1.00876
2015,2015-12-13,Liverpool,West Brom,2.12583,0.835885,0.835885,2.12583
2015,2015-12-13,Tottenham,Newcastle,1.03317,1.55252,1.55252,1.03317
2015,2015-12-15,Leicester,Chelsea,0.708846,2.26887,2.26887,0.708846
2015,2015-12-19,West Brom,Bournemouth,0.698255,1.89177,1.89177,0.698255
2015,2015-12-19,Southampton,Tottenham,0.83385,1.47453,1.47453,0.83385
2015,2015-12-19,Stoke,Crystal Palace,2.41499,1.95347,1.95347,2.41499
2015,2015-12-19,Chelsea,Sunderland,3.02023,1.23573,1.23573,3.02023
2015,2015-12-19,Everton,Leicester,1.48982,2.02911,2.02911,1.48982
2015,2015-12-19,Man United,Norwich,1.01394,0.556897,0.556897,1.01394
2015,2015-12-19,Newcastle,Aston Villa,1.28189,0.404373,0.404373,1.28189
2015,2015-12-20,Watford,Liverpool,1.99336,0.376313,0.376313,1.99336
2015,2015-12-20,Swansea,West Ham,0.973378,0.401988,0.401988,0.973378
2015,2015-12-22,Arsenal,Man City,1.50109,0.769378,0.769378,1.50109
2015,2015-12-26,Stoke,Man United,1.18211,1.28961,1.28961,1.18211
2015,2015-12-26,Swansea,West Brom,1.21243,0.554583,0.554583,1.21243
2015,2015-12-26,Tottenham,Norwich,2.40666,0.452019,0.452019,2.40666
2015,2015-12-26,Aston Villa,West Ham,1.61235,0.836027,0.836027,1.61235
2015,2015-12-26,Bournemouth,Crystal Palace,0.871395,0.405181,0.405181,0.871395
2015,2015-12-26,Chelsea,Watford,2.09356,1.667,1.667,2.09356
2015,2015-12-26,Liverpool,Leicester,1.37933,0.505167,0.505167,1.37933
2015,2015-12-26,Man City,Sunderland,3.51848,1.08103,1.08103,3.51848
2015,2015-12-26,Newcastle,Everton,1.35711,1.69923,1.69923,1.35711
2015,2015-12-26,Southampton,Arsenal,2.4303,0.83106,0.83106,2.4303
2015,2015-12-28,West Brom,Newcastle,2.1039,0.456189,0.456189,2.1039
2015,2015-12-28,Watford,Tottenham,1.13011,0.527248,0.527248,1.13011
2015,2015-12-28,Norwich,Aston Villa,1.10319,0.235874,0.235874,1.10319
2015,2015-12-28,Crystal Palace,Swansea,0.735185,0.169425,0.169425,0.735185
2015,2015-12-28,Everton,Stoke,2.2472,1.58159,1.58159,2.2472
2015,2015-12-28,Arsenal,Bournemouth,3.12958,0.343752,0.343752,3.12958
2015,2015-12-28,Man United,Chelsea,1.35213,0.900029,0.900029,1.35213
2015,2015-12-28,West Ham,Southampton,1.79562,1.3709,1.3709,1.79562
2015,2015-12-29,Leicester,Man City,0.810377,1.66777,1.66777,0.810377
2015,2015-12-30,Sunderland,Liverpool,0.481551,1.80743,1.80743,0.481551
2015,2016-01-02,West Ham,Liverpool,2.06737,1.86591,1.86591,2.06737
2015,2016-01-02,West Brom,Stoke,1.72318,0.917526,0.917526,1.72318
2015,2016-01-02,Arsenal,Newcastle,1.93025,1.15339,1.15339,1.93025
2015,2016-01-02,Leicester,Bournemouth,2.28506,1.2593,1.2593,2.28506
2015,2016-01-02,Man United,Swansea,1.74266,0.542907,0.542907,1.74266
2015,2016-01-02,Norwich,Southampton,1.50509,0.932294,0.932294,1.50509
2015,2016-01-02,Sunderland,Aston Villa,0.761225,0.27956,0.27956,0.761225
2015,2016-01-02,Watford,Man City,0.985368,0.692054,0.692054,0.985368
2015,2016-01-03,Crystal Palace,Chelsea,0.546499,2.3747,2.3747,0.546499
2015,2016-01-03,Everton,Tottenham,0.721603,0.75907,0.75907,0.721603
2015,2016-01-12,Newcastle,Man United,1.81304,2.36216,2.36216,1.81304
2015,2016-01-12,Aston Villa,Crystal Palace,0.551973,0.547913,0.547913,0.551973
2015,2016-01-12,Bournemouth,West Ham,0.729546,1.18455,1.18455,0.729546
2015,2016-01-13,Southampton,Watford,1.7224,0.11543,0.11543,1.7224
2015,2016-01-13,Stoke,Norwich,1.24456,0.193728,0.193728,1.24456
2015,2016-01-13,Swansea,Sunderland,1.06526,2.49057,2.49057,1.06526
2015,2016-01-13,Chelsea,West Brom,1.38532,0.704263,0.704263,1.38532
2015,2016-01-13,Man City,Everton,1.44957,0.369548,0.369548,1.44957
2015,2016-01-14,Liverpool,Arsenal,1.16222,2.22912,2.22912,1.16222
2015,2016-01-14,Tottenham,Leicester,1.2301,0.588708,0.588708,1.2301
2015,2016-01-16,Tottenham,Sunderland,2.02579,0.617306,0.617306,2.02579
2015,2016-01-16,Man City,Crystal Palace,1.74025,0.613339,0.613339,1.74025
2015,2016-01-16,Newcastle,West Ham,1.84261,1.08248,1.08248,1.84261
2015,2016-01-16,Southampton,West Brom,1.42623,0.410757,0.410757,1.42623
2015,2016-01-16,Chelsea,Everton,2.44864,1.5891,1.5891,2.44864
2015,2016-01-16,Bournemouth,Norwich,2.53086,0.595472,0.595472,2.53086
2015,2016-01-16,Aston Villa,Leicester,0.665386,2.21525,2.21525,0.665386
2015,2016-01-17,Liverpool,Man United,0.952974,0.715703,0.715703,0.952974
2015,2016-01-17,Stoke,Arsenal,0.546879,0.585841,0.585841,0.546879
2015,2016-01-19,Swansea,Watford,0.474035,0.525478,0.525478,0.474035
2015,2016-01-23,Norwich,Liverpool,1.03432,1.44943,1.44943,1.03432
2015,2016-01-23,Crystal Palace,Tottenham,0.930792,1.74368,1.74368,0.930792
2015,2016-01-23,Man United,Southampton,0.187217,0.83591,0.83591,0.187217
2015,2016-01-23,Leicester,Stoke,2.25906,0.340483,0.340483,2.25906
2015,2016-01-23,West Brom,Aston Villa,0.23184,0.562461,0.562461,0.23184
2015,2016-01-23,Sunderland,Bournemouth,0.612134,1.26851,1.26851,0.612134
2015,2016-01-23,Watford,Newcastle,2.58707,1.29267,1.29267,2.58707
2015,2016-01-23,West Ham,Man City,1.01267,1.73182,1.73182,1.01267
2015,2016-01-24,Everton,Swansea,1.94094,1.08055,1.08055,1.94094
2015,2016-01-24,Arsenal,Chelsea,1.10907,1.48778,1.48778,1.10907
2015,2016-02-02,Arsenal,Southampton,3.38487,0.93405,0.93405,3.38487
2015,2016-02-02,Leicester,Liverpool,1.34566,0.580791,0.580791,1.34566
2015,2016-02-02,Norwich,Tottenham,0.929319,2.75469,2.75469,0.929319
2015,2016-02-02,Sunderland,Man City,0.888437,0.638461,0.638461,0.888437
2015,2016-02-02,West Ham,Aston Villa,2.34619,0.107888,0.107888,2.34619
2015,2016-02-03,Crystal Palace,Bournemouth,1.62395,1.17427,1.17427,1.62395
2015,2016-02-03,Man United,Stoke,2.45272,0.350909,0.350909,2.45272
2015,2016-02-03,West Brom,Swansea,2.30645,1.17928,1.17928,2.30645
2015,2016-02-03,Everton,Newcastle,2.48447,0.626239,0.626239,2.48447
2015,2016-02-03,Watford,Chelsea,0.531415,1.13694,1.13694,0.531415
2015,2016-02-06,Man City,Leicester,1.70719,2.50168,2.50168,1.70719
2015,2016-02-06,Newcastle,West Brom,2.41057,0.472556,0.472556,2.41057
2015,2016-02-06,Stoke,Everton,0.693548,3.05913,3.05913,0.693548
2015,2016-02-06,Tottenham,Watford,2.00475,0.149839,0.149839,2.00475
2015,2016-02-06,Swansea,Crystal Palace,1.32136,1.01465,1.01465,1.32136
2015,2016-02-06,Aston Villa,Norwich,0.918291,1.1413,1.1413,0.918291
2015,2016-02-06,Liverpool,Sunderland,1.57712,0.491843,0.491843,1.57712
2015,2016-02-06,Southampton,West Ham,1.06493,0.970583,0.970583,1.06493
2015,2016-02-07,Bournemouth,Arsenal,0.584316,1.13957,1.13957,0.584316
2015,2016-02-07,Chelsea,Man United,1.61554,0.780475,0.780475,1.61554
2015,2016-02-13,Sunderland,Man United,1.48186,0.908296,0.908296,1.48186
2015,2016-02-13,Swansea,Southampton,0.699012,1.19353,1.19353,0.699012
2015,2016-02-13,Norwich,West Ham,1.03362,0.741428,0.741428,1.03362
2015,2016-02-13,Everton,West Brom,1.82912,1.1974,1.1974,1.82912
2015,2016-02-13,Crystal Palace,Watford,0.983946,1.99728,1.99728,0.983946
2015,2016-02-13,Bournemouth,Stoke,1.19427,0.927348,0.927348,1.19427
2015,2016-02-13,Chelsea,Newcastle,2.0858,0.430664,0.430664,2.0858
2015,2016-02-14,Arsenal,Leicester,2.36319,1.31246,1.31246,2.36319
2015,2016-02-14,Aston Villa,Liverpool,0.174868,2.00756,2.00756,0.174868
2015,2016-02-14,Man City,Tottenham,1.97876,1.23517,1.23517,1.97876
2015,2016-02-27,West Ham,Sunderland,0.52387,1.07887,1.07887,0.52387
2015,2016-02-27,Watford,Bournemouth,1.00481,0.955252,0.955252,1.00481
2015,2016-02-27,Leicester,Norwich,1.7645,0.814784,0.814784,1.7645
2015,2016-02-27,Southampton,Chelsea,1.01074,0.631036,0.631036,1.01074
2015,2016-02-27,Stoke,Aston Villa,2.04047,0.414343,0.414343,2.04047
2015,2016-02-27,West Brom,Crystal Palace,2.07488,1.21638,1.21638,2.07488
2015,2016-02-28,Tottenham,Swansea,3.57325,1.24938,1.24938,3.57325
2015,2016-02-28,Man United,Arsenal,1.09522,1.5435,1.5435,1.09522
2015,2016-03-01,Aston Villa,Everton,0.60177,2.63668,2.63668,0.60177
2015,2016-03-01,Bournemouth,Southampton,1.41228,0.954161,0.954161,1.41228
2015,2016-03-01,Leicester,West Brom,3.04626,1.29485,1.29485,3.04626
2015,2016-03-01,Sunderland,Crystal Palace,0.93375,0.887448,0.887448,0.93375
2015,2016-03-01,Norwich,Chelsea,1.24159,0.980988,0.980988,1.24159
2015,2016-03-02,West Ham,Tottenham,0.784319,1.22673,1.22673,0.784319
2015,2016-03-02,Arsenal,Swansea,1.4928,1.69788,1.69788,1.4928
2015,2016-03-02,Stoke,Newcastle,0.298318,0.270782,0.270782,0.298318
2015,2016-03-03,Liverpool,Man City,1.16781,0.180318,0.180318,1.16781
2015,2016-03-03,Man United,Watford,0.786278,2.16484,2.16484,0.786278
2015,2016-03-05,Tottenham,Arsenal,1.88378,0.543157,0.543157,1.88378
2015,2016-03-05,Southampton,Sunderland,1.54587,1.31562,1.31562,1.54587
2015,2016-03-05,Swansea,Norwich,0.545937,0.580126,0.580126,0.545937
2015,2016-03-05,Chelsea,Stoke,1.0615,1.60285,1.60285,1.0615
2015,2016-03-05,Everton,West Ham,2.09025,2.72091,2.72091,2.09025
2015,2016-03-05,Man City,Aston Villa,2.83271,0.121136,0.121136,2.83271
2015,2016-03-05,Newcastle,Bournemouth,0.833931,1.26853,1.26853,0.833931
2015,2016-03-05,Watford,Leicester,0.829318,1.47042,1.47042,0.829318
2015,2016-03-06,Crystal Palace,Liverpool,1.43901,2.27087,2.27087,1.43901
2015,2016-03-06,West Brom,Man United,0.565787,0.417622,0.417622,0.565787
2015,2016-03-12,Norwich,Man City,0.139743,0.557373,0.557373,0.139743
2015,2016-03-12,Stoke,Southampton,1.06676,0.874966,0.874966,1.06676
2015,2016-03-12,Bournemouth,Swansea,0.70756,1.09562,1.09562,0.70756
2015,2016-03-13,Aston Villa,Tottenham,1.84022,2.00141,2.00141,1.84022
2015,2016-03-14,Leicester,Newcastle,0.846771,0.518715,0.518715,0.846771
2015,2016-03-19,Everton,Arsenal,0.58617,1.92384,1.92384,0.58617
2015,2016-03-19,Crystal Palace,Leicester,0.784339,1.20315,1.20315,0.784339
2015,2016-03-19,Chelsea,West Ham,2.1406,0.862828,0.862828,2.1406
2015,2016-03-19,Watford,Stoke,0.879462,1.58145,1.58145,0.879462
2015,2016-03-19,West Brom,Norwich,0.332789,0.799255,0.799255,0.332789
2015,2016-03-19,Swansea,Aston Villa,0.490469,0.730828,0.730828,0.490469
2015,2016-03-20,Southampton,Liverpool,1.56873,1.29046,1.29046,1.56873
2015,2016-03-20,Newcastle,Sunderland,0.940593,0.785017,0.785017,0.940593
2015,2016-03-20,Man City,Man United,1.86249,0.900312,0.900312,1.86249
2015,2016-03-20,Tottenham,Bournemouth,2.02694,0.120366,0.120366,2.02694
2015,2016-04-02,Aston Villa,Chelsea,0.72512,2.49358,2.49358,0.72512
2015,2016-04-02,Arsenal,Watford,3.00742,0.290619,0.290619,3.00742
2015,2016-04-02,Bournemouth,Man City,1.3239,0.868303,0.868303,1.3239
2015,2016-04-02,Norwich,Newcastle,1.65216,1.46835,1.46835,1.65216
2015,2016-04-02,Stoke,Swansea,1.17598,0.4319,0.4319,1.17598
2015,2016-04-02,Sunderland,West Brom,1.54544,0.0635563,0.0635563,1.54544
2015,2016-04-02,West Ham,Crystal Palace,1.71369,1.65593,1.65593,1.71369
2015,2016-04-02,Liverpool,Tottenham,1.37954,1.23579,1.23579,1.37954
2015,2016-04-03,Leicester,Southampton,1.38701,0.670068,0.670068,1.38701
2015,2016-04-03,Man United,Everton,0.998692,0.755625,0.755625,0.998692
2015,2016-04-09,West Ham,Arsenal,1.10973,1.46966,1.46966,1.10973
2015,2016-04-09,Watford,Everton,0.408379,1.59979,1.59979,0.408379
2015,2016-04-09,Southampton,Newcastle,1.78477,0.165982,0.165982,1.78477
2015,2016-04-09,Swansea,Chelsea,1.9071,1.3003,1.3003,1.9071
2015,2016-04-09,Aston Villa,Bournemouth,0.220872,1.0038,1.0038,0.220872
2015,2016-04-09,Crystal Palace,Norwich,1.45029,0.675663,0.675663,1.45029
2015,2016-04-09,Man City,West Brom,2.07325,1.09413,1.09413,2.07325
2015,2016-04-10,Sunderland,Leicester,0.872232,2.60072,2.60072,0.872232
2015,2016-04-10,Tottenham,Man United,1.79647,0.341238,0.341238,1.79647
2015,2016-04-10,Liverpool,Stoke,2.21484,0.85508,0.85508,2.21484
2015,2016-04-13,Crystal Palace,Everton,1.59025,0.759269,0.759269,1.59025
2015,2016-04-16,Norwich,Sunderland,1.09006,1.99748,1.99748,1.09006
2015,2016-04-16,Man United,Aston Villa,1.09127,0.262427,0.262427,1.09127
2015,2016-04-16,Everton,Southampton,0.318721,1.38323,1.38323,0.318721
2015,2016-04-16,Newcastle,Swansea,1.5024,0.787081,0.787081,1.5024
2015,2016-04-16,West Brom,Watford,2.2915,0.364852,0.364852,2.2915
2015,2016-04-16,Chelsea,Man City,0.487715,2.62768,2.62768,0.487715
2015,2016-04-17,Leicester,West Ham,1.95296,1.56819,1.56819,1.95296
2015,2016-04-17,Bournemouth,Liverpool,0.85914,1.81443,1.81443,0.85914
2015,2016-04-17,Arsenal,Crystal Palace,1.73461,0.275806,0.275806,1.73461
2015,2016-04-18,Stoke,Tottenham,0.458376,2.89775,2.89775,0.458376
2015,2016-04-19,Newcastle,Man City,0.455246,0.522043,0.522043,0.455246
2015,2016-04-20,West Ham,Watford,3.96294,1.22333,1.22333,3.96294
2015,2016-04-20,Man United,Crystal Palace,1.46607,0.137416,0.137416,1.46607
2015,2016-04-20,Liverpool,Everton,3.24472,0.0886329,0.0886329,3.24472
2015,2016-04-21,Arsenal,West Brom,1.37348,0.839742,0.839742,1.37348
2015,2016-04-23,Man City,Stoke,2.22482,1.09174,1.09174,2.22482
2015,2016-04-23,Aston Villa,Southampton,1.47192,3.6648,3.6648,1.47192
2015,2016-04-23,Bournemouth,Chelsea,0.575087,2.07192,2.07192,0.575087
2015,2016-04-23,Liverpool,Newcastle,0.712881,0.253033,0.253033,0.712881
2015,2016-04-24,Sunderland,Arsenal,0.617149,0.97303,0.97303,0.617149
2015,2016-04-24,Leicester,Swansea,3.31579,0.576457,0.576457,3.31579
2015,2016-04-25,Tottenham,West Brom,1.26346,0.894413,0.894413,1.26346
2015,2016-04-30,Stoke,Sunderland,0.68487,1.43105,1.43105,0.68487
2015,2016-04-30,Newcastle,Crystal Palace,0.53407,1.05079,1.05079,0.53407
2015,2016-04-30,Everton,Bournemouth,0.95281,1.42599,1.42599,0.95281
2015,2016-04-30,Watford,Aston Villa,1.36255,0.491793,0.491793,1.36255
2015,2016-04-30,West Brom,West Ham,1.5346,1.27183,1.27183,1.5346
2015,2016-04-30,Arsenal,Norwich,0.781508,0.578781,0.578781,0.781508
2015,2016-05-01,Swansea,Liverpool,2.31862,0.776186,0.776186,2.31862
2015,2016-05-01,Man United,Leicester,1.18462,1.16622,1.16622,1.18462
2015,2016-05-01,Southampton,Man City,2.84362,1.12719,1.12719,2.84362
2015,2016-05-02,Chelsea,Tottenham,0.81661,1.90407,1.90407,0.81661
2015,2016-05-07,Norwich,Man United,1.36825,1.48344,1.48344,1.36825
2015,2016-05-07,Crystal Palace,Stoke,1.31448,1.27766,1.27766,1.31448
2015,2016-05-07,West Ham,Swansea,2.39454,2.47265,2.47265,2.39454
2015,2016-05-07,Aston Villa,Newcastle,0.0312154,1.09626,1.09626,0.0312154
2015,2016-05-07,Bournemouth,West Brom,0.814964,1.34282,1.34282,0.814964
2015,2016-05-07,Sunderland,Chelsea,0.773876,1.77677,1.77677,0.773876
2015,2016-05-07,Leicester,Everton,4.50525,1.30184,1.30184,4.50525
2015,2016-05-08,Tottenham,Southampton,2.55547,1.30812,1.30812,2.55547
2015,2016-05-08,Liverpool,Watford,2.38919,0.930803,0.930803,2.38919
2015,2016-05-08,Man City,Arsenal,0.75375,1.08084,1.08084,0.75375
2015,2016-05-10,West Ham,Man United,2.13311,0.635987,0.635987,2.13311
2015,2016-05-11,Norwich,Watford,2.41871,1.7686,1.7686,2.41871
2015,2016-05-11,Sunderland,Everton,2.44887,1.16563,1.16563,2.44887
2015,2016-05-11,Liverpool,Chelsea,1.83934,0.812268,0.812268,1.83934
2015,2016-05-15,Arsenal,Aston Villa,3.40207,0.222731,0.222731,3.40207
2015,2016-05-15,Chelsea,Leicester,1.86065,1.23491,1.23491,1.86065
2015,2016-05-15,Everton,Norwich,2.40775,0.43016,0.43016,2.40775
2015,2016-05-15,Newcastle,Tottenham,2.42808,0.869082,0.869082,2.42808
2015,2016-05-15,Southampton,Crystal Palace,2.32278,1.24857,1.24857,2.32278
2015,2016-05-15,Stoke,West Ham,0.288737,2.94489,2.94489,0.288737
2015,2016-05-15,Swansea,Man City,0.115604,2.04003,2.04003,0.115604
2015,2016-05-15,Watford,Sunderland,1.95277,0.908817,0.908817,1.95277
2015,2016-05-15,West Brom,Liverpool,1.86869,0.419877,0.419877,1.86869
2015,2016-05-17,Man United,Bournemouth,1.72109,0.503471,0.503471,1.72109
2016,2016-08-13,Hull,Leicester,0.740018,2.45631,2.45631,0.740018
2016,2016-08-13,Crystal Palace,West Brom,0.990062,0.684593,0.684593,0.990062
2016,2016-08-13,Everton,Tottenham,0.790063,1.12348,1.12348,0.790063
2016,2016-08-13,Burnley,Swansea,1.04903,1.72089,1.72089,1.04903
2016,2016-08-13,Middlesbrough,Stoke,1.80523,0.485626,0.485626,1.80523
2016,2016-08-13,Southampton,Watford,0.937328,0.180046,0.180046,0.937328
2016,2016-08-13,Man City,Sunderland,1.95479,1.09877,1.09877,1.95479
2016,2016-08-14,Bournemouth,Man United,0.522847,1.91105,1.91105,0.522847
2016,2016-08-14,Arsenal,Liverpool,1.18197,1.6591,1.6591,1.18197
2016,2016-08-15,Chelsea,West Ham,1.4603,0.445604,0.445604,1.4603
2016,2016-08-19,Man United,Southampton,1.36553,0.613233,0.613233,1.36553
2016,2016-08-20,Stoke,Man City,1.31066,2.17198,2.17198,1.31066
2016,2016-08-20,Burnley,Liverpool,0.197536,0.939025,0.939025,0.197536
2016,2016-08-20,Swansea,Hull,1.14134,2.18655,2.18655,1.14134
2016,2016-08-20,Tottenham,Crystal Palace,2.25623,0.357943,0.357943,2.25623
2016,2016-08-20,Watford,Chelsea,0.804549,1.75595,1.75595,0.804549
2016,2016-08-20,West Brom,Everton,2.01885,1.83897,1.83897,2.01885
2016,2016-08-20,Leicester,Arsenal,0.553693,0.521509,0.521509,0.553693
2016,2016-08-21,Sunderland,Middlesbrough,1.4645,0.854908,0.854908,1.4645
2016,2016-08-21,West Ham,Bournemouth,1.69288,0.39341,0.39341,1.69288
2016,2016-08-27,Tottenham,Liverpool,0.590511,1.92569,1.92569,0.590511
2016,2016-08-27,Watford,Arsenal,1.07775,2.03271,2.03271,1.07775
2016,2016-08-27,Leicester,Swansea,2.47977,0.32818,0.32818,2.47977
2016,2016-08-27,Southampton,Sunderland,0.613743,1.39142,1.39142,0.613743
2016,2016-08-27,Chelsea,Burnley,2.65838,0.18449,0.18449,2.65838
2016,2016-08-27,Crystal Palace,Bournemouth,2.659,0.974014,0.974014,2.659
2016,2016-08-27,Everton,Stoke,2.31835,0.187415,0.187415,2.31835
2016,2016-08-27,Hull,Man United,0.268815,2.47208,2.47208,0.268815
2016,2016-08-28,West Brom,Middlesbrough,0.696845,0.396816,0.396816,0.696845
2016,2016-08-28,Man City,West Ham,3.21624,1.08385,1.08385,3.21624
2016,2016-09-10,Man United,Man City,1.01013,1.88688,1.88688,1.01013
2016,2016-09-10,Middlesbrough,Crystal Palace,0.611959,1.12437,1.12437,0.611959
2016,2016-09-10,Stoke,Tottenham,1.01771,2.77025,2.77025,1.01771
2016,2016-09-10,Arsenal,Southampton,1.89219,1.17522,1.17522,1.89219
2016,2016-09-10,Bournemouth,West Brom,0.986511,1.48347,1.48347,0.986511
2016,2016-09-10,Burnley,Hull,0.453149,0.907116,0.907116,0.453149
2016,2016-09-10,West Ham,Watford,1.32216,1.85479,1.85479,1.32216
2016,2016-09-10,Liverpool,Leicester,2.76916,1.22508,1.22508,2.76916
2016,2016-09-11,Swansea,Chelsea,1.2304,2.19035,2.19035,1.2304
2016,2016-09-12,Sunderland,Everton,1.0404,2.84526,2.84526,1.0404
2016,2016-09-16,Chelsea,Liverpool,1.16415,1.41642,1.41642,1.16415
2016,2016-09-17,Hull,Arsenal,0.969693,3.63453,3.63453,0.969693
2016,2016-09-17,Leicester,Burnley,1.98503,0.464523,0.464523,1.98503
2016,2016-09-17,Man City,Bournemouth,3.38733,0.389672,0.389672,3.38733
2016,2016-09-17,West Brom,West Ham,1.94229,2.37422,2.37422,1.94229
2016,2016-09-17,Everton,Middlesbrough,1.17467,0.178081,0.178081,1.17467
2016,2016-09-18,Watford,Man United,1.74506,1.41359,1.41359,1.74506
2016,2016-09-18,Crystal Palace,Stoke,1.31366,1.20308,1.20308,1.31366
2016,2016-09-18,Southampton,Swansea,2.15218,0.490661,0.490661,2.15218
2016,2016-09-18,Tottenham,Sunderland,2.52591,0.960821,0.960821,2.52591
2016,2016-09-24,Swansea,Man City,1.11096,2.57704,2.57704,1.11096
2016,2016-09-24,Man United,Leicester,2.45604,0.286966,0.286966,2.45604
2016,2016-09-24,Middlesbrough,Tottenham,0.361508,1.4158,1.4158,0.361508
2016,2016-09-24,Stoke,West Brom,0.979673,0.270862,0.270862,0.979673
2016,2016-09-24,Sunderland,Crystal Palace,1.51457,1.7887,1.7887,1.51457
2016,2016-09-24,Liverpool,Hull,4.64913,0.157549,0.157549,4.64913
2016,2016-09-24,Bournemouth,Everton,0.693594,1.15724,1.15724,0.693594
2016,2016-09-24,Arsenal,Chelsea,1.66224,0.613553,0.613553,1.66224
2016,2016-09-25,West Ham,Southampton,0.693818,2.97877,2.97877,0.693818
2016,2016-09-26,Burnley,Watford,0.569734,0.776105,0.776105,0.569734
2016,2016-09-30,Everton,Crystal Palace,1.1542,0.47692,0.47692,1.1542
2016,2016-10-01,Swansea,Liverpool,2.65842,2.02239,2.02239,2.65842
2016,2016-10-01,Sunderland,West Brom,1.19268,0.88211,0.88211,1.19268
2016,2016-10-01,Hull,Chelsea,0.27266,1.99155,1.99155,0.27266
2016,2016-10-01,Watford,Bournemouth,1.23419,1.35487,1.35487,1.23419
2016,2016-10-01,West Ham,Middlesbrough,0.883385,0.852603,0.852603,0.883385
2016,2016-10-02,Man United,Stoke,2.80988,1.20043,1.20043,2.80988
2016,2016-10-02,Leicester,Southampton,0.446309,0.920963,0.920963,0.446309
2016,2016-10-02,Tottenham,Man City,1.69975,0.909513,0.909513,1.69975
2016,2016-10-02,Burnley,Arsenal,0.608783,1.85433,1.85433,0.608783
2016,2016-10-15,Chelsea,Leicester,3.11573,0.182549,0.182549,3.11573
2016,2016-10-15,Arsenal,Swansea,3.50519,1.74979,1.74979,3.50519
2016,2016-10-15,Bournemouth,Hull,2.92532,0.388589,0.388589,2.92532
2016,2016-10-15,Man City,Everton,2.69208,0.144498,0.144498,2.69208
2016,2016-10-15,Stoke,Sunderland,2.29543,0.587572,0.587572,2.29543
2016,2016-10-15,West Brom,Tottenham,1.30365,1.32318,1.32318,1.30365
2016,2016-10-15,Crystal Palace,West Ham,1.94599,0.874219,0.874219,1.94599
2016,2016-10-16,Middlesbrough,Watford,0.528576,0.0893749,0.0893749,0.528576
2016,2016-10-16,Southampton,Burnley,4.21181,1.03126,1.03126,4.21181
2016,2016-10-17,Liverpool,Man United,0.270441,0.537762,0.537762,0.270441
2016,2016-10-22,Bournemouth,Tottenham,0.523371,0.74529,0.74529,0.523371
2016,2016-10-22,West Ham,Sunderland,1.19585,0.808339,0.808339,1.19585
2016,2016-10-22,Swansea,Watford,1.33215,0.478578,0.478578,1.33215
2016,2016-10-22,Leicester,Crystal Palace,1.7041,1.656,1.656,1.7041
2016,2016-10-22,Hull,Stoke,0.701606,1.04273,1.04273,0.701606
2016,2016-10-22,Burnley,Everton,0.905579,0.752795,0.752795,0.905579
2016,2016-10-22,Arsenal,Middlesbrough,0.711811,1.55581,1.55581,0.711811
2016,2016-10-22,Liverpool,West Brom,2.2952,0.685982,0.685982,2.2952
2016,2016-10-23,Man City,Southampton,1.15321,0.563752,0.563752,1.15321
2016,2016-10-23,Chelsea,Man United,2.25192,0.742805,0.742805,2.25192
2016,2016-10-29,Sunderland,Arsenal,0.853434,2.48348,2.48348,0.853434
2016,2016-10-29,Tottenham,Leicester,1.69833,0.740987,0.740987,1.69833
2016,2016-10-29,Watford,Hull,1.14991,0.251367,0.251367,1.14991
2016,2016-10-29,West Brom,Man City,0.596605,2.48018,2.48018,0.596605
2016,2016-10-29,Middlesbrough,Bournemouth,1.44317,1.54599,1.54599,1.44317
2016,2016-10-29,Man United,Burnley,2.72391,0.327957,0.327957,2.72391
2016,2016-10-29,Crystal Palace,Liverpool,0.496044,2.26056,2.26056,0.496044
2016,2016-10-30,Everton,West Ham,2.0087,0.944816,0.944816,2.0087
2016,2016-10-30,Southampton,Chelsea,0.422364,1.14759,1.14759,0.422364
2016,2016-11-01,Stoke,Swansea,2.16407,1.10058,1.10058,2.16407
2016,2016-11-05,Bournemouth,Sunderland,2.6457,1.13672,1.13672,2.6457
2016,2016-11-05,Burnley,Crystal Palace,2.25738,2.05902,2.05902,2.25738
2016,2016-11-05,Man City,Middlesbrough,2.49606,0.208762,0.208762,2.49606
2016,2016-11-05,West Ham,Stoke,0.404528,0.81046,0.81046,0.404528
2016,2016-11-05,Chelsea,Everton,1.94078,0.0131321,0.0131321,1.94078
2016,2016-11-06,Arsenal,Tottenham,0.675745,1.19585,1.19585,0.675745
2016,2016-11-06,Liverpool,Watford,4.18366,0.771133,0.771133,4.18366
2016,2016-11-06,Hull,Southampton,0.561215,2.03046,2.03046,0.561215
2016,2016-11-06,Swansea,Man United,0.51266,1.00006,1.00006,0.51266
2016,2016-11-06,Leicester,West Brom,0.629678,0.78196,0.78196,0.629678
2016,2016-11-19,Man United,Arsenal,0.511462,0.575813,0.575813,0.511462
2016,2016-11-19,Southampton,Liverpool,0.0942055,1.68802,1.68802,0.0942055
2016,2016-11-19,Stoke,Bournemouth,1.60429,1.24012,1.24012,1.60429
2016,2016-11-19,Sunderland,Hull,0.951511,1.25065,1.25065,0.951511
2016,2016-11-19,Watford,Leicester,0.7197,1.19686,1.19686,0.7197
2016,2016-11-19,Everton,Swansea,1.54877,1.07471,1.07471,1.54877
2016,2016-11-19,Crystal Palace,Man City,0.431559,1.39421,1.39421,0.431559
2016,2016-11-19,Tottenham,West Ham,2.53396,1.76706,1.76706,2.53396
2016,2016-11-20,Middlesbrough,Chelsea,0.55976,1.68738,1.68738,0.55976
2016,2016-11-22,West Brom,Burnley,1.40512,0.571005,0.571005,1.40512
2016,2016-11-26,Burnley,Man City,0.475642,2.25698,2.25698,0.475642
2016,2016-11-26,Hull,West Brom,0.424457,1.40213,1.40213,0.424457
2016,2016-11-26,Swansea,Crystal Palace,3.3955,2.28156,2.28156,3.3955
2016,2016-11-26,Liverpool,Sunderland,2.02461,0.291073,0.291073,2.02461
2016,2016-11-26,Leicester,Middlesbrough,2.0478,0.425252,0.425252,2.0478
2016,2016-11-26,Chelsea,Tottenham,1.24948,0.422568,0.422568,1.24948
2016,2016-11-27,Watford,Stoke,0.541915,0.704736,0.704736,0.541915
2016,2016-11-27,Arsenal,Bournemouth,2.8697,2.0491,2.0491,2.8697
2016,2016-11-27,Southampton,Everton,2.80562,0.615174,0.615174,2.80562
2016,2016-11-27,Man United,West Ham,1.44452,0.749388,0.749388,1.44452
2016,2016-12-03,Sunderland,Leicester,1.4282,1.13791,1.13791,1.4282
2016,2016-12-03,Man City,Chelsea,2.24061,1.2848,1.2848,2.24061
2016,2016-12-03,Crystal Palace,Southampton,2.20073,0.764357,0.764357,2.20073
2016,2016-12-03,Stoke,Burnley,1.12929,0.773995,0.773995,1.12929
2016,2016-12-03,Tottenham,Swansea,3.9767,0.0342109,0.0342109,3.9767
2016,2016-12-03,West Brom,Watford,1.17737,1.476,1.476,1.17737
2016,2016-12-03,West Ham,Arsenal,0.882486,2.96923,2.96923,0.882486
2016,2016-12-04,Bournemouth,Liverpool,2.54396,1.26532,1.26532,2.54396
2016,2016-12-04,Everton,Man United,1.64985,0.541299,0.541299,1.64985
2016,2016-12-06,Middlesbrough,Hull,1.94961,0.221339,0.221339,1.94961
2016,2016-12-10,Watford,Everton,1.49271,1.09675,1.09675,1.49271
2016,2016-12-10,Hull,Crystal Palace,2.16649,1.50059,1.50059,2.16649
2016,2016-12-10,Swansea,Sunderland,2.18185,0.672058,0.672058,2.18185
2016,2016-12-10,Arsenal,Stoke,1.58027,1.29401,1.29401,1.58027
2016,2016-12-10,Burnley,Bournemouth,2.15178,1.00194,1.00194,2.15178
2016,2016-12-10,Leicester,Man City,2.60583,0.970372,0.970372,2.60583
2016,2016-12-11,Chelsea,West Brom,0.551109,0.212574,0.212574,0.551109
2016,2016-12-11,Man United,Tottenham,1.04894,0.720341,0.720341,1.04894
2016,2016-12-11,Southampton,Middlesbrough,1.72919,0.493941,0.493941,1.72919
2016,2016-12-11,Liverpool,West Ham,1.79134,0.64998,0.64998,1.79134
2016,2016-12-13,Bournemouth,Leicester,0.64118,1.6751,1.6751,0.64118
2016,2016-12-13,Everton,Arsenal,1.46034,1.3508,1.3508,1.46034
2016,2016-12-14,Middlesbrough,Liverpool,0.161583,2.13526,2.13526,0.161583
2016,2016-12-14,Sunderland,Chelsea,0.473979,1.22459,1.22459,0.473979
2016,2016-12-14,West Ham,Burnley,1.67016,0.923353,0.923353,1.67016
2016,2016-12-15,Crystal Palace,Man United,0.710324,1.27306,1.27306,0.710324
2016,2016-12-15,West Brom,Swansea,1.78268,1.07221,1.07221,1.78268
2016,2016-12-15,Man City,Watford,1.62359,0.497462,0.497462,1.62359
2016,2016-12-15,Stoke,Southampton,0.333754,0.723114,0.723114,0.333754
2016,2016-12-15,Tottenham,Hull,2.83077,0.570636,0.570636,2.83077
2016,2016-12-17,Crystal Palace,Chelsea,0.356331,0.81444,0.81444,0.356331
2016,2016-12-17,Middlesbrough,Swansea,1.71549,0.602249,0.602249,1.71549
2016,2016-12-17,West Ham,Hull,1.92151,1.13479,1.13479,1.92151
2016,2016-12-17,Stoke,Leicester,2.518,1.25572,1.25572,2.518
2016,2016-12-17,Sunderland,Watford,1.13526,1.07552,1.07552,1.13526
2016,2016-12-17,West Brom,Man United,0.600426,0.983306,0.983306,0.600426
2016,2016-12-18,Bournemouth,Southampton,0.492912,1.69451,1.69451,0.492912
2016,2016-12-18,Man City,Arsenal,1.5186,0.609893,0.609893,1.5186
2016,2016-12-18,Tottenham,Burnley,1.50755,1.17031,1.17031,1.50755
2016,2016-12-20,Everton,Liverpool,0.456788,1.87823,1.87823,0.456788
2016,2016-12-26,Leicester,Everton,0.377464,1.25512,1.25512,0.377464
2016,2016-12-26,Watford,Crystal Palace,0.959496,1.53834,1.53834,0.959496
2016,2016-12-26,Swansea,West Ham,0.954864,3.40585,3.40585,0.954864
2016,2016-12-26,Man United,Sunderland,2.32117,0.488541,0.488541,2.32117
2016,2016-12-26,Arsenal,West Brom,1.97881,0.687502,0.687502,1.97881
2016,2016-12-26,Burnley,Middlesbrough,0.275704,0.698814,0.698814,0.275704
2016,2016-12-26,Chelsea,Bournemouth,1.71303,0.650942,0.650942,1.71303
2016,2016-12-26,Hull,Man City,0.350069,2.22237,2.22237,0.350069
2016,2016-12-27,Liverpool,Stoke,1.66669,0.389104,0.389104,1.66669
2016,2016-12-28,Southampton,Tottenham,0.403743,1.61035,1.61035,0.403743
2016,2016-12-31,Hull,Everton,0.852585,1.27757,1.27757,0.852585
2016,2016-12-31,Leicester,West Ham,1.10842,1.58333,1.58333,1.10842
2016,2016-12-31,Man United,Middlesbrough,2.53996,0.64492,0.64492,2.53996
2016,2016-12-31,Burnley,Sunderland,2.72471,0.465701,0.465701,2.72471
2016,2016-12-31,Chelsea,Stoke,1.94737,0.858417,0.858417,1.94737
2016,2016-12-31,Southampton,West Brom,0.371668,0.6675,0.6675,0.371668
2016,2016-12-31,Swansea,Bournemouth,0.515218,2.43608,2.43608,0.515218
2016,2016-12-31,Liverpool,Man City,0.256825,0.352445,0.352445,0.256825
2016,2017-01-01,Watford,Tottenham,1.26331,3.06509,3.06509,1.26331
2016,2017-01-01,Arsenal,Crystal Palace,1.67138,0.221469,0.221469,1.67138
2016,2017-01-02,Everton,Southampton,2.34997,1.01083,1.01083,2.34997
2016,2017-01-02,Man City,Burnley,0.617412,0.642111,0.642111,0.617412
2016,2017-01-02,Middlesbrough,Leicester,0.697108,0.477078,0.477078,0.697108
2016,2017-01-02,West Brom,Hull,0.883566,0.992341,0.992341,0.883566
2016,2017-01-02,Sunderland,Liverpool,1.91057,2.332,2.332,1.91057
2016,2017-01-02,West Ham,Man United,0.799911,1.64905,1.64905,0.799911
2016,2017-01-03,Bournemouth,Arsenal,1.55859,1.12629,1.12629,1.55859
2016,2017-01-04,Crystal Palace,Swansea,0.331276,1.18905,1.18905,0.331276
2016,2017-01-04,Stoke,Watford,1.85359,0.510395,0.510395,1.85359
2016,2017-01-05,Tottenham,Chelsea,1.00945,0.912754,0.912754,1.00945
2016,2017-01-14,Tottenham,West Brom,2.65474,0.165019,0.165019,2.65474
2016,2017-01-14,Watford,Middlesbrough,0.835827,0.325347,0.325347,0.835827
2016,2017-01-14,Sunderland,Stoke,1.1365,1.22897,1.22897,1.1365
2016,2017-01-14,Swansea,Arsenal,0.488485,2.31811,2.31811,0.488485
2016,2017-01-14,Hull,Bournemouth,1.18904,1.43455,1.43455,1.18904
2016,2017-01-14,Burnley,Southampton,0.464555,0.962065,0.962065,0.464555
2016,2017-01-14,West Ham,Crystal Palace,1.72338,1.06181,1.06181,1.72338
2016,2017-01-14,Leicester,Chelsea,0.179144,0.738826,0.738826,0.179144
2016,2017-01-15,Man United,Liverpool,1.03178,1.46058,1.46058,1.03178
2016,2017-01-15,Everton,Man City,0.572528,0.569286,0.569286,0.572528
2016,2017-01-21,Liverpool,Swansea,1.24037,1.60482,1.60482,1.24037
2016,2017-01-21,Middlesbrough,West Ham,0.958825,2.6558,2.6558,0.958825
2016,2017-01-21,Bournemouth,Watford,1.14791,1.08731,1.08731,1.14791
2016,2017-01-21,Crystal Palace,Everton,0.463733,0.949561,0.949561,0.463733
2016,2017-01-21,Stoke,Man United,0.353777,1.74295,1.74295,0.353777
2016,2017-01-21,West Brom,Sunderland,1.3279,0.440887,0.440887,1.3279
2016,2017-01-21,Man City,Tottenham,2.52702,1.12391,1.12391,2.52702
2016,2017-01-22,Southampton,Leicester,2.49923,0.935866,0.935866,2.49923
2016,2017-01-22,Arsenal,Burnley,1.86443,1.29948,1.29948,1.86443
2016,2017-01-22,Chelsea,Hull,1.47165,0.314532,0.314532,1.47165
2016,2017-01-31,Arsenal,Watford,1.07765,0.918309,0.918309,1.07765
2016,2017-01-31,Bournemouth,Crystal Palace,0.32099,1.60667,1.60667,0.32099
2016,2017-01-31,Burnley,Leicester,1.82995,0.775645,0.775645,1.82995
2016,2017-01-31,Middlesbrough,West Brom,1.18135,1.25288,1.25288,1.18135
2016,2017-01-31,Sunderland,Tottenham,0.228009,0.682758,0.682758,0.228009
2016,2017-01-31,Swansea,Southampton,0.760046,0.907103,0.907103,0.760046
2016,2017-01-31,Liverpool,Chelsea,1.20485,1.0666,1.0666,1.20485
2016,2017-02-01,West Ham,Man City,0.49472,2.66472,2.66472,0.49472
2016,2017-02-01,Man United,Hull,1.48151,0.395896,0.395896,1.48151
2016,2017-02-01,Stoke,Everton,1.7362,0.870158,0.870158,1.7362
2016,2017-02-04,Chelsea,Arsenal,1.95451,0.950035,0.950035,1.95451
2016,2017-02-04,Crystal Palace,Sunderland,2.45994,0.837361,0.837361,2.45994
2016,2017-02-04,Everton,Bournemouth,2.75981,2.1501,2.1501,2.75981
2016,2017-02-04,Hull,Liverpool,1.88587,1.12538,1.12538,1.88587
2016,2017-02-04,Watford,Burnley,1.66308,1.4777,1.4777,1.66308
2016,2017-02-04,West Brom,Stoke,1.84983,1.10818,1.10818,1.84983
2016,2017-02-04,Southampton,West Ham,1.06276,0.91785,0.91785,1.06276
2016,2017-02-04,Tottenham,Middlesbrough,2.10053,0.50484,0.50484,2.10053
2016,2017-02-05,Man City,Swansea,2.87972,0.11445,0.11445,2.87972
2016,2017-02-05,Leicester,Man United,0.492009,1.98688,1.98688,0.492009
2016,2017-02-11,Arsenal,Hull,3.1235,0.466403,0.466403,3.1235
2016,2017-02-11,Man United,Watford,2.627,0.641058,0.641058,2.627
2016,2017-02-11,Middlesbrough,Everton,0.651056,0.831644,0.831644,0.651056
2016,2017-02-11,Stoke,Crystal Palace,0.720883,0.202159,0.202159,0.720883
2016,2017-02-11,Sunderland,Southampton,0.197925,1.72717,1.72717,0.197925
2016,2017-02-11,West Ham,West Brom,1.17553,0.769974,0.769974,1.17553
2016,2017-02-11,Liverpool,Tottenham,2.38009,0.622104,0.622104,2.38009
2016,2017-02-12,Burnley,Chelsea,0.906366,0.800222,0.800222,0.906366
2016,2017-02-12,Swansea,Leicester,0.693376,0.672883,0.672883,0.693376
2016,2017-02-13,Bournemouth,Man City,0.152385,2.953,2.953,0.152385
2016,2017-02-25,Chelsea,Swansea,1.22573,0.280172,0.280172,1.22573
2016,2017-02-25,Crystal Palace,Middlesbrough,0.808522,0.82885,0.82885,0.808522
2016,2017-02-25,Everton,Sunderland,1.70366,0.505952,0.505952,1.70366
2016,2017-02-25,Hull,Burnley,1.59037,0.473058,0.473058,1.59037
2016,2017-02-25,West Brom,Bournemouth,1.6124,1.22747,1.22747,1.6124
2016,2017-02-25,Watford,West Ham,1.21279,1.48144,1.48144,1.21279
2016,2017-02-26,Tottenham,Stoke,1.89002,0.743596,0.743596,1.89002
2016,2017-02-27,Leicester,Liverpool,1.54732,0.789939,0.789939,1.54732
2016,2017-03-04,Man United,Bournemouth,2.5377,0.816172,0.816172,2.5377
2016,2017-03-04,Leicester,Hull,1.81255,1.1216,1.1216,1.81255
2016,2017-03-04,Stoke,Middlesbrough,2.97584,0.274611,0.274611,2.97584
2016,2017-03-04,Swansea,Burnley,1.44545,0.933851,0.933851,1.44545
2016,2017-03-04,Watford,Southampton,1.40104,1.33681,1.33681,1.40104
2016,2017-03-04,West Brom,Crystal Palace,0.3746,1.39171,1.39171,0.3746
2016,2017-03-04,Liverpool,Arsenal,2.70435,0.729203,0.729203,2.70435
2016,2017-03-05,Tottenham,Everton,1.70225,0.808013,0.808013,1.70225
2016,2017-03-05,Sunderland,Man City,0.737758,2.48022,2.48022,0.737758
2016,2017-03-06,West Ham,Chelsea,0.450583,2.01134,2.01134,0.450583
2016,2017-03-08,Man City,Stoke,1.3049,0.337194,0.337194,1.3049
2016,2017-03-11,Bournemouth,West Ham,3.68186,1.25315,1.25315,3.68186
2016,2017-03-11,Everton,West Brom,2.17521,0.127321,0.127321,2.17521
2016,2017-03-11,Hull,Swansea,1.98818,1.44148,1.44148,1.98818
2016,2017-03-12,Liverpool,Burnley,0.966335,0.83474,0.83474,0.966335
2016,2017-03-18,West Brom,Arsenal,2.11737,0.995221,0.995221,2.11737
2016,2017-03-18,West Ham,Leicester,2.32174,2.17004,2.17004,2.32174
2016,2017-03-18,Sunderland,Burnley,1.03287,1.18742,1.18742,1.03287
2016,2017-03-18,Stoke,Chelsea,0.952053,1.95538,1.95538,0.952053
2016,2017-03-18,Everton,Hull,2.63141,0.528692,0.528692,2.63141
2016,2017-03-18,Crystal Palace,Watford,0.376326,0.190648,0.190648,0.376326
2016,2017-03-18,Bournemouth,Swansea,1.00816,0.37687,0.37687,1.00816
2016,2017-03-19,Middlesbrough,Man United,1.09037,2.47484,2.47484,1.09037
2016,2017-03-19,Tottenham,Southampton,1.64328,0.839989,0.839989,1.64328
2016,2017-03-19,Man City,Liverpool,2.55464,1.94116,1.94116,2.55464
2016,2017-04-01,Liverpool,Everton,0.625343,1.44152,1.44152,0.625343
2016,2017-04-01,Burnley,Tottenham,0.44677,2.36346,2.36346,0.44677
2016,2017-04-01,Chelsea,Crystal Palace,3.16805,1.57423,1.57423,3.16805
2016,2017-04-01,Hull,West Ham,0.778704,1.24571,1.24571,0.778704
2016,2017-04-01,Leicester,Stoke,1.97444,1.36671,1.36671,1.97444
2016,2017-04-01,Man United,West Brom,0.986683,0.200297,0.200297,0.986683
2016,2017-04-01,Watford,Sunderland,1.95828,0.349699,0.349699,1.95828
2016,2017-04-01,Southampton,Bournemouth,1.00252,2.06307,2.06307,1.00252
2016,2017-04-02,Swansea,Middlesbrough,0.64382,0.748206,0.748206,0.64382
2016,2017-04-02,Arsenal,Man City,0.738497,1.40021,1.40021,0.738497
2016,2017-04-04,Burnley,Stoke,0.348885,1.17275,1.17275,0.348885
2016,2017-04-04,Watford,West Brom,0.691991,1.48109,1.48109,0.691991
2016,2017-04-04,Leicester,Sunderland,0.929134,0.7012,0.7012,0.929134
2016,2017-04-04,Man United,Everton,1.67424,0.589122,0.589122,1.67424
2016,2017-04-05,Arsenal,West Ham,2.16023,0.303905,0.303905,2.16023
2016,2017-04-05,Hull,Middlesbrough,2.23261,1.30673,1.30673,2.23261
2016,2017-04-05,Swansea,Tottenham,0.872579,2.2242,2.2242,0.872579
2016,2017-04-05,Southampton,Crystal Palace,3.34327,1.73055,1.73055,3.34327
2016,2017-04-05,Chelsea,Man City,1.36933,2.2614,2.2614,1.36933
2016,2017-04-05,Liverpool,Bournemouth,2.17263,1.31233,1.31233,2.17263
2016,2017-04-08,Tottenham,Watford,1.18779,0.369968,0.369968,1.18779
2016,2017-04-08,Stoke,Liverpool,2.13972,1.02225,1.02225,2.13972
2016,2017-04-08,West Brom,Southampton,2.01721,0.910339,0.910339,2.01721
2016,2017-04-08,West Ham,Swansea,1.20573,0.307666,0.307666,1.20573
2016,2017-04-08,Middlesbrough,Burnley,0.684683,0.809899,0.809899,0.684683
2016,2017-04-08,Man City,Hull,2.33731,0.358364,0.358364,2.33731
2016,2017-04-08,Bournemouth,Chelsea,0.384152,1.52126,1.52126,0.384152
2016,2017-04-09,Sunderland,Man United,0.977316,1.6943,1.6943,0.977316
2016,2017-04-09,Everton,Leicester,2.64597,0.836095,0.836095,2.64597
2016,2017-04-10,Crystal Palace,Arsenal,2.15968,0.44226,0.44226,2.15968
2016,2017-04-15,Tottenham,Bournemouth,3.28588,0.211502,0.211502,3.28588
2016,2017-04-15,Stoke,Hull,2.01829,1.17696,1.17696,2.01829
2016,2017-04-15,Sunderland,West Ham,1.14121,1.42815,1.42815,1.14121
2016,2017-04-15,Watford,Swansea,1.22039,0.641001,0.641001,1.22039
2016,2017-04-15,Everton,Burnley,1.67352,1.1469,1.1469,1.67352
2016,2017-04-15,Crystal Palace,Leicester,1.67894,0.467725,0.467725,1.67894
2016,2017-04-15,Southampton,Man City,0.616753,2.74188,2.74188,0.616753
2016,2017-04-16,West Brom,Liverpool,0.590375,1.30017,1.30017,0.590375
2016,2017-04-16,Man United,Chelsea,0.807128,0.132913,0.132913,0.807128
2016,2017-04-17,Middlesbrough,Arsenal,1.72075,1.0689,1.0689,1.72075
2016,2017-04-22,Bournemouth,Middlesbrough,3.27712,0.2072,0.2072,3.27712
2016,2017-04-22,Hull,Watford,1.42309,1.15869,1.15869,1.42309
2016,2017-04-22,Swansea,Stoke,0.475636,1.69454,1.69454,0.475636
2016,2017-04-22,West Ham,Everton,0.668323,0.104476,0.104476,0.668323
2016,2017-04-23,Burnley,Man United,0.342829,2.24747,2.24747,0.342829
2016,2017-04-23,Liverpool,Crystal Palace,0.89449,1.21741,1.21741,0.89449
2016,2017-04-25,Chelsea,Southampton,1.4438,1.32952,1.32952,1.4438
2016,2017-04-26,Arsenal,Leicester,0.410203,0.595173,0.595173,0.410203
2016,2017-04-26,Middlesbrough,Sunderland,0.825839,0.445766,0.445766,0.825839
2016,2017-04-26,Crystal Palace,Tottenham,0.321722,1.00589,1.00589,0.321722
2016,2017-04-27,Man City,Man United,1.41537,0.421251,0.421251,1.41537
2016,2017-04-29,Southampton,Hull,1.24844,0.472435,0.472435,1.24844
2016,2017-04-29,Stoke,West Ham,1.35509,0.65149,0.65149,1.35509
2016,2017-04-29,Sunderland,Bournemouth,1.6667,1.53094,1.53094,1.6667
2016,2017-04-29,West Brom,Leicester,0.809101,0.570664,0.570664,0.809101
2016,2017-04-29,Crystal Palace,Burnley,0.633469,1.38569,1.38569,0.633469
2016,2017-04-30,Man United,Swansea,1.99224,0.775713,0.775713,1.99224
2016,2017-04-30,Everton,Chelsea,0.684516,1.81945,1.81945,0.684516
2016,2017-04-30,Middlesbrough,Man City,1.17715,3.10725,3.10725,1.17715
2016,2017-04-30,Tottenham,Arsenal,3.46042,0.589537,0.589537,3.46042
2016,2017-05-01,Watford,Liverpool,0.436648,0.55669,0.55669,0.436648
2016,2017-05-05,West Ham,Tottenham,2.21043,0.451017,0.451017,2.21043
2016,2017-05-06,Man City,Crystal Palace,2.69837,0.241571,0.241571,2.69837
2016,2017-05-06,Bournemouth,Stoke,1.30668,2.3019,2.3019,1.30668
2016,2017-05-06,Burnley,West Brom,1.08649,0.82853,0.82853,1.08649
2016,2017-05-06,Hull,Sunderland,1.21734,1.95502,1.95502,1.21734
2016,2017-05-06,Leicester,Watford,1.00566,0.512433,0.512433,1.00566
2016,2017-05-06,Swansea,Everton,2.09244,0.270186,0.270186,2.09244
2016,2017-05-07,Liverpool,Southampton,1.35967,0.182082,0.182082,1.35967
2016,2017-05-07,Arsenal,Man United,1.03986,0.576173,0.576173,1.03986
2016,2017-05-08,Chelsea,Middlesbrough,2.28046,0.0718773,0.0718773,2.28046
2016,2017-05-10,Southampton,Arsenal,1.25259,1.35954,1.35954,1.25259
2016,2017-05-12,Everton,Watford,1.12984,1.54861,1.54861,1.12984
2016,2017-05-12,West Brom,Chelsea,0.529155,1.76954,1.76954,0.529155
2016,2017-05-13,Man City,Leicester,1.98776,1.62503,1.62503,1.98776
2016,2017-05-13,Bournemouth,Burnley,1.5499,1.1511,1.1511,1.5499
2016,2017-05-13,Middlesbrough,Southampton,1.32885,1.52569,1.52569,1.32885
2016,2017-05-13,Sunderland,Swansea,1.03765,0.344096,0.344096,1.03765
2016,2017-05-13,Stoke,Arsenal,1.30239,2.63639,2.63639,1.30239
2016,2017-05-14,Crystal Palace,Hull,2.73274,0.518148,0.518148,2.73274
2016,2017-05-14,West Ham,Liverpool,1.03963,3.28962,3.28962,1.03963
2016,2017-05-14,Tottenham,Man United,2.10698,1.03696,1.03696,2.10698
2016,2017-05-15,Chelsea,Watford,2.65315,0.883368,0.883368,2.65315
2016,2017-05-16,Arsenal,Sunderland,3.83905,0.271744,0.271744,3.83905
2016,2017-05-16,Man City,West Brom,2.58035,0.387741,0.387741,2.58035
2016,2017-05-17,Southampton,Man United,1.66533,0.45805,0.45805,1.66533
2016,2017-05-18,Leicester,Tottenham,0.725721,2.64912,2.64912,0.725721
2016,2017-05-21,Arsenal,Everton,3.35075,1.8831,1.8831,3.35075
2016,2017-05-21,Burnley,West Ham,1.70802,1.67299,1.67299,1.70802
2016,2017-05-21,Chelsea,Sunderland,2.73947,0.693994,0.693994,2.73947
2016,2017-05-21,Hull,Tottenham,0.812723,3.89027,3.89027,0.812723
2016,2017-05-21,Leicester,Bournemouth,2.45308,0.87072,0.87072,2.45308
2016,2017-05-21,Liverpool,Middlesbrough,2.16957,0.899691,0.899691,2.16957
2016,2017-05-21,Man United,Crystal Palace,1.0386,0.3016,0.3016,1.0386
2016,2017-05-21,Southampton,Stoke,1.3554,0.983464,0.983464,1.3554
2016,2017-05-21,Swansea,West Brom,1.74555,1.60674,1.60674,1.74555
2016,2017-05-21,Watford,Man City,0.826124,3.26614,3.26614,0.826124
2017,2017-08-11,Arsenal,Leicester,2.54329,1.46495,1.46495,2.54329
2017,2017-08-12,Watford,Liverpool,2.17647,2.61549,2.61549,2.17647
2017,2017-08-12,West Brom,Bournemouth,1.18399,0.378659,0.378659,1.18399
2017,2017-08-12,Southampton,Swansea,2.21748,0.406196,0.406196,2.21748
2017,2017-08-12,Chelsea,Burnley,1.35651,0.564237,0.564237,1.35651
2017,2017-08-12,Crystal Palace,Huddersfield,0.988934,1.73657,1.73657,0.988934
2017,2017-08-12,Everton,Stoke,0.720574,0.27644,0.27644,0.720574
2017,2017-08-12,Brighton,Man City,0.276343,1.86751,1.86751,0.276343
2017,2017-08-13,Newcastle,Tottenham,0.634633,2.34418,2.34418,0.634633
2017,2017-08-13,Man United,West Ham,2.63853,0.62654,0.62654,2.63853
2017,2017-08-19,Swansea,Man United,0.304164,3.41021,3.41021,0.304164
2017,2017-08-19,Southampton,West Ham,2.1424,1.53269,1.53269,2.1424
2017,2017-08-19,Bournemouth,Watford,0.766694,2.17717,2.17717,0.766694
2017,2017-08-19,Burnley,West Brom,1.37242,0.653058,0.653058,1.37242
2017,2017-08-19,Leicester,Brighton,1.88355,0.123075,0.123075,1.88355
2017,2017-08-19,Liverpool,Crystal Palace,2.84978,0.727364,0.727364,2.84978
2017,2017-08-19,Stoke,Arsenal,0.692644,1.40658,1.40658,0.692644
2017,2017-08-20,Huddersfield,Newcastle,0.267008,0.973322,0.973322,0.267008
2017,2017-08-20,Tottenham,Chelsea,0.72428,0.834423,0.834423,0.72428
2017,2017-08-21,Man City,Everton,1.14216,0.59971,0.59971,1.14216
2017,2017-08-26,Bournemouth,Man City,0.415402,1.76626,1.76626,0.415402
2017,2017-08-26,Crystal Palace,Swansea,0.818951,0.966783,0.966783,0.818951
2017,2017-08-26,Newcastle,West Ham,2.76107,0.558484,0.558484,2.76107
2017,2017-08-26,Watford,Brighton,0.281459,0.952357,0.952357,0.281459
2017,2017-08-26,Huddersfield,Southampton,1.51605,0.795911,0.795911,1.51605
2017,2017-08-26,Man United,Leicester,2.73725,0.670573,0.670573,2.73725
2017,2017-08-27,Chelsea,Everton,1.16991,0.326655,0.326655,1.16991
2017,2017-08-27,West Brom,Stoke,0.875132,0.980905,0.980905,0.875132
2017,2017-08-27,Tottenham,Burnley,2.3497,0.670943,0.670943,2.3497
2017,2017-08-27,Liverpool,Arsenal,3.45998,0.484816,0.484816,3.45998
2017,2017-09-09,Man City,Liverpool,3.14589,0.665186,0.665186,3.14589
2017,2017-09-09,Southampton,Watford,0.331259,0.57794,0.57794,0.331259
2017,2017-09-09,Leicester,Chelsea,1.34903,1.03943,1.03943,1.34903
2017,2017-09-09,Arsenal,Bournemouth,2.48732,0.577291,0.577291,2.48732
2017,2017-09-09,Brighton,West Brom,0.396771,0.866679,0.866679,0.396771
2017,2017-09-09,Everton,Tottenham,1.15144,2.17535,2.17535,1.15144
2017,2017-09-09,Stoke,Man United,1.49928,1.96635,1.96635,1.49928
2017,2017-09-10,Burnley,Crystal Palace,0.429329,1.72996,1.72996,0.429329
2017,2017-09-10,Swansea,Newcastle,1.48574,1.03177,1.03177,1.48574
2017,2017-09-11,West Ham,Huddersfield,1.94969,0.339338,0.339338,1.94969
2017,2017-09-15,Bournemouth,Brighton,1.39529,0.874276,0.874276,1.39529
2017,2017-09-16,Crystal Palace,Southampton,2.03243,1.11428,1.11428,2.03243
2017,2017-09-16,Huddersfield,Leicester,0.700349,1.24181,1.24181,0.700349
2017,2017-09-16,Liverpool,Burnley,2.18727,0.334402,0.334402,2.18727
2017,2017-09-16,Newcastle,Stoke,2.6598,0.675783,0.675783,2.6598
2017,2017-09-16,Watford,Man City,0.803933,3.99349,3.99349,0.803933
2017,2017-09-16,West Brom,West Ham,0.781891,0.266344,0.266344,0.781891
2017,2017-09-16,Tottenham,Swansea,1.17894,0.154074,0.154074,1.17894
2017,2017-09-17,Chelsea,Arsenal,0.762129,1.42208,1.42208,0.762129
2017,2017-09-17,Man United,Everton,3.28722,1.06298,1.06298,3.28722
2017,2017-09-23,West Ham,Tottenham,0.67667,1.45327,1.45327,0.67667
2017,2017-09-23,Stoke,Chelsea,0.600959,1.59815,1.59815,0.600959
2017,2017-09-23,Swansea,Watford,1.50811,1.25817,1.25817,1.50811
2017,2017-09-23,Southampton,Man United,0.802062,1.07247,1.07247,0.802062
2017,2017-09-23,Man City,Crystal Palace,5.72543,0.611018,0.611018,5.72543
2017,2017-09-23,Burnley,Huddersfield,0.369454,0.312561,0.312561,0.369454
2017,2017-09-23,Everton,Bournemouth,2.21092,0.384728,0.384728,2.21092
2017,2017-09-23,Leicester,Liverpool,2.88766,1.92902,1.92902,2.88766
2017,2017-09-24,Brighton,Newcastle,0.507341,1.37001,1.37001,0.507341
2017,2017-09-25,Arsenal,West Brom,2.39316,0.766652,0.766652,2.39316
2017,2017-09-30,Huddersfield,Tottenham,0.196648,1.56089,1.56089,0.196648
2017,2017-09-30,Man United,Crystal Palace,3.47508,0.244321,0.244321,3.47508
2017,2017-09-30,Stoke,Southampton,2.68136,1.42781,1.42781,2.68136
2017,2017-09-30,West Brom,Watford,1.93896,1.62462,1.62462,1.93896
2017,2017-09-30,West Ham,Swansea,0.692185,0.178568,0.178568,0.692185
2017,2017-09-30,Bournemouth,Leicester,1.39901,0.594808,0.594808,1.39901
2017,2017-09-30,Chelsea,Man City,0.911532,1.23068,1.23068,0.911532
2017,2017-10-01,Arsenal,Brighton,2.47818,0.386343,0.386343,2.47818
2017,2017-10-01,Everton,Burnley,0.93376,0.383977,0.383977,0.93376
2017,2017-10-01,Newcastle,Liverpool,0.280437,1.64475,1.64475,0.280437
2017,2017-10-14,Liverpool,Man United,1.92702,0.230358,0.230358,1.92702
2017,2017-10-14,Burnley,West Ham,0.70219,0.835192,0.835192,0.70219
2017,2017-10-14,Crystal Palace,Chelsea,1.51873,0.651919,0.651919,1.51873
2017,2017-10-14,Man City,Stoke,4.45388,0.681236,0.681236,4.45388
2017,2017-10-14,Swansea,Huddersfield,1.65446,0.596086,0.596086,1.65446
2017,2017-10-14,Tottenham,Bournemouth,1.95684,0.17504,0.17504,1.95684
2017,2017-10-14,Watford,Arsenal,1.63418,0.988468,0.988468,1.63418
2017,2017-10-15,Brighton,Everton,1.05884,1.45518,1.45518,1.05884
2017,2017-10-15,Southampton,Newcastle,1.71445,0.950997,0.950997,1.71445
2017,2017-10-16,Leicester,West Brom,0.964277,0.155254,0.155254,0.964277
2017,2017-10-20,West Ham,Brighton,0.569111,1.98345,1.98345,0.569111
2017,2017-10-21,Huddersfield,Man United,1.26744,0.807135,0.807135,1.26744
2017,2017-10-21,Man City,Burnley,3.71812,0.14859,0.14859,3.71812
2017,2017-10-21,Newcastle,Crystal Palace,0.270313,0.566845,0.566845,0.270313
2017,2017-10-21,Stoke,Bournemouth,1.60117,1.11834,1.11834,1.60117
2017,2017-10-21,Swansea,Leicester,0.559618,1.80814,1.80814,0.559618
2017,2017-10-21,Southampton,West Brom,2.02288,0.504128,0.504128,2.02288
2017,2017-10-21,Chelsea,Watford,1.78315,1.79693,1.79693,1.78315
2017,2017-10-22,Everton,Arsenal,0.810989,3.86029,3.86029,0.810989
2017,2017-10-22,Tottenham,Liverpool,2.62043,0.667771,0.667771,2.62043
2017,2017-10-28,Man United,Tottenham,0.943496,1.08708,1.08708,0.943496
2017,2017-10-28,Arsenal,Swansea,2.37777,0.8355,0.8355,2.37777
2017,2017-10-28,Crystal Palace,West Ham,2.91672,0.742845,0.742845,2.91672
2017,2017-10-28,West Brom,Man City,1.11852,2.77085,2.77085,1.11852
2017,2017-10-28,Watford,Stoke,1.13448,0.778883,0.778883,1.13448
2017,2017-10-28,Liverpool,Huddersfield,2.14257,0.0554802,0.0554802,2.14257
2017,2017-10-28,Bournemouth,Chelsea,0.455055,1.78362,1.78362,0.455055
2017,2017-10-29,Brighton,Southampton,1.50533,0.54364,0.54364,1.50533
2017,2017-10-29,Leicester,Everton,1.36768,0.575236,0.575236,1.36768
2017,2017-10-30,Burnley,Newcastle,1.0271,0.516369,0.516369,1.0271
2017,2017-11-04,Stoke,Leicester,1.22988,1.39563,1.39563,1.22988
2017,2017-11-04,Huddersfield,West Brom,0.260436,0.382005,0.382005,0.260436
2017,2017-11-04,Newcastle,Bournemouth,0.676091,1.28703,1.28703,0.676091
2017,2017-11-04,Southampton,Burnley,0.789259,0.137743,0.137743,0.789259
2017,2017-11-04,Swansea,Brighton,1.24557,0.874927,0.874927,1.24557
2017,2017-11-04,West Ham,Liverpool,1.13045,2.8773,2.8773,1.13045
2017,2017-11-05,Tottenham,Crystal Palace,0.991813,1.10222,1.10222,0.991813
2017,2017-11-05,Man City,Arsenal,2.15028,0.340407,0.340407,2.15028
2017,2017-11-05,Chelsea,Man United,1.8417,0.773586,0.773586,1.8417
2017,2017-11-05,Everton,Watford,2.5796,2.05534,2.05534,2.5796
2017,2017-11-18,Arsenal,Tottenham,2.24246,0.591192,0.591192,2.24246
2017,2017-11-18,West Brom,Chelsea,0.590655,1.71709,1.71709,0.590655
2017,2017-11-18,Liverpool,Southampton,2.06277,0.563886,0.563886,2.06277
2017,2017-11-18,Burnley,Swansea,1.5427,0.431402,0.431402,1.5427
2017,2017-11-18,Crystal Palace,Everton,2.02983,1.68728,1.68728,2.02983
2017,2017-11-18,Leicester,Man City,0.0970457,2.40056,2.40056,0.0970457
2017,2017-11-18,Bournemouth,Huddersfield,1.38782,1.1633,1.1633,1.38782
2017,2017-11-18,Man United,Newcastle,2.57424,1.08708,1.08708,2.57424
2017,2017-11-19,Watford,West Ham,1.24547,1.43369,1.43369,1.24547
2017,2017-11-20,Brighton,Stoke,0.490058,1.20507,1.20507,0.490058
2017,2017-11-24,West Ham,Leicester,0.775297,0.453851,0.453851,0.775297
2017,2017-11-25,Tottenham,West Brom,1.91526,0.71711,0.71711,1.91526
2017,2017-11-25,Swansea,Bournemouth,0.879594,0.449075,0.449075,0.879594
2017,2017-11-25,Newcastle,Watford,0.86002,2.05844,2.05844,0.86002
2017,2017-11-25,Man United,Brighton,1.50148,0.565072,0.565072,1.50148
2017,2017-11-25,Crystal Palace,Stoke,1.48339,0.628292,0.628292,1.48339
2017,2017-11-25,Liverpool,Chelsea,1.50368,0.739983,0.739983,1.50368
2017,2017-11-26,Southampton,Everton,1.97034,0.147724,0.147724,1.97034
2017,2017-11-26,Burnley,Arsenal,0.402745,1.75184,1.75184,0.402745
2017,2017-11-26,Huddersfield,Man City,0.537698,2.66178,2.66178,0.537698
2017,2017-11-28,Leicester,Tottenham,0.924575,2.50552,2.50552,0.924575
2017,2017-11-28,Brighton,Crystal Palace,0.475162,0.584296,0.584296,0.475162
2017,2017-11-28,Watford,Man United,1.29277,1.63491,1.63491,1.29277
2017,2017-11-28,West Brom,Newcastle,0.845327,1.1342,1.1342,0.845327
2017,2017-11-29,Bournemouth,Burnley,0.915088,1.08519,1.08519,0.915088
2017,2017-11-29,Arsenal,Huddersfield,4.47889,0.475716,0.475716,4.47889
2017,2017-11-29,Chelsea,Swansea,2.30012,0.0411427,0.0411427,2.30012
2017,2017-11-29,Everton,West Ham,1.76497,1.03658,1.03658,1.76497
2017,2017-11-29,Man City,Southampton,1.64952,1.7066,1.7066,1.64952
2017,2017-11-29,Stoke,Liverpool,0.846748,2.58757,2.58757,0.846748
2017,2017-12-02,Chelsea,Newcastle,3.07794,0.519549,0.519549,3.07794
2017,2017-12-02,Everton,Huddersfield,0.820024,0.223429,0.223429,0.820024
2017,2017-12-02,Leicester,Burnley,1.61269,0.789388,0.789388,1.61269
2017,2017-12-02,Stoke,Swansea,1.24743,0.320601,0.320601,1.24743
2017,2017-12-02,Watford,Tottenham,0.352672,0.788817,0.788817,0.352672
2017,2017-12-02,West Brom,Crystal Palace,1.65178,0.80924,0.80924,1.65178
2017,2017-12-02,Brighton,Liverpool,1.65878,1.77566,1.77566,1.65878
2017,2017-12-02,Arsenal,Man United,4.24057,2.06831,2.06831,4.24057
2017,2017-12-03,Bournemouth,Southampton,1.11195,1.00264,1.00264,1.11195
2017,2017-12-03,Man City,West Ham,2.45603,0.474483,0.474483,2.45603
2017,2017-12-09,West Ham,Chelsea,0.418127,1.18891,1.18891,0.418127
2017,2017-12-09,Tottenham,Stoke,4.01925,0.749296,0.749296,4.01925
2017,2017-12-09,Swansea,West Brom,1.01101,0.25228,0.25228,1.01101
2017,2017-12-09,Burnley,Watford,0.485632,0.819233,0.819233,0.485632
2017,2017-12-09,Crystal Palace,Bournemouth,4.61208,0.962374,0.962374,4.61208
2017,2017-12-09,Huddersfield,Brighton,2.68125,0.273809,0.273809,2.68125
2017,2017-12-09,Newcastle,Leicester,0.964657,0.444099,0.444099,0.964657
2017,2017-12-10,Southampton,Arsenal,1.21942,0.608352,0.608352,1.21942
2017,2017-12-10,Liverpool,Everton,1.89569,0.823217,0.823217,1.89569
2017,2017-12-10,Man United,Man City,1.43756,2.03041,2.03041,1.43756
2017,2017-12-12,Burnley,Stoke,0.360081,0.916344,0.916344,0.360081
2017,2017-12-12,Huddersfield,Chelsea,0.476748,1.8707,1.8707,0.476748
2017,2017-12-12,Crystal Palace,Watford,1.10545,1.40441,1.40441,1.10545
2017,2017-12-13,Swansea,Man City,0.589496,3.56828,3.56828,0.589496
2017,2017-12-13,Newcastle,Everton,0.570658,1.38719,1.38719,0.570658
2017,2017-12-13,Southampton,Leicester,1.11749,2.24579,2.24579,1.11749
2017,2017-12-13,Man United,Bournemouth,1.24043,0.815792,0.815792,1.24043
2017,2017-12-13,West Ham,Arsenal,0.405172,1.02186,1.02186,0.405172
2017,2017-12-13,Liverpool,West Brom,2.13915,0.520382,0.520382,2.13915
2017,2017-12-13,Tottenham,Brighton,1.87344,0.315616,0.315616,1.87344
2017,2017-12-16,Leicester,Crystal Palace,0.758241,2.25889,2.25889,0.758241
2017,2017-12-16,Arsenal,Newcastle,2.02472,0.286547,0.286547,2.02472
2017,2017-12-16,Brighton,Burnley,1.49029,1.32536,1.32536,1.49029
2017,2017-12-16,Chelsea,Southampton,1.29018,0.587081,0.587081,1.29018
2017,2017-12-16,Watford,Huddersfield,0.589103,3.49193,3.49193,0.589103
2017,2017-12-16,Stoke,West Ham,0.983293,3.08244,3.08244,0.983293
2017,2017-12-16,Man City,Tottenham,4.14588,0.182456,0.182456,4.14588
2017,2017-12-17,West Brom,Man United,1.076,0.898984,0.898984,1.076
2017,2017-12-17,Bournemouth,Liverpool,0.539178,3.25041,3.25041,0.539178
2017,2017-12-18,Everton,Swansea,2.01756,0.766224,0.766224,2.01756
2017,2017-12-22,Arsenal,Liverpool,1.13104,2.05947,2.05947,1.13104
2017,2017-12-23,Everton,Chelsea,0.342403,1.84971,1.84971,0.342403
2017,2017-12-23,Swansea,Crystal Palace,0.546613,1.25546,1.25546,0.546613
2017,2017-12-23,West Ham,Newcastle,2.31898,1.90622,1.90622,2.31898
2017,2017-12-23,Brighton,Watford,1.40139,1.30044,1.30044,1.40139
2017,2017-12-23,Stoke,West Brom,1.7986,2.0544,2.0544,1.7986
2017,2017-12-23,Southampton,Huddersfield,1.73805,1.09381,1.09381,1.73805
2017,2017-12-23,Man City,Bournemouth,1.55724,0.334896,0.334896,1.55724
2017,2017-12-23,Burnley,Tottenham,0.159735,3.30947,3.30947,0.159735
2017,2017-12-23,Leicester,Man United,1.56465,2.15281,2.15281,1.56465
2017,2017-12-26,Tottenham,Southampton,3.08413,0.591118,0.591118,3.08413
2017,2017-12-26,Bournemouth,West Ham,2.84928,1.87596,1.87596,2.84928
2017,2017-12-26,Chelsea,Brighton,2.16934,0.452601,0.452601,2.16934
2017,2017-12-26,Huddersfield,Stoke,1.8756,1.19984,1.19984,1.8756
2017,2017-12-26,Man United,Burnley,1.80763,0.786214,0.786214,1.80763
2017,2017-12-26,Watford,Leicester,1.43009,1.54771,1.54771,1.43009
2017,2017-12-26,West Brom,Everton,1.18168,0.405775,0.405775,1.18168
2017,2017-12-26,Liverpool,Swansea,3.06422,0.2719,0.2719,3.06422
2017,2017-12-27,Newcastle,Man City,0.174705,1.93187,1.93187,0.174705
2017,2017-12-28,Crystal Palace,Arsenal,1.14522,1.84104,1.84104,1.14522
2017,2017-12-30,Bournemouth,Everton,1.39955,0.599608,0.599608,1.39955
2017,2017-12-30,Chelsea,Stoke,3.09527,0.28218,0.28218,3.09527
2017,2017-12-30,Huddersfield,Burnley,0.049118,1.20923,1.20923,0.049118
2017,2017-12-30,Liverpool,Leicester,2.56607,0.789667,0.789667,2.56607
2017,2017-12-30,Newcastle,Brighton,0.504379,0.630058,0.630058,0.504379
2017,2017-12-30,Watford,Swansea,1.17794,1.31479,1.31479,1.17794
2017,2017-12-30,Man United,Southampton,1.87247,0.85013,0.85013,1.87247
2017,2017-12-31,Crystal Palace,Man City,1.72153,1.09586,1.09586,1.72153
2017,2017-12-31,West Brom,Arsenal,1.39429,0.917801,0.917801,1.39429
2017,2018-01-01,Brighton,Bournemouth,2.37332,1.28248,1.28248,2.37332
2017,2018-01-01,Burnley,Liverpool,0.900466,1.62514,1.62514,0.900466
2017,2018-01-01,Leicester,Huddersfield,1.45074,0.226625,0.226625,1.45074
2017,2018-01-01,Stoke,Newcastle,1.50029,2.02028,2.02028,1.50029
2017,2018-01-01,Everton,Man United,1.23952,1.26247,1.26247,1.23952
2017,2018-01-02,West Ham,West Brom,1.0594,0.63538,0.63538,1.0594
2017,2018-01-02,Southampton,Crystal Palace,0.445301,1.34294,1.34294,0.445301
2017,2018-01-02,Swansea,Tottenham,0.397789,1.61843,1.61843,0.397789
2017,2018-01-02,Man City,Watford,2.77398,0.965283,0.965283,2.77398
2017,2018-01-03,Arsenal,Chelsea,1.23205,3.0768,3.0768,1.23205
2017,2018-01-04,Tottenham,West Ham,1.64908,0.612933,0.612933,1.64908
2017,2018-01-13,Chelsea,Leicester,0.622946,1.36341,1.36341,0.622946
2017,2018-01-13,Crystal Palace,Burnley,1.80971,0.907849,0.907849,1.80971
2017,2018-01-13,Huddersfield,West Ham,0.681,0.986853,0.986853,0.681
2017,2018-01-13,Newcastle,Swansea,1.8273,0.895774,0.895774,1.8273
2017,2018-01-13,Watford,Southampton,1.67369,0.857637,0.857637,1.67369
2017,2018-01-13,West Brom,Brighton,1.38478,0.530765,0.530765,1.38478
2017,2018-01-13,Tottenham,Everton,4.21366,0.290345,0.290345,4.21366
2017,2018-01-14,Bournemouth,Arsenal,0.822285,1.00956,1.00956,0.822285
2017,2018-01-14,Liverpool,Man City,1.01595,0.722959,0.722959,1.01595
2017,2018-01-15,Man United,Stoke,1.9485,1.47603,1.47603,1.9485
2017,2018-01-20,Brighton,Chelsea,0.881174,1.52008,1.52008,0.881174
2017,2018-01-20,Arsenal,Crystal Palace,3.56519,0.501202,0.501202,3.56519
2017,2018-01-20,Burnley,Man United,0.568215,0.860828,0.860828,0.568215
2017,2018-01-20,Everton,West Brom,0.92355,1.34998,1.34998,0.92355
2017,2018-01-20,Leicester,Watford,1.51932,0.740795,0.740795,1.51932
2017,2018-01-20,Stoke,Huddersfield,0.987799,0.238458,0.238458,0.987799
2017,2018-01-20,West Ham,Bournemouth,0.980241,0.501886,0.501886,0.980241
2017,2018-01-20,Man City,Newcastle,2.5505,0.992018,0.992018,2.5505
2017,2018-01-21,Southampton,Tottenham,1.15209,1.30653,1.30653,1.15209
2017,2018-01-22,Swansea,Liverpool,0.498742,2.19675,2.19675,0.498742
2017,2018-01-30,West Ham,Crystal Palace,1.11632,1.15809,1.15809,1.11632
2017,2018-01-30,Swansea,Arsenal,2.37911,1.15616,1.15616,2.37911
2017,2018-01-30,Huddersfield,Liverpool,0.288048,2.05148,2.05148,0.288048
2017,2018-01-31,Chelsea,Bournemouth,1.14795,1.42447,1.42447,1.14795
2017,2018-01-31,Southampton,Brighton,1.27393,1.07907,1.07907,1.27393
2017,2018-01-31,Newcastle,Burnley,2.52275,1.22828,1.22828,2.52275
2017,2018-01-31,Everton,Leicester,1.53072,2.65018,2.65018,1.53072
2017,2018-01-31,Man City,West Brom,2.68955,0.118043,0.118043,2.68955
2017,2018-01-31,Tottenham,Man United,2.0117,0.817997,0.817997,2.0117
2017,2018-01-31,Stoke,Watford,0.722172,0.740773,0.740773,0.722172
2017,2018-02-03,Burnley,Man City,0.795971,2.24914,2.24914,0.795971
2017,2018-02-03,Bournemouth,Stoke,1.91091,0.721222,0.721222,1.91091
2017,2018-02-03,Brighton,West Ham,1.64227,0.443751,0.443751,1.64227
2017,2018-02-03,Leicester,Swansea,1.48466,0.569943,0.569943,1.48466
2017,2018-02-03,Man United,Huddersfield,1.63389,0.13049,0.13049,1.63389
2017,2018-02-03,West Brom,Southampton,0.876603,0.99695,0.99695,0.876603
2017,2018-02-03,Arsenal,Everton,3.19622,1.49065,1.49065,3.19622
2017,2018-02-04,Crystal Palace,Newcastle,3.00238,1.14408,1.14408,3.00238
2017,2018-02-04,Liverpool,Tottenham,1.28962,2.54392,2.54392,1.28962
2017,2018-02-05,Watford,Chelsea,2.12696,0.573557,0.573557,2.12696
2017,2018-02-10,Tottenham,Arsenal,2.63564,0.487297,0.487297,2.63564
2017,2018-02-10,Everton,Crystal Palace,1.48792,1.65713,1.65713,1.48792
2017,2018-02-10,Stoke,Brighton,1.39547,0.897856,0.897856,1.39547
2017,2018-02-10,Swansea,Burnley,0.843332,0.430729,0.430729,0.843332
2017,2018-02-10,West Ham,Watford,1.83359,0.799928,0.799928,1.83359
2017,2018-02-10,Man City,Leicester,2.59121,0.109716,0.109716,2.59121
2017,2018-02-11,Huddersfield,Bournemouth,2.56699,0.433555,0.433555,2.56699
2017,2018-02-11,Newcastle,Man United,0.676656,1.71995,1.71995,0.676656
2017,2018-02-11,Southampton,Liverpool,0.854343,2.35575,2.35575,0.854343
2017,2018-02-12,Chelsea,West Brom,2.37995,0.628806,0.628806,2.37995
2017,2018-02-24,Leicester,Stoke,1.12487,0.166078,0.166078,1.12487
2017,2018-02-24,Bournemouth,Newcastle,1.20646,4.23567,4.23567,1.20646
2017,2018-02-24,Brighton,Swansea,3.2913,0.443169,0.443169,3.2913
2017,2018-02-24,West Brom,Huddersfield,1.50162,1.18101,1.18101,1.50162
2017,2018-02-24,Liverpool,West Ham,3.9205,0.33527,0.33527,3.9205
2017,2018-02-24,Burnley,Southampton,1.28178,0.65898,0.65898,1.28178
2017,2018-02-24,Watford,Everton,0.606929,0.665127,0.665127,0.606929
2017,2018-02-25,Crystal Palace,Tottenham,0.184958,1.65074,1.65074,0.184958
2017,2018-02-25,Man United,Chelsea,1.30036,1.68958,1.68958,1.30036
2017,2018-03-01,Arsenal,Man City,1.30172,1.92605,1.92605,1.30172
2017,2018-03-03,Burnley,Everton,2.33524,1.79993,1.79993,2.33524
2017,2018-03-03,Leicester,Bournemouth,2.97799,1.4035,1.4035,2.97799
2017,2018-03-03,Southampton,Stoke,0.982895,0.385303,0.385303,0.982895
2017,2018-03-03,Swansea,West Ham,2.30838,0.497211,0.497211,2.30838
2017,2018-03-03,Tottenham,Huddersfield,1.63794,0.138106,0.138106,1.63794
2017,2018-03-03,Watford,West Brom,1.23526,1.09115,1.09115,1.23526
2017,2018-03-03,Liverpool,Newcastle,1.56935,0.255322,0.255322,1.56935
2017,2018-03-04,Brighton,Arsenal,1.48498,0.801513,0.801513,1.48498
2017,2018-03-04,Man City,Chelsea,0.953312,0.118301,0.118301,0.953312
2017,2018-03-05,Crystal Palace,Man United,0.74138,1.25439,1.25439,0.74138
2017,2018-03-10,Man United,Liverpool,0.845051,0.777089,0.777089,0.845051
2017,2018-03-10,Everton,Brighton,1.68868,0.321797,0.321797,1.68868
2017,2018-03-10,Huddersfield,Swansea,1.39381,0.0,0.0,1.39381
2017,2018-03-10,Newcastle,Southampton,1.35847,0.496723,0.496723,1.35847
2017,2018-03-10,West Brom,Leicester,0.360925,1.86524,1.86524,0.360925
2017,2018-03-10,West Ham,Burnley,0.72673,1.41929,1.41929,0.72673
2017,2018-03-10,Chelsea,Crystal Palace,3.87829,1.13893,1.13893,3.87829
2017,2018-03-11,Arsenal,Watford,2.38263,1.54676,1.54676,2.38263
2017,2018-03-11,Bournemouth,Tottenham,1.17387,2.53124,2.53124,1.17387
2017,2018-03-12,Stoke,Man City,0.157023,1.64562,1.64562,0.157023
2017,2018-03-17,Bournemouth,West Brom,0.685329,1.74488,1.74488,0.685329
2017,2018-03-17,Huddersfield,Crystal Palace,0.220381,2.74705,2.74705,0.220381
2017,2018-03-17,Stoke,Everton,0.894266,2.97881,2.97881,0.894266
2017,2018-03-17,Liverpool,Watford,1.81208,0.35476,0.35476,1.81208
2017,2018-03-31,Crystal Palace,Liverpool,1.90868,1.72037,1.72037,1.90868
2017,2018-03-31,Brighton,Leicester,1.60322,1.26582,1.26582,1.60322
2017,2018-03-31,West Ham,Southampton,1.44971,0.446641,0.446641,1.44971
2017,2018-03-31,Man United,Swansea,2.14368,0.138813,0.138813,2.14368
2017,2018-03-31,Newcastle,Huddersfield,2.53617,0.280847,0.280847,2.53617
2017,2018-03-31,Watford,Bournemouth,0.76133,2.1146,2.1146,0.76133
2017,2018-03-31,West Brom,Burnley,0.394723,1.41534,1.41534,0.394723
2017,2018-03-31,Everton,Man City,0.859628,1.91312,1.91312,0.859628
2017,2018-04-01,Arsenal,Stoke,3.56649,0.342516,0.342516,3.56649
2017,2018-04-01,Chelsea,Tottenham,1.209,1.3895,1.3895,1.209
2017,2018-04-07,Everton,Liverpool,0.723427,0.947321,0.947321,0.723427
2017,2018-04-07,Bournemouth,Crystal Palace,2.09227,1.14558,1.14558,2.09227
2017,2018-04-07,Brighton,Huddersfield,1.53244,1.48964,1.48964,1.53244
2017,2018-04-07,Leicester,Newcastle,1.09224,0.285116,0.285116,1.09224
2017,2018-04-07,Stoke,Tottenham,1.40115,1.79894,1.79894,1.40115
2017,2018-04-07,Watford,Burnley,1.36685,1.38319,1.38319,1.36685
2017,2018-04-07,West Brom,Swansea,1.22912,0.655729,0.655729,1.22912
2017,2018-04-07,Man City,Man United,3.42967,1.21683,1.21683,3.42967
2017,2018-04-08,Arsenal,Southampton,1.58895,2.16699,2.16699,1.58895
2017,2018-04-08,Chelsea,West Ham,2.12073,0.302554,0.302554,2.12073
2017,2018-04-14,Southampton,Chelsea,1.2922,0.663817,0.663817,1.2922
2017,2018-04-14,Burnley,Leicester,1.05951,1.99812,1.99812,1.05951
2017,2018-04-14,Crystal Palace,Brighton,2.49925,1.54485,1.54485,2.49925
2017,2018-04-14,Huddersfield,Watford,0.929512,0.306273,0.306273,0.929512
2017,2018-04-14,Swansea,Everton,1.19751,1.61456,1.61456,1.19751
2017,2018-04-14,Liverpool,Bournemouth,2.6402,0.540593,0.540593,2.6402
2017,2018-04-14,Tottenham,Man City,0.445014,3.61987,3.61987,0.445014
2017,2018-04-15,Newcastle,Arsenal,0.888452,1.41538,1.41538,0.888452
2017,2018-04-15,Man United,West Brom,0.639748,0.824508,0.824508,0.639748
2017,2018-04-16,West Ham,Stoke,0.807456,1.41085,1.41085,0.807456
2017,2018-04-17,Brighton,Tottenham,0.988099,1.36248,1.36248,0.988099
2017,2018-04-18,Bournemouth,Man United,1.18301,1.61597,1.61597,1.18301
2017,2018-04-19,Burnley,Chelsea,0.221642,1.7717,1.7717,0.221642
2017,2018-04-19,Leicester,Southampton,0.515248,0.651171,0.651171,0.515248
2017,2018-04-21,West Brom,Liverpool,1.39669,1.6393,1.6393,1.39669
2017,2018-04-21,Watford,Crystal Palace,0.59455,0.182325,0.182325,0.59455
2017,2018-04-22,Arsenal,West Ham,2.07299,0.623161,0.623161,2.07299
2017,2018-04-22,Stoke,Burnley,0.356095,1.61309,1.61309,0.356095
2017,2018-04-22,Man City,Swansea,3.41675,0.297493,0.297493,3.41675
2017,2018-04-23,Everton,Newcastle,0.948534,0.480957,0.480957,0.948534
2017,2018-04-28,Liverpool,Stoke,2.11658,0.777827,0.777827,2.11658
2017,2018-04-28,Burnley,Brighton,1.54596,0.378409,0.378409,1.54596
2017,2018-04-28,Crystal Palace,Leicester,2.7876,0.941395,0.941395,2.7876
2017,2018-04-28,Huddersfield,Everton,0.56538,0.943754,0.943754,0.56538
2017,2018-04-28,Newcastle,West Brom,1.58397,0.703096,0.703096,1.58397
2017,2018-04-28,Southampton,Bournemouth,1.72584,1.01741,1.01741,1.72584
2017,2018-04-28,Swansea,Chelsea,0.502964,1.45426,1.45426,0.502964
2017,2018-04-29,West Ham,Man City,0.228917,2.29076,2.29076,0.228917
2017,2018-04-29,Man United,Arsenal,1.54667,0.651541,0.651541,1.54667
2017,2018-04-30,Tottenham,Watford,1.76757,1.36928,1.36928,1.76757
2017,2018-05-04,Brighton,Man United,0.922771,0.652444,0.652444,0.922771
2017,2018-05-05,Stoke,Crystal Palace,0.750175,1.31471,1.31471,0.750175
2017,2018-05-05,Leicester,West Ham,0.391738,1.43027,1.43027,0.391738
2017,2018-05-05,Watford,Newcastle,2.81246,0.613901,0.613901,2.81246
2017,2018-05-05,West Brom,Tottenham,1.21792,0.969481,0.969481,1.21792
2017,2018-05-05,Bournemouth,Swansea,1.69618,1.0138,1.0138,1.69618
2017,2018-05-05,Everton,Southampton,0.420891,0.634996,0.634996,0.420891
2017,2018-05-06,Man City,Huddersfield,0.78641,0.54565,0.54565,0.78641
2017,2018-05-06,Chelsea,Liverpool,0.806168,0.427002,0.427002,0.806168
2017,2018-05-06,Arsenal,Burnley,2.92408,0.21671,0.21671,2.92408
2017,2018-05-08,Swansea,Southampton,0.389621,1.48865,1.48865,0.389621
2017,2018-05-09,Leicester,Arsenal,2.19801,1.54443,1.54443,2.19801
2017,2018-05-09,Chelsea,Huddersfield,2.25256,0.631021,0.631021,2.25256
2017,2018-05-09,Man City,Brighton,1.64765,1.00939,1.00939,1.64765
2017,2018-05-09,Tottenham,Newcastle,0.835241,0.829699,0.829699,0.835241
2017,2018-05-10,West Ham,Man United,0.783043,0.596075,0.596075,0.783043
2017,2018-05-13,West Ham,Everton,1.18299,1.67867,1.67867,1.18299
2017,2018-05-13,Tottenham,Leicester,1.83248,1.27359,1.27359,1.83248
2017,2018-05-13,Swansea,Stoke,1.70936,1.75436,1.75436,1.70936
2017,2018-05-13,Burnley,Bournemouth,1.16179,1.38551,1.38551,1.16179
2017,2018-05-13,Crystal Palace,West Brom,2.36491,0.216004,0.216004,2.36491
2017,2018-05-13,Huddersfield,Arsenal,1.31031,2.3322,2.3322,1.31031
2017,2018-05-13,Liverpool,Brighton,3.50981,0.0408165,0.0408165,3.50981
2017,2018-05-13,Man United,Watford,0.45805,0.654288,0.654288,0.45805
2017,2018-05-13,Newcastle,Chelsea,2.24197,0.843284,0.843284,2.24197
2017,2018-05-13,Southampton,Man City,0.506624,0.765614,0.765614,0.506624
2018,2018-08-10,Man United,Leicester,1.5137,1.73813,1.73813,1.5137
2018,2018-08-11,Newcastle,Tottenham,0.974497,2.58097,2.58097,0.974497
2018,2018-08-11,Watford,Brighton,1.42372,0.45504,0.45504,1.42372
2018,2018-08-11,Huddersfield,Chelsea,0.396115,2.31427,2.31427,0.396115
2018,2018-08-11,Fulham,Crystal Palace,0.638076,1.07816,1.07816,0.638076
2018,2018-08-11,Bournemouth,Cardiff,2.60022,1.50693,1.50693,2.60022
2018,2018-08-11,Wolves,Everton,0.891038,0.715382,0.715382,0.891038
2018,2018-08-12,Southampton,Burnley,1.01994,1.40827,1.40827,1.01994
2018,2018-08-12,Liverpool,West Ham,4.34421,0.404253,0.404253,4.34421
2018,2018-08-12,Arsenal,Man City,0.445187,2.0178,2.0178,0.445187
2018,2018-08-18,Cardiff,Newcastle,1.15521,1.55405,1.55405,1.15521
2018,2018-08-18,West Ham,Bournemouth,1.10275,1.69077,1.69077,1.10275
2018,2018-08-18,Tottenham,Fulham,3.26713,1.44253,1.44253,3.26713
2018,2018-08-18,Leicester,Wolves,0.222843,1.09349,1.09349,0.222843
2018,2018-08-18,Everton,Southampton,2.02004,1.77471,1.77471,2.02004
2018,2018-08-18,Chelsea,Arsenal,1.71799,2.45798,2.45798,1.71799
2018,2018-08-19,Man City,Huddersfield,4.60356,0.663731,0.663731,4.60356
2018,2018-08-19,Burnley,Watford,0.392642,1.9171,1.9171,0.392642
2018,2018-08-19,Brighton,Man United,1.63672,1.56579,1.56579,1.63672
2018,2018-08-20,Crystal Palace,Liverpool,0.368608,2.82183,2.82183,0.368608
2018,2018-08-25,Wolves,Man City,1.26376,1.84293,1.84293,1.26376
2018,2018-08-25,Southampton,Leicester,0.542494,0.517935,0.517935,0.542494
2018,2018-08-25,Huddersfield,Cardiff,0.203453,1.06351,1.06351,0.203453
2018,2018-08-25,Bournemouth,Everton,2.5887,0.543665,0.543665,2.5887
2018,2018-08-25,Arsenal,West Ham,1.7852,1.17924,1.17924,1.7852
2018,2018-08-25,Liverpool,Brighton,1.81412,0.535616,0.535616,1.81412
2018,2018-08-26,Watford,Crystal Palace,1.14596,1.21905,1.21905,1.14596
2018,2018-08-26,Fulham,Burnley,1.92459,1.56882,1.56882,1.92459
2018,2018-08-26,Newcastle,Chelsea,0.209337,1.49669,1.49669,0.209337
2018,2018-08-27,Man United,Tottenham,1.40321,1.80811,1.80811,1.40321
2018,2018-09-01,Leicester,Liverpool,0.981217,1.22722,1.22722,0.981217
2018,2018-09-01,West Ham,Wolves,0.888887,1.22301,1.22301,0.888887
2018,2018-09-01,Everton,Huddersfield,0.616013,0.660035,0.660035,0.616013
2018,2018-09-01,Crystal Palace,Southampton,2.35193,3.13612,3.13612,2.35193
2018,2018-09-01,Chelsea,Bournemouth,1.16408,0.950959,0.950959,1.16408
2018,2018-09-01,Brighton,Fulham,2.68216,1.51555,1.51555,2.68216
2018,2018-09-01,Man City,Newcastle,2.46904,0.554763,0.554763,2.46904
2018,2018-09-02,Cardiff,Arsenal,0.77426,1.41005,1.41005,0.77426
2018,2018-09-02,Burnley,Man United,1.09923,2.90359,2.90359,1.09923
2018,2018-09-02,Watford,Tottenham,0.454309,0.582521,0.582521,0.454309
2018,2018-09-15,Tottenham,Liverpool,0.788168,3.01015,3.01015,0.788168
2018,2018-09-15,Newcastle,Arsenal,0.412121,0.90461,0.90461,0.412121
2018,2018-09-15,Man City,Fulham,4.91621,0.342698,0.342698,4.91621
2018,2018-09-15,Huddersfield,Crystal Palace,0.87744,0.746631,0.746631,0.87744
2018,2018-09-15,Chelsea,Cardiff,2.67145,0.8276,0.8276,2.67145
2018,2018-09-15,Bournemouth,Leicester,2.22726,1.82502,1.82502,2.22726
2018,2018-09-15,Watford,Man United,1.17523,1.64902,1.64902,1.17523
2018,2018-09-16,Wolves,Burnley,3.3916,0.208994,0.208994,3.3916
2018,2018-09-16,Everton,West Ham,1.26774,1.52437,1.52437,1.26774
2018,2018-09-17,Southampton,Brighton,2.19521,1.97094,1.97094,2.19521
2018,2018-09-22,Fulham,Watford,1.77245,1.76133,1.76133,1.77245
2018,2018-09-22,Man United,Wolves,0.62283,1.1185,1.1185,0.62283
2018,2018-09-22,Liverpool,Southampton,1.77893,0.310467,0.310467,1.77893
2018,2018-09-22,Leicester,Huddersfield,1.80404,0.688176,0.688176,1.80404
2018,2018-09-22,Crystal Palace,Newcastle,0.930793,0.229309,0.229309,0.930793
2018,2018-09-22,Cardiff,Man City,0.0980726,3.08415,3.08415,0.0980726
2018,2018-09-22,Burnley,Bournemouth,2.29417,0.976413,0.976413,2.29417
2018,2018-09-22,Brighton,Tottenham,0.817174,2.11655,2.11655,0.817174
2018,2018-09-23,West Ham,Chelsea,1.0177,1.88344,1.88344,1.0177
2018,2018-09-23,Arsenal,Everton,0.930544,1.06523,1.06523,0.930544
2018,2018-09-29,West Ham,Man United,1.3029,0.865739,0.865739,1.3029
2018,2018-09-29,Wolves,Southampton,1.42507,0.679627,0.679627,1.42507
2018,2018-09-29,Newcastle,Leicester,0.397301,1.34341,1.34341,0.397301
2018,2018-09-29,Man City,Brighton,2.90697,0.23023,0.23023,2.90697
2018,2018-09-29,Huddersfield,Tottenham,0.339245,2.33733,2.33733,0.339245
2018,2018-09-29,Everton,Fulham,2.31538,0.536317,0.536317,2.31538
2018,2018-09-29,Arsenal,Watford,1.57061,2.62141,2.62141,1.57061
2018,2018-09-29,Chelsea,Liverpool,1.77638,1.74071,1.74071,1.77638
2018,2018-09-30,Cardiff,Burnley,1.56707,0.111527,0.111527,1.56707
2018,2018-10-01,Bournemouth,Crystal Palace,1.97143,0.385841,0.385841,1.97143
2018,2018-10-05,Brighton,West Ham,1.02566,1.43652,1.43652,1.02566
2018,2018-10-06,Watford,Bournemouth,1.06613,3.28471,3.28471,1.06613
2018,2018-10-06,Tottenham,Cardiff,2.6517,1.13843,1.13843,2.6517
2018,2018-10-06,Leicester,Everton,1.10472,1.14952,1.14952,1.10472
2018,2018-10-06,Crystal Palace,Wolves,1.03714,0.755654,0.755654,1.03714
2018,2018-10-06,Burnley,Huddersfield,0.353128,1.02549,1.02549,0.353128
2018,2018-10-06,Man United,Newcastle,2.40631,1.55962,1.55962,2.40631
2018,2018-10-07,Fulham,Arsenal,1.31588,1.13706,1.13706,1.31588
2018,2018-10-07,Southampton,Chelsea,1.487,3.54699,3.54699,1.487
2018,2018-10-07,Liverpool,Man City,0.433994,1.07481,1.07481,0.433994
2018,2018-10-20,Chelsea,Man United,2.21163,1.11454,1.11454,2.21163
2018,2018-10-20,Wolves,Watford,0.47391,1.0684,1.0684,0.47391
2018,2018-10-20,West Ham,Tottenham,0.544268,1.11777,1.11777,0.544268
2018,2018-10-20,Newcastle,Brighton,1.71169,0.675798,0.675798,1.71169
2018,2018-10-20,Man City,Burnley,4.48577,0.370236,0.370236,4.48577
2018,2018-10-20,Cardiff,Fulham,1.7562,0.947712,0.947712,1.7562
2018,2018-10-20,Bournemouth,Southampton,0.840403,0.589633,0.589633,0.840403
2018,2018-10-20,Huddersfield,Liverpool,0.638341,0.663819,0.663819,0.638341
2018,2018-10-21,Everton,Crystal Palace,1.92794,1.50174,1.50174,1.92794
2018,2018-10-22,Arsenal,Leicester,2.91637,0.932491,0.932491,2.91637
2018,2018-10-27,Liverpool,Cardiff,2.30176,0.643117,0.643117,2.30176
2018,2018-10-27,Fulham,Bournemouth,0.383833,2.10555,2.10555,0.383833
2018,2018-10-27,Brighton,Wolves,1.01337,1.38027,1.38027,1.01337
2018,2018-10-27,Watford,Huddersfield,2.29622,0.479655,0.479655,2.29622
2018,2018-10-27,Southampton,Newcastle,1.19216,0.297646,0.297646,1.19216
2018,2018-10-27,Leicester,West Ham,1.95344,1.56009,1.56009,1.95344
2018,2018-10-28,Crystal Palace,Arsenal,2.38115,0.845197,0.845197,2.38115
2018,2018-10-28,Burnley,Chelsea,0.269828,3.01621,3.01621,0.269828
2018,2018-10-28,Man United,Everton,2.51393,1.67348,1.67348,2.51393
2018,2018-10-29,Tottenham,Man City,0.442436,1.93588,1.93588,0.442436
2018,2018-11-03,Bournemouth,Man United,1.928,3.29249,3.29249,1.928
2018,2018-11-03,West Ham,Burnley,2.55739,0.882514,0.882514,2.55739
2018,2018-11-03,Newcastle,Watford,0.691575,2.5452,2.5452,0.691575
2018,2018-11-03,Everton,Brighton,2.59305,0.676348,0.676348,2.59305
2018,2018-11-03,Cardiff,Leicester,0.922262,2.18288,2.18288,0.922262
2018,2018-11-03,Arsenal,Liverpool,1.62321,1.19558,1.19558,1.62321
2018,2018-11-03,Wolves,Tottenham,2.40643,1.63123,1.63123,2.40643
2018,2018-11-04,Man City,Southampton,2.76272,1.81466,1.81466,2.76272
2018,2018-11-04,Chelsea,Crystal Palace,1.88741,0.454547,0.454547,1.88741
2018,2018-11-05,Huddersfield,Fulham,0.51433,0.354166,0.354166,0.51433
2018,2018-11-10,Cardiff,Brighton,1.94297,0.767044,0.767044,1.94297
2018,2018-11-10,Southampton,Watford,1.20211,1.07573,1.07573,1.20211
2018,2018-11-10,Newcastle,Bournemouth,2.57545,1.91687,1.91687,2.57545
2018,2018-11-10,Leicester,Burnley,1.5091,0.368393,0.368393,1.5091
2018,2018-11-10,Huddersfield,West Ham,1.17524,1.44113,1.44113,1.17524
2018,2018-11-10,Crystal Palace,Tottenham,0.688016,1.55381,1.55381,0.688016
2018,2018-11-11,Liverpool,Fulham,2.22417,0.571301,0.571301,2.22417
2018,2018-11-11,Chelsea,Everton,1.16298,0.198027,0.198027,1.16298
2018,2018-11-11,Man City,Man United,2.02764,0.97089,0.97089,2.02764
2018,2018-11-11,Arsenal,Wolves,0.965843,1.86549,1.86549,0.965843
2018,2018-11-24,West Ham,Man City,0.829504,2.95852,2.95852,0.829504
2018,2018-11-24,Watford,Liverpool,0.673382,1.45314,1.45314,0.673382
2018,2018-11-24,Man United,Crystal Palace,1.34245,1.05292,1.05292,1.34245
2018,2018-11-24,Fulham,Southampton,1.3875,1.67163,1.67163,1.3875
2018,2018-11-24,Everton,Cardiff,2.48066,0.879108,0.879108,2.48066
2018,2018-11-24,Brighton,Leicester,0.862315,1.12521,1.12521,0.862315
2018,2018-11-24,Tottenham,Chelsea,3.34649,0.962804,0.962804,3.34649
2018,2018-11-25,Bournemouth,Arsenal,0.650884,1.71044,1.71044,0.650884
2018,2018-11-25,Wolves,Huddersfield,0.701036,0.627281,0.627281,0.701036
2018,2018-11-26,Burnley,Newcastle,1.49487,1.67701,1.67701,1.49487
2018,2018-11-30,Cardiff,Wolves,1.09264,0.987623,0.987623,1.09264
2018,2018-12-01,Newcastle,West Ham,1.12583,2.62697,2.62697,1.12583
2018,2018-12-01,Man City,Bournemouth,2.83557,0.715009,0.715009,2.83557
2018,2018-12-01,Leicester,Watford,1.41758,1.19923,1.19923,1.41758
2018,2018-12-01,Huddersfield,Brighton,0.558083,1.67998,1.67998,0.558083
2018,2018-12-01,Crystal Palace,Burnley,2.03785,0.302477,0.302477,2.03785
2018,2018-12-01,Southampton,Man United,0.623954,0.904803,0.904803,0.623954
2018,2018-12-02,Chelsea,Fulham,2.17105,0.285256,0.285256,2.17105
2018,2018-12-02,Arsenal,Tottenham,2.71421,1.0926,1.0926,2.71421
2018,2018-12-02,Liverpool,Everton,3.07574,1.23014,1.23014,3.07574
2018,2018-12-04,Brighton,Crystal Palace,1.2521,1.5329,1.5329,1.2521
2018,2018-12-04,Bournemouth,Huddersfield,1.07393,1.5631,1.5631,1.07393
2018,2018-12-04,West Ham,Cardiff,1.57488,1.93448,1.93448,1.57488
2018,2018-12-04,Watford,Man City,1.672,2.51933,2.51933,1.672
2018,2018-12-05,Wolves,Chelsea,0.682893,1.10702,1.10702,0.682893
2018,2018-12-05,Fulham,Leicester,1.47593,1.21575,1.21575,1.47593
2018,2018-12-05,Burnley,Liverpool,1.05809,2.73897,2.73897,1.05809
2018,2018-12-05,Everton,Newcastle,2.10943,1.52214,1.52214,2.10943
2018,2018-12-05,Man United,Arsenal,1.33679,1.73226,1.73226,1.33679
2018,2018-12-05,Tottenham,Southampton,1.73642,1.82434,1.82434,1.73642
2018,2018-12-08,Bournemouth,Liverpool,0.279142,1.80619,1.80619,0.279142
2018,2018-12-08,West Ham,Crystal Palace,1.53635,0.934613,0.934613,1.53635
2018,2018-12-08,Man United,Fulham,3.15444,1.23251,1.23251,3.15444
2018,2018-12-08,Cardiff,Southampton,1.55832,0.501128,0.501128,1.55832
2018,2018-12-08,Burnley,Brighton,1.81251,0.951507,0.951507,1.81251
2018,2018-12-08,Arsenal,Huddersfield,2.02156,0.308361,0.308361,2.02156
2018,2018-12-08,Chelsea,Man City,0.526329,0.740048,0.740048,0.526329
2018,2018-12-08,Leicester,Tottenham,0.357742,0.917968,0.917968,0.357742
2018,2018-12-09,Newcastle,Wolves,0.4601,1.57799,1.57799,0.4601
2018,2018-12-10,Everton,Watford,1.72686,1.63043,1.63043,1.72686
2018,2018-12-15,Man City,Everton,1.79848,1.6235,1.6235,1.79848
2018,2018-12-15,Wolves,Bournemouth,2.02223,0.52685,0.52685,2.02223
2018,2018-12-15,Watford,Cardiff,1.64998,0.485768,0.485768,1.64998
2018,2018-12-15,Tottenham,Burnley,1.74625,0.451196,0.451196,1.74625
2018,2018-12-15,Huddersfield,Newcastle,0.671382,0.931041,0.931041,0.671382
2018,2018-12-15,Crystal Palace,Leicester,0.39698,0.895305,0.895305,0.39698
2018,2018-12-15,Fulham,West Ham,1.03424,0.75325,0.75325,1.03424
2018,2018-12-16,Southampton,Arsenal,1.21163,1.85763,1.85763,1.21163
2018,2018-12-16,Brighton,Chelsea,0.26126,1.6111,1.6111,0.26126
2018,2018-12-16,Liverpool,Man United,2.60435,0.658049,0.658049,2.60435
2018,2018-12-21,Wolves,Liverpool,0.763821,2.16356,2.16356,0.763821
2018,2018-12-22,Arsenal,Burnley,1.4656,1.03237,1.03237,1.4656
2018,2018-12-22,West Ham,Watford,2.06507,2.32983,2.32983,2.06507
2018,2018-12-22,Newcastle,Fulham,0.289508,0.245408,0.245408,0.289508
2018,2018-12-22,Man City,Crystal Palace,1.27118,1.14609,1.14609,1.27118
2018,2018-12-22,Huddersfield,Southampton,1.0038,2.60172,2.60172,1.0038
2018,2018-12-22,Chelsea,Leicester,2.40458,0.456492,0.456492,2.40458
2018,2018-12-22,Bournemouth,Brighton,0.892502,0.825478,0.825478,0.892502
2018,2018-12-22,Cardiff,Man United,1.27173,2.72523,2.72523,1.27173
2018,2018-12-23,Everton,Tottenham,1.00121,2.55514,2.55514,1.00121
2018,2018-12-26,Fulham,Wolves,1.2769,1.35896,1.35896,1.2769
2018,2018-12-26,Tottenham,Bournemouth,2.23457,1.21736,1.21736,2.23457
2018,2018-12-26,Man United,Huddersfield,1.79848,1.40594,1.40594,1.79848
2018,2018-12-26,Liverpool,Newcastle,3.24988,0.456309,0.456309,3.24988
2018,2018-12-26,Leicester,Man City,1.55714,1.34781,1.34781,1.55714
2018,2018-12-26,Crystal Palace,Cardiff,2.43202,1.05926,1.05926,2.43202
2018,2018-12-26,Burnley,Everton,1.88646,1.8875,1.8875,1.88646
2018,2018-12-26,Brighton,Arsenal,1.38502,0.789138,0.789138,1.38502
2018,2018-12-26,Watford,Chelsea,1.24414,2.1956,2.1956,1.24414
2018,2018-12-27,Southampton,West Ham,1.28665,1.26973,1.26973,1.28665
2018,2018-12-29,Watford,Newcastle,1.05566,0.661713,0.661713,1.05566
2018,2018-12-29,Tottenham,Wolves,0.277704,1.20867,1.20867,0.277704
2018,2018-12-29,Leicester,Cardiff,1.51648,0.493212,0.493212,1.51648
2018,2018-12-29,Fulham,Huddersfield,1.72386,0.276791,0.276791,1.72386
2018,2018-12-29,Brighton,Everton,1.60311,0.655851,0.655851,1.60311
2018,2018-12-29,Liverpool,Arsenal,3.7053,1.08186,1.08186,3.7053
2018,2018-12-30,Crystal Palace,Chelsea,0.199002,0.741471,0.741471,0.199002
2018,2018-12-30,Southampton,Man City,0.221381,2.96802,2.96802,0.221381
2018,2018-12-30,Burnley,West Ham,2.89884,0.656044,0.656044,2.89884
2018,2018-12-30,Man United,Bournemouth,3.41874,0.705549,0.705549,3.41874
2018,2019-01-01,Everton,Leicester,0.871304,0.644144,0.644144,0.871304
2018,2019-01-01,Arsenal,Fulham,4.43325,1.71312,1.71312,4.43325
2018,2019-01-01,Cardiff,Tottenham,1.0789,1.38282,1.38282,1.0789
2018,2019-01-02,Wolves,Crystal Palace,0.656255,1.94658,1.94658,0.656255
2018,2019-01-02,West Ham,Brighton,0.639356,0.686806,0.686806,0.639356
2018,2019-01-02,Huddersfield,Burnley,0.621818,2.66309,2.66309,0.621818
2018,2019-01-02,Chelsea,Southampton,0.850791,0.158168,0.158168,0.850791
2018,2019-01-02,Bournemouth,Watford,2.84828,0.977046,0.977046,2.84828
2018,2019-01-02,Newcastle,Man United,0.691878,2.6754,2.6754,0.691878
2018,2019-01-03,Man City,Liverpool,1.00357,1.3801,1.3801,1.00357
2018,2019-01-12,West Ham,Arsenal,0.669394,0.685895,0.685895,0.669394
2018,2019-01-12,Leicester,Southampton,1.75983,1.41659,1.41659,1.75983
2018,2019-01-12,Crystal Palace,Watford,1.1617,1.56262,1.56262,1.1617
2018,2019-01-12,Cardiff,Huddersfield,0.124558,0.39468,0.39468,0.124558
2018,2019-01-12,Burnley,Fulham,0.809801,0.903255,0.903255,0.809801
2018,2019-01-12,Brighton,Liverpool,0.384198,2.2665,2.2665,0.384198
2018,2019-01-12,Chelsea,Newcastle,1.32355,0.395148,0.395148,1.32355
2018,2019-01-13,Everton,Bournemouth,1.7814,1.52828,1.52828,1.7814
2018,2019-01-13,Tottenham,Man United,1.80359,0.957777,0.957777,1.80359
2018,2019-01-14,Man City,Wolves,3.11947,0.0985446,0.0985446,3.11947
2018,2019-01-19,Wolves,Leicester,2.21719,1.33831,1.33831,2.21719
2018,2019-01-19,Watford,Burnley,1.06981,1.97256,1.97256,1.06981
2018,2019-01-19,Southampton,Everton,1.06009,1.31169,1.31169,1.06009
2018,2019-01-19,Newcastle,Cardiff,2.518,0.255727,0.255727,2.518
2018,2019-01-19,Man United,Brighton,2.64005,0.635111,0.635111,2.64005
2018,2019-01-19,Liverpool,Crystal Palace,2.8299,0.695213,0.695213,2.8299
2018,2019-01-19,Bournemouth,West Ham,1.24835,0.971813,0.971813,1.24835
2018,2019-01-19,Arsenal,Chelsea,2.09412,0.755304,0.755304,2.09412
2018,2019-01-20,Huddersfield,Man City,0.764264,2.01376,2.01376,0.764264
2018,2019-01-20,Fulham,Tottenham,0.937902,1.93316,1.93316,0.937902
2018,2019-01-29,Wolves,West Ham,2.0363,0.130179,0.130179,2.0363
2018,2019-01-29,Huddersfield,Everton,0.73078,1.05995,1.05995,0.73078
2018,2019-01-29,Fulham,Brighton,3.46113,2.36867,2.36867,3.46113
2018,2019-01-29,Arsenal,Cardiff,2.69339,0.597893,0.597893,2.69339
2018,2019-01-29,Man United,Burnley,3.23417,0.934603,0.934603,3.23417
2018,2019-01-29,Newcastle,Man City,0.992326,1.33896,1.33896,0.992326
2018,2019-01-30,Bournemouth,Chelsea,2.15094,0.718873,0.718873,2.15094
2018,2019-01-30,Southampton,Crystal Palace,1.33257,1.53294,1.53294,1.33257
2018,2019-01-30,Tottenham,Watford,1.36248,0.479838,0.479838,1.36248
2018,2019-01-30,Liverpool,Leicester,0.576336,1.1272,1.1272,0.576336
2018,2019-02-02,Tottenham,Newcastle,3.10409,0.400152,0.400152,3.10409
2018,2019-02-02,Everton,Wolves,1.36252,1.85729,1.85729,1.36252
2018,2019-02-02,Crystal Palace,Fulham,2.19582,0.560836,0.560836,2.19582
2018,2019-02-02,Chelsea,Huddersfield,2.94236,0.260391,0.260391,2.94236
2018,2019-02-02,Burnley,Southampton,2.00175,0.787747,0.787747,2.00175
2018,2019-02-02,Brighton,Watford,1.83528,0.279297,0.279297,1.83528
2018,2019-02-02,Cardiff,Bournemouth,2.53093,0.35199,0.35199,2.53093
2018,2019-02-03,Leicester,Man United,1.40067,1.49717,1.49717,1.40067
2018,2019-02-03,Man City,Arsenal,3.03102,0.703542,0.703542,3.03102
2018,2019-02-04,West Ham,Liverpool,0.791319,1.12475,1.12475,0.791319
2018,2019-02-06,Everton,Man City,0.111559,2.60922,2.60922,0.111559
2018,2019-02-09,Fulham,Man United,2.18741,2.13209,2.13209,2.18741
2018,2019-02-09,Crystal Palace,West Ham,2.68412,1.74711,1.74711,2.68412
2018,2019-02-09,Watford,Everton,1.53311,0.641094,0.641094,1.53311
2018,2019-02-09,Southampton,Cardiff,1.70666,0.980673,0.980673,1.70666
2018,2019-02-09,Liverpool,Bournemouth,2.53003,0.390995,0.390995,2.53003
2018,2019-02-09,Huddersfield,Arsenal,1.96816,1.46751,1.46751,1.96816
2018,2019-02-09,Brighton,Burnley,1.31614,1.83041,1.83041,1.31614
2018,2019-02-10,Tottenham,Leicester,1.21144,3.02164,3.02164,1.21144
2018,2019-02-10,Man City,Chelsea,4.04218,0.901867,0.901867,4.04218
2018,2019-02-11,Wolves,Newcastle,2.30998,0.435263,0.435263,2.30998
2018,2019-02-22,West Ham,Fulham,2.72871,1.23555,1.23555,2.72871
2018,2019-02-22,Cardiff,Watford,1.90045,2.75798,2.75798,1.90045
2018,2019-02-23,Burnley,Tottenham,1.08514,0.845211,0.845211,1.08514
2018,2019-02-23,Newcastle,Huddersfield,3.03313,0.133934,0.133934,3.03313
2018,2019-02-23,Bournemouth,Wolves,2.13291,1.20286,1.20286,2.13291
2018,2019-02-23,Leicester,Crystal Palace,0.946697,1.57739,1.57739,0.946697
2018,2019-02-24,Man United,Liverpool,0.474869,0.380519,0.380519,0.474869
2018,2019-02-24,Arsenal,Southampton,2.35088,0.613167,0.613167,2.35088
2018,2019-02-26,Leicester,Brighton,1.92171,1.20566,1.20566,1.92171
2018,2019-02-26,Huddersfield,Wolves,1.46224,0.573166,0.573166,1.46224
2018,2019-02-26,Cardiff,Everton,0.219359,1.14212,1.14212,0.219359
2018,2019-02-26,Newcastle,Burnley,1.70312,1.74201,1.74201,1.70312
2018,2019-02-27,Arsenal,Bournemouth,3.18716,0.88618,0.88618,3.18716
2018,2019-02-27,Southampton,Fulham,1.15823,0.798715,0.798715,1.15823
2018,2019-02-27,Crystal Palace,Man United,1.69334,1.54089,1.54089,1.69334
2018,2019-02-27,Chelsea,Tottenham,0.625978,0.722229,0.722229,0.625978
2018,2019-02-27,Man City,West Ham,3.67741,0.400125,0.400125,3.67741
2018,2019-02-27,Liverpool,Watford,2.74266,0.630423,0.630423,2.74266
2018,2019-03-02,Tottenham,Arsenal,1.76818,3.45713,3.45713,1.76818
2018,2019-03-02,Wolves,Cardiff,3.2075,0.702261,0.702261,3.2075
2018,2019-03-02,Man United,Southampton,2.54216,0.578485,0.578485,2.54216
2018,2019-03-02,Burnley,Crystal Palace,1.90872,0.706284,0.706284,1.90872
2018,2019-03-02,Brighton,Huddersfield,1.39896,0.2014,0.2014,1.39896
2018,2019-03-02,Bournemouth,Man City,0.0,1.59515,1.59515,0.0
2018,2019-03-02,West Ham,Newcastle,1.88895,1.18549,1.18549,1.88895
2018,2019-03-03,Watford,Leicester,1.36515,0.794683,0.794683,1.36515
2018,2019-03-03,Fulham,Chelsea,0.898469,1.53632,1.53632,0.898469
2018,2019-03-03,Everton,Liverpool,0.241879,0.811272,0.811272,0.241879
2018,2019-03-09,Crystal Palace,Brighton,1.44291,0.129312,0.129312,1.44291
2018,2019-03-09,Southampton,Tottenham,2.07772,1.26876,1.26876,2.07772
2018,2019-03-09,Newcastle,Everton,2.37896,1.15114,1.15114,2.37896
2018,2019-03-09,Leicester,Fulham,2.13494,0.15103,0.15103,2.13494
2018,2019-03-09,Huddersfield,Bournemouth,0.339087,2.16389,2.16389,0.339087
2018,2019-03-09,Cardiff,West Ham,3.49275,0.295869,0.295869,3.49275
2018,2019-03-09,Man City,Watford,3.75714,0.407168,0.407168,3.75714
2018,2019-03-10,Liverpool,Burnley,4.12341,0.471571,0.471571,4.12341
2018,2019-03-10,Chelsea,Wolves,1.0471,0.609079,0.609079,1.0471
2018,2019-03-10,Arsenal,Man United,1.52723,2.3703,2.3703,1.52723
2018,2019-03-16,West Ham,Huddersfield,1.88114,1.66909,1.66909,1.88114
2018,2019-03-16,Burnley,Leicester,1.17008,0.608954,0.608954,1.17008
2018,2019-03-16,Bournemouth,Newcastle,1.61666,1.02847,1.02847,1.61666
2018,2019-03-17,Fulham,Liverpool,0.915765,2.73437,2.73437,0.915765
2018,2019-03-17,Everton,Chelsea,2.24031,1.24394,1.24394,2.24031
2018,2019-03-30,Fulham,Man City,0.661491,2.31513,2.31513,0.661491
2018,2019-03-30,Man United,Watford,1.98052,1.35208,1.35208,1.98052
2018,2019-03-30,Leicester,Bournemouth,1.8935,0.790333,0.790333,1.8935
2018,2019-03-30,Crystal Palace,Huddersfield,2.84701,0.926991,0.926991,2.84701
2018,2019-03-30,Burnley,Wolves,0.572695,0.397928,0.397928,0.572695
2018,2019-03-30,Brighton,Southampton,0.560521,0.857436,0.857436,0.560521
2018,2019-03-30,West Ham,Everton,0.0891639,2.65983,2.65983,0.0891639
2018,2019-03-31,Cardiff,Chelsea,0.446122,2.07834,2.07834,0.446122
2018,2019-03-31,Liverpool,Tottenham,1.0931,1.04822,1.04822,1.0931
2018,2019-04-01,Arsenal,Newcastle,1.04458,0.0441445,0.0441445,1.04458
2018,2019-04-02,Wolves,Man United,1.65044,2.03847,2.03847,1.65044
2018,2019-04-02,Watford,Fulham,1.59338,1.90917,1.90917,1.59338
2018,2019-04-03,Chelsea,Brighton,3.12416,0.440898,0.440898,3.12416
2018,2019-04-03,Tottenham,Crystal Palace,2.57376,0.564317,0.564317,2.57376
2018,2019-04-03,Man City,Cardiff,3.53913,0.135788,0.135788,3.53913
2018,2019-04-05,Southampton,Liverpool,0.718394,2.00654,2.00654,0.718394
2018,2019-04-06,Newcastle,Crystal Palace,0.943175,0.907988,0.907988,0.943175
2018,2019-04-06,Huddersfield,Leicester,1.62301,3.61876,3.61876,1.62301
2018,2019-04-06,Bournemouth,Burnley,1.20888,1.38919,1.38919,1.20888
2018,2019-04-07,Everton,Arsenal,2.69396,0.201885,0.201885,2.69396
2018,2019-04-08,Chelsea,West Ham,2.23287,0.471195,0.471195,2.23287
2018,2019-04-12,Leicester,Newcastle,0.877377,0.945804,0.945804,0.877377
2018,2019-04-13,Tottenham,Huddersfield,2.78596,0.983527,0.983527,2.78596
2018,2019-04-13,Southampton,Wolves,3.80842,0.642825,0.642825,3.80842
2018,2019-04-13,Fulham,Everton,1.66303,1.29107,1.29107,1.66303
2018,2019-04-13,Burnley,Cardiff,2.84358,0.872224,0.872224,2.84358
2018,2019-04-13,Brighton,Bournemouth,0.206731,2.76885,2.76885,0.206731
2018,2019-04-13,Man United,West Ham,2.65125,1.42817,1.42817,2.65125
2018,2019-04-14,Crystal Palace,Man City,0.318169,2.86236,2.86236,0.318169
2018,2019-04-14,Liverpool,Chelsea,1.30839,0.873177,0.873177,1.30839
2018,2019-04-15,Watford,Arsenal,1.12595,2.2668,2.2668,1.12595
2018,2019-04-16,Brighton,Cardiff,0.588539,0.819472,0.819472,0.588539
2018,2019-04-20,Man City,Tottenham,2.06185,1.19894,1.19894,2.06185
2018,2019-04-20,Wolves,Brighton,2.60447,0.115051,0.115051,2.60447
2018,2019-04-20,West Ham,Leicester,1.36558,0.8065,0.8065,1.36558
2018,2019-04-20,Huddersfield,Watford,1.09072,1.08462,1.08462,1.09072
2018,2019-04-20,Bournemouth,Fulham,2.83739,2.61689,2.61689,2.83739
2018,2019-04-20,Newcastle,Southampton,1.23033,1.27102,1.27102,1.23033
2018,2019-04-21,Everton,Man United,1.5204,0.305982,0.305982,1.5204
2018,2019-04-21,Cardiff,Liverpool,1.1187,2.42404,2.42404,1.1187
2018,2019-04-21,Arsenal,Crystal Palace,1.54245,2.56216,2.56216,1.54245
2018,2019-04-22,Chelsea,Burnley,1.28197,0.788788,0.788788,1.28197
2018,2019-04-23,Watford,Southampton,1.27253,2.11999,2.11999,1.27253
2018,2019-04-23,Tottenham,Brighton,1.0032,0.143138,0.143138,1.0032
2018,2019-04-24,Wolves,Arsenal,0.982018,0.939754,0.939754,0.982018
2018,2019-04-24,Man United,Man City,0.514509,0.530481,0.530481,0.514509
2018,2019-04-26,Liverpool,Huddersfield,3.58922,0.1624,0.1624,3.58922
2018,2019-04-27,Tottenham,West Ham,1.35378,0.991558,0.991558,1.35378
2018,2019-04-27,Watford,Wolves,0.896093,2.44357,2.44357,0.896093
2018,2019-04-27,Southampton,Bournemouth,2.73537,2.62214,2.62214,2.73537
2018,2019-04-27,Fulham,Cardiff,0.519072,1.11322,1.11322,0.519072
2018,2019-04-27,Crystal Palace,Everton,0.261344,1.15217,1.15217,0.261344
2018,2019-04-27,Brighton,Newcastle,1.20482,0.43797,0.43797,1.20482
2018,2019-04-28,Leicester,Arsenal,3.6797,0.600697,0.600697,3.6797
2018,2019-04-28,Burnley,Man City,0.0899809,2.34878,2.34878,0.0899809
2018,2019-04-28,Man United,Chelsea,1.12483,1.6298,1.6298,1.12483
2018,2019-05-03,Everton,Burnley,1.76461,0.473292,0.473292,1.76461
2018,2019-05-04,Bournemouth,Tottenham,2.22622,0.713362,0.713362,2.22622
2018,2019-05-04,Wolves,Fulham,2.09397,0.512477,0.512477,2.09397
2018,2019-05-04,West Ham,Southampton,1.99866,0.443686,0.443686,1.99866
2018,2019-05-04,Cardiff,Crystal Palace,1.4996,1.80991,1.80991,1.4996
2018,2019-05-04,Newcastle,Liverpool,1.29707,1.48081,1.48081,1.29707
2018,2019-05-05,Huddersfield,Man United,0.73663,1.88049,1.88049,0.73663
2018,2019-05-05,Chelsea,Watford,2.96478,1.2712,1.2712,2.96478
2018,2019-05-05,Arsenal,Brighton,2.36178,1.90585,1.90585,2.36178
2018,2019-05-06,Man City,Leicester,1.08617,0.537307,0.537307,1.08617
2018,2019-05-12,Watford,West Ham,2.06986,3.20094,3.20094,2.06986
2018,2019-05-12,Tottenham,Everton,0.882608,2.06851,2.06851,0.882608
2018,2019-05-12,Southampton,Huddersfield,0.941018,0.857152,0.857152,0.941018
2018,2019-05-12,Man United,Cardiff,1.89555,1.71095,1.71095,1.89555
2018,2019-05-12,Liverpool,Wolves,1.70197,0.883861,0.883861,1.70197
2018,2019-05-12,Leicester,Chelsea,0.345306,1.26735,1.26735,0.345306
2018,2019-05-12,Fulham,Newcastle,0.569845,1.95921,1.95921,0.569845
2018,2019-05-12,Crystal Palace,Bournemouth,2.85899,1.8981,1.8981,2.85899
2018,2019-05-12,Burnley,Arsenal,1.72939,2.87276,2.87276,1.72939
2018,2019-05-12,Brighton,Man City,0.595313,2.22234,2.22234,0.595313
2019,2019-08-09,Liverpool,Norwich,2.23456,0.842407,0.842407,2.23456
2019,2019-08-10,West Ham,Man City,1.2003,3.18377,3.18377,1.2003
2019,2019-08-10,Bournemouth,Sheffield United,1.34099,1.59864,1.59864,1.34099
2019,2019-08-10,Burnley,Southampton,0.909241,1.08752,1.08752,0.909241
2019,2019-08-10,Crystal Palace,Everton,0.87159,1.2246,1.2246,0.87159
2019,2019-08-10,Watford,Brighton,0.670022,0.855516,0.855516,0.670022
2019,2019-08-10,Tottenham,Aston Villa,2.57262,0.639599,0.639599,2.57262
2019,2019-08-11,Newcastle,Arsenal,0.380551,1.13309,1.13309,0.380551
2019,2019-08-11,Leicester,Wolves,0.543759,0.812949,0.812949,0.543759
2019,2019-08-11,Man United,Chelsea,2.37442,1.09534,1.09534,2.37442
2019,2019-08-17,Arsenal,Burnley,1.1644,1.39172,1.39172,1.1644
2019,2019-08-17,Aston Villa,Bournemouth,1.65069,1.62777,1.62777,1.65069
2019,2019-08-17,Brighton,West Ham,2.40461,1.00856,1.00856,2.40461
2019,2019-08-17,Everton,Watford,0.832913,1.17279,1.17279,0.832913
2019,2019-08-17,Norwich,Newcastle,2.09572,0.920429,0.920429,2.09572
2019,2019-08-17,Southampton,Liverpool,2.14047,1.52022,1.52022,2.14047
2019,2019-08-17,Man City,Tottenham,3.20076,0.074542,0.074542,3.20076
2019,2019-08-18,Sheffield United,Crystal Palace,1.84778,0.241912,0.241912,1.84778
2019,2019-08-18,Chelsea,Leicester,1.22629,0.947941,0.947941,1.22629
2019,2019-08-19,Wolves,Man United,0.307356,1.14332,1.14332,0.307356
2019,2019-08-23,Aston Villa,Everton,0.855926,1.25668,1.25668,0.855926
2019,2019-08-24,Norwich,Chelsea,1.07904,1.89428,1.89428,1.07904
2019,2019-08-24,Sheffield United,Leicester,0.654318,0.704879,0.704879,0.654318
2019,2019-08-24,Brighton,Southampton,0.997711,2.07795,2.07795,0.997711
2019,2019-08-24,Watford,West Ham,2.29348,3.45768,3.45768,2.29348
2019,2019-08-24,Man United,Crystal Palace,2.23561,0.676993,0.676993,2.23561
2019,2019-08-24,Liverpool,Arsenal,2.78821,0.985542,0.985542,2.78821
2019,2019-08-25,Bournemouth,Man City,1.89345,3.12856,3.12856,1.89345
2019,2019-08-25,Wolves,Burnley,1.32793,1.22762,1.22762,1.32793
2019,2019-08-25,Tottenham,Newcastle,1.25927,0.51428,0.51428,1.25927
2019,2019-08-31,Southampton,Man United,0.769616,1.90356,1.90356,0.769616
2019,2019-08-31,West Ham,Norwich,2.20657,1.1674,1.1674,2.20657
2019,2019-08-31,Chelsea,Sheffield United,2.30579,1.04649,1.04649,2.30579
2019,2019-08-31,Crystal Palace,Aston Villa,1.41394,0.30354,0.30354,1.41394
2019,2019-08-31,Leicester,Bournemouth,2.23766,0.554726,0.554726,2.23766
2019,2019-08-31,Man City,Brighton,2.30818,0.861035,0.861035,2.30818
2019,2019-08-31,Newcastle,Watford,1.04131,1.1068,1.1068,1.04131
2019,2019-08-31,Burnley,Liverpool,0.61739,1.20057,1.20057,0.61739
2019,2019-09-01,Everton,Wolves,1.48842,2.00172,2.00172,1.48842
2019,2019-09-01,Arsenal,Tottenham,1.92509,1.95514,1.95514,1.92509
2019,2019-09-14,Liverpool,Newcastle,2.93281,0.291073,0.291073,2.93281
2019,2019-09-14,Man United,Leicester,1.10019,0.459141,0.459141,1.10019
2019,2019-09-14,Brighton,Burnley,1.68545,0.341654,0.341654,1.68545
2019,2019-09-14,Sheffield United,Southampton,1.88034,1.57659,1.57659,1.88034
2019,2019-09-14,Tottenham,Crystal Palace,1.04944,0.577323,0.577323,1.04944
2019,2019-09-14,Wolves,Chelsea,1.49359,3.06799,3.06799,1.49359
2019,2019-09-14,Norwich,Man City,1.7413,2.34436,2.34436,1.7413
2019,2019-09-15,Bournemouth,Everton,1.41542,1.50641,1.50641,1.41542
2019,2019-09-15,Watford,Arsenal,2.83209,1.00616,1.00616,2.83209
2019,2019-09-16,Aston Villa,West Ham,1.40502,0.535279,0.535279,1.40502
2019,2019-09-20,Southampton,Bournemouth,2.18021,1.29773,1.29773,2.18021
2019,2019-09-21,Leicester,Tottenham,1.28752,1.33735,1.33735,1.28752
2019,2019-09-21,Man City,Watford,6.63049,0.344718,0.344718,6.63049
2019,2019-09-21,Burnley,Norwich,2.39312,0.801428,0.801428,2.39312
2019,2019-09-21,Everton,Sheffield United,1.26041,0.508011,0.508011,1.26041
2019,2019-09-21,Newcastle,Brighton,1.09807,1.21592,1.21592,1.09807
2019,2019-09-22,Crystal Palace,Wolves,0.984777,1.75572,1.75572,0.984777
2019,2019-09-22,West Ham,Man United,0.51376,1.27826,1.27826,0.51376
2019,2019-09-22,Chelsea,Liverpool,1.23321,1.03003,1.03003,1.23321
2019,2019-09-22,Arsenal,Aston Villa,2.53209,1.71546,1.71546,2.53209
2019,2019-09-28,Sheffield United,Liverpool,1.17022,1.97079,1.97079,1.17022
2019,2019-09-28,Tottenham,Southampton,1.19008,1.16256,1.16256,1.19008
2019,2019-09-28,Wolves,Watford,1.16363,1.06615,1.06615,1.16363
2019,2019-09-28,Aston Villa,Burnley,0.914266,1.66919,1.66919,0.914266
2019,2019-09-28,Bournemouth,West Ham,2.31957,1.29546,1.29546,2.31957
2019,2019-09-28,Chelsea,Brighton,4.26443,0.616263,0.616263,4.26443
2019,2019-09-28,Crystal Palace,Norwich,1.80497,0.712129,0.712129,1.80497
2019,2019-09-28,Everton,Man City,2.35854,3.1082,3.1082,2.35854
2019,2019-09-29,Leicester,Newcastle,1.82438,0.054134,0.054134,1.82438
2019,2019-09-30,Man United,Arsenal,1.1335,1.70399,1.70399,1.1335
2019,2019-10-05,Brighton,Tottenham,2.60017,0.478504,0.478504,2.60017
2019,2019-10-05,Burnley,Everton,0.558912,1.30723,1.30723,0.558912
2019,2019-10-05,Liverpool,Leicester,3.74867,0.0982107,0.0982107,3.74867
2019,2019-10-05,Norwich,Aston Villa,1.84838,3.67827,3.67827,1.84838
2019,2019-10-05,Watford,Sheffield United,1.44318,0.353724,0.353724,1.44318
2019,2019-10-05,West Ham,Crystal Palace,1.23577,2.0682,2.0682,1.23577
2019,2019-10-06,Man City,Wolves,1.61884,1.18825,1.18825,1.61884
2019,2019-10-06,Southampton,Chelsea,1.27044,2.15201,2.15201,1.27044
2019,2019-10-06,Arsenal,Bournemouth,1.24109,0.683967,0.683967,1.24109
2019,2019-10-06,Newcastle,Man United,0.650296,0.969204,0.969204,0.650296
2019,2019-10-19,Everton,West Ham,2.23324,0.459112,0.459112,2.23324
2019,2019-10-19,Aston Villa,Brighton,2.96692,1.32184,1.32184,2.96692
2019,2019-10-19,Bournemouth,Norwich,0.675554,0.402873,0.402873,0.675554
2019,2019-10-19,Chelsea,Newcastle,2.30068,0.197082,0.197082,2.30068
2019,2019-10-19,Leicester,Burnley,0.8291,1.79569,1.79569,0.8291
2019,2019-10-19,Tottenham,Watford,0.891617,0.846851,0.846851,0.891617
2019,2019-10-19,Wolves,Southampton,0.887495,1.37695,1.37695,0.887495
2019,2019-10-19,Crystal Palace,Man City,0.616864,4.02104,4.02104,0.616864
2019,2019-10-20,Man United,Liverpool,0.791862,1.03212,1.03212,0.791862
2019,2019-10-21,Sheffield United,Arsenal,0.895722,0.949735,0.949735,0.895722
2019,2019-10-25,Southampton,Leicester,0.457334,4.38046,4.38046,0.457334
2019,2019-10-26,Man City,Aston Villa,3.19004,0.980145,0.980145,3.19004
2019,2019-10-26,Brighton,Everton,1.15279,1.04723,1.04723,1.15279
2019,2019-10-26,Watford,Bournemouth,0.674903,0.899526,0.899526,0.674903
2019,2019-10-26,West Ham,Sheffield United,2.33891,1.16171,1.16171,2.33891
2019,2019-10-26,Burnley,Chelsea,2.23494,0.988321,0.988321,2.23494
2019,2019-10-27,Newcastle,Wolves,0.603104,1.93255,1.93255,0.603104
2019,2019-10-27,Arsenal,Crystal Palace,1.54014,1.77892,1.77892,1.54014
2019,2019-10-27,Liverpool,Tottenham,2.18851,1.35143,1.35143,2.18851
2019,2019-10-27,Norwich,Man United,0.8924,4.51232,4.51232,0.8924
2019,2019-11-02,Bournemouth,Man United,1.86862,0.641129,0.641129,1.86862
2019,2019-11-02,Arsenal,Wolves,1.02552,1.5103,1.5103,1.02552
2019,2019-11-02,Aston Villa,Liverpool,0.741615,2.38824,2.38824,0.741615
2019,2019-11-02,Brighton,Norwich,2.65496,0.455082,0.455082,2.65496
2019,2019-11-02,Man City,Southampton,3.36132,0.893889,0.893889,3.36132
2019,2019-11-02,Sheffield United,Burnley,2.58392,0.716613,0.716613,2.58392
2019,2019-11-02,West Ham,Newcastle,1.53597,1.93192,1.93192,1.53597
2019,2019-11-02,Watford,Chelsea,1.4744,2.18313,2.18313,1.4744
2019,2019-11-03,Crystal Palace,Leicester,0.44291,0.981167,0.981167,0.44291
2019,2019-11-03,Everton,Tottenham,1.15532,0.243393,0.243393,1.15532
2019,2019-11-08,Norwich,Watford,0.62104,1.36017,1.36017,0.62104
2019,2019-11-09,Chelsea,Crystal Palace,3.28903,0.479488,0.479488,3.28903
2019,2019-11-09,Burnley,West Ham,2.4158,0.474281,0.474281,2.4158
2019,2019-11-09,Newcastle,Bournemouth,2.3306,1.9213,1.9213,2.3306
2019,2019-11-09,Southampton,Everton,0.742281,2.08883,2.08883,0.742281
2019,2019-11-09,Tottenham,Sheffield United,1.5104,0.923443,0.923443,1.5104
2019,2019-11-09,Leicester,Arsenal,1.37055,0.961339,0.961339,1.37055
2019,2019-11-10,Wolves,Aston Villa,2.09891,0.473225,0.473225,2.09891
2019,2019-11-10,Man United,Brighton,3.65299,1.1342,1.1342,3.65299
2019,2019-11-10,Liverpool,Man City,1.3319,1.48104,1.48104,1.3319
2019,2019-11-23,West Ham,Tottenham,0.661449,2.20681,2.20681,0.661449
2019,2019-11-23,Arsenal,Southampton,1.60823,2.60312,2.60312,1.60823
2019,2019-11-23,Bournemouth,Wolves,0.849789,1.2765,1.2765,0.849789
2019,2019-11-23,Brighton,Leicester,0.784706,3.50917,3.50917,0.784706
2019,2019-11-23,Crystal Palace,Liverpool,1.02306,1.64291,1.64291,1.02306
2019,2019-11-23,Everton,Norwich,0.812693,1.80849,1.80849,0.812693
2019,2019-11-23,Watford,Burnley,0.902384,2.66281,2.66281,0.902384
2019,2019-11-23,Man City,Chelsea,1.23596,0.820474,0.820474,1.23596
2019,2019-11-24,Sheffield United,Man United,1.56025,1.33065,1.33065,1.56025
2019,2019-11-25,Aston Villa,Newcastle,2.6985,0.69784,0.69784,2.6985
2019,2019-11-30,Newcastle,Man City,0.208252,2.44389,2.44389,0.208252
2019,2019-11-30,Burnley,Crystal Palace,1.8509,0.936732,0.936732,1.8509
2019,2019-11-30,Chelsea,West Ham,2.73185,1.12034,1.12034,2.73185
2019,2019-11-30,Liverpool,Brighton,1.36832,0.867601,0.867601,1.36832
2019,2019-11-30,Tottenham,Bournemouth,2.93189,1.02949,1.02949,2.93189
2019,2019-11-30,Southampton,Watford,1.9671,0.504005,0.504005,1.9671
2019,2019-12-01,Wolves,Sheffield United,1.27422,1.47296,1.47296,1.27422
2019,2019-12-01,Norwich,Arsenal,0.810596,1.96157,1.96157,0.810596
2019,2019-12-01,Leicester,Everton,2.24348,1.24986,1.24986,2.24348
2019,2019-12-01,Man United,Aston Villa,1.84804,1.29701,1.29701,1.84804
2019,2019-12-03,Crystal Palace,Bournemouth,0.383763,0.342799,0.342799,0.383763
2019,2019-12-03,Burnley,Man City,0.486548,2.56057,2.56057,0.486548
2019,2019-12-04,Leicester,Watford,2.28735,0.199733,0.199733,2.28735
2019,2019-12-04,Wolves,West Ham,1.82237,0.501977,0.501977,1.82237
2019,2019-12-04,Man United,Tottenham,1.47683,0.542315,0.542315,1.47683
2019,2019-12-04,Chelsea,Aston Villa,1.9774,0.86086,0.86086,1.9774
2019,2019-12-04,Southampton,Norwich,2.00232,0.896647,0.896647,2.00232
2019,2019-12-04,Liverpool,Everton,2.41397,1.76453,1.76453,2.41397
2019,2019-12-05,Sheffield United,Newcastle,1.09175,0.533775,0.533775,1.09175
2019,2019-12-05,Arsenal,Brighton,0.965377,1.53446,1.53446,0.965377
2019,2019-12-07,Everton,Chelsea,2.03892,1.25734,1.25734,2.03892
2019,2019-12-07,Bournemouth,Liverpool,0.154608,3.04446,3.04446,0.154608
2019,2019-12-07,Tottenham,Burnley,2.39684,1.08645,1.08645,2.39684
2019,2019-12-07,Watford,Crystal Palace,1.57132,0.210746,0.210746,1.57132
2019,2019-12-07,Man City,Man United,2.07108,1.63385,1.63385,2.07108
2019,2019-12-08,Aston Villa,Leicester,1.24141,4.03286,4.03286,1.24141
2019,2019-12-08,Newcastle,Southampton,1.10449,1.89255,1.89255,1.10449
2019,2019-12-08,Norwich,Sheffield United,0.585805,0.712899,0.712899,0.585805
2019,2019-12-08,Brighton,Wolves,0.951621,1.87208,1.87208,0.951621
2019,2019-12-09,West Ham,Arsenal,0.521847,1.79181,1.79181,0.521847
2019,2019-12-14,Liverpool,Watford,1.56674,1.01166,1.01166,1.56674
2019,2019-12-14,Burnley,Newcastle,1.43602,1.08726,1.08726,1.43602
2019,2019-12-14,Chelsea,Bournemouth,2.02119,1.20777,1.20777,2.02119
2019,2019-12-14,Leicester,Norwich,1.06421,1.16408,1.16408,1.06421
2019,2019-12-14,Sheffield United,Aston Villa,1.888,0.97258,0.97258,1.888
2019,2019-12-14,Southampton,West Ham,0.805884,0.90324,0.90324,0.805884
2019,2019-12-15,Man United,Everton,1.48327,0.276759,0.276759,1.48327
2019,2019-12-15,Wolves,Tottenham,0.718669,0.989205,0.989205,0.718669
2019,2019-12-15,Arsenal,Man City,0.28161,1.69553,1.69553,0.28161
2019,2019-12-16,Crystal Palace,Brighton,0.484859,2.48355,2.48355,0.484859
2019,2019-12-21,Everton,Arsenal,0.486523,0.881818,0.881818,0.486523
2019,2019-12-21,Aston Villa,Southampton,0.921054,2.63444,2.63444,0.921054
2019,2019-12-21,Bournemouth,Burnley,0.138532,0.144318,0.144318,0.138532
2019,2019-12-21,Brighton,Sheffield United,0.428371,1.65933,1.65933,0.428371
2019,2019-12-21,Newcastle,Crystal Palace,0.714368,0.985368,0.985368,0.714368
2019,2019-12-21,Norwich,Wolves,1.26536,1.65224,1.65224,1.26536
2019,2019-12-21,Man City,Leicester,3.59139,1.01388,1.01388,3.59139
2019,2019-12-22,Watford,Man United,1.59291,1.5309,1.5309,1.59291
2019,2019-12-22,Tottenham,Chelsea,0.276667,1.49374,1.49374,0.276667
2019,2019-12-26,Tottenham,Brighton,1.02645,1.09007,1.09007,1.02645
2019,2019-12-26,Aston Villa,Norwich,0.654194,1.45005,1.45005,0.654194
2019,2019-12-26,Bournemouth,Arsenal,1.55463,1.42464,1.42464,1.55463
2019,2019-12-26,Chelsea,Southampton,0.859973,0.981321,0.981321,0.859973
2019,2019-12-26,Crystal Palace,West Ham,2.14195,0.796338,0.796338,2.14195
2019,2019-12-26,Everton,Burnley,1.47521,0.565252,0.565252,1.47521
2019,2019-12-26,Sheffield United,Watford,2.04481,0.596611,0.596611,2.04481
2019,2019-12-26,Man United,Newcastle,1.99638,1.05018,1.05018,1.99638
2019,2019-12-26,Leicester,Liverpool,0.120994,3.76973,3.76973,0.120994
2019,2019-12-27,Wolves,Man City,2.39405,1.52044,1.52044,2.39405
2019,2019-12-28,Brighton,Bournemouth,1.05876,0.500726,0.500726,1.05876
2019,2019-12-28,Newcastle,Everton,1.63211,2.82576,2.82576,1.63211
2019,2019-12-28,Southampton,Crystal Palace,1.47937,0.137837,0.137837,1.47937
2019,2019-12-28,Watford,Aston Villa,3.25314,0.610997,0.610997,3.25314
2019,2019-12-28,Norwich,Tottenham,0.268052,1.82189,1.82189,0.268052
2019,2019-12-28,West Ham,Leicester,0.782104,2.62349,2.62349,0.782104
2019,2019-12-28,Burnley,Man United,0.386662,2.10542,2.10542,0.386662
2019,2019-12-29,Arsenal,Chelsea,0.785214,1.49666,1.49666,0.785214
2019,2019-12-29,Liverpool,Wolves,1.49124,0.363764,0.363764,1.49124
2019,2019-12-29,Man City,Sheffield United,1.08628,1.23346,1.23346,1.08628
2019,2020-01-01,Brighton,Chelsea,1.56978,1.57497,1.57497,1.56978
2019,2020-01-01,Burnley,Aston Villa,2.34418,1.74824,1.74824,2.34418
2019,2020-01-01,Newcastle,Leicester,0.780118,2.43642,2.43642,0.780118
2019,2020-01-01,Southampton,Tottenham,1.51192,1.078,1.078,1.51192
2019,2020-01-01,Watford,Wolves,1.07053,1.23252,1.23252,1.07053
2019,2020-01-01,West Ham,Bournemouth,2.32825,0.720709,0.720709,2.32825
2019,2020-01-01,Man City,Everton,1.79757,0.848942,0.848942,1.79757
2019,2020-01-01,Norwich,Crystal Palace,1.66454,1.29896,1.29896,1.66454
2019,2020-01-01,Arsenal,Man United,1.90747,0.715563,0.715563,1.90747
2019,2020-01-02,Liverpool,Sheffield United,3.0465,0.634607,0.634607,3.0465
2019,2020-01-10,Sheffield United,West Ham,2.02768,0.90477,0.90477,2.02768
2019,2020-01-11,Crystal Palace,Arsenal,0.317862,1.43924,1.43924,0.317862
2019,2020-01-11,Wolves,Newcastle,2.04805,0.184495,0.184495,2.04805
2019,2020-01-11,Chelsea,Burnley,2.87633,0.717407,0.717407,2.87633
2019,2020-01-11,Everton,Brighton,2.02533,1.53324,1.53324,2.02533
2019,2020-01-11,Leicester,Southampton,0.780114,2.40601,2.40601,0.780114
2019,2020-01-11,Man United,Norwich,3.13456,0.275987,0.275987,3.13456
2019,2020-01-11,Tottenham,Liverpool,1.10584,1.74564,1.74564,1.10584
2019,2020-01-12,Bournemouth,Watford,0.320447,2.29827,2.29827,0.320447
2019,2020-01-12,Aston Villa,Man City,1.12565,3.75131,3.75131,1.12565
2019,2020-01-18,Watford,Tottenham,2.39174,1.76697,1.76697,2.39174
2019,2020-01-18,Arsenal,Sheffield United,1.22882,1.18444,1.18444,1.22882
2019,2020-01-18,Man City,Crystal Palace,2.47314,0.586716,0.586716,2.47314
2019,2020-01-18,Brighton,Aston Villa,1.30028,1.02045,1.02045,1.30028
2019,2020-01-18,Norwich,Bournemouth,1.76046,0.558298,0.558298,1.76046
2019,2020-01-18,Southampton,Wolves,0.786974,2.1772,2.1772,0.786974
2019,2020-01-18,West Ham,Everton,1.68436,1.95473,1.95473,1.68436
2019,2020-01-18,Newcastle,Chelsea,0.892988,2.05436,2.05436,0.892988
2019,2020-01-19,Burnley,Leicester,1.50886,2.33415,2.33415,1.50886
2019,2020-01-19,Liverpool,Man United,2.00655,1.4185,1.4185,2.00655
2019,2020-01-21,Aston Villa,Watford,1.06739,1.81101,1.81101,1.06739
2019,2020-01-21,Sheffield United,Man City,0.774943,2.873,2.873,0.774943
2019,2020-01-21,Everton,Newcastle,2.05254,0.570931,0.570931,2.05254
2019,2020-01-21,Bournemouth,Brighton,1.92315,1.97227,1.97227,1.92315
2019,2020-01-21,Crystal Palace,Southampton,0.674589,1.1306,1.1306,0.674589
2019,2020-01-21,Chelsea,Arsenal,3.38612,0.568077,0.568077,3.38612
2019,2020-01-22,Leicester,West Ham,2.91302,1.16254,1.16254,2.91302
2019,2020-01-22,Tottenham,Norwich,2.22282,1.42472,1.42472,2.22282
2019,2020-01-22,Man United,Burnley,1.416,0.717284,0.717284,1.416
2019,2020-01-23,Wolves,Liverpool,1.85442,1.59024,1.59024,1.85442
2019,2020-01-29,West Ham,Liverpool,0.878341,2.59926,2.59926,0.878341
2019,2020-02-01,Leicester,Chelsea,1.65956,0.806995,0.806995,1.65956
2019,2020-02-01,Bournemouth,Aston Villa,2.72236,1.40955,1.40955,2.72236
2019,2020-02-01,Crystal Palace,Sheffield United,0.970063,0.860755,0.860755,0.970063
2019,2020-02-01,Liverpool,Southampton,3.7195,0.716298,0.716298,3.7195
2019,2020-02-01,Newcastle,Norwich,0.937293,2.39985,2.39985,0.937293
2019,2020-02-01,Watford,Everton,0.919248,2.70178,2.70178,0.919248
2019,2020-02-01,West Ham,Brighton,1.30774,2.03179,2.03179,1.30774
2019,2020-02-01,Man United,Wolves,1.18608,1.54211,1.54211,1.18608
2019,2020-02-02,Burnley,Arsenal,2.24562,1.48025,1.48025,2.24562
2019,2020-02-02,Tottenham,Man City,0.420293,3.25139,3.25139,0.420293
2019,2020-02-08,Everton,Crystal Palace,2.79103,0.865323,0.865323,2.79103
2019,2020-02-08,Brighton,Watford,0.76201,0.280048,0.280048,0.76201
2019,2020-02-09,Sheffield United,Bournemouth,2.04467,1.07183,1.07183,2.04467
2019,2020-02-14,Wolves,Leicester,1.14491,0.527366,0.527366,1.14491
2019,2020-02-15,Southampton,Burnley,0.694025,0.892699,0.892699,0.694025
2019,2020-02-15,Norwich,Liverpool,0.383495,2.07331,2.07331,0.383495
2019,2020-02-16,Aston Villa,Tottenham,1.71313,3.86024,3.86024,1.71313
2019,2020-02-16,Arsenal,Newcastle,3.02257,1.16662,1.16662,3.02257
2019,2020-02-17,Chelsea,Man United,0.940204,0.681814,0.681814,0.940204
2019,2020-02-19,Man City,West Ham,2.13777,0.0895892,0.0895892,2.13777
2019,2020-02-22,Chelsea,Tottenham,1.78193,0.265879,0.265879,1.78193
2019,2020-02-22,Crystal Palace,Newcastle,1.75552,0.164495,0.164495,1.75552
2019,2020-02-22,Burnley,Bournemouth,3.09935,1.75718,1.75718,3.09935
2019,2020-02-22,Southampton,Aston Villa,3.02926,0.47235,0.47235,3.02926
2019,2020-02-22,Sheffield United,Brighton,1.6597,1.06035,1.06035,1.6597
2019,2020-02-22,Leicester,Man City,0.723269,2.42749,2.42749,0.723269
2019,2020-02-23,Man United,Watford,2.5042,0.294956,0.294956,2.5042
2019,2020-02-23,Wolves,Norwich,3.25033,0.360646,0.360646,3.25033
2019,2020-02-23,Arsenal,Everton,1.33567,2.65691,2.65691,1.33567
2019,2020-02-24,Liverpool,West Ham,2.48209,0.638236,0.638236,2.48209
2019,2020-02-28,Norwich,Leicester,0.591716,1.42581,1.42581,0.591716
2019,2020-02-29,Brighton,Crystal Palace,1.78712,2.17159,2.17159,1.78712
2019,2020-02-29,Bournemouth,Chelsea,1.58495,1.98271,1.98271,1.58495
2019,2020-02-29,Newcastle,Burnley,1.11713,0.617612,0.617612,1.11713
2019,2020-02-29,West Ham,Southampton,2.78682,0.868573,0.868573,2.78682
2019,2020-02-29,Watford,Liverpool,2.71351,0.206031,0.206031,2.71351
2019,2020-03-01,Everton,Man United,2.41259,1.12561,1.12561,2.41259
2019,2020-03-01,Tottenham,Wolves,1.63079,2.62251,2.62251,1.63079
2019,2020-03-07,Liverpool,Bournemouth,1.89453,1.29544,1.29544,1.89453
2019,2020-03-07,Arsenal,West Ham,1.55974,1.61615,1.61615,1.55974
2019,2020-03-07,Crystal Palace,Watford,0.856107,0.449161,0.449161,0.856107
2019,2020-03-07,Sheffield United,Norwich,1.17263,2.55449,2.55449,1.17263
2019,2020-03-07,Southampton,Newcastle,0.348871,3.06384,3.06384,0.348871
2019,2020-03-07,Wolves,Brighton,0.898221,0.308874,0.308874,0.898221
2019,2020-03-07,Burnley,Tottenham,3.33302,1.13669,1.13669,3.33302
2019,2020-03-08,Chelsea,Everton,2.02883,0.445922,0.445922,2.02883
2019,2020-03-08,Man United,Man City,1.7389,0.585469,0.585469,1.7389
2019,2020-03-09,Leicester,Aston Villa,2.41239,0.672448,0.672448,2.41239
2019,2020-06-17,Aston Villa,Sheffield United,1.00877,0.235909,0.235909,1.00877
2019,2020-06-17,Man City,Arsenal,2.73725,0.496759,0.496759,2.73725
2019,2020-06-19,Norwich,Southampton,0.654932,1.87099,1.87099,0.654932
2019,2020-06-19,Tottenham,Man United,0.534852,1.77307,1.77307,0.534852
2019,2020-06-20,Watford,Leicester,1.00765,1.05245,1.05245,1.00765
2019,2020-06-20,Brighton,Arsenal,0.670973,0.69627,0.69627,0.670973
2019,2020-06-20,West Ham,Wolves,0.44207,1.06433,1.06433,0.44207
2019,2020-06-20,Bournemouth,Crystal Palace,0.363637,0.788453,0.788453,0.363637
2019,2020-06-21,Newcastle,Sheffield United,2.15148,0.57107,0.57107,2.15148
2019,2020-06-21,Aston Villa,Chelsea,1.57223,1.14011,1.14011,1.57223
2019,2020-06-21,Everton,Liverpool,0.621456,0.659123,0.659123,0.621456
2019,2020-06-22,Man City,Burnley,2.71096,0.0303408,0.0303408,2.71096
2019,2020-06-23,Leicester,Brighton,0.505486,1.10227,1.10227,0.505486
2019,2020-06-23,Tottenham,West Ham,2.24125,0.83104,0.83104,2.24125
2019,2020-06-24,Wolves,Bournemouth,0.715002,0.0619009,0.0619009,0.715002
2019,2020-06-24,Norwich,Everton,0.382813,0.654912,0.654912,0.382813
2019,2020-06-24,Newcastle,Aston Villa,0.661808,1.22985,1.22985,0.661808
2019,2020-06-24,Man United,Sheffield United,2.8416,0.108082,0.108082,2.8416
2019,2020-06-24,Liverpool,Crystal Palace,2.56729,0.0645285,0.0645285,2.56729
2019,2020-06-25,Burnley,Watford,0.964774,0.495542,0.495542,0.964774
2019,2020-06-25,Southampton,Arsenal,0.738305,2.18595,2.18595,0.738305
2019,2020-06-25,Chelsea,Man City,4.206,0.690594,0.690594,4.206
2019,2020-06-27,Aston Villa,Wolves,0.403418,0.703549,0.703549,0.403418
2019,2020-06-28,Watford,Southampton,0.365347,1.3364,1.3364,0.365347
2019,2020-06-29,Crystal Palace,Burnley,1.06533,0.359906,0.359906,1.06533
2019,2020-06-30,Brighton,Man United,0.31013,1.20903,1.20903,0.31013
2019,2020-07-01,Arsenal,Norwich,1.76496,0.153871,0.153871,1.76496
2019,2020-07-01,Bournemouth,Newcastle,1.27503,2.23457,2.23457,1.27503
2019,2020-07-01,Everton,Leicester,1.17592,1.80384,1.80384,1.17592
2019,2020-07-01,West Ham,Chelsea,2.10497,1.57609,1.57609,2.10497
2019,2020-07-02,Sheffield United,Tottenham,1.59994,1.01524,1.01524,1.59994
2019,2020-07-02,Man City,Liverpool,2.65433,0.819606,0.819606,2.65433
2019,2020-07-04,Norwich,Brighton,0.545069,0.903046,0.903046,0.545069
2019,2020-07-04,Leicester,Crystal Palace,2.20683,0.507537,0.507537,2.20683
2019,2020-07-04,Man United,Bournemouth,2.63259,1.52161,1.52161,2.63259
2019,2020-07-04,Wolves,Arsenal,0.985166,1.28273,1.28273,0.985166
2019,2020-07-04,Chelsea,Watford,2.78877,0.608971,0.608971,2.78877
2019,2020-07-05,Burnley,Sheffield United,1.31966,1.63343,1.63343,1.31966
2019,2020-07-05,Newcastle,West Ham,1.49121,2.03065,2.03065,1.49121
2019,2020-07-05,Liverpool,Aston Villa,1.0837,0.689775,0.689775,1.0837
2019,2020-07-05,Southampton,Man City,0.628765,3.39575,3.39575,0.628765
2019,2020-07-06,Tottenham,Everton,0.511828,0.403762,0.403762,0.511828
2019,2020-07-07,Crystal Palace,Chelsea,1.2882,2.65753,2.65753,1.2882
2019,2020-07-07,Watford,Norwich,0.725199,1.13378,1.13378,0.725199
2019,2020-07-07,Arsenal,Leicester,1.29023,1.00238,1.00238,1.29023
2019,2020-07-08,Man City,Newcastle,3.28662,0.21643,0.21643,3.28662
2019,2020-07-08,Sheffield United,Wolves,0.470483,0.326909,0.326909,0.470483
2019,2020-07-08,West Ham,Burnley,1.99821,1.05291,1.05291,1.99821
2019,2020-07-08,Brighton,Liverpool,2.3646,2.61624,2.61624,2.3646
2019,2020-07-09,Bournemouth,Tottenham,0.960349,0.479274,0.479274,0.960349
2019,2020-07-09,Everton,Southampton,0.671442,2.29684,2.29684,0.671442
2019,2020-07-09,Aston Villa,Man United,0.598873,2.86531,2.86531,0.598873
2019,2020-07-11,Norwich,West Ham,0.613251,3.81088,3.81088,0.613251
2019,2020-07-11,Watford,Newcastle,3.12855,1.49134,1.49134,3.12855
2019,2020-07-11,Liverpool,Burnley,2.17649,0.452331,0.452331,2.17649
2019,2020-07-11,Sheffield United,Chelsea,2.00632,1.17509,1.17509,2.00632
2019,2020-07-11,Brighton,Man City,0.149588,5.51767,5.51767,0.149588
2019,2020-07-12,Wolves,Everton,2.86724,0.286561,0.286561,2.86724
2019,2020-07-12,Aston Villa,Crystal Palace,1.6977,0.974181,0.974181,1.6977
2019,2020-07-12,Tottenham,Arsenal,1.81846,0.68991,0.68991,1.81846
2019,2020-07-12,Bournemouth,Leicester,2.54311,1.66084,1.66084,2.54311
2019,2020-07-13,Man United,Southampton,1.5033,1.8051,1.8051,1.5033
2019,2020-07-14,Chelsea,Norwich,3.05119,0.0631109,0.0631109,3.05119
2019,2020-07-15,Burnley,Wolves,1.53435,1.2857,1.2857,1.53435
2019,2020-07-15,Man City,Bournemouth,0.82755,1.66635,1.66635,0.82755
2019,2020-07-15,Newcastle,Tottenham,1.05748,1.7498,1.7498,1.05748
2019,2020-07-15,Arsenal,Liverpool,1.31516,2.2233,2.2233,1.31516
2019,2020-07-16,Everton,Aston Villa,0.944434,1.52021,1.52021,0.944434
2019,2020-07-16,Leicester,Sheffield United,3.05752,0.660214,0.660214,3.05752
2019,2020-07-16,Crystal Palace,Man United,0.572141,1.90448,1.90448,0.572141
2019,2020-07-16,Southampton,Brighton,2.33745,0.67264,0.67264,2.33745
2019,2020-07-17,West Ham,Watford,0.833995,1.03402,1.03402,0.833995
2019,2020-07-18,Norwich,Burnley,0.576602,1.8233,1.8233,0.576602
2019,2020-07-19,Bournemouth,Southampton,0.583117,2.24527,2.24527,0.583117
2019,2020-07-19,Tottenham,Leicester,0.766922,1.20085,1.20085,0.766922
2019,2020-07-20,Brighton,Newcastle,0.855896,0.929091,0.929091,0.855896
2019,2020-07-20,Sheffield United,Everton,0.468461,0.624814,0.624814,0.468461
2019,2020-07-20,Wolves,Crystal Palace,1.48696,0.440119,0.440119,1.48696
2019,2020-07-21,Watford,Man City,0.131868,3.73814,3.73814,0.131868
2019,2020-07-21,Aston Villa,Arsenal,0.57408,0.737137,0.737137,0.57408
2019,2020-07-22,Man United,West Ham,0.984161,1.29009,1.29009,0.984161
2019,2020-07-22,Liverpool,Chelsea,1.45179,2.38205,2.38205,1.45179
2019,2020-07-26,West Ham,Aston Villa,0.781465,0.983594,0.983594,0.781465
2019,2020-07-26,Arsenal,Watford,1.95282,3.9197,3.9197,1.95282
2019,2020-07-26,Southampton,Sheffield United,1.64306,1.41051,1.41051,1.64306
2019,2020-07-26,Newcastle,Liverpool,0.339294,0.56818,0.56818,0.339294
2019,2020-07-26,Man City,Norwich,3.56749,0.786563,0.786563,3.56749
2019,2020-07-26,Leicester,Man United,0.754668,1.41019,1.41019,0.754668
2019,2020-07-26,Everton,Bournemouth,1.74699,1.46461,1.46461,1.74699
2019,2020-07-26,Crystal Palace,Tottenham,0.988534,0.310302,0.310302,0.988534
2019,2020-07-26,Chelsea,Wolves,1.15938,0.164561,0.164561,1.15938
2019,2020-07-26,Burnley,Brighton,1.44244,1.3696,1.3696,1.44244
2020,2020-09-12,Fulham,Arsenal,0.126327,2.16287,2.16287,0.126327
2020,2020-09-12,Crystal Palace,Southampton,1.39569,1.26267,1.26267,1.39569
2020,2020-09-12,Liverpool,Leeds,3.15412,0.269813,0.269813,3.15412
2020,2020-09-12,West Ham,Newcastle,0.861445,1.65911,1.65911,0.861445
2020,2020-09-13,West Brom,Leicester,0.352997,2.95581,2.95581,0.352997
2020,2020-09-13,Tottenham,Everton,0.822944,1.26793,1.26793,0.822944
2020,2020-09-14,Sheffield United,Wolves,0.949316,1.61307,1.61307,0.949316
2020,2020-09-14,Brighton,Chelsea,1.44281,1.27062,1.27062,1.44281
2020,2020-09-19,Everton,West Brom,4.16254,0.315347,0.315347,4.16254
2020,2020-09-19,Leeds,Fulham,1.45254,1.55503,1.55503,1.45254
2020,2020-09-19,Man United,Crystal Palace,1.09737,1.91456,1.91456,1.09737
2020,2020-09-19,Arsenal,West Ham,1.32902,2.06377,2.06377,1.32902
2020,2020-09-20,Southampton,Tottenham,2.27708,2.28004,2.28004,2.27708
2020,2020-09-20,Newcastle,Brighton,0.520678,1.8766,1.8766,0.520678
2020,2020-09-20,Chelsea,Liverpool,0.904183,2.25211,2.25211,0.904183
2020,2020-09-20,Leicester,Burnley,0.987365,1.52404,1.52404,0.987365
2020,2020-09-21,Aston Villa,Sheffield United,0.80527,0.849709,0.849709,0.80527
2020,2020-09-21,Wolves,Man City,0.727677,2.07651,2.07651,0.727677
2020,2020-09-26,Brighton,Man United,2.97659,1.57583,1.57583,2.97659
2020,2020-09-26,Crystal Palace,Everton,0.443115,2.27189,2.27189,0.443115
2020,2020-09-26,West Brom,Chelsea,0.911185,2.36046,2.36046,0.911185
2020,2020-09-26,Burnley,Southampton,0.347136,0.706632,0.706632,0.347136
2020,2020-09-27,Sheffield United,Leeds,1.53278,1.46641,1.46641,1.53278
2020,2020-09-27,Tottenham,Newcastle,3.18765,0.942726,0.942726,3.18765
2020,2020-09-27,Man City,Leicester,1.44633,2.86721,2.86721,1.44633
2020,2020-09-27,West Ham,Wolves,3.05703,0.385152,0.385152,3.05703
2020,2020-09-28,Fulham,Aston Villa,0.534675,2.03222,2.03222,0.534675
2020,2020-09-28,Liverpool,Arsenal,2.73834,1.17817,1.17817,2.73834
2020,2020-10-03,Chelsea,Crystal Palace,2.51433,0.103249,0.103249,2.51433
2020,2020-10-03,Everton,Brighton,2.34034,1.16568,1.16568,2.34034
2020,2020-10-03,Leeds,Man City,2.56662,1.41533,1.41533,2.56662
2020,2020-10-03,Newcastle,Burnley,1.95629,0.438849,0.438849,1.95629
2020,2020-10-04,Leicester,West Ham,0.456022,2.03227,2.03227,0.456022
2020,2020-10-04,Southampton,West Brom,0.949079,0.161283,0.161283,0.949079
2020,2020-10-04,Arsenal,Sheffield United,0.667131,0.144994,0.144994,0.667131
2020,2020-10-04,Wolves,Fulham,0.89359,0.969393,0.969393,0.89359
2020,2020-10-04,Man United,Tottenham,0.873435,3.3017,3.3017,0.873435
2020,2020-10-04,Aston Villa,Liverpool,3.07626,1.65705,1.65705,3.07626
2020,2020-10-17,Everton,Liverpool,1.35998,2.49492,2.49492,1.35998
2020,2020-10-17,Chelsea,Southampton,1.98708,1.42348,1.42348,1.98708
2020,2020-10-17,Man City,Arsenal,1.43023,0.838322,0.838322,1.43023
2020,2020-10-17,Newcastle,Man United,0.867496,2.21729,2.21729,0.867496
2020,2020-10-18,Sheffield United,Fulham,1.66363,1.35611,1.35611,1.66363
2020,2020-10-18,Crystal Palace,Brighton,0.761169,1.0935,1.0935,0.761169
2020,2020-10-18,Tottenham,West Ham,1.77602,1.49992,1.49992,1.77602
2020,2020-10-18,Leicester,Aston Villa,0.671595,0.873776,0.873776,0.671595
2020,2020-10-19,West Brom,Burnley,0.731692,1.08532,1.08532,0.731692
2020,2020-10-19,Leeds,Wolves,1.08332,0.618191,0.618191,1.08332
2020,2020-10-23,Aston Villa,Leeds,1.50125,2.37695,2.37695,1.50125
2020,2020-10-24,West Ham,Man City,0.263739,0.892456,0.892456,0.263739
2020,2020-10-24,Fulham,Crystal Palace,1.05258,2.81049,2.81049,1.05258
2020,2020-10-24,Man United,Chelsea,0.648427,0.219906,0.219906,0.648427
2020,2020-10-24,Liverpool,Sheffield United,2.40286,1.39788,1.39788,2.40286
2020,2020-10-25,Southampton,Everton,0.74151,0.287054,0.287054,0.74151
2020,2020-10-25,Wolves,Newcastle,0.758626,0.253685,0.253685,0.758626
2020,2020-10-25,Arsenal,Leicester,0.73944,0.736172,0.736172,0.73944
2020,2020-10-26,Brighton,West Brom,0.546807,0.295654,0.295654,0.546807
2020,2020-10-26,Burnley,Tottenham,0.95045,0.797344,0.797344,0.95045
2020,2020-10-30,Wolves,Crystal Palace,1.34895,0.802767,0.802767,1.34895
2020,2020-10-31,Sheffield United,Man City,0.687544,1.89643,1.89643,0.687544
2020,2020-10-31,Burnley,Chelsea,0.407341,1.23077,1.23077,0.407341
2020,2020-10-31,Liverpool,West Ham,1.56302,0.269048,0.269048,1.56302
2020,2020-11-01,Aston Villa,Southampton,2.44855,1.00333,1.00333,2.44855
2020,2020-11-01,Newcastle,Everton,2.6311,1.21805,1.21805,2.6311
2020,2020-11-01,Man United,Arsenal,0.394113,0.998072,0.998072,0.394113
2020,2020-11-01,Tottenham,Brighton,1.97236,0.324457,0.324457,1.97236
2020,2020-11-02,Fulham,West Brom,1.62247,0.482685,0.482685,1.62247
2020,2020-11-02,Leeds,Leicester,1.74822,3.07657,3.07657,1.74822
2020,2020-11-06,Brighton,Burnley,1.59022,0.326933,0.326933,1.59022
2020,2020-11-06,Southampton,Newcastle,0.985828,0.175633,0.175633,0.985828
2020,2020-11-07,Everton,Man United,0.376464,1.59642,1.59642,0.376464
2020,2020-11-07,Crystal Palace,Leeds,1.30169,0.847913,0.847913,1.30169
2020,2020-11-07,Chelsea,Sheffield United,2.87622,0.743967,0.743967,2.87622
2020,2020-11-07,West Ham,Fulham,1.42614,1.84922,1.84922,1.42614
2020,2020-11-08,West Brom,Tottenham,0.799352,1.87063,1.87063,0.799352
2020,2020-11-08,Leicester,Wolves,2.0545,0.57936,0.57936,2.0545
2020,2020-11-08,Man City,Liverpool,1.58487,1.18789,1.18789,1.58487
2020,2020-11-08,Arsenal,Aston Villa,1.39037,1.98553,1.98553,1.39037
2020,2020-11-21,Newcastle,Chelsea,0.368286,1.81923,1.81923,0.368286
2020,2020-11-21,Aston Villa,Brighton,1.76514,1.50038,1.50038,1.76514
2020,2020-11-21,Tottenham,Man City,0.761142,1.66325,1.66325,0.761142
2020,2020-11-21,Man United,West Brom,2.42994,0.438646,0.438646,2.42994
2020,2020-11-22,Fulham,Everton,1.87028,2.2508,2.2508,1.87028
2020,2020-11-22,Sheffield United,West Ham,0.692374,2.1142,2.1142,0.692374
2020,2020-11-22,Leeds,Arsenal,1.9617,0.710778,0.710778,1.9617
2020,2020-11-22,Liverpool,Leicester,3.77245,1.98397,1.98397,3.77245
2020,2020-11-23,Burnley,Crystal Palace,1.75343,1.28331,1.28331,1.75343
2020,2020-11-23,Wolves,Southampton,1.57479,1.0785,1.0785,1.57479
2020,2020-11-27,Crystal Palace,Newcastle,0.534893,1.27929,1.27929,0.534893
2020,2020-11-28,Brighton,Liverpool,2.30722,0.28109,0.28109,2.30722
2020,2020-11-28,Man City,Burnley,2.26129,0.419877,0.419877,2.26129
2020,2020-11-28,Everton,Leeds,1.29229,3.11324,3.11324,1.29229
2020,2020-11-28,West Brom,Sheffield United,1.71644,3.36544,3.36544,1.71644
2020,2020-11-29,Southampton,Man United,0.498783,2.47547,2.47547,0.498783
2020,2020-11-29,Chelsea,Tottenham,0.974755,0.22689,0.22689,0.974755
2020,2020-11-29,Arsenal,Wolves,1.1185,2.0069,2.0069,1.1185
2020,2020-11-30,Leicester,Fulham,1.27814,2.03719,2.03719,1.27814
2020,2020-11-30,West Ham,Aston Villa,0.571633,2.39051,2.39051,0.571633
2020,2020-12-05,Burnley,Everton,0.730434,2.28139,2.28139,0.730434
2020,2020-12-05,Man City,Fulham,3.26328,0.287444,0.287444,3.26328
2020,2020-12-05,West Ham,Man United,2.53006,1.78708,1.78708,2.53006
2020,2020-12-05,Chelsea,Leeds,4.89472,1.0277,1.0277,4.89472
2020,2020-12-06,West Brom,Crystal Palace,0.567234,1.68656,1.68656,0.567234
2020,2020-12-06,Sheffield United,Leicester,0.290743,1.3904,1.3904,0.290743
2020,2020-12-06,Tottenham,Arsenal,0.390629,0.595216,0.595216,0.390629
2020,2020-12-06,Liverpool,Wolves,1.59454,0.357753,0.357753,1.59454
2020,2020-12-07,Brighton,Southampton,2.03376,1.34801,1.34801,2.03376
2020,2020-12-11,Leeds,West Ham,1.56644,1.7851,1.7851,1.56644
2020,2020-12-12,Wolves,Aston Villa,1.1356,1.26872,1.26872,1.1356
2020,2020-12-12,Newcastle,West Brom,0.904163,0.57319,0.57319,0.904163
2020,2020-12-12,Man United,Man City,0.591617,1.28434,1.28434,0.591617
2020,2020-12-12,Everton,Chelsea,1.2216,1.00627,1.00627,1.2216
2020,2020-12-13,Southampton,Sheffield United,2.27973,0.219115,0.219115,2.27973
2020,2020-12-13,Crystal Palace,Tottenham,1.84443,1.40792,1.40792,1.84443
2020,2020-12-13,Fulham,Liverpool,1.72509,1.82445,1.82445,1.72509
2020,2020-12-13,Leicester,Brighton,1.64351,0.791673,0.791673,1.64351
2020,2020-12-13,Arsenal,Burnley,1.85362,0.815375,0.815375,1.85362
2020,2020-12-15,Wolves,Chelsea,0.683783,1.56772,1.56772,0.683783
2020,2020-12-15,Man City,West Brom,2.58593,0.210243,0.210243,2.58593
2020,2020-12-16,Arsenal,Southampton,0.661135,1.11296,1.11296,0.661135
2020,2020-12-16,Leeds,Newcastle,2.95137,1.44437,1.44437,2.95137
2020,2020-12-16,Leicester,Everton,0.83883,1.51486,1.51486,0.83883
2020,2020-12-16,Fulham,Brighton,1.00448,0.462456,0.462456,1.00448
2020,2020-12-16,West Ham,Crystal Palace,0.449469,1.09108,1.09108,0.449469
2020,2020-12-16,Liverpool,Tottenham,1.21783,1.5161,1.5161,1.21783
2020,2020-12-17,Aston Villa,Burnley,1.81142,0.316737,0.316737,1.81142
2020,2020-12-17,Sheffield United,Man United,1.23525,1.78667,1.78667,1.23525
2020,2020-12-19,Crystal Palace,Liverpool,0.489318,2.86902,2.86902,0.489318
2020,2020-12-19,Southampton,Man City,0.586972,1.15599,1.15599,0.586972
2020,2020-12-19,Everton,Arsenal,0.661744,1.25206,1.25206,0.661744
2020,2020-12-19,Newcastle,Fulham,1.26725,1.10645,1.10645,1.26725
2020,2020-12-20,Brighton,Sheffield United,2.90097,1.03713,1.03713,2.90097
2020,2020-12-20,Tottenham,Leicester,0.945932,1.74772,1.74772,0.945932
2020,2020-12-20,Man United,Leeds,4.77743,1.63467,1.63467,4.77743
2020,2020-12-20,West Brom,Aston Villa,0.0388442,2.61964,2.61964,0.0388442
2020,2020-12-21,Burnley,Wolves,1.20465,1.45722,1.45722,1.20465
2020,2020-12-21,Chelsea,West Ham,2.41157,0.277737,0.277737,2.41157
2020,2020-12-26,Leicester,Man United,1.0396,2.08423,2.08423,1.0396
2020,2020-12-26,Aston Villa,Crystal Palace,4.58214,0.849086,0.849086,4.58214
2020,2020-12-26,Fulham,Southampton,0.781855,0.119709,0.119709,0.781855
2020,2020-12-26,Arsenal,Chelsea,1.94485,2.25414,2.25414,1.94485
2020,2020-12-26,Man City,Newcastle,3.19575,0.200953,0.200953,3.19575
2020,2020-12-26,Sheffield United,Everton,1.25106,0.568803,0.568803,1.25106
2020,2020-12-27,Leeds,Burnley,2.13271,1.54591,1.54591,2.13271
2020,2020-12-27,West Ham,Brighton,1.38877,1.50551,1.50551,1.38877
2020,2020-12-27,Liverpool,West Brom,1.45485,0.739845,0.739845,1.45485
2020,2020-12-27,Wolves,Tottenham,0.742598,0.408109,0.408109,0.742598
2020,2020-12-28,Crystal Palace,Leicester,0.321348,1.72132,1.72132,0.321348
2020,2020-12-28,Chelsea,Aston Villa,1.53701,0.730859,0.730859,1.53701
2020,2020-12-29,Brighton,Arsenal,0.799368,1.31394,1.31394,0.799368
2020,2020-12-29,Burnley,Sheffield United,0.973831,0.492578,0.492578,0.973831
2020,2020-12-29,Southampton,West Ham,0.670996,1.07246,1.07246,0.670996
2020,2020-12-29,West Brom,Leeds,0.43551,1.54225,1.54225,0.43551
2020,2020-12-29,Man United,Wolves,1.48207,0.411046,0.411046,1.48207
2020,2020-12-30,Newcastle,Liverpool,0.817935,1.32047,1.32047,0.817935
2020,2021-01-01,Everton,West Ham,0.371045,1.19713,1.19713,0.371045
2020,2021-01-01,Man United,Aston Villa,2.46473,1.56434,1.56434,2.46473
2020,2021-01-02,Tottenham,Leeds,2.5286,1.15626,1.15626,2.5286
2020,2021-01-02,Crystal Palace,Sheffield United,0.598888,0.323158,0.323158,0.598888
2020,2021-01-02,Brighton,Wolves,2.4228,1.81856,1.81856,2.4228
2020,2021-01-02,West Brom,Arsenal,0.869874,4.03429,4.03429,0.869874
2020,2021-01-03,Newcastle,Leicester,0.264584,0.702081,0.702081,0.264584
2020,2021-01-03,Chelsea,Man City,0.691013,3.18063,3.18063,0.691013
2020,2021-01-04,Southampton,Liverpool,0.500436,1.37204,1.37204,0.500436
2020,2021-01-12,Sheffield United,Newcastle,2.01315,1.04745,1.04745,2.01315
2020,2021-01-12,Wolves,Everton,0.852495,0.323445,0.323445,0.852495
2020,2021-01-12,Burnley,Man United,0.648582,1.23996,1.23996,0.648582
2020,2021-01-13,Man City,Brighton,2.90855,0.177084,0.177084,2.90855
2020,2021-01-13,Tottenham,Fulham,3.14372,1.05329,1.05329,3.14372
2020,2021-01-14,Arsenal,Crystal Palace,0.368554,0.709634,0.709634,0.368554
2020,2021-01-16,Wolves,West Brom,1.94358,2.46332,2.46332,1.94358
2020,2021-01-16,Leeds,Brighton,0.245193,1.14424,1.14424,0.245193
2020,2021-01-16,West Ham,Burnley,1.73397,0.395668,0.395668,1.73397
2020,2021-01-16,Fulham,Chelsea,0.46126,1.37939,1.37939,0.46126
2020,2021-01-16,Leicester,Southampton,2.12019,0.378147,0.378147,2.12019
2020,2021-01-17,Sheffield United,Tottenham,0.978133,1.28385,1.28385,0.978133
2020,2021-01-17,Liverpool,Man United,1.20205,1.18929,1.18929,1.20205
2020,2021-01-17,Man City,Crystal Palace,0.961088,0.0515836,0.0515836,0.961088
2020,2021-01-18,Arsenal,Newcastle,2.30744,0.168796,0.168796,2.30744
2020,2021-01-19,West Ham,West Brom,2.17512,0.464091,0.464091,2.17512
2020,2021-01-19,Leicester,Chelsea,1.1449,0.615727,0.615727,1.1449
2020,2021-01-20,Man City,Aston Villa,3.34385,0.601768,0.601768,3.34385
2020,2021-01-20,Fulham,Man United,0.753669,1.68401,1.68401,0.753669
2020,2021-01-21,Liverpool,Burnley,1.64907,1.08059,1.08059,1.64907
2020,2021-01-23,Aston Villa,Newcastle,2.6026,0.400364,0.400364,2.6026
2020,2021-01-26,Newcastle,Leeds,1.1364,0.785914,0.785914,1.1364
2020,2021-01-26,Crystal Palace,West Ham,0.629033,3.30321,3.30321,0.629033
2020,2021-01-26,West Brom,Man City,0.568258,2.24838,2.24838,0.568258
2020,2021-01-26,Southampton,Arsenal,0.99504,2.4339,2.4339,0.99504
2020,2021-01-27,Burnley,Aston Villa,0.717681,2.70718,2.70718,0.717681
2020,2021-01-27,Chelsea,Wolves,0.663324,0.63192,0.63192,0.663324
2020,2021-01-27,Brighton,Fulham,2.29129,0.513226,0.513226,2.29129
2020,2021-01-27,Everton,Leicester,0.474981,0.792045,0.792045,0.474981
2020,2021-01-27,Man United,Sheffield United,0.9931,0.689548,0.689548,0.9931
2020,2021-01-28,Tottenham,Liverpool,0.104586,2.58798,2.58798,0.104586
2020,2021-01-30,Everton,Newcastle,0.966012,2.08832,2.08832,0.966012
2020,2021-01-30,Crystal Palace,Wolves,1.36877,0.450907,0.450907,1.36877
2020,2021-01-30,West Brom,Fulham,0.994664,1.52044,1.52044,0.994664
2020,2021-01-30,Man City,Sheffield United,1.53116,0.154537,0.154537,1.53116
2020,2021-01-30,Arsenal,Man United,0.747166,1.51332,1.51332,0.747166
2020,2021-01-30,Southampton,Aston Villa,2.22557,0.795508,0.795508,2.22557
2020,2021-01-31,Chelsea,Burnley,1.4405,0.390714,0.390714,1.4405
2020,2021-01-31,Leicester,Leeds,1.73432,1.8141,1.8141,1.73432
2020,2021-01-31,West Ham,Liverpool,0.883061,2.05809,2.05809,0.883061
2020,2021-01-31,Brighton,Tottenham,1.77386,0.372524,0.372524,1.77386
2020,2021-02-02,Sheffield United,West Brom,1.35804,1.61871,1.61871,1.35804
2020,2021-02-02,Wolves,Arsenal,1.56162,0.716265,0.716265,1.56162
2020,2021-02-02,Man United,Southampton,5.0325,0.507893,0.507893,5.0325
2020,2021-02-02,Newcastle,Crystal Palace,1.90755,0.809312,0.809312,1.90755
2020,2021-02-03,Burnley,Man City,0.0489155,2.12153,2.12153,0.0489155
2020,2021-02-03,Fulham,Leicester,0.731288,1.71299,1.71299,0.731288
2020,2021-02-03,Leeds,Everton,1.14303,1.91539,1.91539,1.14303
2020,2021-02-03,Aston Villa,West Ham,0.741154,1.79064,1.79064,0.741154
2020,2021-02-03,Liverpool,Brighton,1.09518,1.18977,1.18977,1.09518
2020,2021-02-04,Tottenham,Chelsea,0.569446,2.393,2.393,0.569446
2020,2021-02-06,Aston Villa,Arsenal,1.19792,0.679649,0.679649,1.19792
2020,2021-02-06,Burnley,Brighton,1.88934,0.612682,0.612682,1.88934
2020,2021-02-06,Newcastle,Southampton,0.910553,1.43445,1.43445,0.910553
2020,2021-02-06,Fulham,West Ham,1.60884,0.943539,0.943539,1.60884
2020,2021-02-06,Man United,Everton,1.71769,1.5571,1.5571,1.71769
2020,2021-02-07,Tottenham,West Brom,1.92997,0.698686,0.698686,1.92997
2020,2021-02-07,Wolves,Leicester,1.35506,0.632232,0.632232,1.35506
2020,2021-02-07,Liverpool,Man City,1.17728,3.55196,3.55196,1.17728
2020,2021-02-07,Sheffield United,Chelsea,0.623045,1.64144,1.64144,0.623045
2020,2021-02-08,Leeds,Crystal Palace,2.64769,0.370278,0.370278,2.64769
2020,2021-02-13,Leicester,Liverpool,2.07383,1.68325,1.68325,2.07383
2020,2021-02-13,Crystal Palace,Burnley,0.645616,1.95502,1.95502,0.645616
2020,2021-02-13,Man City,Tottenham,2.46219,0.4235,0.4235,2.46219
2020,2021-02-13,Brighton,Aston Villa,2.33232,0.144036,0.144036,2.33232
2020,2021-02-14,Southampton,Wolves,0.8536,1.09361,1.09361,0.8536
2020,2021-02-14,West Brom,Man United,0.945964,0.423885,0.423885,0.945964
2020,2021-02-14,Arsenal,Leeds,2.50614,0.77074,0.77074,2.50614
2020,2021-02-14,Everton,Fulham,0.314075,2.55085,2.55085,0.314075
2020,2021-02-15,West Ham,Sheffield United,2.32735,0.926652,0.926652,2.32735
2020,2021-02-15,Chelsea,Newcastle,2.5428,0.432603,0.432603,2.5428
2020,2021-02-17,Burnley,Fulham,1.20642,0.594471,0.594471,1.20642
2020,2021-02-17,Everton,Man City,1.04664,1.23218,1.23218,1.04664
2020,2021-02-19,Wolves,Leeds,0.592049,2.4793,2.4793,0.592049
2020,2021-02-20,Southampton,Chelsea,0.496603,1.44849,1.44849,0.496603
2020,2021-02-20,Burnley,West Brom,0.535153,1.71922,1.71922,0.535153
2020,2021-02-20,Liverpool,Everton,1.54046,2.01468,2.01468,1.54046
2020,2021-02-20,Fulham,Sheffield United,1.21006,0.977747,0.977747,1.21006
2020,2021-02-21,West Ham,Tottenham,1.09246,0.770706,0.770706,1.09246
2020,2021-02-21,Aston Villa,Leicester,1.7084,1.23852,1.23852,1.7084
2020,2021-02-21,Arsenal,Man City,0.331188,2.08868,2.08868,0.331188
2020,2021-02-21,Man United,Newcastle,1.7256,0.341778,0.341778,1.7256
2020,2021-02-22,Brighton,Crystal Palace,2.59204,0.179886,0.179886,2.59204
2020,2021-02-23,Leeds,Southampton,1.84753,1.47981,1.47981,1.84753
2020,2021-02-27,Man City,West Ham,0.760574,1.92892,1.92892,0.760574
2020,2021-02-27,West Brom,Brighton,0.687091,3.12111,3.12111,0.687091
2020,2021-02-27,Leeds,Aston Villa,1.00106,0.876255,0.876255,1.00106
2020,2021-02-27,Newcastle,Wolves,1.9519,1.27827,1.27827,1.9519
2020,2021-02-28,Crystal Palace,Fulham,0.0880148,0.813134,0.813134,0.0880148
2020,2021-02-28,Leicester,Arsenal,0.533575,2.1065,2.1065,0.533575
2020,2021-02-28,Tottenham,Burnley,2.35788,0.603212,0.603212,2.35788
2020,2021-02-28,Chelsea,Man United,1.17294,0.35954,0.35954,1.17294
2020,2021-02-28,Sheffield United,Liverpool,0.777149,2.80551,2.80551,0.777149
2020,2021-03-01,Everton,Southampton,1.42054,0.665743,0.665743,1.42054
2020,2021-03-02,Man City,Wolves,3.26196,0.318824,0.318824,3.26196
2020,2021-03-03,Burnley,Leicester,1.26793,1.24109,1.24109,1.26793
2020,2021-03-03,Sheffield United,Aston Villa,0.716254,1.44176,1.44176,0.716254
2020,2021-03-03,Crystal Palace,Man United,0.742397,0.584016,0.584016,0.742397
2020,2021-03-04,West Brom,Everton,1.02038,1.40789,1.40789,1.02038
2020,2021-03-04,Fulham,Tottenham,1.1715,1.5519,1.5519,1.1715
2020,2021-03-04,Liverpool,Chelsea,0.247034,1.22635,1.22635,0.247034
2020,2021-03-06,Burnley,Arsenal,1.10374,2.53692,2.53692,1.10374
2020,2021-03-06,Sheffield United,Southampton,0.908155,2.37386,2.37386,0.908155
2020,2021-03-06,Aston Villa,Wolves,0.956392,2.15087,2.15087,0.956392
2020,2021-03-06,Brighton,Leicester,0.75471,1.03801,1.03801,0.75471
2020,2021-03-07,West Brom,Newcastle,1.46503,0.454577,0.454577,1.46503
2020,2021-03-07,Liverpool,Fulham,0.701764,1.37047,1.37047,0.701764
2020,2021-03-07,Man City,Man United,1.27561,2.11411,2.11411,1.27561
2020,2021-03-07,Tottenham,Crystal Palace,2.24159,0.559383,0.559383,2.24159
2020,2021-03-08,Chelsea,Everton,2.57224,0.270757,0.270757,2.57224
2020,2021-03-08,West Ham,Leeds,2.37556,1.34971,1.34971,2.37556
2020,2021-03-10,Man City,Southampton,3.10503,1.60561,1.60561,3.10503
2020,2021-03-12,Newcastle,Aston Villa,0.873171,0.748665,0.748665,0.873171
2020,2021-03-13,Leeds,Chelsea,0.382957,0.971054,0.971054,0.382957
2020,2021-03-13,Crystal Palace,West Brom,1.30694,0.513439,0.513439,1.30694
2020,2021-03-13,Everton,Burnley,1.69849,0.74852,0.74852,1.69849
2020,2021-03-13,Fulham,Man City,0.449499,2.72578,2.72578,0.449499
2020,2021-03-14,Southampton,Brighton,1.03495,0.895967,0.895967,1.03495
2020,2021-03-14,Leicester,Sheffield United,4.54571,0.0934777,0.0934777,4.54571
2020,2021-03-14,Arsenal,Tottenham,1.56529,0.705566,0.705566,1.56529
2020,2021-03-14,Man United,West Ham,1.70128,0.463737,0.463737,1.70128
2020,2021-03-15,Wolves,Liverpool,1.29175,1.0552,1.0552,1.29175
2020,2021-03-19,Fulham,Leeds,1.47498,1.40706,1.40706,1.47498
2020,2021-03-20,Brighton,Newcastle,0.951921,0.100945,0.100945,0.951921
2020,2021-03-21,West Ham,Arsenal,2.50629,1.35217,1.35217,2.50629
2020,2021-03-21,Aston Villa,Tottenham,0.439681,1.72011,1.72011,0.439681
2020,2021-04-03,Chelsea,West Brom,2.55917,1.38315,1.38315,2.55917
2020,2021-04-03,Leeds,Sheffield United,2.50597,0.867652,0.867652,2.50597
2020,2021-04-03,Leicester,Man City,0.284781,1.98438,1.98438,0.284781
2020,2021-04-03,Arsenal,Liverpool,0.161161,2.43732,2.43732,0.161161
2020,2021-04-04,Southampton,Burnley,2.40272,1.50285,1.50285,2.40272
2020,2021-04-04,Newcastle,Tottenham,3.30098,2.43683,2.43683,3.30098
2020,2021-04-04,Aston Villa,Fulham,1.52229,1.52172,1.52172,1.52229
2020,2021-04-04,Man United,Brighton,1.73474,1.41071,1.41071,1.73474
2020,2021-04-05,Everton,Crystal Palace,2.53386,0.603749,0.603749,2.53386
2020,2021-04-05,Wolves,West Ham,1.95649,1.59694,1.59694,1.95649
2020,2021-04-09,Fulham,Wolves,0.733154,0.428134,0.428134,0.733154
2020,2021-04-10,Man City,Leeds,1.98825,0.17525,0.17525,1.98825
2020,2021-04-10,Liverpool,Aston Villa,2.14592,0.760621,0.760621,2.14592
2020,2021-04-10,Crystal Palace,Chelsea,0.602167,3.85472,3.85472,0.602167
2020,2021-04-11,Burnley,Newcastle,1.84262,1.34279,1.34279,1.84262
2020,2021-04-11,West Ham,Leicester,1.02408,1.17188,1.17188,1.02408
2020,2021-04-11,Tottenham,Man United,0.921801,2.09737,2.09737,0.921801
2020,2021-04-11,Sheffield United,Arsenal,0.315121,1.93838,1.93838,0.315121
2020,2021-04-12,West Brom,Southampton,2.77089,1.5002,1.5002,2.77089
2020,2021-04-12,Brighton,Everton,1.16465,0.306287,0.306287,1.16465
2020,2021-04-16,Everton,Tottenham,2.26022,1.4815,1.4815,2.26022
2020,2021-04-17,Newcastle,West Ham,2.4314,2.06741,2.06741,2.4314
2020,2021-04-17,Wolves,Sheffield United,1.22604,0.295925,0.295925,1.22604
2020,2021-04-18,Arsenal,Fulham,2.85573,0.839128,0.839128,2.85573
2020,2021-04-18,Man United,Burnley,2.87455,0.959804,0.959804,2.87455
2020,2021-04-19,Leeds,Liverpool,2.59719,1.60043,1.60043,2.59719
2020,2021-04-20,Chelsea,Brighton,0.807348,0.459568,0.459568,0.807348
2020,2021-04-21,Tottenham,Southampton,1.28824,1.06134,1.06134,1.28824
2020,2021-04-21,Aston Villa,Man City,0.801733,1.5634,1.5634,0.801733
2020,2021-04-22,Leicester,West Brom,2.6712,0.277126,0.277126,2.6712
2020,2021-04-23,Arsenal,Everton,0.735767,0.529676,0.529676,0.735767
2020,2021-04-24,Liverpool,Newcastle,2.84708,0.860694,0.860694,2.84708
2020,2021-04-24,West Ham,Chelsea,0.267123,2.52059,2.52059,0.267123
2020,2021-04-24,Sheffield United,Brighton,0.786324,2.06038,2.06038,0.786324
2020,2021-04-25,Wolves,Burnley,0.351673,2.24049,2.24049,0.351673
2020,2021-04-25,Leeds,Man United,0.216834,1.11635,1.11635,0.216834
2020,2021-04-25,Aston Villa,West Brom,2.65394,1.56764,1.56764,2.65394
2020,2021-04-26,Leicester,Crystal Palace,1.23419,0.723112,0.723112,1.23419
2020,2021-04-30,Southampton,Leicester,0.954057,2.51518,2.51518,0.954057
2020,2021-05-01,Crystal Palace,Man City,0.361866,2.04443,2.04443,0.361866
2020,2021-05-01,Brighton,Leeds,2.52542,0.510874,0.510874,2.52542
2020,2021-05-01,Chelsea,Fulham,1.8433,0.290042,0.290042,1.8433
2020,2021-05-01,Everton,Aston Villa,1.223,1.58811,1.58811,1.223
2020,2021-05-02,Newcastle,Arsenal,0.172988,1.78751,1.78751,0.172988
2020,2021-05-02,Tottenham,Sheffield United,2.26016,0.469026,0.469026,2.26016
2020,2021-05-03,West Brom,Wolves,1.07133,0.844138,0.844138,1.07133
2020,2021-05-03,Burnley,West Ham,1.68312,2.42477,2.42477,1.68312
2020,2021-05-07,Leicester,Newcastle,2.315,2.87261,2.87261,2.315
2020,2021-05-08,Leeds,Tottenham,2.55216,1.03384,1.03384,2.55216
2020,2021-05-08,Sheffield United,Crystal Palace,0.639325,2.25382,2.25382,0.639325
2020,2021-05-08,Man City,Chelsea,1.79168,0.619724,0.619724,1.79168
2020,2021-05-08,Liverpool,Southampton,2.26367,1.2289,1.2289,2.26367
2020,2021-05-09,Wolves,Brighton,1.1199,0.27571,0.27571,1.1199
2020,2021-05-09,Aston Villa,Man United,0.565472,1.88793,1.88793,0.565472
2020,2021-05-09,West Ham,Everton,1.09704,1.56222,1.56222,1.09704
2020,2021-05-09,Arsenal,West Brom,1.07042,1.83076,1.83076,1.07042
2020,2021-05-10,Fulham,Burnley,0.778074,1.65831,1.65831,0.778074
2020,2021-05-11,Man United,Leicester,0.212874,0.991522,0.991522,0.212874
2020,2021-05-11,Southampton,Crystal Palace,1.58872,1.32586,1.32586,1.58872
2020,2021-05-12,Chelsea,Arsenal,1.56786,0.692043,0.692043,1.56786
2020,2021-05-13,Man United,Liverpool,1.71328,2.938,2.938,1.71328
2020,2021-05-13,Aston Villa,Everton,0.558976,0.975408,0.975408,0.558976
2020,2021-05-14,Newcastle,Man City,2.18312,1.477,1.477,2.18312
2020,2021-05-15,Burnley,Leeds,1.41338,1.85654,1.85654,1.41338
2020,2021-05-15,Southampton,Fulham,2.29146,0.875957,0.875957,2.29146
2020,2021-05-15,Brighton,West Ham,0.922587,1.92378,1.92378,0.922587
2020,2021-05-16,Crystal Palace,Aston Villa,1.95285,1.2303,1.2303,1.95285
2020,2021-05-16,Tottenham,Wolves,3.13947,1.09206,1.09206,3.13947
2020,2021-05-16,West Brom,Liverpool,1.14202,2.07854,2.07854,1.14202
2020,2021-05-16,Everton,Sheffield United,1.24609,1.391,1.391,1.24609
2020,2021-05-18,Man United,Fulham,0.92243,0.872643,0.872643,0.92243
2020,2021-05-18,Southampton,Leeds,1.3084,1.58132,1.58132,1.3084
2020,2021-05-18,Brighton,Man City,1.22824,1.07139,1.07139,1.22824
2020,2021-05-18,Chelsea,Leicester,2.86149,0.832596,0.832596,2.86149
2020,2021-05-19,Everton,Wolves,0.670997,0.265526,0.265526,0.670997
2020,2021-05-19,Newcastle,Sheffield United,1.82508,0.882242,0.882242,1.82508
2020,2021-05-19,Tottenham,Aston Villa,0.89279,1.63669,1.63669,0.89279
2020,2021-05-19,Crystal Palace,Arsenal,0.998377,1.7945,1.7945,0.998377
2020,2021-05-19,Burnley,Liverpool,0.837048,2.73316,2.73316,0.837048
2020,2021-05-19,West Brom,West Ham,1.10741,3.56991,3.56991,1.10741
2020,2021-05-23,Arsenal,Brighton,0.772904,0.193968,0.193968,0.772904
2020,2021-05-23,Aston Villa,Chelsea,0.980413,3.43414,3.43414,0.980413
2020,2021-05-23,Fulham,Newcastle,0.98902,1.60157,1.60157,0.98902
2020,2021-05-23,Leeds,West Brom,2.49009,1.02209,1.02209,2.49009
2020,2021-05-23,Leicester,Tottenham,1.82554,1.85229,1.85229,1.82554
2020,2021-05-23,Liverpool,Crystal Palace,2.20348,0.772317,0.772317,2.20348
2020,2021-05-23,Man City,Everton,2.88355,1.07258,1.07258,2.88355
2020,2021-05-23,Sheffield United,Burnley,0.420006,0.558508,0.558508,0.420006
2020,2021-05-23,West Ham,Southampton,1.98344,1.35179,1.35179,1.98344
2020,2021-05-23,Wolves,Man United,0.701256,2.05229,2.05229,0.701256
2021,2021-08-13,Brentford,Arsenal,1.88818,1.02385,1.02385,1.88818
2021,2021-08-14,Man United,Leeds,1.64248,0.568342,0.568342,1.64248
2021,2021-08-14,Burnley,Brighton,1.79548,1.6853,1.6853,1.79548
2021,2021-08-14,Chelsea,Crystal Palace,1.18709,0.321701,0.321701,1.18709
2021,2021-08-14,Everton,Southampton,2.38863,0.580601,0.580601,2.38863
2021,2021-08-14,Leicester,Wolves,0.668082,1.32714,1.32714,0.668082
2021,2021-08-14,Watford,Aston Villa,1.35036,1.13718,1.13718,1.35036
2021,2021-08-14,Norwich,Liverpool,1.3333,1.78728,1.78728,1.3333
2021,2021-08-15,Newcastle,West Ham,1.67926,3.00939,3.00939,1.67926
2021,2021-08-15,Tottenham,Man City,1.06014,2.10585,2.10585,1.06014
2021,2021-08-21,Liverpool,Burnley,2.63945,0.690464,0.690464,2.63945
2021,2021-08-21,Man City,Norwich,2.43928,0.0250088,0.0250088,2.43928
2021,2021-08-21,Aston Villa,Newcastle,1.18426,0.63163,0.63163,1.18426
2021,2021-08-21,Crystal Palace,Brentford,0.606313,0.712439,0.712439,0.606313
2021,2021-08-21,Leeds,Everton,0.966093,1.85713,1.85713,0.966093
2021,2021-08-21,Brighton,Watford,1.77896,0.407224,0.407224,1.77896
2021,2021-08-22,Southampton,Man United,0.587526,2.26173,2.26173,0.587526
2021,2021-08-22,Wolves,Tottenham,1.51127,1.72636,1.72636,1.51127
2021,2021-08-22,Arsenal,Chelsea,0.630099,3.64132,3.64132,0.630099
2021,2021-08-23,West Ham,Leicester,2.28613,0.62676,0.62676,2.28613
2021,2021-08-28,Man City,Arsenal,4.47273,0.116805,0.116805,4.47273
2021,2021-08-28,Newcastle,Southampton,1.19077,3.46036,3.46036,1.19077
2021,2021-08-28,Norwich,Leicester,1.44084,1.27371,1.27371,1.44084
2021,2021-08-28,Aston Villa,Brentford,0.431464,1.13312,1.13312,0.431464
2021,2021-08-28,Brighton,Everton,0.701622,1.54868,1.54868,0.701622
2021,2021-08-28,West Ham,Crystal Palace,1.44748,1.67658,1.67658,1.44748
2021,2021-08-28,Liverpool,Chelsea,2.08462,0.573638,0.573638,2.08462
2021,2021-08-29,Burnley,Leeds,1.71102,1.52078,1.52078,1.71102
2021,2021-08-29,Tottenham,Watford,0.920963,0.596016,0.596016,0.920963
2021,2021-08-29,Wolves,Man United,1.79575,0.944083,0.944083,1.79575
2021,2021-09-11,Crystal Palace,Tottenham,2.89372,0.0775646,0.0775646,2.89372
2021,2021-09-11,Arsenal,Norwich,2.68515,0.577292,0.577292,2.68515
2021,2021-09-11,Brentford,Brighton,0.729786,0.287902,0.287902,0.729786
2021,2021-09-11,Leicester,Man City,0.8001,2.75058,2.75058,0.8001
2021,2021-09-11,Man United,Newcastle,2.77326,0.622042,0.622042,2.77326
2021,2021-09-11,Southampton,West Ham,0.692135,0.725407,0.725407,0.692135
2021,2021-09-11,Watford,Wolves,0.185407,2.55922,2.55922,0.185407
2021,2021-09-11,Chelsea,Aston Villa,1.22153,1.17349,1.17349,1.22153
2021,2021-09-12,Leeds,Liverpool,0.652514,4.4016,4.4016,0.652514
2021,2021-09-13,Everton,Burnley,1.80386,1.82061,1.82061,1.80386
2021,2021-09-17,Newcastle,Leeds,1.17668,1.42995,1.42995,1.17668
2021,2021-09-18,Wolves,Brentford,1.02316,2.32741,2.32741,1.02316
2021,2021-09-18,Norwich,Watford,0.782665,2.42487,2.42487,0.782665
2021,2021-09-18,Burnley,Arsenal,0.775574,1.09928,1.09928,0.775574
2021,2021-09-18,Liverpool,Crystal Palace,2.76793,0.644168,0.644168,2.76793
2021,2021-09-18,Man City,Southampton,1.22451,0.490923,0.490923,1.22451
2021,2021-09-18,Aston Villa,Everton,0.777716,0.755035,0.755035,0.777716
2021,2021-09-19,Brighton,Leicester,1.47438,1.25373,1.25373,1.47438
2021,2021-09-19,West Ham,Man United,1.6671,1.8954,1.8954,1.6671
2021,2021-09-19,Tottenham,Chelsea,0.70567,2.5869,2.5869,0.70567
2021,2021-09-25,Chelsea,Man City,0.194202,1.69244,1.69244,0.194202
2021,2021-09-25,Man United,Aston Villa,1.9251,1.57249,1.57249,1.9251
2021,2021-09-25,Watford,Newcastle,0.904061,2.52338,2.52338,0.904061
2021,2021-09-25,Everton,Norwich,2.26681,0.800903,0.800903,2.26681
2021,2021-09-25,Leeds,West Ham,1.1967,1.98962,1.98962,1.1967
2021,2021-09-25,Leicester,Burnley,2.16233,0.428866,0.428866,2.16233
2021,2021-09-25,Brentford,Liverpool,2.94058,2.25736,2.25736,2.94058
2021,2021-09-26,Southampton,Wolves,0.909342,0.909833,0.909833,0.909342
2021,2021-09-26,Arsenal,Tottenham,1.44499,0.980166,0.980166,1.44499
2021,2021-09-27,Crystal Palace,Brighton,1.36836,0.649566,0.649566,1.36836
2021,2021-10-02,Man United,Everton,1.0496,1.32211,1.32211,1.0496
2021,2021-10-02,Burnley,Norwich,0.584725,0.673617,0.673617,0.584725
2021,2021-10-02,Chelsea,Southampton,3.79243,1.52634,1.52634,3.79243
2021,2021-10-02,Leeds,Watford,1.57388,0.192794,0.192794,1.57388
2021,2021-10-02,Wolves,Newcastle,1.15849,0.865217,0.865217,1.15849
2021,2021-10-02,Brighton,Arsenal,1.11551,0.36431,0.36431,1.11551
2021,2021-10-03,Crystal Palace,Leicester,1.1703,1.04322,1.04322,1.1703
2021,2021-10-03,Tottenham,Aston Villa,1.78187,1.07395,1.07395,1.78187
2021,2021-10-03,West Ham,Brentford,1.37258,1.30098,1.30098,1.37258
2021,2021-10-03,Liverpool,Man City,0.949368,1.04319,1.04319,0.949368
2021,2021-10-16,Watford,Liverpool,0.302302,3.65553,3.65553,0.302302
2021,2021-10-16,Aston Villa,Wolves,1.21276,2.19633,2.19633,1.21276
2021,2021-10-16,Leicester,Man United,2.96611,1.02494,1.02494,2.96611
2021,2021-10-16,Man City,Burnley,2.15712,1.07719,1.07719,2.15712
2021,2021-10-16,Norwich,Brighton,1.16088,1.17572,1.17572,1.16088
2021,2021-10-16,Southampton,Leeds,1.83082,0.446173,0.446173,1.83082
2021,2021-10-16,Brentford,Chelsea,1.62169,0.248256,0.248256,1.62169
2021,2021-10-17,Everton,West Ham,0.854165,2.03034,2.03034,0.854165
2021,2021-10-17,Newcastle,Tottenham,0.645658,1.55008,1.55008,0.645658
2021,2021-10-18,Arsenal,Crystal Palace,1.7436,0.492239,0.492239,1.7436
2021,2021-10-22,Arsenal,Aston Villa,3.4984,1.41088,1.41088,3.4984
2021,2021-10-23,Chelsea,Norwich,3.10509,0.267429,0.267429,3.10509
2021,2021-10-23,Crystal Palace,Newcastle,2.25588,0.721813,0.721813,2.25588
2021,2021-10-23,Everton,Watford,1.84089,3.10344,3.10344,1.84089
2021,2021-10-23,Leeds,Wolves,1.71313,0.858644,0.858644,1.71313
2021,2021-10-23,Southampton,Burnley,1.42567,0.673195,0.673195,1.42567
2021,2021-10-23,Brighton,Man City,1.1695,3.57376,3.57376,1.1695
2021,2021-10-24,Brentford,Leicester,1.16789,1.00254,1.00254,1.16789
2021,2021-10-24,West Ham,Tottenham,1.73468,0.672198,0.672198,1.73468
2021,2021-10-24,Man United,Liverpool,1.35584,4.04765,4.04765,1.35584
2021,2021-10-30,Leicester,Arsenal,1.98801,1.10288,1.10288,1.98801
2021,2021-10-30,Burnley,Brentford,2.72901,0.834312,0.834312,2.72901
2021,2021-10-30,Liverpool,Brighton,1.39778,1.51032,1.51032,1.39778
2021,2021-10-30,Man City,Crystal Palace,0.65739,1.05029,1.05029,0.65739
2021,2021-10-30,Newcastle,Chelsea,0.157616,2.16608,2.16608,0.157616
2021,2021-10-30,Watford,Southampton,0.852556,1.90757,1.90757,0.852556
2021,2021-10-30,Tottenham,Man United,1.15787,1.38612,1.38612,1.15787
2021,2021-10-31,Norwich,Leeds,0.661887,1.16855,1.16855,0.661887
2021,2021-10-31,Aston Villa,West Ham,0.687551,2.66391,2.66391,0.687551
2021,2021-11-01,Wolves,Everton,1.69344,1.69767,1.69767,1.69344
2021,2021-11-05,Southampton,Aston Villa,0.89818,0.536077,0.536077,0.89818
2021,2021-11-06,Man United,Man City,0.759561,2.04202,2.04202,0.759561
2021,2021-11-06,Brentford,Norwich,2.79229,1.15797,1.15797,2.79229
2021,2021-11-06,Chelsea,Burnley,3.00585,0.674072,0.674072,3.00585
2021,2021-11-06,Crystal Palace,Wolves,2.65161,0.25416,0.25416,2.65161
2021,2021-11-06,Brighton,Newcastle,1.43123,0.227321,0.227321,1.43123
2021,2021-11-07,Arsenal,Watford,1.49208,0.491659,0.491659,1.49208
2021,2021-11-07,Everton,Tottenham,0.597906,0.801798,0.801798,0.597906
2021,2021-11-07,Leeds,Leicester,1.96551,0.795292,0.795292,1.96551
2021,2021-11-07,West Ham,Liverpool,1.25298,1.45641,1.45641,1.25298
2021,2021-11-20,Leicester,Chelsea,0.499504,2.57178,2.57178,0.499504
2021,2021-11-20,Aston Villa,Brighton,1.06946,0.582787,0.582787,1.06946
2021,2021-11-20,Burnley,Crystal Palace,1.04224,1.74839,1.74839,1.04224
2021,2021-11-20,Newcastle,Brentford,2.18388,1.23275,1.23275,2.18388
2021,2021-11-20,Norwich,Southampton,0.43778,1.13118,1.13118,0.43778
2021,2021-11-20,Watford,Man United,2.73393,1.66794,1.66794,2.73393
2021,2021-11-20,Wolves,West Ham,1.31903,0.436331,0.436331,1.31903
2021,2021-11-20,Liverpool,Arsenal,3.97374,0.268025,0.268025,3.97374
2021,2021-11-21,Man City,Everton,2.61302,0.266894,0.266894,2.61302
2021,2021-11-21,Tottenham,Leeds,2.31744,1.46689,1.46689,2.31744
2021,2021-11-27,Arsenal,Newcastle,2.84493,0.185383,0.185383,2.84493
2021,2021-11-27,Crystal Palace,Aston Villa,0.962129,0.454305,0.454305,0.962129
2021,2021-11-27,Liverpool,Southampton,3.07278,0.966132,0.966132,3.07278
2021,2021-11-27,Norwich,Wolves,1.4047,0.297157,0.297157,1.4047
2021,2021-11-27,Brighton,Leeds,1.90498,0.864829,0.864829,1.90498
2021,2021-11-28,Brentford,Everton,1.19813,0.968075,0.968075,1.19813
2021,2021-11-28,Leicester,Watford,2.16027,2.38383,2.38383,2.16027
2021,2021-11-28,Man City,West Ham,2.72187,0.171763,0.171763,2.72187
2021,2021-11-28,Chelsea,Man United,2.34525,0.563367,0.563367,2.34525
2021,2021-11-30,Newcastle,Norwich,1.15636,1.51084,1.51084,1.15636
2021,2021-11-30,Leeds,Crystal Palace,1.9818,0.707328,0.707328,1.9818
2021,2021-12-01,Watford,Chelsea,0.990877,0.908574,0.908574,0.990877
2021,2021-12-01,West Ham,Brighton,1.14679,1.2607,1.2607,1.14679
2021,2021-12-01,Wolves,Burnley,0.711691,0.195537,0.195537,0.711691
2021,2021-12-01,Southampton,Leicester,1.91169,1.4401,1.4401,1.91169
2021,2021-12-01,Aston Villa,Man City,0.772083,1.01897,1.01897,0.772083
2021,2021-12-01,Everton,Liverpool,0.512263,2.86067,2.86067,0.512263
2021,2021-12-02,Tottenham,Brentford,2.07248,0.225492,0.225492,2.07248
2021,2021-12-02,Man United,Arsenal,1.85597,1.16638,1.16638,1.85597
2021,2021-12-04,West Ham,Chelsea,2.0174,1.37049,1.37049,2.0174
2021,2021-12-04,Newcastle,Burnley,1.70609,0.604599,0.604599,1.70609
2021,2021-12-04,Southampton,Brighton,1.34236,1.4872,1.4872,1.34236
2021,2021-12-04,Wolves,Liverpool,0.095167,2.42332,2.42332,0.095167
2021,2021-12-04,Watford,Man City,0.675105,4.03223,4.03223,0.675105
2021,2021-12-05,Leeds,Brentford,1.41896,1.19959,1.19959,1.41896
2021,2021-12-05,Man United,Crystal Palace,0.870376,0.520593,0.520593,0.870376
2021,2021-12-05,Tottenham,Norwich,2.00668,1.06562,1.06562,2.00668
2021,2021-12-05,Aston Villa,Leicester,1.84818,0.982614,0.982614,1.84818
2021,2021-12-06,Everton,Arsenal,1.06108,1.05723,1.05723,1.06108
2021,2021-12-10,Brentford,Watford,1.82799,0.561554,0.561554,1.82799
2021,2021-12-11,Man City,Wolves,2.99915,0.0762839,0.0762839,2.99915
2021,2021-12-11,Arsenal,Southampton,2.08429,0.502215,0.502215,2.08429
2021,2021-12-11,Chelsea,Leeds,2.74844,1.72934,1.72934,2.74844
2021,2021-12-11,Liverpool,Aston Villa,2.71181,0.140573,0.140573,2.71181
2021,2021-12-11,Norwich,Man United,0.986107,2.09817,2.09817,0.986107
2021,2021-12-12,Burnley,West Ham,0.54801,0.998813,0.998813,0.54801
2021,2021-12-12,Leicester,Newcastle,2.05771,0.511934,0.511934,2.05771
2021,2021-12-12,Crystal Palace,Everton,2.09864,1.27556,1.27556,2.09864
2021,2021-12-14,Norwich,Aston Villa,0.502647,1.96261,1.96261,0.502647
2021,2021-12-14,Man City,Leeds,3.31349,0.227498,0.227498,3.31349
2021,2021-12-15,Brighton,Wolves,1.20118,1.11736,1.11736,1.20118
2021,2021-12-15,Crystal Palace,Southampton,1.49244,0.625183,0.625183,1.49244
2021,2021-12-15,Arsenal,West Ham,2.81482,0.338855,0.338855,2.81482
2021,2021-12-16,Chelsea,Everton,3.20239,0.627528,0.627528,3.20239
2021,2021-12-16,Liverpool,Newcastle,2.93912,0.2064,0.2064,2.93912
2021,2021-12-18,Leeds,Arsenal,1.31408,3.69008,3.69008,1.31408
2021,2021-12-19,Wolves,Chelsea,0.321371,0.793952,0.793952,0.321371
2021,2021-12-19,Newcastle,Man City,0.174208,3.64686,3.64686,0.174208
2021,2021-12-19,Tottenham,Liverpool,2.79777,1.54944,1.54944,2.79777
2021,2021-12-26,Man City,Leicester,3.82869,2.43425,2.43425,3.82869
2021,2021-12-26,Norwich,Arsenal,0.154212,2.87539,2.87539,0.154212
2021,2021-12-26,Tottenham,Crystal Palace,2.82148,0.178324,0.178324,2.82148
2021,2021-12-26,West Ham,Southampton,1.53745,1.35643,1.35643,1.53745
2021,2021-12-26,Aston Villa,Chelsea,0.474029,2.8285,2.8285,0.474029
2021,2021-12-26,Brighton,Brentford,0.943363,1.10342,1.10342,0.943363
2021,2021-12-27,Newcastle,Man United,1.26586,1.75587,1.75587,1.26586
2021,2021-12-28,Watford,West Ham,1.0143,2.84084,2.84084,1.0143
2021,2021-12-28,Crystal Palace,Norwich,2.38978,0.594134,0.594134,2.38978
2021,2021-12-28,Southampton,Tottenham,0.353043,2.80917,2.80917,0.353043
2021,2021-12-28,Leicester,Liverpool,0.615892,2.72682,2.72682,0.615892
2021,2021-12-29,Chelsea,Brighton,0.763458,0.78663,0.78663,0.763458
2021,2021-12-29,Brentford,Man City,0.238829,1.01763,1.01763,0.238829
2021,2021-12-30,Man United,Burnley,1.80776,0.871738,0.871738,1.80776
2021,2022-01-01,Arsenal,Man City,0.836949,1.94623,1.94623,0.836949
2021,2022-01-01,Watford,Tottenham,0.303514,1.93752,1.93752,0.303514
2021,2022-01-01,Crystal Palace,West Ham,2.69204,2.23146,2.23146,2.69204
2021,2022-01-02,Brentford,Aston Villa,0.501329,1.13821,1.13821,0.501329
2021,2022-01-02,Everton,Brighton,1.82698,1.48397,1.48397,1.82698
2021,2022-01-02,Leeds,Burnley,2.04186,0.960493,0.960493,2.04186
2021,2022-01-02,Chelsea,Liverpool,1.389,1.78897,1.78897,1.389
2021,2022-01-03,Man United,Wolves,0.768752,0.840925,0.840925,0.768752
2021,2022-01-11,Southampton,Brentford,1.59306,0.621466,0.621466,1.59306
2021,2022-01-12,West Ham,Norwich,2.89217,0.343347,0.343347,2.89217
2021,2022-01-14,Brighton,Crystal Palace,2.18053,0.509681,0.509681,2.18053
2021,2022-01-15,Man City,Chelsea,0.901703,0.613757,0.613757,0.901703
2021,2022-01-15,Newcastle,Watford,1.03855,1.49623,1.49623,1.03855
2021,2022-01-15,Norwich,Everton,1.00153,0.541027,0.541027,1.00153
2021,2022-01-15,Wolves,Southampton,2.29917,0.91728,0.91728,2.29917
2021,2022-01-15,Aston Villa,Man United,1.82784,1.35378,1.35378,1.82784
2021,2022-01-16,Liverpool,Brentford,3.49099,0.376656,0.376656,3.49099
2021,2022-01-16,West Ham,Leeds,2.3549,2.26884,2.26884,2.3549
2021,2022-01-18,Brighton,Chelsea,0.747557,0.572994,0.572994,0.747557
2021,2022-01-19,Leicester,Tottenham,1.95031,4.24711,4.24711,1.95031
2021,2022-01-19,Brentford,Man United,2.081,2.05969,2.05969,2.081
2021,2022-01-21,Watford,Norwich,1.30606,0.925212,0.925212,1.30606
2021,2022-01-22,Everton,Aston Villa,1.2384,0.860245,0.860245,1.2384
2021,2022-01-22,Brentford,Wolves,0.742573,0.218211,0.218211,0.742573
2021,2022-01-22,Leeds,Newcastle,1.12992,1.15904,1.15904,1.12992
2021,2022-01-22,Man United,West Ham,1.75857,0.238027,0.238027,1.75857
2021,2022-01-22,Southampton,Man City,1.00222,1.62907,1.62907,1.00222
2021,2022-01-23,Arsenal,Burnley,1.35507,0.388963,0.388963,1.35507
2021,2022-01-23,Crystal Palace,Liverpool,1.62615,1.49697,1.49697,1.62615
2021,2022-01-23,Leicester,Brighton,1.70979,1.19738,1.19738,1.70979
2021,2022-01-23,Chelsea,Tottenham,1.04212,0.328818,0.328818,1.04212
2021,2022-02-05,Burnley,Watford,0.765905,0.933965,0.933965,0.765905
2021,2022-02-08,West Ham,Watford,0.905143,0.335474,0.335474,0.905143
2021,2022-02-08,Newcastle,Everton,2.68732,0.823607,0.823607,2.68732
2021,2022-02-08,Burnley,Man United,0.772721,1.83387,1.83387,0.772721
2021,2022-02-09,Norwich,Crystal Palace,0.296411,1.22883,1.22883,0.296411
2021,2022-02-09,Tottenham,Southampton,1.74286,1.73293,1.73293,1.74286
2021,2022-02-09,Man City,Brentford,1.98246,0.461305,0.461305,1.98246
2021,2022-02-09,Aston Villa,Leeds,1.5013,2.52914,2.52914,1.5013
2021,2022-02-10,Wolves,Arsenal,0.641359,1.45247,1.45247,0.641359
2021,2022-02-10,Liverpool,Leicester,2.72997,0.544954,0.544954,2.72997
2021,2022-02-12,Man United,Southampton,2.99207,0.677386,0.677386,2.99207
2021,2022-02-12,Brentford,Crystal Palace,1.97576,0.49802,0.49802,1.97576
2021,2022-02-12,Everton,Leeds,2.58561,0.242668,0.242668,2.58561
2021,2022-02-12,Watford,Brighton,0.532979,1.80456,1.80456,0.532979
2021,2022-02-12,Norwich,Man City,0.356755,4.44653,4.44653,0.356755
2021,2022-02-13,Burnley,Liverpool,1.16081,1.95722,1.95722,1.16081
2021,2022-02-13,Newcastle,Aston Villa,0.527571,0.455206,0.455206,0.527571
2021,2022-02-13,Tottenham,Wolves,0.838197,1.87026,1.87026,0.838197
2021,2022-02-13,Leicester,West Ham,1.40693,0.745068,0.745068,1.40693
2021,2022-02-15,Man United,Brighton,2.74936,1.26179,1.26179,2.74936
2021,2022-02-19,West Ham,Newcastle,0.847948,0.932574,0.932574,0.847948
2021,2022-02-19,Arsenal,Brentford,1.52247,0.640726,0.640726,1.52247
2021,2022-02-19,Aston Villa,Watford,1.0267,1.82051,1.82051,1.0267
2021,2022-02-19,Brighton,Burnley,0.44587,0.821228,0.821228,0.44587
2021,2022-02-19,Crystal Palace,Chelsea,0.624023,1.12339,1.12339,0.624023
2021,2022-02-19,Liverpool,Norwich,3.15449,0.66975,0.66975,3.15449
2021,2022-02-19,Southampton,Everton,2.72851,0.19991,0.19991,2.72851
2021,2022-02-19,Man City,Tottenham,2.31773,2.00235,2.00235,2.31773
2021,2022-02-20,Leeds,Man United,1.74476,2.60999,2.60999,1.74476
2021,2022-02-20,Wolves,Leicester,0.472777,1.55048,1.55048,0.472777
2021,2022-02-23,Burnley,Tottenham,1.55576,0.691655,0.691655,1.55576
2021,2022-02-23,Watford,Crystal Palace,1.71917,0.818403,0.818403,1.71917
2021,2022-02-23,Liverpool,Leeds,5.3303,0.141547,0.141547,5.3303
2021,2022-02-24,Arsenal,Wolves,2.50961,1.10934,1.10934,2.50961
2021,2022-02-25,Southampton,Norwich,3.08863,0.424877,0.424877,3.08863
2021,2022-02-26,Leeds,Tottenham,1.89569,2.47025,2.47025,1.89569
2021,2022-02-26,Brentford,Newcastle,0.494232,2.25373,2.25373,0.494232
2021,2022-02-26,Crystal Palace,Burnley,1.03765,0.255988,0.255988,1.03765
2021,2022-02-26,Man United,Watford,2.41457,0.437185,0.437185,2.41457
2021,2022-02-26,Brighton,Aston Villa,0.627107,1.3027,1.3027,0.627107
2021,2022-02-26,Everton,Man City,0.770819,1.93422,1.93422,0.770819
2021,2022-02-27,West Ham,Wolves,1.62241,0.892018,0.892018,1.62241
2021,2022-03-01,Burnley,Leicester,1.04214,1.79558,1.79558,1.04214
2021,2022-03-05,Leicester,Leeds,0.359129,2.14389,2.14389,0.359129
2021,2022-03-05,Aston Villa,Southampton,2.85379,1.32947,1.32947,2.85379
2021,2022-03-05,Burnley,Chelsea,0.849232,2.2868,2.2868,0.849232
2021,2022-03-05,Newcastle,Brighton,1.58028,1.64995,1.64995,1.58028
2021,2022-03-05,Norwich,Brentford,0.77334,2.22064,2.22064,0.77334
2021,2022-03-05,Wolves,Crystal Palace,0.710865,2.53759,2.53759,0.710865
2021,2022-03-05,Liverpool,West Ham,2.18865,1.33829,1.33829,2.18865
2021,2022-03-06,Watford,Arsenal,1.29603,1.00457,1.00457,1.29603
2021,2022-03-06,Man City,Man United,2.74434,0.361782,0.361782,2.74434
2021,2022-03-07,Tottenham,Everton,3.24279,0.208263,0.208263,3.24279
2021,2022-03-10,Wolves,Watford,1.55037,0.498696,0.498696,1.55037
2021,2022-03-10,Southampton,Newcastle,1.79835,0.812233,0.812233,1.79835
2021,2022-03-10,Norwich,Chelsea,0.965723,2.1308,2.1308,0.965723
2021,2022-03-10,Leeds,Aston Villa,0.194028,1.2729,1.2729,0.194028
2021,2022-03-12,Brighton,Liverpool,0.629316,2.48312,2.48312,0.629316
2021,2022-03-12,Brentford,Burnley,1.82002,0.825311,0.825311,1.82002
2021,2022-03-12,Man United,Tottenham,1.0181,1.62374,1.62374,1.0181
2021,2022-03-13,Chelsea,Newcastle,1.07072,0.246037,0.246037,1.07072
2021,2022-03-13,Everton,Wolves,0.397268,0.712135,0.712135,0.397268
2021,2022-03-13,Leeds,Norwich,3.11755,1.40148,1.40148,3.11755
2021,2022-03-13,Southampton,Watford,1.25696,1.29385,1.29385,1.25696
2021,2022-03-13,West Ham,Aston Villa,1.58468,1.05391,1.05391,1.58468
2021,2022-03-13,Arsenal,Leicester,2.93665,0.54911,0.54911,2.93665
2021,2022-03-14,Crystal Palace,Man City,0.474002,2.04021,2.04021,0.474002
2021,2022-03-16,Brighton,Tottenham,1.04171,2.05196,2.05196,1.04171
2021,2022-03-16,Arsenal,Liverpool,0.534265,1.27681,1.27681,0.534265
2021,2022-03-17,Everton,Newcastle,0.708809,0.75803,0.75803,0.708809
2021,2022-03-18,Wolves,Leeds,1.24075,2.82103,2.82103,1.24075
2021,2022-03-19,Aston Villa,Arsenal,0.309375,1.14522,1.14522,0.309375
2021,2022-03-20,Leicester,Brentford,1.27865,1.72466,1.72466,1.27865
2021,2022-03-20,Tottenham,West Ham,2.54795,0.644964,0.644964,2.54795
2021,2022-04-02,Liverpool,Watford,2.23651,0.753307,0.753307,2.23651
2021,2022-04-02,Wolves,Aston Villa,1.62151,1.91256,1.91256,1.62151
2021,2022-04-02,Leeds,Southampton,1.50715,2.06387,2.06387,1.50715
2021,2022-04-02,Chelsea,Brentford,1.29014,2.43422,2.43422,1.29014
2021,2022-04-02,Burnley,Man City,0.0591223,1.62008,1.62008,0.0591223
2021,2022-04-02,Brighton,Norwich,2.38297,0.494112,0.494112,2.38297
2021,2022-04-02,Man United,Leicester,0.902127,1.07638,1.07638,0.902127
2021,2022-04-03,West Ham,Everton,1.49657,0.657846,0.657846,1.49657
2021,2022-04-03,Tottenham,Newcastle,3.6081,0.538152,0.538152,3.6081
2021,2022-04-04,Crystal Palace,Arsenal,1.39707,1.05199,1.05199,1.39707
2021,2022-04-06,Burnley,Everton,2.24439,2.31574,2.31574,2.24439
2021,2022-04-08,Newcastle,Wolves,1.43878,0.306867,0.306867,1.43878
2021,2022-04-09,Everton,Man United,0.357295,0.762357,0.762357,0.357295
2021,2022-04-09,Watford,Leeds,1.07422,0.895612,0.895612,1.07422
2021,2022-04-09,Southampton,Chelsea,0.564726,4.39683,4.39683,0.564726
2021,2022-04-09,Arsenal,Brighton,2.35153,0.596106,0.596106,2.35153
2021,2022-04-09,Aston Villa,Tottenham,1.48712,0.983601,0.983601,1.48712
2021,2022-04-10,Norwich,Burnley,1.6723,1.44652,1.44652,1.6723
2021,2022-04-10,Leicester,Crystal Palace,0.879235,1.52767,1.52767,0.879235
2021,2022-04-10,Brentford,West Ham,1.85534,0.244824,0.244824,1.85534
2021,2022-04-10,Man City,Liverpool,1.34647,1.29983,1.29983,1.34647
2021,2022-04-16,Tottenham,Brighton,0.58624,0.711155,0.711155,0.58624
2021,2022-04-16,Watford,Brentford,1.50381,2.12457,2.12457,1.50381
2021,2022-04-16,Southampton,Arsenal,1.04007,1.35002,1.35002,1.04007
2021,2022-04-16,Man United,Norwich,1.66737,1.79754,1.79754,1.66737
2021,2022-04-17,West Ham,Burnley,2.79175,1.88137,1.88137,2.79175
2021,2022-04-17,Newcastle,Leicester,2.54294,0.541084,0.541084,2.54294
2021,2022-04-19,Liverpool,Man United,2.25967,0.110227,0.110227,2.25967
2021,2022-04-20,Everton,Leicester,1.68819,0.786333,0.786333,1.68819
2021,2022-04-20,Chelsea,Arsenal,0.593801,1.87331,1.87331,0.593801
2021,2022-04-20,Newcastle,Crystal Palace,0.767855,0.432788,0.432788,0.767855
2021,2022-04-20,Man City,Brighton,1.52844,0.117354,0.117354,1.52844
2021,2022-04-21,Burnley,Southampton,2.14743,1.31837,1.31837,2.14743
2021,2022-04-23,Arsenal,Man United,2.54173,2.04244,2.04244,2.54173
2021,2022-04-23,Norwich,Newcastle,0.657661,1.87558,1.87558,0.657661
2021,2022-04-23,Man City,Watford,3.68,0.42632,0.42632,3.68
2021,2022-04-23,Leicester,Aston Villa,0.235635,0.593202,0.593202,0.235635
2021,2022-04-23,Brentford,Tottenham,1.3153,0.517755,0.517755,1.3153
2021,2022-04-24,Chelsea,West Ham,2.34959,0.388975,0.388975,2.34959
2021,2022-04-24,Burnley,Wolves,1.27298,0.592902,0.592902,1.27298
2021,2022-04-24,Brighton,Southampton,1.87343,0.926764,0.926764,1.87343
2021,2022-04-24,Liverpool,Everton,1.70397,0.424961,0.424961,1.70397
2021,2022-04-25,Crystal Palace,Leeds,1.61656,0.374044,0.374044,1.61656
2021,2022-04-28,Man United,Chelsea,0.618456,2.46868,2.46868,0.618456
2021,2022-04-30,Newcastle,Liverpool,0.115353,2.73435,2.73435,0.115353
2021,2022-04-30,Wolves,Brighton,0.525912,2.90679,2.90679,0.525912
2021,2022-04-30,Watford,Burnley,0.785742,1.37022,1.37022,0.785742
2021,2022-04-30,Southampton,Crystal Palace,0.650256,0.756217,0.756217,0.650256
2021,2022-04-30,Aston Villa,Norwich,2.31192,0.352212,0.352212,2.31192
2021,2022-04-30,Leeds,Man City,1.03608,3.01431,3.01431,1.03608
2021,2022-05-01,Tottenham,Leicester,1.65338,0.274133,0.274133,1.65338
2021,2022-05-01,Everton,Chelsea,1.11712,1.21141,1.21141,1.11712
2021,2022-05-01,West Ham,Arsenal,0.451976,0.964564,0.964564,0.451976
2021,2022-05-02,Man United,Brentford,1.84111,0.681425,0.681425,1.84111
2021,2022-05-07,Crystal Palace,Watford,2.49142,0.255373,0.255373,2.49142
2021,2022-05-07,Chelsea,Wolves,1.82098,1.6842,1.6842,1.82098
2021,2022-05-07,Burnley,Aston Villa,1.31028,1.81256,1.81256,1.31028
2021,2022-05-07,Brentford,Southampton,3.68223,0.988574,0.988574,3.68223
2021,2022-05-07,Brighton,Man United,2.82636,0.930715,0.930715,2.82636
2021,2022-05-07,Liverpool,Tottenham,1.0481,0.982635,0.982635,1.0481
2021,2022-05-08,Norwich,West Ham,0.77895,3.25894,3.25894,0.77895
2021,2022-05-08,Leicester,Everton,1.47479,1.55635,1.55635,1.47479
2021,2022-05-08,Arsenal,Leeds,2.7227,0.696785,0.696785,2.7227
2021,2022-05-08,Man City,Newcastle,4.05613,0.995099,0.995099,4.05613
2021,2022-05-10,Aston Villa,Liverpool,1.44726,1.75417,1.75417,1.44726
2021,2022-05-11,Leeds,Chelsea,0.499789,1.46853,1.46853,0.499789
2021,2022-05-11,Leicester,Norwich,2.57058,1.21966,1.21966,2.57058
2021,2022-05-11,Watford,Everton,0.232236,0.812193,0.812193,0.232236
2021,2022-05-11,Wolves,Man City,0.411857,3.39304,3.39304,0.411857
2021,2022-05-12,Tottenham,Arsenal,3.42522,0.387446,0.387446,3.42522
2021,2022-05-15,Tottenham,Burnley,2.39449,0.629888,0.629888,2.39449
2021,2022-05-15,Wolves,Norwich,0.999066,1.53212,1.53212,0.999066
2021,2022-05-15,West Ham,Man City,1.0088,2.14723,2.14723,1.0088
2021,2022-05-15,Watford,Leicester,2.58968,2.27297,2.27297,2.58968
2021,2022-05-15,Leeds,Brighton,2.22282,2.25898,2.25898,2.22282
2021,2022-05-15,Aston Villa,Crystal Palace,0.799443,1.39009,1.39009,0.799443
2021,2022-05-15,Everton,Brentford,2.69589,1.81626,1.81626,2.69589
2021,2022-05-16,Newcastle,Arsenal,1.68299,0.492454,0.492454,1.68299
2021,2022-05-17,Southampton,Liverpool,0.121506,1.19178,1.19178,0.121506
2021,2022-05-19,Everton,Crystal Palace,0.813157,1.6023,1.6023,0.813157
2021,2022-05-19,Aston Villa,Burnley,0.996403,1.63117,1.63117,0.996403
2021,2022-05-19,Chelsea,Leicester,1.61996,0.0417972,0.0417972,1.61996
2021,2022-05-22,Arsenal,Everton,4.35597,1.08601,1.08601,4.35597
2021,2022-05-22,Brentford,Leeds,0.844985,1.47786,1.47786,0.844985
2021,2022-05-22,Brighton,West Ham,1.67774,0.268845,0.268845,1.67774
2021,2022-05-22,Burnley,Newcastle,1.49164,1.74291,1.74291,1.49164
2021,2022-05-22,Chelsea,Watford,2.59231,0.575755,0.575755,2.59231
2021,2022-05-22,Crystal Palace,Man United,0.354618,0.782005,0.782005,0.354618
2021,2022-05-22,Leicester,Southampton,3.42058,1.05141,1.05141,3.42058
2021,2022-05-22,Liverpool,Wolves,3.19385,1.11708,1.11708,3.19385
2021,2022-05-22,Man City,Aston Villa,3.3209,0.247841,0.247841,3.3209
2021,2022-05-22,Norwich,Tottenham,0.310789,3.815,3.815,0.310789
2022,2022-08-05,Crystal Palace,Arsenal,1.20637,1.43601,1.43601,1.20637
2022,2022-08-06,Fulham,Liverpool,1.26822,2.34111,2.34111,1.26822
2022,2022-08-06,Bournemouth,Aston Villa,0.588341,0.488895,0.488895,0.588341
2022,2022-08-06,Leeds,Wolves,0.88917,1.10119,1.10119,0.88917
2022,2022-08-06,Newcastle,Nott'm Forest,1.8591,0.235825,0.235825,1.8591
2022,2022-08-06,Tottenham,Southampton,1.6172,0.386546,0.386546,1.6172
2022,2022-08-06,Everton,Chelsea,0.541983,1.92315,1.92315,0.541983
2022,2022-08-07,Man United,Brighton,1.42103,1.7289,1.7289,1.42103
2022,2022-08-07,Leicester,Brentford,0.455695,0.931067,0.931067,0.455695
2022,2022-08-07,West Ham,Man City,0.246188,2.58739,2.58739,0.246188
2022,2022-08-13,Aston Villa,Everton,2.66696,1.37507,1.37507,2.66696
2022,2022-08-13,Brighton,Newcastle,1.60835,0.183952,0.183952,1.60835
2022,2022-08-13,Man City,Bournemouth,1.69064,0.123946,0.123946,1.69064
2022,2022-08-13,Southampton,Leeds,1.40906,1.99694,1.99694,1.40906
2022,2022-08-13,Wolves,Fulham,0.975375,1.08813,1.08813,0.975375
2022,2022-08-13,Arsenal,Leicester,3.0107,0.690679,0.690679,3.0107
2022,2022-08-13,Brentford,Man United,1.38785,0.896038,0.896038,1.38785
2022,2022-08-14,Nott'm Forest,West Ham,1.9717,2.08634,2.08634,1.9717
2022,2022-08-14,Chelsea,Tottenham,1.83945,1.58708,1.58708,1.83945
2022,2022-08-15,Liverpool,Crystal Palace,2.23596,1.64468,1.64468,2.23596
2022,2022-08-20,Tottenham,Wolves,1.46608,0.686123,0.686123,1.46608
2022,2022-08-20,Crystal Palace,Aston Villa,2.91137,0.803828,0.803828,2.91137
2022,2022-08-20,Everton,Nott'm Forest,1.43408,0.918315,0.918315,1.43408
2022,2022-08-20,Fulham,Brentford,2.89934,1.59352,1.59352,2.89934
2022,2022-08-20,Leicester,Southampton,0.242948,1.24155,1.24155,0.242948
2022,2022-08-20,Bournemouth,Arsenal,0.211335,1.71081,1.71081,0.211335
2022,2022-08-21,Leeds,Chelsea,2.20971,0.692492,0.692492,2.20971
2022,2022-08-21,West Ham,Brighton,0.768634,1.82645,1.82645,0.768634
2022,2022-08-21,Newcastle,Man City,2.2127,3.67382,3.67382,2.2127
2022,2022-08-22,Man United,Liverpool,2.01764,1.52301,1.52301,2.01764
2022,2022-08-27,Southampton,Man United,1.35887,1.34359,1.34359,1.35887
2022,2022-08-27,Brentford,Everton,2.28391,1.65465,1.65465,2.28391
2022,2022-08-27,Brighton,Leeds,1.60986,1.14874,1.14874,1.60986
2022,2022-08-27,Chelsea,Leicester,1.74916,1.96023,1.96023,1.74916
2022,2022-08-27,Liverpool,Bournemouth,4.86035,0.180991,0.180991,4.86035
2022,2022-08-27,Man City,Crystal Palace,2.3853,0.091976,0.091976,2.3853
2022,2022-08-27,Arsenal,Fulham,2.47427,0.926007,0.926007,2.47427
2022,2022-08-28,Aston Villa,West Ham,0.304555,0.334589,0.334589,0.304555
2022,2022-08-28,Wolves,Newcastle,1.13248,1.93362,1.93362,1.13248
2022,2022-08-28,Nott'm Forest,Tottenham,0.801369,2.44473,2.44473,0.801369
2022,2022-08-30,Fulham,Brighton,1.07093,1.75359,1.75359,1.07093
2022,2022-08-30,Crystal Palace,Brentford,0.777363,1.61808,1.61808,0.777363
2022,2022-08-30,Southampton,Chelsea,1.44086,1.5047,1.5047,1.44086
2022,2022-08-30,Leeds,Everton,1.04551,1.17189,1.17189,1.04551
2022,2022-08-31,Man City,Nott'm Forest,3.83759,0.729752,0.729752,3.83759
2022,2022-08-31,Arsenal,Aston Villa,2.79971,0.297168,0.297168,2.79971
2022,2022-08-31,Bournemouth,Wolves,0.362035,1.53246,1.53246,0.362035
2022,2022-08-31,West Ham,Tottenham,1.52267,0.723285,0.723285,1.52267
2022,2022-08-31,Liverpool,Newcastle,1.76119,0.643546,0.643546,1.76119
2022,2022-09-01,Leicester,Man United,0.615266,1.09969,1.09969,0.615266
2022,2022-09-03,Everton,Liverpool,1.39169,1.38617,1.38617,1.39169
2022,2022-09-03,Newcastle,Crystal Palace,2.90672,0.920595,0.920595,2.90672
2022,2022-09-03,Nott'm Forest,Bournemouth,1.32895,0.905041,0.905041,1.32895
2022,2022-09-03,Tottenham,Fulham,2.67823,0.381556,0.381556,2.67823
2022,2022-09-03,Wolves,Southampton,1.10039,1.20838,1.20838,1.10039
2022,2022-09-03,Brentford,Leeds,2.7485,1.796,1.796,2.7485
2022,2022-09-03,Chelsea,West Ham,0.707333,1.4196,1.4196,0.707333
2022,2022-09-03,Aston Villa,Man City,0.279392,1.92143,1.92143,0.279392
2022,2022-09-04,Brighton,Leicester,2.73166,1.06549,1.06549,2.73166
2022,2022-09-04,Man United,Arsenal,2.02904,1.42238,1.42238,2.02904
2022,2022-09-16,Aston Villa,Southampton,1.34365,0.218302,0.218302,1.34365
2022,2022-09-16,Nott'm Forest,Fulham,1.41541,1.3496,1.3496,1.41541
2022,2022-09-17,Wolves,Man City,0.310995,1.4242,1.4242,0.310995
2022,2022-09-17,Newcastle,Bournemouth,1.54758,0.976948,0.976948,1.54758
2022,2022-09-17,Tottenham,Leicester,1.98619,1.59449,1.59449,1.98619
2022,2022-09-18,Brentford,Arsenal,0.54011,1.32021,1.32021,0.54011
2022,2022-09-18,Everton,West Ham,0.39773,0.655351,0.655351,0.39773
2022,2022-10-01,Arsenal,Tottenham,2.48403,1.5027,1.5027,2.48403
2022,2022-10-01,Bournemouth,Brentford,0.758128,1.046,1.046,0.758128
2022,2022-10-01,Crystal Palace,Chelsea,0.70987,1.25506,1.25506,0.70987
2022,2022-10-01,Fulham,Newcastle,0.683701,4.67198,4.67198,0.683701
2022,2022-10-01,Liverpool,Brighton,2.1515,2.36567,2.36567,2.1515
2022,2022-10-01,Southampton,Everton,1.95961,1.99979,1.99979,1.95961
2022,2022-10-01,West Ham,Wolves,1.03934,0.575988,0.575988,1.03934
2022,2022-10-02,Man City,Man United,3.01103,1.71335,1.71335,3.01103
2022,2022-10-02,Leeds,Aston Villa,0.298626,1.89645,1.89645,0.298626
2022,2022-10-03,Leicester,Nott'm Forest,1.2497,1.22169,1.22169,1.2497
2022,2022-10-08,Bournemouth,Leicester,1.14891,1.18125,1.18125,1.14891
2022,2022-10-08,Chelsea,Wolves,2.43092,0.748449,0.748449,2.43092
2022,2022-10-08,Man City,Southampton,2.73536,0.101148,0.101148,2.73536
2022,2022-10-08,Newcastle,Brentford,2.44631,1.13466,1.13466,2.44631
2022,2022-10-08,Brighton,Tottenham,0.899735,0.771641,0.771641,0.899735
2022,2022-10-09,Crystal Palace,Leeds,1.65194,1.06564,1.06564,1.65194
2022,2022-10-09,West Ham,Fulham,3.43676,0.549848,0.549848,3.43676
2022,2022-10-09,Arsenal,Liverpool,2.81968,0.765151,0.765151,2.81968
2022,2022-10-09,Everton,Man United,0.365844,1.82612,1.82612,0.365844
2022,2022-10-10,Nott'm Forest,Aston Villa,0.221346,0.657187,0.657187,0.221346
2022,2022-10-14,Brentford,Brighton,1.90636,2.15668,2.15668,1.90636
2022,2022-10-15,Leicester,Crystal Palace,0.973426,0.346808,0.346808,0.973426
2022,2022-10-15,Fulham,Bournemouth,1.61738,1.62829,1.62829,1.61738
2022,2022-10-15,Wolves,Nott'm Forest,1.22368,1.24761,1.24761,1.22368
2022,2022-10-15,Tottenham,Everton,2.49409,0.560039,0.560039,2.49409
2022,2022-10-16,Aston Villa,Chelsea,2.44542,1.23643,1.23643,2.44542
2022,2022-10-16,Leeds,Arsenal,2.02232,0.821757,0.821757,2.02232
2022,2022-10-16,Man United,Newcastle,1.41606,0.78815,0.78815,1.41606
2022,2022-10-16,Southampton,West Ham,0.524479,1.70727,1.70727,0.524479
2022,2022-10-16,Liverpool,Man City,1.9992,0.911493,0.911493,1.9992
2022,2022-10-18,Brighton,Nott'm Forest,2.10188,0.195003,0.195003,2.10188
2022,2022-10-18,Crystal Palace,Wolves,1.25617,0.857837,0.857837,1.25617
2022,2022-10-19,Bournemouth,Southampton,0.810452,1.23878,1.23878,0.810452
2022,2022-10-19,Brentford,Chelsea,1.45228,0.557405,0.557405,1.45228
2022,2022-10-19,Newcastle,Everton,1.13393,0.0609567,0.0609567,1.13393
2022,2022-10-19,Liverpool,West Ham,2.24066,2.48649,2.48649,2.24066
2022,2022-10-19,Man United,Tottenham,1.70973,0.658526,0.658526,1.70973
2022,2022-10-20,Fulham,Aston Villa,2.892,0.711487,0.711487,2.892
2022,2022-10-20,Leicester,Leeds,0.655249,1.19464,1.19464,0.655249
2022,2022-10-22,Nott'm Forest,Liverpool,2.50163,2.19752,2.19752,2.50163
2022,2022-10-22,Everton,Crystal Palace,1.93396,0.597167,0.597167,1.93396
2022,2022-10-22,Man City,Brighton,1.86239,0.52863,0.52863,1.86239
2022,2022-10-22,Chelsea,Man United,1.20238,0.730935,0.730935,1.20238
2022,2022-10-23,Aston Villa,Brentford,3.45617,1.00462,1.00462,3.45617
2022,2022-10-23,Leeds,Fulham,1.96384,2.47512,2.47512,1.96384
2022,2022-10-23,Southampton,Arsenal,0.622653,1.57897,1.57897,0.622653
2022,2022-10-23,Wolves,Leicester,1.61785,0.989075,0.989075,1.61785
2022,2022-10-23,Tottenham,Newcastle,1.56513,1.1294,1.1294,1.56513
2022,2022-10-24,West Ham,Bournemouth,1.97715,0.730443,0.730443,1.97715
2022,2022-10-29,Leicester,Man City,0.693597,0.703827,0.703827,0.693597
2022,2022-10-29,Bournemouth,Tottenham,0.887533,2.1946,2.1946,0.887533
2022,2022-10-29,Brentford,Wolves,1.29257,0.557605,0.557605,1.29257
2022,2022-10-29,Brighton,Chelsea,2.881,1.07554,1.07554,2.881
2022,2022-10-29,Crystal Palace,Southampton,1.00384,1.35803,1.35803,1.00384
2022,2022-10-29,Newcastle,Aston Villa,4.18808,0.270814,0.270814,4.18808
2022,2022-10-29,Fulham,Everton,1.76438,1.19166,1.19166,1.76438
2022,2022-10-29,Liverpool,Leeds,1.90889,1.61271,1.61271,1.90889
2022,2022-10-30,Arsenal,Nott'm Forest,3.00699,0.206127,0.206127,3.00699
2022,2022-10-30,Man United,West Ham,1.7514,1.00033,1.00033,1.7514
2022,2022-11-05,Leeds,Bournemouth,2.22532,1.55594,1.55594,2.22532
2022,2022-11-05,Man City,Fulham,2.39332,0.843884,0.843884,2.39332
2022,2022-11-05,Nott'm Forest,Brentford,1.29696,1.2204,1.2204,1.29696
2022,2022-11-05,Wolves,Brighton,1.29252,1.87375,1.87375,1.29252
2022,2022-11-05,Everton,Leicester,1.3729,2.2679,2.2679,1.3729
2022,2022-11-06,Chelsea,Arsenal,0.278815,2.37846,2.37846,0.278815
2022,2022-11-06,Aston Villa,Man United,0.578563,0.517189,0.517189,0.578563
2022,2022-11-06,Southampton,Newcastle,1.65228,1.42101,1.42101,1.65228
2022,2022-11-06,West Ham,Crystal Palace,0.192579,1.03344,1.03344,0.192579
2022,2022-11-06,Tottenham,Liverpool,1.81736,1.46548,1.46548,1.81736
2022,2022-11-12,Man City,Brentford,1.605,3.29012,3.29012,1.605
2022,2022-11-12,Bournemouth,Everton,2.45642,0.768756,0.768756,2.45642
2022,2022-11-12,Liverpool,Southampton,2.74418,1.43427,1.43427,2.74418
2022,2022-11-12,Nott'm Forest,Crystal Palace,1.23752,1.14552,1.14552,1.23752
2022,2022-11-12,Tottenham,Leeds,2.58046,1.71731,1.71731,2.58046
2022,2022-11-12,West Ham,Leicester,0.720721,1.60566,1.60566,0.720721
2022,2022-11-12,Newcastle,Chelsea,1.3601,0.359105,0.359105,1.3601
2022,2022-11-12,Wolves,Arsenal,0.512339,2.27996,2.27996,0.512339
2022,2022-11-13,Brighton,Aston Villa,0.829107,1.15437,1.15437,0.829107
2022,2022-11-13,Fulham,Man United,1.70218,3.37664,3.37664,1.70218
2022,2022-12-26,Brentford,Tottenham,2.25263,0.883787,0.883787,2.25263
2022,2022-12-26,Crystal Palace,Fulham,0.421754,2.69927,2.69927,0.421754
2022,2022-12-26,Everton,Wolves,1.22653,1.22076,1.22076,1.22653
2022,2022-12-26,Leicester,Newcastle,0.31099,1.76382,1.76382,0.31099
2022,2022-12-26,Southampton,Brighton,1.70709,1.00714,1.00714,1.70709
2022,2022-12-26,Aston Villa,Liverpool,1.69155,3.50694,3.50694,1.69155
2022,2022-12-26,Arsenal,West Ham,1.88828,1.02652,1.02652,1.88828
2022,2022-12-27,Chelsea,Bournemouth,1.91378,0.44307,0.44307,1.91378
2022,2022-12-27,Man United,Nott'm Forest,2.13668,0.477076,0.477076,2.13668
2022,2022-12-28,Leeds,Man City,0.603751,4.16249,4.16249,0.603751
2022,2022-12-30,West Ham,Brentford,1.13979,1.51436,1.51436,1.13979
2022,2022-12-30,Liverpool,Leicester,2.02463,0.863312,0.863312,2.02463
2022,2022-12-31,Wolves,Man United,0.587672,2.44728,2.44728,0.587672
2022,2022-12-31,Bournemouth,Crystal Palace,0.895819,1.75264,1.75264,0.895819
2022,2022-12-31,Fulham,Southampton,1.49305,0.698711,0.698711,1.49305
2022,2022-12-31,Man City,Everton,2.36333,0.0760019,0.0760019,2.36333
2022,2022-12-31,Newcastle,Leeds,2.78846,0.517099,0.517099,2.78846
2022,2022-12-31,Brighton,Arsenal,1.15663,3.22106,3.22106,1.15663
2022,2023-01-01,Tottenham,Aston Villa,0.569383,1.21733,1.21733,0.569383
2022,2023-01-01,Nott'm Forest,Chelsea,0.985219,1.37305,1.37305,0.985219
2022,2023-01-02,Brentford,Liverpool,2.0991,2.10461,2.10461,2.0991
2022,2023-01-03,Arsenal,Newcastle,0.970637,0.959523,0.959523,0.970637
2022,2023-01-03,Everton,Brighton,1.16896,2.50731,2.50731,1.16896
2022,2023-01-03,Leicester,Fulham,1.45221,1.33493,1.33493,1.45221
2022,2023-01-03,Man United,Bournemouth,2.97383,0.679022,0.679022,2.97383
2022,2023-01-04,Southampton,Nott'm Forest,0.62937,1.22324,1.22324,0.62937
2022,2023-01-04,Leeds,West Ham,1.2577,1.29245,1.29245,1.2577
2022,2023-01-04,Aston Villa,Wolves,1.03226,0.832522,0.832522,1.03226
2022,2023-01-04,Crystal Palace,Tottenham,0.787525,1.66514,1.66514,0.787525
2022,2023-01-05,Chelsea,Man City,0.493576,1.71972,1.71972,0.493576
2022,2023-01-12,Fulham,Chelsea,0.711266,2.39911,2.39911,0.711266
2022,2023-01-13,Aston Villa,Leeds,1.64599,2.46295,2.46295,1.64599
2022,2023-01-14,Man United,Man City,1.98228,0.73695,0.73695,1.98228
2022,2023-01-14,Brighton,Liverpool,2.40062,1.28853,1.28853,2.40062
2022,2023-01-14,Everton,Southampton,1.18191,1.08412,1.08412,1.18191
2022,2023-01-14,Nott'm Forest,Leicester,1.75313,0.803421,0.803421,1.75313
2022,2023-01-14,Wolves,West Ham,0.806232,0.735105,0.735105,0.806232
2022,2023-01-14,Brentford,Bournemouth,1.29815,0.269283,0.269283,1.29815
2022,2023-01-15,Chelsea,Crystal Palace,2.12987,0.837366,0.837366,2.12987
2022,2023-01-15,Newcastle,Fulham,1.96256,0.989872,0.989872,1.96256
2022,2023-01-15,Tottenham,Arsenal,1.71032,2.04232,2.04232,1.71032
2022,2023-01-18,Crystal Palace,Man United,0.413339,1.39437,1.39437,0.413339
2022,2023-01-19,Man City,Tottenham,2.34166,1.16499,1.16499,2.34166
2022,2023-01-21,Liverpool,Chelsea,1.30125,1.84467,1.84467,1.30125
2022,2023-01-21,Bournemouth,Nott'm Forest,1.80549,1.57544,1.57544,1.80549
2022,2023-01-21,Leicester,Brighton,1.35941,1.94491,1.94491,1.35941
2022,2023-01-21,Southampton,Aston Villa,0.672444,1.16432,1.16432,0.672444
2022,2023-01-21,West Ham,Everton,2.46879,0.286826,0.286826,2.46879
2022,2023-01-21,Crystal Palace,Newcastle,0.333154,1.44384,1.44384,0.333154
2022,2023-01-22,Leeds,Brentford,0.374736,0.17114,0.17114,0.374736
2022,2023-01-22,Man City,Wolves,3.32757,0.469277,0.469277,3.32757
2022,2023-01-22,Arsenal,Man United,2.90273,0.272246,0.272246,2.90273
2022,2023-01-23,Fulham,Tottenham,1.09339,0.993805,0.993805,1.09339
2022,2023-02-03,Chelsea,Fulham,1.41471,0.493341,0.493341,1.41471
2022,2023-02-04,Everton,Arsenal,2.09191,0.690102,0.690102,2.09191
2022,2023-02-04,Aston Villa,Leicester,1.4989,2.49784,2.49784,1.4989
2022,2023-02-04,Brentford,Southampton,2.36747,0.644385,0.644385,2.36747
2022,2023-02-04,Brighton,Bournemouth,2.55696,0.908298,0.908298,2.55696
2022,2023-02-04,Man United,Crystal Palace,2.07035,1.3798,1.3798,2.07035
2022,2023-02-04,Wolves,Liverpool,2.63328,1.30193,1.30193,2.63328
2022,2023-02-04,Newcastle,West Ham,1.22883,1.27831,1.27831,1.22883
2022,2023-02-05,Nott'm Forest,Leeds,0.3325,1.12331,1.12331,0.3325
2022,2023-02-05,Tottenham,Man City,1.42168,0.773747,0.773747,1.42168
2022,2023-02-08,Man United,Leeds,2.00007,0.554798,0.554798,2.00007
2022,2023-02-11,West Ham,Chelsea,1.07615,0.900465,0.900465,1.07615
2022,2023-02-11,Arsenal,Brentford,1.36738,2.17538,2.17538,1.36738
2022,2023-02-11,Crystal Palace,Brighton,0.928279,2.64981,2.64981,0.928279
2022,2023-02-11,Fulham,Nott'm Forest,1.69704,0.686824,0.686824,1.69704
2022,2023-02-11,Leicester,Tottenham,1.41208,1.11709,1.11709,1.41208
2022,2023-02-11,Southampton,Wolves,1.30203,0.615651,0.615651,1.30203
2022,2023-02-11,Bournemouth,Newcastle,1.54458,1.54853,1.54853,1.54458
2022,2023-02-12,Leeds,Man United,1.89163,1.30375,1.30375,1.89163
2022,2023-02-12,Man City,Aston Villa,3.60987,0.275348,0.275348,3.60987
2022,2023-02-13,Liverpool,Everton,2.23291,0.402331,0.402331,2.23291
2022,2023-02-15,Arsenal,Man City,1.70139,2.00841,2.00841,1.70139
2022,2023-02-18,Aston Villa,Arsenal,0.335752,2.85981,2.85981,0.335752
2022,2023-02-18,Brentford,Crystal Palace,0.610105,1.12202,1.12202,0.610105
2022,2023-02-18,Brighton,Fulham,2.71375,0.224214,0.224214,2.71375
2022,2023-02-18,Chelsea,Southampton,1.61723,0.619532,0.619532,1.61723
2022,2023-02-18,Everton,Leeds,1.53811,0.597403,0.597403,1.53811
2022,2023-02-18,Nott'm Forest,Man City,1.12735,2.80966,2.80966,1.12735
2022,2023-02-18,Wolves,Bournemouth,0.911415,1.15274,1.15274,0.911415
2022,2023-02-18,Newcastle,Liverpool,1.74852,2.16549,2.16549,1.74852
2022,2023-02-19,Man United,Leicester,4.24663,1.39678,1.39678,4.24663
2022,2023-02-19,Tottenham,West Ham,1.43042,0.365173,0.365173,1.43042
2022,2023-02-24,Fulham,Wolves,0.913133,0.997097,0.997097,0.913133
2022,2023-02-25,Everton,Aston Villa,1.54109,2.06037,2.06037,1.54109
2022,2023-02-25,Leeds,Southampton,0.720048,0.391128,0.391128,0.720048
2022,2023-02-25,Leicester,Arsenal,0.0203463,0.722059,0.722059,0.0203463
2022,2023-02-25,West Ham,Nott'm Forest,3.05032,0.350849,0.350849,3.05032
2022,2023-02-25,Bournemouth,Man City,1.08527,2.98206,2.98206,1.08527
2022,2023-02-25,Crystal Palace,Liverpool,0.989086,1.35123,1.35123,0.989086
2022,2023-02-26,Tottenham,Chelsea,0.926313,0.262281,0.262281,0.926313
2022,2023-03-01,Liverpool,Wolves,2.70191,0.78681,0.78681,2.70191
2022,2023-03-01,Arsenal,Everton,3.06919,1.604,1.604,3.06919
2022,2023-03-04,Man City,Newcastle,1.34144,0.359809,0.359809,1.34144
2022,2023-03-04,Arsenal,Bournemouth,2.46279,1.74267,1.74267,2.46279
2022,2023-03-04,Aston Villa,Crystal Palace,0.890605,0.152761,0.152761,0.890605
2022,2023-03-04,Brighton,West Ham,3.49993,0.250045,0.250045,3.49993
2022,2023-03-04,Chelsea,Leeds,1.8678,0.633995,0.633995,1.8678
2022,2023-03-04,Wolves,Tottenham,0.562477,1.25588,1.25588,0.562477
2022,2023-03-04,Southampton,Leicester,1.34332,1.67051,1.67051,1.34332
2022,2023-03-05,Nott'm Forest,Everton,0.799733,1.70877,1.70877,0.799733
2022,2023-03-05,Liverpool,Man United,3.44269,0.837542,0.837542,3.44269
2022,2023-03-06,Brentford,Fulham,2.44358,1.67531,1.67531,2.44358
2022,2023-03-11,Bournemouth,Liverpool,1.10128,2.13465,2.13465,1.10128
2022,2023-03-11,Everton,Brentford,1.71599,1.95088,1.95088,1.71599
2022,2023-03-11,Leeds,Brighton,0.596738,1.51388,1.51388,0.596738
2022,2023-03-11,Leicester,Chelsea,2.36139,1.49478,1.49478,2.36139
2022,2023-03-11,Tottenham,Nott'm Forest,1.73482,1.62805,1.62805,1.73482
2022,2023-03-11,Crystal Palace,Man City,0.185498,2.1884,2.1884,0.185498
2022,2023-03-12,Fulham,Arsenal,0.61832,2.64355,2.64355,0.61832
2022,2023-03-12,Man United,Southampton,0.910911,1.18053,1.18053,0.910911
2022,2023-03-12,West Ham,Aston Villa,2.14634,1.99139,1.99139,2.14634
2022,2023-03-12,Newcastle,Wolves,2.45527,0.709895,0.709895,2.45527
2022,2023-03-15,Southampton,Brentford,0.358977,1.66591,1.66591,0.358977
2022,2023-03-15,Brighton,Crystal Palace,0.588727,1.21452,1.21452,0.588727
2022,2023-03-17,Nott'm Forest,Newcastle,0.531985,2.50027,2.50027,0.531985
2022,2023-03-18,Aston Villa,Bournemouth,3.45474,0.50014,0.50014,3.45474
2022,2023-03-18,Brentford,Leicester,0.476467,1.42133,1.42133,0.476467
2022,2023-03-18,Southampton,Tottenham,2.52077,1.88473,1.88473,2.52077
2022,2023-03-18,Wolves,Leeds,2.76358,1.6549,1.6549,2.76358
2022,2023-03-18,Chelsea,Everton,1.90027,1.64675,1.64675,1.90027
2022,2023-03-19,Arsenal,Crystal Palace,1.53568,1.19194,1.19194,1.53568
2022,2023-04-01,Man City,Liverpool,3.01243,0.318171,0.318171,3.01243
2022,2023-04-01,Arsenal,Leeds,3.29548,0.497609,0.497609,3.29548
2022,2023-04-01,Bournemouth,Fulham,3.14054,0.601049,0.601049,3.14054
2022,2023-04-01,Brighton,Brentford,3.8195,1.2788,1.2788,3.8195
2022,2023-04-01,Crystal Palace,Leicester,1.93471,0.198959,0.198959,1.93471
2022,2023-04-01,Nott'm Forest,Wolves,1.11441,0.383739,0.383739,1.11441
2022,2023-04-01,Chelsea,Aston Villa,2.38024,0.765794,0.765794,2.38024
2022,2023-04-02,West Ham,Southampton,1.40363,0.318261,0.318261,1.40363
2022,2023-04-02,Newcastle,Man United,3.33162,0.334127,0.334127,3.33162
2022,2023-04-03,Everton,Tottenham,0.823365,1.39177,1.39177,0.823365
2022,2023-04-04,Leicester,Aston Villa,0.671597,1.00159,1.00159,0.671597
2022,2023-04-04,Bournemouth,Brighton,1.15322,2.63392,2.63392,1.15322
2022,2023-04-04,Leeds,Nott'm Forest,2.43248,0.613917,0.613917,2.43248
2022,2023-04-04,Chelsea,Liverpool,2.18903,0.202217,0.202217,2.18903
2022,2023-04-05,West Ham,Newcastle,0.83342,2.84091,2.84091,0.83342
2022,2023-04-05,Man United,Brentford,1.1445,0.64499,0.64499,1.1445
2022,2023-04-08,Man United,Everton,4.38578,0.949183,0.949183,4.38578
2022,2023-04-08,Aston Villa,Nott'm Forest,1.42718,0.232452,0.232452,1.42718
2022,2023-04-08,Brentford,Newcastle,2.06521,1.02337,1.02337,2.06521
2022,2023-04-08,Fulham,West Ham,0.456524,1.23261,1.23261,0.456524
2022,2023-04-08,Leicester,Bournemouth,0.731965,1.92396,1.92396,0.731965
2022,2023-04-08,Tottenham,Brighton,0.594139,1.47549,1.47549,0.594139
2022,2023-04-08,Wolves,Chelsea,0.601153,0.815308,0.815308,0.601153
2022,2023-04-08,Southampton,Man City,0.492801,3.05999,3.05999,0.492801
2022,2023-04-09,Leeds,Crystal Palace,1.02075,3.22687,3.22687,1.02075
2022,2023-04-09,Liverpool,Arsenal,4.64012,1.53631,1.53631,4.64012
2022,2023-04-15,Aston Villa,Newcastle,1.91802,0.425086,0.425086,1.91802
2022,2023-04-15,Chelsea,Brighton,0.46331,2.52107,2.52107,0.46331
2022,2023-04-15,Everton,Fulham,2.24262,1.92209,1.92209,2.24262
2022,2023-04-15,Southampton,Crystal Palace,0.678449,0.86306,0.86306,0.678449
2022,2023-04-15,Tottenham,Bournemouth,2.30604,1.20598,1.20598,2.30604
2022,2023-04-15,Wolves,Brentford,0.93912,1.5133,1.5133,0.93912
2022,2023-04-15,Man City,Leicester,1.60702,1.92692,1.92692,1.60702
2022,2023-04-16,West Ham,Arsenal,1.96095,2.71782,2.71782,1.96095
2022,2023-04-16,Nott'm Forest,Man United,1.05289,3.33747,3.33747,1.05289
2022,2023-04-17,Leeds,Liverpool,1.16748,2.65476,2.65476,1.16748
2022,2023-04-21,Arsenal,Southampton,2.39609,1.43063,1.43063,2.39609
2022,2023-04-22,Fulham,Leeds,1.43763,1.07482,1.07482,1.43763
2022,2023-04-22,Brentford,Aston Villa,2.03162,1.66602,1.66602,2.03162
2022,2023-04-22,Crystal Palace,Everton,0.368137,0.433712,0.433712,0.368137
2022,2023-04-22,Leicester,Wolves,2.66929,0.59626,0.59626,2.66929
2022,2023-04-22,Liverpool,Nott'm Forest,3.32745,0.724666,0.724666,3.32745
2022,2023-04-23,Bournemouth,West Ham,0.974687,2.52322,2.52322,0.974687
2022,2023-04-23,Newcastle,Tottenham,3.98532,0.883001,0.883001,3.98532
2022,2023-04-25,Wolves,Crystal Palace,1.12829,0.580294,0.580294,1.12829
2022,2023-04-25,Aston Villa,Fulham,0.839159,0.079864,0.079864,0.839159
2022,2023-04-25,Leeds,Leicester,2.09645,2.08594,2.08594,2.09645
2022,2023-04-26,Nott'm Forest,Brighton,2.43846,2.33064,2.33064,2.43846
2022,2023-04-26,West Ham,Liverpool,0.939348,1.7045,1.7045,0.939348
2022,2023-04-26,Chelsea,Brentford,1.21124,0.695344,0.695344,1.21124
2022,2023-04-26,Man City,Arsenal,2.01168,0.398372,0.398372,2.01168
2022,2023-04-27,Everton,Newcastle,0.777008,2.86368,2.86368,0.777008
2022,2023-04-27,Southampton,Bournemouth,0.477034,0.988554,0.988554,0.477034
2022,2023-04-27,Tottenham,Man United,2.37239,1.96508,1.96508,2.37239
2022,2023-04-29,Crystal Palace,West Ham,2.31888,1.98262,1.98262,2.31888
2022,2023-04-29,Brentford,Nott'm Forest,1.32059,0.939693,0.939693,1.32059
2022,2023-04-29,Brighton,Wolves,3.60471,0.603985,0.603985,3.60471
2022,2023-04-30,Bournemouth,Leeds,2.51723,1.33691,1.33691,2.51723
2022,2023-04-30,Fulham,Man City,0.431813,2.32338,2.32338,0.431813
2022,2023-04-30,Man United,Aston Villa,1.3056,0.434738,0.434738,1.3056
2022,2023-04-30,Newcastle,Southampton,3.91457,0.897175,0.897175,3.91457
2022,2023-04-30,Liverpool,Tottenham,2.42911,1.44927,1.44927,2.42911
2022,2023-05-01,Leicester,Everton,3.32486,3.28648,3.28648,3.32486
2022,2023-05-02,Arsenal,Chelsea,2.7832,0.785202,0.785202,2.7832
2022,2023-05-03,Liverpool,Fulham,1.67372,0.740125,0.740125,1.67372
2022,2023-05-03,Man City,West Ham,2.99908,0.492075,0.492075,2.99908
2022,2023-05-04,Brighton,Man United,2.09953,1.32105,1.32105,2.09953
2022,2023-05-06,Bournemouth,Chelsea,1.21755,1.76852,1.76852,1.21755
2022,2023-05-06,Man City,Leeds,2.83472,0.140924,0.140924,2.83472
2022,2023-05-06,Tottenham,Crystal Palace,1.15665,0.306669,0.306669,1.15665
2022,2023-05-06,Wolves,Aston Villa,0.80605,1.50158,1.50158,0.80605
2022,2023-05-06,Liverpool,Brentford,1.992,0.183892,0.183892,1.992
2022,2023-05-07,Newcastle,Arsenal,1.37224,1.29061,1.29061,1.37224
2022,2023-05-07,West Ham,Man United,1.76618,1.1942,1.1942,1.76618
2022,2023-05-08,Fulham,Leicester,1.75276,2.92566,2.92566,1.75276
2022,2023-05-08,Brighton,Everton,3.23717,2.94223,2.94223,3.23717
2022,2023-05-08,Nott'm Forest,Southampton,1.91326,3.31096,3.31096,1.91326
2022,2023-05-13,Leeds,Newcastle,2.01567,2.35118,2.35118,2.01567
2022,2023-05-13,Aston Villa,Tottenham,1.79987,1.18505,1.18505,1.79987
2022,2023-05-13,Chelsea,Nott'm Forest,0.999181,1.96797,1.96797,0.999181
2022,2023-05-13,Crystal Palace,Bournemouth,1.40237,0.262022,0.262022,1.40237
2022,2023-05-13,Man United,Wolves,3.10118,0.268789,0.268789,3.10118
2022,2023-05-13,Southampton,Fulham,0.149649,1.27085,1.27085,0.149649
2022,2023-05-14,Brentford,West Ham,4.42571,0.203312,0.203312,4.42571
2022,2023-05-14,Everton,Man City,1.18597,1.04338,1.04338,1.18597
2022,2023-05-14,Arsenal,Brighton,0.958651,2.21276,2.21276,0.958651
2022,2023-05-15,Leicester,Liverpool,0.527496,1.77085,1.77085,0.527496
2022,2023-05-18,Newcastle,Brighton,4.11359,0.593493,0.593493,4.11359
2022,2023-05-20,Tottenham,Brentford,1.61667,1.15344,1.15344,1.61667
2022,2023-05-20,Bournemouth,Man United,0.815723,1.71783,1.71783,0.815723
2022,2023-05-20,Fulham,Crystal Palace,1.95519,1.70785,1.70785,1.95519
2022,2023-05-20,Liverpool,Aston Villa,0.918508,1.46948,1.46948,0.918508
2022,2023-05-20,Wolves,Everton,1.28976,2.46976,2.46976,1.28976
2022,2023-05-20,Nott'm Forest,Arsenal,1.1397,0.4902,0.4902,1.1397
2022,2023-05-21,West Ham,Leeds,2.48001,0.645828,0.645828,2.48001
2022,2023-05-21,Brighton,Southampton,2.41418,0.863659,0.863659,2.41418
2022,2023-05-21,Man City,Chelsea,1.20557,1.15648,1.15648,1.20557
2022,2023-05-22,Newcastle,Leicester,2.05089,0.0839072,0.0839072,2.05089
2022,2023-05-24,Brighton,Man City,2.11486,1.92973,1.92973,2.11486
2022,2023-05-25,Man United,Chelsea,4.92231,1.68364,1.68364,4.92231
2022,2023-05-28,Arsenal,Wolves,3.02466,0.38772,0.38772,3.02466
2022,2023-05-28,Aston Villa,Brighton,2.55845,1.23117,1.23117,2.55845
2022,2023-05-28,Brentford,Man City,1.43893,1.18649,1.18649,1.43893
2022,2023-05-28,Chelsea,Newcastle,2.01924,1.51899,1.51899,2.01924
2022,2023-05-28,Crystal Palace,Nott'm Forest,1.00786,0.436439,0.436439,1.00786
2022,2023-05-28,Everton,Bournemouth,1.12933,0.432084,0.432084,1.12933
2022,2023-05-28,Leeds,Tottenham,1.19151,2.03315,2.03315,1.19151
2022,2023-05-28,Leicester,West Ham,2.03013,0.970352,0.970352,2.03013
2022,2023-05-28,Man United,Fulham,2.74766,1.88167,1.88167,2.74766
2022,2023-05-28,Southampton,Liverpool,1.33964,4.00345,4.00345,1.33964
2023,2023-08-11,Burnley,Man City,0.311032,2.40074,2.40074,0.311032
2023,2023-08-12,Arsenal,Nott'm Forest,0.84262,0.966305,0.966305,0.84262
2023,2023-08-12,Bournemouth,West Ham,1.51025,1.4834,1.4834,1.51025
2023,2023-08-12,Brighton,Luton,4.36748,1.88594,1.88594,4.36748
2023,2023-08-12,Everton,Fulham,2.59001,1.58144,1.58144,2.59001
2023,2023-08-12,Sheffield United,Crystal Palace,0.422704,2.27616,2.27616,0.422704
2023,2023-08-12,Newcastle,Aston Villa,4.32208,1.486,1.486,4.32208
2023,2023-08-13,Brentford,Tottenham,1.90756,1.45316,1.45316,1.90756
2023,2023-08-13,Chelsea,Liverpool,1.93258,1.29994,1.29994,1.93258
2023,2023-08-14,Man United,Wolves,1.97087,1.72228,1.72228,1.97087
2023,2023-08-18,Nott'm Forest,Sheffield United,1.37181,0.551038,0.551038,1.37181
2023,2023-08-19,Wolves,Brighton,2.68821,3.15562,3.15562,2.68821
2023,2023-08-19,Fulham,Brentford,0.399899,3.46888,3.46888,0.399899
2023,2023-08-19,Liverpool,Bournemouth,3.25448,1.3867,1.3867,3.25448
2023,2023-08-19,Tottenham,Man United,2.53904,2.44604,2.44604,2.53904
2023,2023-08-19,Man City,Newcastle,1.22528,0.257154,0.257154,1.22528
2023,2023-08-20,Aston Villa,Everton,3.24336,0.721465,0.721465,3.24336
2023,2023-08-20,West Ham,Chelsea,1.71234,1.60916,1.60916,1.71234
2023,2023-08-21,Crystal Palace,Arsenal,1.06916,2.20593,2.20593,1.06916
2023,2023-08-25,Chelsea,Luton,3.41419,0.465741,0.465741,3.41419
2023,2023-08-26,Bournemouth,Tottenham,0.483582,2.26115,2.26115,0.483582
2023,2023-08-26,Arsenal,Fulham,3.23088,0.849817,0.849817,3.23088
2023,2023-08-26,Brentford,Crystal Palace,0.948011,1.06061,1.06061,0.948011
2023,2023-08-26,Everton,Wolves,1.89792,1.40228,1.40228,1.89792
2023,2023-08-26,Man United,Nott'm Forest,3.02803,0.960354,0.960354,3.02803
2023,2023-08-26,Brighton,West Ham,1.3743,2.9527,2.9527,1.3743
2023,2023-08-27,Burnley,Aston Villa,0.630605,2.83691,2.83691,0.630605
2023,2023-08-27,Sheffield United,Man City,0.762232,3.84804,3.84804,0.762232
2023,2023-08-27,Newcastle,Liverpool,1.62037,0.856121,0.856121,1.62037
2023,2023-09-01,Luton,West Ham,2.02244,1.22528,1.22528,2.02244
2023,2023-09-02,Sheffield United,Everton,1.575,2.73871,2.73871,1.575
2023,2023-09-02,Man City,Fulham,2.00152,1.46427,1.46427,2.00152
2023,2023-09-02,Brentford,Bournemouth,3.07185,2.11013,2.11013,3.07185
2023,2023-09-02,Burnley,Tottenham,1.66604,2.39785,2.39785,1.66604
2023,2023-09-02,Chelsea,Nott'm Forest,2.28442,1.1505,1.1505,2.28442
2023,2023-09-02,Brighton,Newcastle,1.32258,0.90476,0.90476,1.32258
2023,2023-09-03,Crystal Palace,Wolves,2.32935,1.13911,1.13911,2.32935
2023,2023-09-03,Liverpool,Aston Villa,2.73138,0.615503,0.615503,2.73138
2023,2023-09-03,Arsenal,Man United,1.90973,0.966109,0.966109,1.90973
2023,2023-09-16,Wolves,Liverpool,0.538833,2.82701,2.82701,0.538833
2023,2023-09-16,Tottenham,Sheffield United,2.15909,0.790655,0.790655,2.15909
2023,2023-09-16,West Ham,Man City,0.895632,4.15046,4.15046,0.895632
2023,2023-09-16,Aston Villa,Crystal Palace,2.31518,1.11696,1.11696,2.31518
2023,2023-09-16,Fulham,Luton,1.75704,1.45705,1.45705,1.75704
2023,2023-09-16,Man United,Brighton,0.719951,1.93908,1.93908,0.719951
2023,2023-09-16,Newcastle,Brentford,1.50126,0.633678,0.633678,1.50126
2023,2023-09-17,Bournemouth,Chelsea,1.32515,1.39677,1.39677,1.32515
2023,2023-09-17,Everton,Arsenal,0.28317,0.802605,0.802605,0.28317
2023,2023-09-18,Nott'm Forest,Burnley,0.705795,0.807651,0.807651,0.705795
2023,2023-09-23,Luton,Wolves,2.24101,0.762984,0.762984,2.24101
2023,2023-09-23,Man City,Nott'm Forest,1.33984,0.729109,0.729109,1.33984
2023,2023-09-23,Crystal Palace,Fulham,0.37236,0.542678,0.542678,0.37236
2023,2023-09-23,Brentford,Everton,1.57402,2.51497,2.51497,1.57402
2023,2023-09-23,Burnley,Man United,0.935444,0.840273,0.840273,0.935444
2023,2023-09-24,Chelsea,Aston Villa,1.19716,1.13479,1.13479,1.19716
2023,2023-09-24,Brighton,Bournemouth,2.14533,1.58984,1.58984,2.14533
2023,2023-09-24,Arsenal,Tottenham,2.3429,2.21166,2.21166,2.3429
2023,2023-09-24,Liverpool,West Ham,4.14262,1.53878,1.53878,4.14262
2023,2023-09-24,Sheffield United,Newcastle,0.579392,5.1082,5.1082,0.579392
2023,2023-09-30,Aston Villa,Brighton,1.90746,1.72819,1.72819,1.90746
2023,2023-09-30,Everton,Luton,3.65377,1.5102,1.5102,3.65377
2023,2023-09-30,Man United,Crystal Palace,1.55408,1.19015,1.19015,1.55408
2023,2023-09-30,Newcastle,Burnley,3.08516,0.801849,0.801849,3.08516
2023,2023-09-30,Bournemouth,Arsenal,0.644443,4.0742,4.0742,0.644443
2023,2023-09-30,West Ham,Sheffield United,3.19753,0.911997,0.911997,3.19753
2023,2023-09-30,Wolves,Man City,0.673985,0.98075,0.98075,0.673985
2023,2023-09-30,Tottenham,Liverpool,2.18823,1.12299,1.12299,2.18823
2023,2023-10-01,Nott'm Forest,Brentford,0.800317,1.75862,1.75862,0.800317
2023,2023-10-02,Fulham,Chelsea,0.889383,1.98461,1.98461,0.889383
2023,2023-10-03,Luton,Burnley,1.53058,0.920206,0.920206,1.53058
2023,2023-10-07,Luton,Tottenham,0.848118,2.37947,2.37947,0.848118
2023,2023-10-07,Burnley,Chelsea,0.956642,1.97566,1.97566,0.956642
2023,2023-10-07,Everton,Bournemouth,3.16482,0.981732,0.981732,3.16482
2023,2023-10-07,Fulham,Sheffield United,2.26612,0.251809,0.251809,2.26612
2023,2023-10-07,Man United,Brentford,1.29356,1.02509,1.02509,1.29356
2023,2023-10-07,Crystal Palace,Nott'm Forest,0.982452,1.22105,1.22105,0.982452
2023,2023-10-08,Brighton,Liverpool,2.23187,2.51029,2.51029,2.23187
2023,2023-10-08,West Ham,Newcastle,0.931345,1.97865,1.97865,0.931345
2023,2023-10-08,Wolves,Aston Villa,1.76232,1.81618,1.81618,1.76232
2023,2023-10-08,Arsenal,Man City,0.386558,0.858071,0.858071,0.386558
2023,2023-10-21,Liverpool,Everton,2.28568,0.0937725,0.0937725,2.28568
2023,2023-10-21,Bournemouth,Wolves,1.01839,2.30454,2.30454,1.01839
2023,2023-10-21,Brentford,Burnley,3.15685,0.693129,0.693129,3.15685
2023,2023-10-21,Man City,Brighton,0.962509,0.963733,0.963733,0.962509
2023,2023-10-21,Newcastle,Crystal Palace,3.73336,1.08795,1.08795,3.73336
2023,2023-10-21,Nott'm Forest,Luton,3.27549,1.49555,1.49555,3.27549
2023,2023-10-21,Chelsea,Arsenal,1.71838,1.05791,1.05791,1.71838
2023,2023-10-21,Sheffield United,Man United,1.41074,1.46187,1.46187,1.41074
2023,2023-10-22,Aston Villa,West Ham,2.34143,0.659622,0.659622,2.34143
2023,2023-10-23,Tottenham,Fulham,1.63523,0.745838,0.745838,1.63523
2023,2023-10-27,Crystal Palace,Tottenham,0.561834,0.989103,0.989103,0.561834
2023,2023-10-28,Chelsea,Brentford,1.71801,2.48137,2.48137,1.71801
2023,2023-10-28,Bournemouth,Burnley,1.10052,0.90255,0.90255,1.10052
2023,2023-10-28,Arsenal,Sheffield United,3.03496,0.0281554,0.0281554,3.03496
2023,2023-10-28,Wolves,Newcastle,0.863393,2.31987,2.31987,0.863393
2023,2023-10-29,West Ham,Everton,0.618578,0.733813,0.733813,0.618578
2023,2023-10-29,Aston Villa,Luton,3.07654,0.453117,0.453117,3.07654
2023,2023-10-29,Brighton,Fulham,1.31996,0.552523,0.552523,1.31996
2023,2023-10-29,Liverpool,Nott'm Forest,2.70428,0.642014,0.642014,2.70428
2023,2023-10-29,Man United,Man City,0.714628,4.54595,4.54595,0.714628
2023,2023-11-04,Fulham,Man United,1.18241,0.697095,0.697095,1.18241
2023,2023-11-04,Brentford,West Ham,1.82944,1.75505,1.75505,1.82944
2023,2023-11-04,Burnley,Crystal Palace,1.4998,1.43653,1.43653,1.4998
2023,2023-11-04,Everton,Brighton,0.617607,0.442489,0.442489,0.617607
2023,2023-11-04,Man City,Bournemouth,2.39949,0.643127,0.643127,2.39949
2023,2023-11-04,Sheffield United,Wolves,1.10165,1.14803,1.14803,1.10165
2023,2023-11-04,Newcastle,Arsenal,1.12355,0.535473,0.535473,1.12355
2023,2023-11-05,Nott'm Forest,Aston Villa,0.592447,1.33116,1.33116,0.592447
2023,2023-11-05,Luton,Liverpool,1.3411,3.03925,3.03925,1.3411
2023,2023-11-06,Tottenham,Chelsea,0.959108,4.05865,4.05865,0.959108
2023,2023-11-11,Wolves,Tottenham,1.90884,0.432315,0.432315,1.90884
2023,2023-11-11,Arsenal,Burnley,2.63194,0.327706,0.327706,2.63194
2023,2023-11-11,Crystal Palace,Everton,1.89194,1.7904,1.7904,1.89194
2023,2023-11-11,Man United,Luton,2.74105,0.408265,0.408265,2.74105
2023,2023-11-11,Bournemouth,Newcastle,2.78424,0.306141,0.306141,2.78424
2023,2023-11-12,Aston Villa,Fulham,2.86039,0.648745,0.648745,2.86039
2023,2023-11-12,Brighton,Sheffield United,1.08601,0.84434,0.84434,1.08601
2023,2023-11-12,Liverpool,Brentford,1.56004,1.44954,1.44954,1.56004
2023,2023-11-12,West Ham,Nott'm Forest,2.06402,1.42128,1.42128,2.06402
2023,2023-11-12,Chelsea,Man City,3.47238,3.19324,3.19324,3.47238
2023,2023-11-25,Man City,Liverpool,1.79622,0.766278,0.766278,1.79622
2023,2023-11-25,Burnley,West Ham,1.44228,1.36963,1.36963,1.44228
2023,2023-11-25,Luton,Crystal Palace,0.996153,1.83546,1.83546,0.996153
2023,2023-11-25,Newcastle,Chelsea,2.15227,0.968061,0.968061,2.15227
2023,2023-11-25,Nott'm Forest,Brighton,2.22655,1.21792,1.21792,2.22655
2023,2023-11-25,Sheffield United,Bournemouth,0.816227,3.13975,3.13975,0.816227
2023,2023-11-25,Brentford,Arsenal,1.66315,1.82699,1.82699,1.66315
2023,2023-11-26,Tottenham,Aston Villa,2.22542,2.39755,2.39755,2.22542
2023,2023-11-26,Everton,Man United,2.49764,2.07334,2.07334,2.49764
2023,2023-11-27,Fulham,Wolves,2.49057,1.57875,1.57875,2.49057
2023,2023-12-02,Arsenal,Wolves,3.30368,1.07886,1.07886,3.30368
2023,2023-12-02,Brentford,Luton,3.25952,0.227176,0.227176,3.25952
2023,2023-12-02,Burnley,Sheffield United,2.60469,0.618131,0.618131,2.60469
2023,2023-12-02,Nott'm Forest,Everton,0.673085,0.623789,0.623789,0.673085
2023,2023-12-02,Newcastle,Man United,2.90191,0.422674,0.422674,2.90191
2023,2023-12-03,Bournemouth,Aston Villa,2.54937,0.89511,0.89511,2.54937
2023,2023-12-03,Chelsea,Brighton,1.66304,0.855058,0.855058,1.66304
2023,2023-12-03,Liverpool,Fulham,2.72831,1.51005,1.51005,2.72831
2023,2023-12-03,West Ham,Crystal Palace,1.1466,0.987682,0.987682,1.1466
2023,2023-12-03,Man City,Tottenham,2.90729,0.433077,0.433077,2.90729
2023,2023-12-05,Wolves,Burnley,1.11886,0.781542,0.781542,1.11886
2023,2023-12-05,Luton,Arsenal,0.526254,2.58815,2.58815,0.526254
2023,2023-12-06,Brighton,Brentford,1.54099,1.22007,1.22007,1.54099
2023,2023-12-06,Fulham,Nott'm Forest,3.09427,0.218659,0.218659,3.09427
2023,2023-12-06,Sheffield United,Liverpool,0.834172,1.80116,1.80116,0.834172
2023,2023-12-06,Crystal Palace,Bournemouth,1.26441,1.79997,1.79997,1.26441
2023,2023-12-06,Aston Villa,Man City,2.1922,1.00198,1.00198,2.1922
2023,2023-12-06,Man United,Chelsea,4.03949,2.3512,2.3512,4.03949
2023,2023-12-07,Everton,Newcastle,2.95393,1.29564,1.29564,2.95393
2023,2023-12-07,Tottenham,West Ham,1.61268,1.7409,1.7409,1.61268
2023,2023-12-09,Crystal Palace,Liverpool,1.79152,1.3708,1.3708,1.79152
2023,2023-12-09,Brighton,Burnley,2.96247,1.05162,1.05162,2.96247
2023,2023-12-09,Man United,Bournemouth,1.11296,1.9742,1.9742,1.11296
2023,2023-12-09,Sheffield United,Brentford,0.841976,0.644638,0.644638,0.841976
2023,2023-12-09,Wolves,Nott'm Forest,1.02199,1.21801,1.21801,1.02199
2023,2023-12-09,Aston Villa,Arsenal,0.628499,1.71667,1.71667,0.628499
2023,2023-12-10,Everton,Chelsea,1.11437,0.885512,0.885512,1.11437
2023,2023-12-10,Fulham,West Ham,2.1884,0.983,0.983,2.1884
2023,2023-12-10,Luton,Man City,0.689037,2.23353,2.23353,0.689037
2023,2023-12-10,Tottenham,Newcastle,4.40118,1.61368,1.61368,4.40118
2023,2023-12-15,Nott'm Forest,Tottenham,1.70569,1.60738,1.60738,1.70569
2023,2023-12-16,Chelsea,Sheffield United,3.27322,0.44014,0.44014,3.27322
2023,2023-12-16,Man City,Crystal Palace,2.41646,1.64977,1.64977,2.41646
2023,2023-12-16,Newcastle,Fulham,4.27933,0.471042,0.471042,4.27933
2023,2023-12-16,Burnley,Everton,0.811435,2.22305,2.22305,0.811435
2023,2023-12-17,Arsenal,Brighton,2.76976,0.663054,0.663054,2.76976
2023,2023-12-17,Brentford,Aston Villa,0.796812,1.4664,1.4664,0.796812
2023,2023-12-17,West Ham,Wolves,1.03828,0.556206,0.556206,1.03828
2023,2023-12-17,Liverpool,Man United,1.97111,0.632715,0.632715,1.97111
2023,2023-12-21,Crystal Palace,Brighton,1.65409,1.33653,1.33653,1.65409
2023,2023-12-22,Aston Villa,Sheffield United,1.21861,0.646159,0.646159,1.21861
2023,2023-12-23,West Ham,Man United,1.51468,0.730496,0.730496,1.51468
2023,2023-12-23,Fulham,Burnley,1.38096,0.41714,0.41714,1.38096
2023,2023-12-23,Luton,Newcastle,1.81844,1.41488,1.41488,1.81844
2023,2023-12-23,Nott'm Forest,Bournemouth,0.791806,1.89067,1.89067,0.791806
2023,2023-12-23,Tottenham,Everton,1.57527,1.98385,1.98385,1.57527
2023,2023-12-23,Liverpool,Arsenal,0.982901,0.851681,0.851681,0.982901
2023,2023-12-24,Wolves,Chelsea,1.74626,1.75447,1.75447,1.74626
2023,2023-12-26,Newcastle,Nott'm Forest,2.79106,3.1074,3.1074,2.79106
2023,2023-12-26,Bournemouth,Fulham,2.07911,0.324365,0.324365,2.07911
2023,2023-12-26,Sheffield United,Luton,3.61788,0.715575,0.715575,3.61788
2023,2023-12-26,Burnley,Liverpool,0.972389,1.68451,1.68451,0.972389
2023,2023-12-26,Man United,Aston Villa,1.20104,1.83637,1.83637,1.20104
2023,2023-12-27,Brentford,Wolves,2.59347,1.89483,1.89483,2.59347
2023,2023-12-27,Chelsea,Crystal Palace,2.73005,0.958077,0.958077,2.73005
2023,2023-12-27,Everton,Man City,1.23529,2.28321,2.28321,1.23529
2023,2023-12-28,Brighton,Tottenham,3.84702,2.06955,2.06955,3.84702
2023,2023-12-28,Arsenal,West Ham,2.7884,1.59711,1.59711,2.7884
2023,2023-12-30,Luton,Chelsea,2.64093,1.57463,1.57463,2.64093
2023,2023-12-30,Aston Villa,Burnley,2.92587,1.11923,1.11923,2.92587
2023,2023-12-30,Crystal Palace,Brentford,1.61057,1.28731,1.28731,1.61057
2023,2023-12-30,Man City,Sheffield United,2.24229,0.263211,0.263211,2.24229
2023,2023-12-30,Wolves,Everton,2.64477,0.519641,0.519641,2.64477
2023,2023-12-30,Nott'm Forest,Man United,0.744348,0.651905,0.651905,0.744348
2023,2023-12-31,Fulham,Arsenal,1.52829,1.6591,1.6591,1.52829
2023,2023-12-31,Tottenham,Bournemouth,2.15027,1.58229,1.58229,2.15027
2023,2024-01-01,Liverpool,Newcastle,6.67151,0.910974,0.910974,6.67151
2023,2024-01-02,West Ham,Brighton,0.9831,2.1552,2.1552,0.9831
2023,2024-01-12,Burnley,Luton,1.52023,0.965167,0.965167,1.52023
2023,2024-01-13,Chelsea,Fulham,2.0456,0.697847,0.697847,2.0456
2023,2024-01-13,Newcastle,Man City,1.23638,2.55452,2.55452,1.23638
2023,2024-01-14,Everton,Aston Villa,1.03664,1.3435,1.3435,1.03664
2023,2024-01-14,Man United,Tottenham,0.923233,1.31224,1.31224,0.923233
2023,2024-01-20,Arsenal,Crystal Palace,3.52167,0.288083,0.288083,3.52167
2023,2024-01-20,Brentford,Nott'm Forest,1.94219,1.22251,1.22251,1.94219
2023,2024-01-21,Sheffield United,West Ham,2.61362,2.4241,2.4241,2.61362
2023,2024-01-21,Bournemouth,Liverpool,0.834585,1.53344,1.53344,0.834585
2023,2024-01-22,Brighton,Wolves,1.3701,1.14116,1.14116,1.3701
2023,2024-01-30,Nott'm Forest,Arsenal,0.631618,1.39143,1.39143,0.631618
2023,2024-01-30,Fulham,Everton,2.37499,2.83317,2.83317,2.37499
2023,2024-01-30,Luton,Brighton,3.63312,1.01366,1.01366,3.63312
2023,2024-01-30,Crystal Palace,Sheffield United,1.1601,0.768467,0.768467,1.1601
2023,2024-01-30,Aston Villa,Newcastle,1.44485,3.3224,3.3224,1.44485
2023,2024-01-31,Tottenham,Brentford,3.36194,1.59637,1.59637,3.36194
2023,2024-01-31,Man City,Burnley,1.84756,1.49114,1.49114,1.84756
2023,2024-01-31,Liverpool,Chelsea,3.6627,0.477972,0.477972,3.6627
2023,2024-02-01,West Ham,Bournemouth,1.3128,1.13487,1.13487,1.3128
2023,2024-02-01,Wolves,Man United,2.27609,3.22698,3.22698,2.27609
2023,2024-02-03,Everton,Tottenham,3.25881,0.922371,0.922371,3.25881
2023,2024-02-03,Brighton,Crystal Palace,1.92591,0.241137,0.241137,1.92591
2023,2024-02-03,Burnley,Fulham,1.00428,1.28806,1.28806,1.00428
2023,2024-02-03,Newcastle,Luton,2.37353,2.67463,2.67463,2.37353
2023,2024-02-03,Sheffield United,Aston Villa,1.52784,2.99015,2.99015,1.52784
2023,2024-02-04,Bournemouth,Nott'm Forest,1.1895,0.456548,0.456548,1.1895
2023,2024-02-04,Chelsea,Wolves,2.35967,2.48996,2.48996,2.35967
2023,2024-02-04,Man United,West Ham,0.96721,1.1807,1.1807,0.96721
2023,2024-02-04,Arsenal,Liverpool,2.8526,0.542052,0.542052,2.8526
2023,2024-02-05,Brentford,Man City,0.865741,2.10785,2.10785,0.865741
2023,2024-02-10,Man City,Everton,1.58971,0.192072,0.192072,1.58971
2023,2024-02-10,Fulham,Bournemouth,1.7456,2.60612,2.60612,1.7456
2023,2024-02-10,Liverpool,Burnley,3.14734,1.11123,1.11123,3.14734
2023,2024-02-10,Luton,Sheffield United,1.76215,1.98283,1.98283,1.76215
2023,2024-02-10,Tottenham,Brighton,2.10928,1.49285,1.49285,2.10928
2023,2024-02-10,Wolves,Brentford,1.05781,1.84908,1.84908,1.05781
2023,2024-02-10,Nott'm Forest,Newcastle,0.968075,0.511375,0.511375,0.968075
2023,2024-02-11,West Ham,Arsenal,0.191065,3.99893,3.99893,0.191065
2023,2024-02-11,Aston Villa,Man United,2.64675,2.44591,2.44591,2.64675
2023,2024-02-12,Crystal Palace,Chelsea,0.719516,1.26948,1.26948,0.719516
2023,2024-02-17,Brentford,Liverpool,1.69518,3.08952,3.08952,1.69518
2023,2024-02-17,Burnley,Arsenal,0.335143,2.20575,2.20575,0.335143
2023,2024-02-17,Fulham,Aston Villa,1.41796,1.57297,1.57297,1.41796
2023,2024-02-17,Newcastle,Bournemouth,2.38425,2.08098,2.08098,2.38425
2023,2024-02-17,Nott'm Forest,West Ham,2.66942,0.520016,0.520016,2.66942
2023,2024-02-17,Tottenham,Wolves,1.59768,1.77591,1.77591,1.59768
2023,2024-02-17,Man City,Chelsea,2.77713,1.82903,1.82903,2.77713
2023,2024-02-18,Sheffield United,Brighton,0.586214,3.35549,3.35549,0.586214
2023,2024-02-18,Luton,Man United,1.57234,3.58973,3.58973,1.57234
2023,2024-02-19,Everton,Crystal Palace,2.44588,0.734685,0.734685,2.44588
2023,2024-02-20,Man City,Brentford,2.53766,0.503799,0.503799,2.53766
2023,2024-02-21,Liverpool,Luton,3.70302,0.956512,0.956512,3.70302
2023,2024-02-24,Aston Villa,Nott'm Forest,3.48861,2.25569,2.25569,3.48861
2023,2024-02-24,Brighton,Everton,1.6538,0.286655,0.286655,1.6538
2023,2024-02-24,Crystal Palace,Burnley,2.41612,0.0760216,0.0760216,2.41612
2023,2024-02-24,Man United,Fulham,1.96036,1.1385,1.1385,1.96036
2023,2024-02-24,Bournemouth,Man City,0.925889,1.79636,1.79636,0.925889
2023,2024-02-24,Arsenal,Newcastle,2.59336,0.217373,0.217373,2.59336
2023,2024-02-25,Wolves,Sheffield United,1.21618,0.654342,0.654342,1.21618
2023,2024-02-26,West Ham,Brentford,2.06873,1.33683,1.33683,2.06873
2023,2024-03-02,Brentford,Chelsea,2.4732,2.1523,2.1523,2.4732
2023,2024-03-02,Everton,West Ham,3.12075,2.17948,2.17948,3.12075
2023,2024-03-02,Fulham,Brighton,1.37604,1.15198,1.15198,1.37604
2023,2024-03-02,Newcastle,Wolves,3.33495,0.507769,0.507769,3.33495
2023,2024-03-02,Nott'm Forest,Liverpool,0.971466,1.32259,1.32259,0.971466
2023,2024-03-02,Tottenham,Crystal Palace,2.6625,0.277887,0.277887,2.6625
2023,2024-03-02,Luton,Aston Villa,2.43312,2.08586,2.08586,2.43312
2023,2024-03-03,Burnley,Bournemouth,1.60461,1.43616,1.43616,1.60461
2023,2024-03-03,Man City,Man United,2.64173,0.153764,0.153764,2.64173
2023,2024-03-04,Sheffield United,Arsenal,0.201374,2.47294,2.47294,0.201374
2023,2024-03-09,Man United,Everton,2.9016,1.8214,1.8214,2.9016
2023,2024-03-09,Bournemouth,Sheffield United,3.92657,1.91752,1.91752,3.92657
2023,2024-03-09,Crystal Palace,Luton,3.25103,1.08531,1.08531,3.25103
2023,2024-03-09,Wolves,Fulham,1.29589,2.94155,2.94155,1.29589
2023,2024-03-09,Arsenal,Brentford,1.59369,0.733239,0.733239,1.59369
2023,2024-03-10,Aston Villa,Tottenham,1.23267,2.25381,2.25381,1.23267
2023,2024-03-10,Brighton,Nott'm Forest,0.534518,0.687034,0.687034,0.534518
2023,2024-03-10,West Ham,Burnley,1.87414,0.88131,0.88131,1.87414
2023,2024-03-10,Liverpool,Man City,2.25492,1.37289,1.37289,2.25492
2023,2024-03-11,Chelsea,Newcastle,1.78315,0.568435,0.568435,1.78315
2023,2024-03-13,Bournemouth,Luton,2.84403,2.79419,2.79419,2.84403
2023,2024-03-16,Burnley,Brentford,2.69776,1.25123,1.25123,2.69776
2023,2024-03-16,Luton,Nott'm Forest,0.853782,1.95268,1.95268,0.853782
2023,2024-03-16,Fulham,Tottenham,2.47234,2.14564,2.14564,2.47234
2023,2024-03-17,West Ham,Aston Villa,1.32829,0.911274,0.911274,1.32829
2023,2024-03-30,Newcastle,West Ham,3.80922,0.994584,0.994584,3.80922
2023,2024-03-30,Bournemouth,Everton,1.39268,0.93378,0.93378,1.39268
2023,2024-03-30,Chelsea,Burnley,4.46643,2.10422,2.10422,4.46643
2023,2024-03-30,Nott'm Forest,Crystal Palace,0.784652,0.900972,0.900972,0.784652
2023,2024-03-30,Sheffield United,Fulham,1.78824,1.10254,1.10254,1.78824
2023,2024-03-30,Tottenham,Luton,2.46523,0.402402,0.402402,2.46523
2023,2024-03-30,Aston Villa,Wolves,1.28271,1.66232,1.66232,1.28271
2023,2024-03-30,Brentford,Man United,3.16487,0.989565,0.989565,3.16487
2023,2024-03-31,Liverpool,Brighton,3.21149,0.43922,0.43922,3.21149
2023,2024-03-31,Man City,Arsenal,1.22009,0.511402,0.511402,1.22009
2023,2024-04-02,Nott'm Forest,Fulham,1.94619,1.04304,1.04304,1.94619
2023,2024-04-02,Newcastle,Everton,2.65009,1.69834,1.69834,2.65009
2023,2024-04-02,Bournemouth,Crystal Palace,1.30969,0.174389,0.174389,1.30969
2023,2024-04-02,Burnley,Wolves,1.12581,1.01021,1.01021,1.12581
2023,2024-04-02,West Ham,Tottenham,1.47017,1.39423,1.39423,1.47017
2023,2024-04-03,Arsenal,Luton,1.14384,0.292082,0.292082,1.14384
2023,2024-04-03,Brentford,Brighton,0.423299,1.22404,1.22404,0.423299
2023,2024-04-03,Man City,Aston Villa,3.87704,1.18643,1.18643,3.87704
2023,2024-04-04,Liverpool,Sheffield United,2.51772,0.720948,0.720948,2.51772
2023,2024-04-04,Chelsea,Man United,3.48048,1.56686,1.56686,3.48048
2023,2024-04-06,Crystal Palace,Man City,1.49472,2.26381,2.26381,1.49472
2023,2024-04-06,Aston Villa,Brentford,1.16333,1.42064,1.42064,1.16333
2023,2024-04-06,Everton,Burnley,0.659844,0.34699,0.34699,0.659844
2023,2024-04-06,Fulham,Newcastle,0.834564,1.18012,1.18012,0.834564
2023,2024-04-06,Luton,Bournemouth,1.30478,0.616108,0.616108,1.30478
2023,2024-04-06,Wolves,West Ham,1.78341,1.14133,1.14133,1.78341
2023,2024-04-06,Brighton,Arsenal,0.428514,4.16518,4.16518,0.428514
2023,2024-04-07,Man United,Liverpool,0.814509,4.43457,4.43457,0.814509
2023,2024-04-07,Sheffield United,Chelsea,1.74265,0.521789,0.521789,1.74265
2023,2024-04-07,Tottenham,Nott'm Forest,1.61978,2.00122,2.00122,1.61978
2023,2024-04-13,Newcastle,Tottenham,3.1483,0.737596,0.737596,3.1483
2023,2024-04-13,Brentford,Sheffield United,1.09071,0.834498,0.834498,1.09071
2023,2024-04-13,Burnley,Brighton,1.8522,0.889445,0.889445,1.8522
2023,2024-04-13,Man City,Luton,4.64245,0.809775,0.809775,4.64245
2023,2024-04-13,Nott'm Forest,Wolves,1.76244,1.45688,1.45688,1.76244
2023,2024-04-13,Bournemouth,Man United,2.38519,1.52274,1.52274,2.38519
2023,2024-04-14,Liverpool,Crystal Palace,3.04497,2.12879,2.12879,3.04497
2023,2024-04-14,West Ham,Fulham,1.45307,3.61413,3.61413,1.45307
2023,2024-04-14,Arsenal,Aston Villa,1.89003,0.929049,0.929049,1.89003
2023,2024-04-15,Chelsea,Everton,3.37093,1.21791,1.21791,3.37093
2023,2024-04-20,Luton,Brentford,0.497799,3.7809,3.7809,0.497799
2023,2024-04-20,Sheffield United,Burnley,1.97816,2.42338,2.42338,1.97816
2023,2024-04-20,Wolves,Arsenal,0.164516,1.66179,1.66179,0.164516
2023,2024-04-21,Everton,Nott'm Forest,0.473233,1.18916,1.18916,0.473233
2023,2024-04-21,Aston Villa,Bournemouth,2.62687,2.05211,2.05211,2.62687
2023,2024-04-21,Crystal Palace,West Ham,3.7185,1.34536,1.34536,3.7185
2023,2024-04-21,Fulham,Liverpool,0.83885,1.02445,1.02445,0.83885
2023,2024-04-23,Arsenal,Chelsea,3.45858,1.60343,1.60343,3.45858
2023,2024-04-24,Wolves,Bournemouth,0.484454,2.40311,2.40311,0.484454
2023,2024-04-24,Crystal Palace,Newcastle,1.43661,0.55129,0.55129,1.43661
2023,2024-04-24,Everton,Liverpool,1.89111,1.87155,1.87155,1.89111
2023,2024-04-24,Man United,Sheffield United,3.51311,1.20517,1.20517,3.51311
2023,2024-04-25,Brighton,Man City,0.572021,1.90507,1.90507,0.572021
2023,2024-04-27,West Ham,Liverpool,0.794025,2.29298,2.29298,0.794025
2023,2024-04-27,Fulham,Crystal Palace,1.39418,1.05387,1.05387,1.39418
2023,2024-04-27,Man United,Burnley,3.06197,1.89591,1.89591,3.06197
2023,2024-04-27,Newcastle,Sheffield United,2.93477,1.82408,1.82408,2.93477
2023,2024-04-27,Wolves,Luton,1.49011,0.90435,0.90435,1.49011
2023,2024-04-27,Everton,Brentford,1.21399,0.956356,0.956356,1.21399
2023,2024-04-27,Aston Villa,Chelsea,0.612257,1.56401,1.56401,0.612257
2023,2024-04-28,Bournemouth,Brighton,2.48132,1.35682,1.35682,2.48132
2023,2024-04-28,Tottenham,Arsenal,2.60458,1.51469,1.51469,2.60458
2023,2024-04-28,Nott'm Forest,Man City,2.17312,0.932063,0.932063,2.17312
2023,2024-05-02,Chelsea,Tottenham,2.22432,1.27064,1.27064,2.22432
2023,2024-05-03,Luton,Everton,0.950391,1.22959,1.22959,0.950391
2023,2024-05-04,Arsenal,Bournemouth,3.91372,0.4687,0.4687,3.91372
2023,2024-05-04,Brentford,Fulham,0.809379,1.45579,1.45579,0.809379
2023,2024-05-04,Burnley,Newcastle,1.28632,4.25643,4.25643,1.28632
2023,2024-05-04,Sheffield United,Nott'm Forest,2.48986,1.93818,1.93818,2.48986
2023,2024-05-04,Man City,Wolves,4.52542,0.396887,0.396887,4.52542
2023,2024-05-05,Brighton,Aston Villa,2.63566,0.0644055,0.0644055,2.63566
2023,2024-05-05,Chelsea,West Ham,4.21838,0.893899,0.893899,4.21838
2023,2024-05-05,Liverpool,Tottenham,3.26222,1.17205,1.17205,3.26222
2023,2024-05-06,Crystal Palace,Man United,2.0656,0.341417,0.341417,2.0656
2023,2024-05-11,Fulham,Man City,0.0886245,3.15218,3.15218,0.0886245
2023,2024-05-11,Bournemouth,Brentford,1.07237,1.92722,1.92722,1.07237
2023,2024-05-11,Everton,Sheffield United,1.82411,0.465523,0.465523,1.82411
2023,2024-05-11,Newcastle,Brighton,2.45163,1.91556,1.91556,2.45163
2023,2024-05-11,Tottenham,Burnley,3.00238,0.950331,0.950331,3.00238
2023,2024-05-11,West Ham,Luton,3.71009,0.640456,0.640456,3.71009
2023,2024-05-11,Wolves,Crystal Palace,1.1561,2.51452,2.51452,1.1561
2023,2024-05-11,Nott'm Forest,Chelsea,2.44569,2.41068,2.41068,2.44569
2023,2024-05-12,Man United,Arsenal,0.551669,1.73104,1.73104,0.551669
2023,2024-05-13,Aston Villa,Liverpool,2.71655,1.89968,1.89968,2.71655
2023,2024-05-14,Tottenham,Man City,1.84285,2.70331,2.70331,1.84285
2023,2024-05-15,Brighton,Chelsea,1.32423,1.544,1.544,1.32423
2023,2024-05-15,Man United,Newcastle,1.49706,2.27657,2.27657,1.49706
2023,2024-05-19,Arsenal,Everton,3.2117,0.664904,0.664904,3.2117
2023,2024-05-19,Brentford,Newcastle,1.70157,3.65044,3.65044,1.70157
2023,2024-05-19,Brighton,Man United,1.9717,1.00404,1.00404,1.9717
2023,2024-05-19,Burnley,Nott'm Forest,1.08222,1.57962,1.57962,1.08222
2023,2024-05-19,Chelsea,Bournemouth,1.59771,2.002,2.002,1.59771
2023,2024-05-19,Crystal Palace,Aston Villa,2.23189,0.598846,0.598846,2.23189
2023,2024-05-19,Liverpool,Wolves,5.65937,0.731254,0.731254,5.65937
2023,2024-05-19,Luton,Fulham,2.06743,1.11598,1.11598,2.06743
2023,2024-05-19,Man City,West Ham,2.31504,0.240159,0.240159,2.31504
2023,2024-05-19,Sheffield United,Tottenham,0.697312,3.19675,3.19675,0.697312
2024,2024-08-16,Man United,Fulham,2.04268,0.418711,0.418711,2.04268
2024,2024-08-17,Ipswich,Liverpool,0.342601,3.92906,3.92906,0.342601
2024,2024-08-17,Arsenal,Wolves,1.6283,0.575835,0.575835,1.6283
2024,2024-08-17,Everton,Brighton,0.405325,1.79083,1.79083,0.405325
2024,2024-08-17,Newcastle,Southampton,0.433489,1.95483,1.95483,0.433489
2024,2024-08-17,Nott'm Forest,Bournemouth,1.24405,1.90915,1.90915,1.24405
2024,2024-08-17,West Ham,Aston Villa,2.8047,2.6703,2.6703,2.8047
2024,2024-08-18,Brentford,Crystal Palace,1.38064,1.14757,1.14757,1.38064
2024,2024-08-18,Chelsea,Man City,1.06123,1.18038,1.18038,1.06123
2024,2024-08-19,Leicester,Tottenham,1.02614,1.40775,1.40775,1.02614
2024,2024-08-24,Brighton,Man United,2.14153,1.28556,1.28556,2.14153
2024,2024-08-24,Crystal Palace,West Ham,1.3761,1.53421,1.53421,1.3761
2024,2024-08-24,Fulham,Leicester,1.96218,0.857005,0.857005,1.96218
2024,2024-08-24,Man City,Ipswich,3.07818,0.479999,0.479999,3.07818
2024,2024-08-24,Southampton,Nott'm Forest,0.214952,2.86475,2.86475,0.214952
2024,2024-08-24,Tottenham,Everton,2.61143,0.648869,0.648869,2.61143
2024,2024-08-24,Aston Villa,Arsenal,1.31664,1.41399,1.41399,1.31664
2024,2024-08-25,Wolves,Chelsea,2.4181,2.02935,2.02935,2.4181
2024,2024-08-25,Bournemouth,Newcastle,2.53513,1.89287,1.89287,2.53513
2024,2024-08-25,Liverpool,Brentford,2.71877,0.457239,0.457239,2.71877
2024,2024-08-31,Arsenal,Brighton,2.41798,1.81748,1.81748,2.41798
2024,2024-08-31,Brentford,Southampton,3.86281,1.64713,1.64713,3.86281
2024,2024-08-31,Everton,Bournemouth,2.55629,2.95688,2.95688,2.55629
2024,2024-08-31,Ipswich,Fulham,0.707048,1.18883,1.18883,0.707048
2024,2024-08-31,Leicester,Aston Villa,0.774741,2.16385,2.16385,0.774741
2024,2024-08-31,Nott'm Forest,Wolves,1.41069,0.937632,0.937632,1.41069
2024,2024-08-31,West Ham,Man City,0.947201,3.19297,3.19297,0.947201
2024,2024-09-01,Newcastle,Tottenham,1.58694,1.63304,1.63304,1.58694
2024,2024-09-01,Chelsea,Crystal Palace,2.97743,0.459708,0.459708,2.97743
2024,2024-09-01,Man United,Liverpool,1.50087,2.10397,2.10397,1.50087
2024,2024-09-14,Southampton,Man United,1.35593,3.02693,3.02693,1.35593
2024,2024-09-14,Brighton,Ipswich,1.75696,0.721323,0.721323,1.75696
2024,2024-09-14,Fulham,West Ham,2.88601,0.682719,0.682719,2.88601
2024,2024-09-14,Liverpool,Nott'm Forest,1.17044,0.589532,0.589532,1.17044
2024,2024-09-14,Crystal Palace,Leicester,2.88716,1.65187,1.65187,2.88716
2024,2024-09-14,Man City,Brentford,1.55279,1.05094,1.05094,1.55279
2024,2024-09-14,Aston Villa,Everton,3.15876,0.852158,0.852158,3.15876
2024,2024-09-14,Bournemouth,Chelsea,1.53731,0.932726,0.932726,1.53731
2024,2024-09-15,Tottenham,Arsenal,0.792595,1.1209,1.1209,0.792595
2024,2024-09-15,Wolves,Newcastle,1.46969,1.48343,1.48343,1.46969
2024,2024-09-21,West Ham,Chelsea,0.758267,2.39727,2.39727,0.758267
2024,2024-09-21,Southampton,Ipswich,2.89813,1.645,1.645,2.89813
2024,2024-09-21,Leicester,Everton,1.33793,1.82377,1.82377,1.33793
2024,2024-09-21,Liverpool,Bournemouth,2.43731,1.46979,1.46979,2.43731
2024,2024-09-21,Fulham,Newcastle,3.21141,1.09768,1.09768,3.21141
2024,2024-09-21,Aston Villa,Wolves,2.37351,0.520117,0.520117,2.37351
2024,2024-09-21,Tottenham,Brentford,3.89481,0.893565,0.893565,3.89481
2024,2024-09-21,Crystal Palace,Man United,1.66928,2.35056,2.35056,1.66928
2024,2024-09-22,Brighton,Nott'm Forest,1.56836,1.36923,1.36923,1.56836
2024,2024-09-22,Man City,Arsenal,2.75588,1.28411,1.28411,2.75588
2024,2024-09-28,Newcastle,Man City,1.34344,1.26516,1.26516,1.34344
2024,2024-09-28,Nott'm Forest,Fulham,0.614351,1.43592,1.43592,0.614351
2024,2024-09-28,Everton,Crystal Palace,1.10959,1.12358,1.12358,1.10959
2024,2024-09-28,Arsenal,Leicester,6.05305,0.337909,0.337909,6.05305
2024,2024-09-28,Brentford,West Ham,0.370222,0.878617,0.878617,0.370222
2024,2024-09-28,Chelsea,Brighton,3.65839,1.20712,1.20712,3.65839
2024,2024-09-28,Wolves,Liverpool,0.748925,2.11724,2.11724,0.748925
2024,2024-09-29,Ipswich,Aston Villa,1.84608,1.14494,1.14494,1.84608
2024,2024-09-29,Man United,Tottenham,0.600721,5.4072,5.4072,0.600721
2024,2024-09-30,Bournemouth,Southampton,1.44215,0.696068,0.696068,1.44215
2024,2024-10-05,Crystal Palace,Liverpool,0.609481,2.07332,2.07332,0.609481
2024,2024-10-05,Leicester,Bournemouth,0.912063,1.94963,1.94963,0.912063
2024,2024-10-05,Man City,Fulham,1.36684,2.75846,2.75846,1.36684
2024,2024-10-05,West Ham,Ipswich,4.39402,1.18463,1.18463,4.39402
2024,2024-10-05,Arsenal,Southampton,3.25165,1.27313,1.27313,3.25165
2024,2024-10-05,Brentford,Wolves,4.13513,0.696254,0.696254,4.13513
2024,2024-10-05,Everton,Newcastle,0.692214,1.79048,1.79048,0.692214
2024,2024-10-06,Chelsea,Nott'm Forest,2.27752,1.66654,1.66654,2.27752
2024,2024-10-06,Aston Villa,Man United,0.532809,0.448537,0.448537,0.532809
2024,2024-10-06,Brighton,Tottenham,1.97217,1.09279,1.09279,1.97217
2024,2024-10-19,Tottenham,West Ham,1.44052,0.858803,0.858803,1.44052
2024,2024-10-19,Fulham,Aston Villa,2.63074,1.43595,1.43595,2.63074
2024,2024-10-19,Ipswich,Everton,1.174,1.60804,1.60804,1.174
2024,2024-10-19,Man United,Brentford,1.76555,0.892843,0.892843,1.76555
2024,2024-10-19,Newcastle,Brighton,1.93657,1.6779,1.6779,1.93657
2024,2024-10-19,Southampton,Leicester,2.42776,2.83826,2.83826,2.42776
2024,2024-10-19,Bournemouth,Arsenal,2.18419,0.740758,0.740758,2.18419
2024,2024-10-20,Wolves,Man City,0.761217,1.36569,1.36569,0.761217
2024,2024-10-20,Liverpool,Chelsea,2.22517,1.33904,1.33904,2.22517
2024,2024-10-21,Nott'm Forest,Crystal Palace,1.88573,0.835001,0.835001,1.88573
2024,2024-10-25,Leicester,Nott'm Forest,0.832415,2.54488,2.54488,0.832415
2024,2024-10-26,Man City,Southampton,3.16286,0.369989,0.369989,3.16286
2024,2024-10-26,Aston Villa,Bournemouth,1.974,0.328651,0.328651,1.974
2024,2024-10-26,Brentford,Ipswich,4.09663,1.65698,1.65698,4.09663
2024,2024-10-26,Brighton,Wolves,1.51347,1.11074,1.11074,1.51347
2024,2024-10-26,Everton,Fulham,0.884845,1.49531,1.49531,0.884845
2024,2024-10-27,Chelsea,Newcastle,1.61794,1.74225,1.74225,1.61794
2024,2024-10-27,Crystal Palace,Tottenham,0.978611,1.0192,1.0192,0.978611
2024,2024-10-27,West Ham,Man United,2.99312,2.62598,2.62598,2.99312
2024,2024-10-27,Arsenal,Liverpool,1.0883,1.35346,1.35346,1.0883
2024,2024-11-02,Newcastle,Arsenal,0.859715,0.911305,0.911305,0.859715
2024,2024-11-02,Bournemouth,Man City,2.4493,2.3527,2.3527,2.4493
2024,2024-11-02,Ipswich,Leicester,1.33617,2.33858,2.33858,1.33617
2024,2024-11-02,Liverpool,Brighton,1.81037,1.01568,1.01568,1.81037
2024,2024-11-02,Nott'm Forest,West Ham,2.35011,0.132317,0.132317,2.35011
2024,2024-11-02,Southampton,Everton,0.540345,1.78581,1.78581,0.540345
2024,2024-11-02,Wolves,Crystal Palace,1.65018,2.64849,2.64849,1.65018
2024,2024-11-03,Tottenham,Aston Villa,2.09751,2.48749,2.48749,2.09751
2024,2024-11-03,Man United,Chelsea,2.1605,1.21071,1.21071,2.1605
2024,2024-11-04,Fulham,Brentford,1.43017,0.739231,0.739231,1.43017
2024,2024-11-09,Brentford,Bournemouth,1.56474,2.49234,2.49234,1.56474
2024,2024-11-09,Crystal Palace,Fulham,1.96037,2.25331,2.25331,1.96037
2024,2024-11-09,West Ham,Everton,1.1237,0.865983,0.865983,1.1237
2024,2024-11-09,Wolves,Southampton,0.912781,0.792655,0.792655,0.912781
2024,2024-11-09,Brighton,Man City,2.87116,2.60334,2.60334,2.87116
2024,2024-11-09,Liverpool,Aston Villa,2.68196,1.66337,1.66337,2.68196
2024,2024-11-10,Nott'm Forest,Newcastle,1.17852,1.86904,1.86904,1.17852
2024,2024-11-10,Man United,Leicester,1.2369,0.417295,0.417295,1.2369
2024,2024-11-10,Tottenham,Ipswich,1.75088,2.18392,2.18392,1.75088
2024,2024-11-10,Chelsea,Arsenal,1.24067,1.9605,1.9605,1.24067
2024,2024-11-23,Leicester,Chelsea,0.967987,2.81658,2.81658,0.967987
2024,2024-11-23,Bournemouth,Brighton,1.91157,1.23059,1.23059,1.91157
2024,2024-11-23,Arsenal,Nott'm Forest,1.66016,0.403136,0.403136,1.66016
2024,2024-11-23,Everton,Brentford,1.5951,1.34314,1.34314,1.5951
2024,2024-11-23,Aston Villa,Crystal Palace,3.04455,1.61437,1.61437,3.04455
2024,2024-11-23,Fulham,Wolves,0.717158,1.33903,1.33903,0.717158
2024,2024-11-23,Man City,Tottenham,2.15899,3.30449,3.30449,2.15899
2024,2024-11-24,Southampton,Liverpool,1.53985,3.18835,3.18835,1.53985
2024,2024-11-24,Ipswich,Man United,1.98714,1.26912,1.26912,1.98714
2024,2024-11-25,Newcastle,West Ham,1.49781,0.942824,0.942824,1.49781
2024,2024-11-29,Brighton,Southampton,1.86986,0.934969,0.934969,1.86986
2024,2024-11-30,Brentford,Leicester,2.21885,0.907555,0.907555,2.21885
2024,2024-11-30,Crystal Palace,Newcastle,2.29595,0.020989,0.020989,2.29595
2024,2024-11-30,Nott'm Forest,Ipswich,1.76587,0.462771,0.462771,1.76587
2024,2024-11-30,Wolves,Bournemouth,0.866034,3.07901,3.07901,0.866034
2024,2024-11-30,West Ham,Arsenal,1.23539,3.99935,3.99935,1.23539
2024,2024-12-01,Chelsea,Aston Villa,1.94939,0.875443,0.875443,1.94939
2024,2024-12-01,Man United,Everton,1.76161,0.766749,0.766749,1.76161
2024,2024-12-01,Tottenham,Fulham,1.01086,1.57274,1.57274,1.01086
2024,2024-12-01,Liverpool,Man City,3.70054,0.745015,0.745015,3.70054
2024,2024-12-03,Ipswich,Crystal Palace,0.471708,1.65422,1.65422,0.471708
2024,2024-12-03,Leicester,West Ham,2.78061,2.87716,2.87716,2.78061
2024,2024-12-04,Everton,Wolves,1.49904,0.847724,0.847724,1.49904
2024,2024-12-04,Man City,Nott'm Forest,3.20169,0.802155,0.802155,3.20169
2024,2024-12-04,Newcastle,Liverpool,1.52057,2.22766,2.22766,1.52057
2024,2024-12-04,Southampton,Chelsea,1.91014,5.8331,5.8331,1.91014
2024,2024-12-04,Arsenal,Man United,2.96684,0.256083,0.256083,2.96684
2024,2024-12-04,Aston Villa,Brentford,3.21673,1.13266,1.13266,3.21673
2024,2024-12-05,Fulham,Brighton,0.666644,1.09939,1.09939,0.666644
2024,2024-12-05,Bournemouth,Tottenham,3.27716,0.623934,0.623934,3.27716
2024,2024-12-07,Aston Villa,Southampton,2.51338,0.385832,0.385832,2.51338
2024,2024-12-07,Brentford,Newcastle,1.746,1.95645,1.95645,1.746
2024,2024-12-07,Crystal Palace,Man City,1.21476,1.5846,1.5846,1.21476
2024,2024-12-07,Man United,Nott'm Forest,1.4697,0.651217,0.651217,1.4697
2024,2024-12-08,Fulham,Arsenal,0.150988,2.4333,2.4333,0.150988
2024,2024-12-08,Ipswich,Bournemouth,1.5668,3.49127,3.49127,1.5668
2024,2024-12-08,Leicester,Brighton,1.42438,1.12184,1.12184,1.42438
2024,2024-12-08,Tottenham,Chelsea,3.25488,2.57326,2.57326,3.25488
2024,2024-12-09,West Ham,Wolves,1.19808,1.47567,1.47567,1.19808
2024,2024-12-14,Liverpool,Fulham,2.09698,1.2862,1.2862,2.09698
2024,2024-12-14,Arsenal,Everton,1.30865,0.132166,0.132166,1.30865
2024,2024-12-14,Wolves,Ipswich,1.23748,1.73349,1.73349,1.23748
2024,2024-12-14,Newcastle,Leicester,3.95461,0.186759,0.186759,3.95461
2024,2024-12-14,Nott'm Forest,Aston Villa,2.2861,0.389423,0.389423,2.2861
2024,2024-12-15,Brighton,Crystal Palace,1.32323,3.00618,3.00618,1.32323
2024,2024-12-15,Man City,Man United,0.638103,2.04662,2.04662,0.638103
2024,2024-12-15,Chelsea,Brentford,2.59146,1.65861,1.65861,2.59146
2024,2024-12-15,Southampton,Tottenham,1.27356,3.89322,3.89322,1.27356
2024,2024-12-16,Bournemouth,West Ham,2.04842,1.81827,1.81827,2.04842
2024,2024-12-21,Aston Villa,Man City,2.05988,1.09627,1.09627,2.05988
2024,2024-12-21,Brentford,Nott'm Forest,0.769004,0.964897,0.964897,0.769004
2024,2024-12-21,West Ham,Brighton,1.22937,1.34379,1.34379,1.22937
2024,2024-12-21,Ipswich,Newcastle,1.06427,3.23386,3.23386,1.06427
2024,2024-12-21,Crystal Palace,Arsenal,1.6052,3.05434,3.05434,1.6052
2024,2024-12-22,Fulham,Southampton,1.25255,0.280031,0.280031,1.25255
2024,2024-12-22,Everton,Chelsea,1.07081,1.51591,1.51591,1.07081
2024,2024-12-22,Man United,Bournemouth,2.28533,1.82831,1.82831,2.28533
2024,2024-12-22,Leicester,Wolves,0.78868,1.13531,1.13531,0.78868
2024,2024-12-22,Tottenham,Liverpool,1.20245,5.20214,5.20214,1.20245
2024,2024-12-26,Man City,Everton,2.51965,0.653289,0.653289,2.51965
2024,2024-12-26,Bournemouth,Crystal Palace,1.20189,0.500066,0.500066,1.20189
2024,2024-12-26,Chelsea,Fulham,1.55626,1.77929,1.77929,1.55626
2024,2024-12-26,Newcastle,Aston Villa,2.82867,0.225522,0.225522,2.82867
2024,2024-12-26,Nott'm Forest,Tottenham,1.30018,1.05758,1.05758,1.30018
2024,2024-12-26,Southampton,West Ham,2.19833,1.90111,1.90111,2.19833
2024,2024-12-26,Wolves,Man United,0.826489,0.358876,0.358876,0.826489
2024,2024-12-26,Liverpool,Leicester,1.89935,0.22097,0.22097,1.89935
2024,2024-12-27,Brighton,Brentford,1.33538,0.961233,0.961233,1.33538
2024,2024-12-27,Arsenal,Ipswich,2.16462,0.0783327,0.0783327,2.16462
2024,2024-12-29,Leicester,Man City,1.84208,1.58002,1.58002,1.84208
2024,2024-12-29,Crystal Palace,Southampton,3.05417,1.21853,1.21853,3.05417
2024,2024-12-29,Everton,Nott'm Forest,0.615191,2.02753,2.02753,0.615191
2024,2024-12-29,Fulham,Bournemouth,0.961566,1.70692,1.70692,0.961566
2024,2024-12-29,Tottenham,Wolves,2.28433,0.640697,0.640697,2.28433
2024,2024-12-29,West Ham,Liverpool,0.518279,3.29868,3.29868,0.518279
2024,2024-12-30,Aston Villa,Brighton,1.87997,0.938042,0.938042,1.87997
2024,2024-12-30,Ipswich,Chelsea,1.50093,1.60622,1.60622,1.50093
2024,2024-12-30,Man United,Newcastle,1.00073,2.2424,2.2424,1.00073
2024,2025-01-01,Brentford,Arsenal,0.272604,1.99848,1.99848,0.272604
2024,2025-01-04,Tottenham,Newcastle,1.00333,2.42963,2.42963,1.00333
2024,2025-01-04,Bournemouth,Everton,2.61852,0.561015,0.561015,2.61852
2024,2025-01-04,Aston Villa,Leicester,2.3456,0.81548,0.81548,2.3456
2024,2025-01-04,Crystal Palace,Chelsea,1.2766,1.51541,1.51541,1.2766
2024,2025-01-04,Man City,West Ham,1.97986,1.53286,1.53286,1.97986
2024,2025-01-04,Southampton,Brentford,0.249614,5.54874,5.54874,0.249614
2024,2025-01-04,Brighton,Arsenal,1.76513,1.81142,1.81142,1.76513
2024,2025-01-05,Fulham,Ipswich,2.65469,1.4434,1.4434,2.65469
2024,2025-01-05,Liverpool,Man United,2.862,1.67469,1.67469,2.862
2024,2025-01-06,Wolves,Nott'm Forest,1.90463,2.57227,2.57227,1.90463
2024,2025-01-14,Brentford,Man City,2.39088,2.65315,2.65315,2.39088
2024,2025-01-14,West Ham,Fulham,0.937322,2.83581,2.83581,0.937322
2024,2025-01-14,Chelsea,Bournemouth,2.53808,1.14845,1.14845,2.53808
2024,2025-01-14,Nott'm Forest,Liverpool,0.5292,2.72291,2.72291,0.5292
2024,2025-01-15,Everton,Aston Villa,1.23126,1.28522,1.28522,1.23126
2024,2025-01-15,Leicester,Crystal Palace,2.09904,2.2647,2.2647,2.09904
2024,2025-01-15,Newcastle,Wolves,2.13327,1.47433,1.47433,2.13327
2024,2025-01-15,Arsenal,Tottenham,2.25501,0.777071,0.777071,2.25501
2024,2025-01-16,Ipswich,Brighton,0.268127,1.06343,1.06343,0.268127
2024,2025-01-16,Man United,Southampton,3.10847,1.36705,1.36705,3.10847
2024,2025-01-18,Newcastle,Bournemouth,0.837801,2.70174,2.70174,0.837801
2024,2025-01-18,Brentford,Liverpool,1.20021,4.16249,4.16249,1.20021
2024,2025-01-18,Leicester,Fulham,0.676934,2.36823,2.36823,0.676934
2024,2025-01-18,West Ham,Crystal Palace,0.221062,1.62561,1.62561,0.221062
2024,2025-01-18,Arsenal,Aston Villa,1.64458,1.20602,1.20602,1.64458
2024,2025-01-19,Everton,Tottenham,2.56089,1.35719,1.35719,2.56089
2024,2025-01-19,Man United,Brighton,1.31823,2.17172,2.17172,1.31823
2024,2025-01-19,Nott'm Forest,Southampton,2.36419,1.25922,1.25922,2.36419
2024,2025-01-19,Ipswich,Man City,0.795637,3.20228,3.20228,0.795637
2024,2025-01-20,Chelsea,Wolves,3.14882,1.06726,1.06726,3.14882
2024,2025-01-25,Bournemouth,Nott'm Forest,2.8254,0.996166,0.996166,2.8254
2024,2025-01-25,Brighton,Everton,0.64378,0.870883,0.870883,0.64378
2024,2025-01-25,Liverpool,Ipswich,2.16809,0.804707,0.804707,2.16809
2024,2025-01-25,Southampton,Newcastle,0.825621,3.08319,3.08319,0.825621
2024,2025-01-25,Wolves,Arsenal,0.514724,0.887358,0.887358,0.514724
2024,2025-01-25,Man City,Chelsea,2.23213,1.49843,1.49843,2.23213
2024,2025-01-26,Crystal Palace,Brentford,1.23177,1.92037,1.92037,1.23177
2024,2025-01-26,Tottenham,Leicester,1.27483,1.40469,1.40469,1.27483
2024,2025-01-26,Aston Villa,West Ham,0.907851,1.67886,1.67886,0.907851
2024,2025-01-26,Fulham,Man United,0.560571,0.201988,0.201988,0.560571
2024,2025-02-01,Nott'm Forest,Brighton,4.0677,0.756296,0.756296,4.0677
2024,2025-02-01,Bournemouth,Liverpool,1.65273,2.7219,2.7219,1.65273
2024,2025-02-01,Everton,Leicester,3.11261,0.447136,0.447136,3.11261
2024,2025-02-01,Ipswich,Southampton,1.94845,1.17566,1.17566,1.94845
2024,2025-02-01,Newcastle,Fulham,1.22716,1.60881,1.60881,1.22716
2024,2025-02-01,Wolves,Aston Villa,2.00146,0.742809,0.742809,2.00146
2024,2025-02-02,Brentford,Tottenham,1.66475,0.945355,0.945355,1.66475
2024,2025-02-02,Man United,Crystal Palace,1.50706,2.44633,2.44633,1.50706
2024,2025-02-02,Arsenal,Man City,1.53202,0.743191,0.743191,1.53202
2024,2025-02-03,Chelsea,West Ham,1.39066,1.1868,1.1868,1.39066
2024,2025-02-12,Everton,Liverpool,0.910523,0.929103,0.929103,0.910523
2024,2025-02-14,Brighton,Chelsea,2.06892,0.649788,0.649788,2.06892
2024,2025-02-15,Leicester,Arsenal,0.233209,1.75,1.75,0.233209
2024,2025-02-15,Aston Villa,Ipswich,2.89841,0.332864,0.332864,2.89841
2024,2025-02-15,Fulham,Nott'm Forest,2.20993,0.331301,0.331301,2.20993
2024,2025-02-15,Man City,Newcastle,2.12004,0.157211,0.157211,2.12004
2024,2025-02-15,Southampton,Bournemouth,0.974418,2.08722,2.08722,0.974418
2024,2025-02-15,West Ham,Brentford,0.673466,1.96499,1.96499,0.673466
2024,2025-02-15,Crystal Palace,Everton,2.30646,1.01565,1.01565,2.30646
2024,2025-02-16,Liverpool,Wolves,1.86758,1.05329,1.05329,1.86758
2024,2025-02-16,Tottenham,Man United,1.97109,1.42652,1.42652,1.97109
2024,2025-02-19,Aston Villa,Liverpool,1.02269,2.04279,2.04279,1.02269
2024,2025-02-21,Leicester,Brentford,0.727901,2.03465,2.03465,0.727901
2024,2025-02-22,Everton,Man United,2.10444,0.645685,0.645685,2.10444
2024,2025-02-22,Bournemouth,Wolves,0.629691,2.10124,2.10124,0.629691
2024,2025-02-22,Arsenal,West Ham,1.37264,1.02684,1.02684,1.37264
2024,2025-02-22,Fulham,Crystal Palace,0.23426,1.46203,1.46203,0.23426
2024,2025-02-22,Ipswich,Tottenham,1.15389,1.58741,1.58741,1.15389
2024,2025-02-22,Southampton,Brighton,0.154147,5.12018,5.12018,0.154147
2024,2025-02-22,Aston Villa,Chelsea,2.69413,2.17418,2.17418,2.69413
2024,2025-02-23,Newcastle,Nott'm Forest,3.45858,2.38603,2.38603,3.45858
2024,2025-02-23,Man City,Liverpool,0.58248,0.807058,0.807058,0.58248
2024,2025-02-25,Brighton,Bournemouth,2.57927,1.70169,1.70169,2.57927
2024,2025-02-25,Wolves,Fulham,0.928973,1.43473,1.43473,0.928973
2024,2025-02-25,Crystal Palace,Aston Villa,4.02522,0.667217,0.667217,4.02522
2024,2025-02-25,Chelsea,Southampton,2.98234,0.845039,0.845039,2.98234
2024,2025-02-26,Brentford,Everton,1.34009,1.44955,1.44955,1.34009
2024,2025-02-26,Nott'm Forest,Arsenal,0.508611,1.31766,1.31766,0.508611
2024,2025-02-26,Tottenham,Man City,1.28426,2.38641,2.38641,1.28426
2024,2025-02-26,Man United,Ipswich,1.40202,1.04498,1.04498,1.40202
2024,2025-02-26,Liverpool,Newcastle,1.40027,0.45882,0.45882,1.40027
2024,2025-02-27,West Ham,Leicester,1.70437,0.289578,0.289578,1.70437
2024,2025-03-08,Nott'm Forest,Man City,0.501476,0.721234,0.721234,0.501476
2024,2025-03-08,Brighton,Fulham,1.94417,0.708227,0.708227,1.94417
2024,2025-03-08,Crystal Palace,Ipswich,3.13879,1.63282,1.63282,3.13879
2024,2025-03-08,Liverpool,Southampton,4.98996,0.511566,0.511566,4.98996
2024,2025-03-08,Brentford,Aston Villa,0.637743,1.29638,1.29638,0.637743
2024,2025-03-08,Wolves,Everton,0.812432,1.3672,1.3672,0.812432
2024,2025-03-09,Chelsea,Leicester,1.76844,0.108487,0.108487,1.76844
2024,2025-03-09,Tottenham,Bournemouth,1.35053,2.22536,2.22536,1.35053
2024,2025-03-09,Man United,Arsenal,1.31107,1.82996,1.82996,1.31107
2024,2025-03-10,West Ham,Newcastle,0.823986,1.62976,1.62976,0.823986
2024,2025-03-15,Everton,West Ham,1.189,0.516029,0.516029,1.189
2024,2025-03-15,Ipswich,Nott'm Forest,0.520839,1.30722,1.30722,0.520839
2024,2025-03-15,Man City,Brighton,2.02642,2.11119,2.11119,2.02642
2024,2025-03-15,Southampton,Wolves,1.2821,0.540718,0.540718,1.2821
2024,2025-03-15,Bournemouth,Brentford,2.02714,1.60321,1.60321,2.02714
2024,2025-03-16,Arsenal,Chelsea,0.695725,0.286036,0.286036,0.695725
2024,2025-03-16,Fulham,Tottenham,1.03966,1.40865,1.40865,1.03966
2024,2025-03-16,Leicester,Man United,1.30455,1.13892,1.13892,1.30455
2024,2025-04-01,Arsenal,Fulham,2.30189,1.44206,1.44206,2.30189
2024,2025-04-01,Wolves,West Ham,1.10359,1.73057,1.73057,1.10359
2024,2025-04-01,Nott'm Forest,Man United,0.512063,1.86688,1.86688,0.512063
2024,2025-04-02,Brighton,Aston Villa,0.558009,1.20715,1.20715,0.558009
2024,2025-04-02,Bournemouth,Ipswich,1.99637,1.41263,1.41263,1.99637
2024,2025-04-02,Man City,Leicester,2.07165,0.104741,0.104741,2.07165
2024,2025-04-02,Newcastle,Brentford,2.26584,1.53201,1.53201,2.26584
2024,2025-04-02,Southampton,Crystal Palace,0.687304,0.93776,0.93776,0.687304
2024,2025-04-02,Liverpool,Everton,1.29718,0.823136,0.823136,1.29718
2024,2025-04-03,Chelsea,Tottenham,1.30443,1.40274,1.40274,1.30443
2024,2025-04-05,Everton,Arsenal,1.22875,1.4031,1.4031,1.22875
2024,2025-04-05,Crystal Palace,Brighton,0.443965,1.27226,1.27226,0.443965
2024,2025-04-05,Ipswich,Wolves,0.872356,2.8096,2.8096,0.872356
2024,2025-04-05,West Ham,Bournemouth,0.907832,1.94869,1.94869,0.907832
2024,2025-04-05,Aston Villa,Nott'm Forest,2.63349,0.96769,0.96769,2.63349
2024,2025-04-06,Brentford,Chelsea,1.36123,1.47829,1.47829,1.36123
2024,2025-04-06,Fulham,Liverpool,1.72764,1.40638,1.40638,1.72764
2024,2025-04-06,Tottenham,Southampton,2.648,0.780439,0.780439,2.648
2024,2025-04-06,Man United,Man City,1.23317,0.687894,0.687894,1.23317
2024,2025-04-07,Leicester,Newcastle,0.354575,3.44111,3.44111,0.354575
2024,2025-04-12,Man City,Crystal Palace,4.59724,1.33808,1.33808,4.59724
2024,2025-04-12,Brighton,Leicester,3.6978,1.98444,1.98444,3.6978
2024,2025-04-12,Nott'm Forest,Everton,0.423949,1.26036,1.26036,0.423949
2024,2025-04-12,Southampton,Aston Villa,0.412256,2.99927,2.99927,0.412256
2024,2025-04-12,Arsenal,Brentford,0.767369,0.588583,0.588583,0.767369
2024,2025-04-13,Chelsea,Ipswich,2.90758,1.60301,1.60301,2.90758
2024,2025-04-13,Liverpool,West Ham,1.42902,1.46598,1.46598,1.42902
2024,2025-04-13,Wolves,Tottenham,2.22977,1.62887,1.62887,2.22977
2024,2025-04-13,Newcastle,Man United,2.6383,0.786568,0.786568,2.6383
2024,2025-04-14,Bournemouth,Fulham,1.8577,1.07203,1.07203,1.8577
2024,2025-04-16,Newcastle,Crystal Palace,2.32947,2.37548,2.37548,2.32947
2024,2025-04-19,Brentford,Brighton,2.95516,1.24107,1.24107,2.95516
2024,2025-04-19,Crystal Palace,Bournemouth,0.337818,0.664093,0.664093,0.337818
2024,2025-04-19,Everton,Man City,0.81683,1.87989,1.87989,0.81683
2024,2025-04-19,West Ham,Southampton,0.98423,0.922877,0.922877,0.98423
2024,2025-04-19,Aston Villa,Newcastle,3.05371,1.27176,1.27176,3.05371
2024,2025-04-20,Fulham,Chelsea,0.306122,0.75172,0.75172,0.306122
2024,2025-04-20,Ipswich,Arsenal,0.192879,2.81362,2.81362,0.192879
2024,2025-04-20,Man United,Wolves,1.13966,0.187814,0.187814,1.13966
2024,2025-04-20,Leicester,Liverpool,0.232205,4.52706,4.52706,0.232205
2024,2025-04-21,Tottenham,Nott'm Forest,2.4024,0.557682,0.557682,2.4024
2024,2025-04-22,Man City,Aston Villa,1.36232,1.85906,1.85906,1.36232
2024,2025-04-23,Arsenal,Crystal Palace,1.92149,2.50515,2.50515,1.92149
2024,2025-04-26,Chelsea,Everton,0.768313,0.916838,0.916838,0.768313
2024,2025-04-26,Brighton,West Ham,1.29433,1.24134,1.24134,1.29433
2024,2025-04-26,Newcastle,Ipswich,4.11539,0.127203,0.127203,4.11539
2024,2025-04-26,Southampton,Fulham,0.935581,1.9956,1.9956,0.935581
2024,2025-04-26,Wolves,Leicester,2.57666,1.04978,1.04978,2.57666
2024,2025-04-27,Bournemouth,Man United,0.60995,1.91039,1.91039,0.60995
2024,2025-04-27,Liverpool,Tottenham,2.51104,0.512812,0.512812,2.51104
2024,2025-05-01,Nott'm Forest,Brentford,0.670607,1.52054,1.52054,0.670607
2024,2025-05-02,Man City,Wolves,0.859463,0.622455,0.622455,0.859463
2024,2025-05-03,Aston Villa,Fulham,1.29013,0.702787,0.702787,1.29013
2024,2025-05-03,Everton,Ipswich,0.808481,1.14351,1.14351,0.808481
2024,2025-05-03,Leicester,Southampton,1.60739,0.550774,0.550774,1.60739
2024,2025-05-03,Arsenal,Bournemouth,2.05484,1.41783,1.41783,2.05484
2024,2025-05-04,West Ham,Tottenham,1.15166,0.847022,0.847022,1.15166
2024,2025-05-04,Brighton,Newcastle,0.687863,1.63777,1.63777,0.687863
2024,2025-05-04,Brentford,Man United,3.58737,1.13404,1.13404,3.58737
2024,2025-05-04,Chelsea,Liverpool,3.51944,1.4267,1.4267,3.51944
2024,2025-05-05,Crystal Palace,Nott'm Forest,2.34037,0.63684,0.63684,2.34037
2024,2025-05-10,Fulham,Everton,1.20869,1.32604,1.32604,1.20869
2024,2025-05-10,Ipswich,Brentford,0.717433,1.32077,1.32077,0.717433
2024,2025-05-10,Southampton,Man City,0.136995,1.58463,1.58463,0.136995
2024,2025-05-10,Wolves,Brighton,0.73395,1.41254,1.41254,0.73395
2024,2025-05-10,Bournemouth,Aston Villa,1.02272,1.12376,1.12376,1.02272
2024,2025-05-11,Newcastle,Chelsea,1.6703,0.646426,0.646426,1.6703
2024,2025-05-11,Man United,West Ham,2.31287,2.15985,2.15985,2.31287
2024,2025-05-11,Nott'm Forest,Leicester,1.76909,1.22949,1.22949,1.76909
2024,2025-05-11,Tottenham,Crystal Palace,0.806792,3.98546,3.98546,0.806792
2024,2025-05-11,Liverpool,Arsenal,2.74682,2.18795,2.18795,2.74682
2024,2025-05-16,Aston Villa,Tottenham,1.69061,0.523016,0.523016,1.69061
2024,2025-05-16,Chelsea,Man United,1.29571,0.337632,0.337632,1.29571
2024,2025-05-18,Everton,Southampton,2.67793,1.05025,1.05025,2.67793
2024,2025-05-18,West Ham,Nott'm Forest,0.850457,2.14756,2.14756,0.850457
2024,2025-05-18,Brentford,Fulham,2.43045,1.61741,1.61741,2.43045
2024,2025-05-18,Leicester,Ipswich,0.788544,1.36957,1.36957,0.788544
2024,2025-05-18,Arsenal,Newcastle,1.15958,2.24634,2.24634,1.15958
2024,2025-05-19,Brighton,Liverpool,2.17789,3.065,3.065,2.17789
2024,2025-05-20,Crystal Palace,Wolves,1.68451,1.42886,1.42886,1.68451
2024,2025-05-20,Man City,Bournemouth,1.59779,0.962014,0.962014,1.59779
2024,2025-05-25,Nott'm Forest,Chelsea,1.58014,1.30874,1.30874,1.58014
2024,2025-05-25,Newcastle,Everton,1.1591,1.07279,1.07279,1.1591
2024,2025-05-25,Man United,Aston Villa,2.96259,0.335222,0.335222,2.96259
2024,2025-05-25,Liverpool,Crystal Palace,1.92122,1.4144,1.4144,1.92122
2024,2025-05-25,Tottenham,Brighton,1.85265,3.11624,3.11624,1.85265
2024,2025-05-25,Southampton,Arsenal,0.598144,2.40711,2.40711,0.598144
2024,2025-05-25,Wolves,Brentford,1.10889,1.97196,1.97196,1.10889
2024,2025-05-25,Bournemouth,Leicester,2.72449,0.156702,0.156702,2.72449
2024,2025-05-25,Ipswich,West Ham,0.893095,0.967379,0.967379,0.893095
2024,2025-05-25,Fulham,Man City,2.21797,2.45923,2.45923,2.21797
2025,2025-08-15,Liverpool,Bournemouth,2.33007,1.57303,1.57303,2.33007
2025,2025-08-16,Aston Villa,Newcastle,0.318601,1.40098,1.40098,0.318601
2025,2025-08-16,Brighton,Fulham,1.44008,0.902883,0.902883,1.44008
2025,2025-08-16,Sunderland,West Ham,0.724368,0.558948,0.558948,0.724368
2025,2025-08-16,Tottenham,Burnley,1.97858,0.734138,0.734138,1.97858
2025,2025-08-16,Wolves,Man City,0.519436,2.29903,2.29903,0.519436
2025,2025-08-17,Chelsea,Crystal Palace,1.36793,1.03414,1.03414,1.36793
2025,2025-08-17,Nott'm Forest,Brentford,1.7555,1.32516,1.32516,1.7555
2025,2025-08-17,Man United,Arsenal,1.37653,1.3304,1.3304,1.37653
2025,2025-08-18,Leeds,Everton,2.3812,0.674338,0.674338,2.3812
2025,2025-08-22,West Ham,Chelsea,0.978572,3.94997,3.94997,0.978572
2025,2025-08-23,Man City,Tottenham,1.2475,1.28015,1.28015,1.2475
2025,2025-08-23,Brentford,Aston Villa,1.12964,0.976852,0.976852,1.12964
2025,2025-08-23,Burnley,Sunderland,1.00381,1.12127,1.12127,1.00381
2025,2025-08-23,Bournemouth,Wolves,1.78462,0.373367,0.373367,1.78462
2025,2025-08-23,Arsenal,Leeds,2.73761,0.156761,0.156761,2.73761
2025,2025-08-24,Crystal Palace,Nott'm Forest,1.10188,1.32987,1.32987,1.10188
2025,2025-08-24,Everton,Brighton,1.80116,2.08487,2.08487,1.80116
2025,2025-08-24,Fulham,Man United,1.65333,1.54603,1.54603,1.65333
2025,2025-08-25,Newcastle,Liverpool,1.96342,0.646559,0.646559,1.96342
2025,2025-08-30,Chelsea,Fulham,2.4324,0.736228,0.736228,2.4324
2025,2025-08-30,Tottenham,Bournemouth,0.17067,2.1201,2.1201,0.17067
2025,2025-08-30,Wolves,Everton,0.943257,2.03791,2.03791,0.943257
2025,2025-08-30,Sunderland,Brentford,1.57127,1.44604,1.44604,1.57127
2025,2025-08-30,Man United,Burnley,4.02237,1.32618,1.32618,4.02237
2025,2025-08-30,Leeds,Newcastle,0.6773,0.303635,0.303635,0.6773
2025,2025-08-31,Nott'm Forest,West Ham,0.716018,2.236,2.236,0.716018
2025,2025-08-31,Brighton,Man City,2.20864,2.13418,2.13418,2.20864
2025,2025-08-31,Liverpool,Arsenal,0.481404,0.485679,0.485679,0.481404
2025,2025-08-31,Aston Villa,Crystal Palace,1.20586,2.59713,2.59713,1.20586
2025,2025-09-13,Arsenal,Nott'm Forest,2.8817,0.293681,0.293681,2.8817
2025,2025-09-13,Newcastle,Wolves,1.19186,0.375942,0.375942,1.19186
2025,2025-09-13,Bournemouth,Brighton,1.44187,0.624923,0.624923,1.44187
2025,2025-09-13,Crystal Palace,Sunderland,1.75805,0.354129,0.354129,1.75805
2025,2025-09-13,Everton,Aston Villa,1.8927,0.354327,0.354327,1.8927
2025,2025-09-13,Fulham,Leeds,1.13979,0.830398,0.830398,1.13979
2025,2025-09-13,West Ham,Tottenham,0.793248,1.51402,1.51402,0.793248
2025,2025-09-13,Brentford,Chelsea,1.17533,0.755999,0.755999,1.17533
2025,2025-09-14,Burnley,Liverpool,0.168041,2.79492,2.79492,0.168041
2025,2025-09-14,Man City,Man United,1.99725,1.51915,1.51915,1.99725
2025,2025-09-20,Liverpool,Everton,1.06166,0.721371,0.721371,1.06166
2025,2025-09-20,West Ham,Crystal Palace,0.466365,2.33565,2.33565,0.466365
2025,2025-09-20,Wolves,Leeds,1.5661,0.456988,0.456988,1.5661
2025,2025-09-20,Brighton,Tottenham,1.40466,1.19181,1.19181,1.40466
2025,2025-09-20,Burnley,Nott'm Forest,1.14159,0.830779,0.830779,1.14159
2025,2025-09-20,Man United,Chelsea,1.34458,0.469843,0.469843,1.34458
2025,2025-09-20,Fulham,Brentford,1.52431,0.826556,0.826556,1.52431
2025,2025-09-21,Bournemouth,Newcastle,0.55066,0.153629,0.153629,0.55066
2025,2025-09-21,Sunderland,Aston Villa,0.938312,0.939354,0.939354,0.938312
2025,2025-09-21,Arsenal,Man City,0.718575,1.1227,1.1227,0.718575
2025,2025-09-27,Brentford,Man United,2.78726,2.23609,2.23609,2.78726
2025,2025-09-27,Chelsea,Brighton,2.02653,2.4751,2.4751,2.02653
2025,2025-09-27,Crystal Palace,Liverpool,3.53323,3.10176,3.10176,3.53323
2025,2025-09-27,Leeds,Bournemouth,2.04728,1.06033,1.06033,2.04728
2025,2025-09-27,Man City,Burnley,3.22133,0.509491,0.509491,3.22133
2025,2025-09-27,Nott'm Forest,Sunderland,1.4203,1.94154,1.94154,1.4203
2025,2025-09-27,Tottenham,Wolves,0.818711,1.15951,1.15951,0.818711
2025,2025-09-28,Aston Villa,Fulham,1.36575,0.952612,0.952612,1.36575
2025,2025-09-28,Newcastle,Arsenal,0.739851,2.07048,2.07048,0.739851
2025,2025-09-29,Everton,West Ham,0.909703,0.775766,0.775766,0.909703
2025,2025-10-03,Bournemouth,Fulham,1.33458,0.84335,0.84335,1.33458
2025,2025-10-04,Leeds,Tottenham,1.48051,0.688198,0.688198,1.48051
2025,2025-10-04,Arsenal,West Ham,3.0585,0.864549,0.864549,3.0585
2025,2025-10-04,Man United,Sunderland,1.9298,0.807119,0.807119,1.9298
2025,2025-10-04,Chelsea,Liverpool,1.23721,2.05981,2.05981,1.23721
2025,2025-10-05,Aston Villa,Burnley,1.73572,0.502292,0.502292,1.73572
2025,2025-10-05,Everton,Crystal Palace,2.13876,2.17789,2.17789,2.13876
2025,2025-10-05,Newcastle,Nott'm Forest,3.81662,0.337689,0.337689,3.81662
2025,2025-10-05,Wolves,Brighton,0.369404,1.39158,1.39158,0.369404
2025,2025-10-05,Brentford,Man City,0.693758,1.09647,1.09647,0.693758
2025,2025-10-18,Nott'm Forest,Chelsea,2.0555,2.5583,2.5583,2.0555
2025,2025-10-18,Brighton,Newcastle,0.857104,1.28313,1.28313,0.857104
2025,2025-10-18,Burnley,Leeds,0.509647,2.33152,2.33152,0.509647
2025,2025-10-18,Crystal Palace,Bournemouth,4.56284,2.0471,2.0471,4.56284
2025,2025-10-18,Man City,Everton,2.4799,0.794622,0.794622,2.4799
2025,2025-10-18,Sunderland,Wolves,1.02481,0.676323,0.676323,1.02481
2025,2025-10-18,Fulham,Arsenal,0.502332,2.07823,2.07823,0.502332
2025,2025-10-19,Tottenham,Aston Villa,1.51461,0.352231,0.352231,1.51461
2025,2025-10-19,Liverpool,Man United,2.60972,2.53117,2.53117,2.60972
2025,2025-10-20,West Ham,Brentford,0.260251,3.46635,3.46635,0.260251
2025,2025-10-24,Leeds,West Ham,2.2214,0.498653,0.498653,2.2214
2025,2025-10-25,Chelsea,Sunderland,1.21332,1.5506,1.5506,1.21332
2025,2025-10-25,Newcastle,Fulham,2.76806,1.52001,1.52001,2.76806
2025,2025-10-25,Man United,Brighton,1.96231,0.947154,0.947154,1.96231
2025,2025-10-25,Brentford,Liverpool,3.27126,2.11838,2.11838,3.27126
2025,2025-10-26,Bournemouth,Nott'm Forest,0.656601,0.305493,0.305493,0.656601
2025,2025-10-26,Arsenal,Crystal Palace,0.856175,0.350534,0.350534,0.856175
2025,2025-10-26,Aston Villa,Man City,0.843906,1.36914,1.36914,0.843906
2025,2025-10-26,Wolves,Burnley,2.58132,1.54544,1.54544,2.58132
2025,2025-10-26,Everton,Tottenham,1.4032,2.09327,2.09327,1.4032
2025,2025-11-01,Brighton,Leeds,2.64127,0.35919,0.35919,2.64127
2025,2025-11-01,Burnley,Arsenal,0.679177,2.51649,2.51649,0.679177
2025,2025-11-01,Crystal Palace,Brentford,0.734558,0.820498,0.820498,0.734558
2025,2025-11-01,Fulham,Wolves,1.91207,0.209934,0.209934,1.91207
2025,2025-11-01,Nott'm Forest,Man United,1.55066,0.91622,0.91622,1.55066
2025,2025-11-01,Tottenham,Chelsea,0.146954,3.34251,3.34251,0.146954
2025,2025-11-01,Liverpool,Aston Villa,1.47021,0.43502,0.43502,1.47021
2025,2025-11-02,West Ham,Newcastle,1.41383,0.523615,0.523615,1.41383
2025,2025-11-02,Man City,Bournemouth,2.48999,0.899846,0.899846,2.48999
2025,2025-11-03,Sunderland,Everton,1.18068,1.00741,1.00741,1.18068
2025,2025-11-08,Tottenham,Man United,1.35532,0.820256,0.820256,1.35532
2025,2025-11-08,Everton,Fulham,2.30607,0.424478,0.424478,2.30607
2025,2025-11-08,West Ham,Burnley,2.96728,1.87478,1.87478,2.96728
2025,2025-11-08,Sunderland,Arsenal,1.20495,2.32943,2.32943,1.20495
2025,2025-11-08,Chelsea,Wolves,3.98342,0.111462,0.111462,3.98342
2025,2025-11-09,Aston Villa,Bournemouth,1.88282,2.00992,2.00992,1.88282
2025,2025-11-09,Brentford,Newcastle,2.73729,0.432277,0.432277,2.73729
2025,2025-11-09,Crystal Palace,Brighton,0.839547,0.637037,0.637037,0.839547
2025,2025-11-09,Nott'm Forest,Leeds,2.49097,0.419461,0.419461,2.49097
2025,2025-11-09,Man City,Liverpool,1.59542,1.0281,1.0281,1.59542
2025,2025-11-22,Burnley,Chelsea,0.660943,1.72093,1.72093,0.660943
2025,2025-11-22,Bournemouth,West Ham,3.48299,0.390782,0.390782,3.48299
2025,2025-11-22,Brighton,Brentford,0.977488,2.19979,2.19979,0.977488
2025,2025-11-22,Fulham,Sunderland,2.83729,0.222768,0.222768,2.83729
2025,2025-11-22,Liverpool,Nott'm Forest,1.79273,1.19459,1.19459,1.79273
2025,2025-11-22,Wolves,Crystal Palace,1.66409,1.44933,1.44933,1.66409
2025,2025-11-22,Newcastle,Man City,2.40555,2.45648,2.45648,2.40555
2025,2025-11-23,Leeds,Aston Villa,1.84668,1.35978,1.35978,1.84668
2025,2025-11-23,Arsenal,Tottenham,2.27827,0.0300672,0.0300672,2.27827
2025,2025-11-24,Man United,Everton,2.2737,0.155063,0.155063,2.2737
2025,2025-11-29,Brentford,Burnley,3.72106,0.874025,0.874025,3.72106
2025,2025-11-29,Man City,Leeds,2.85292,1.75142,1.75142,2.85292
2025,2025-11-29,Sunderland,Bournemouth,1.16955,1.79274,1.79274,1.16955
2025,2025-11-29,Everton,Newcastle,1.01125,2.45882,2.45882,1.01125
2025,2025-11-29,Tottenham,Fulham,1.04396,0.494736,0.494736,1.04396
2025,2025-11-30,Crystal Palace,Man United,2.13561,1.47768,1.47768,2.13561
2025,2025-11-30,Aston Villa,Wolves,1.15486,0.692588,0.692588,1.15486
2025,2025-11-30,Nott'm Forest,Brighton,0.960325,2.0572,2.0572,0.960325
2025,2025-11-30,West Ham,Liverpool,0.364152,1.56793,1.56793,0.364152
2025,2025-11-30,Chelsea,Arsenal,0.791914,1.22828,1.22828,0.791914
2025,2025-12-02,Bournemouth,Everton,0.635415,1.19573,1.19573,0.635415
2025,2025-12-02,Fulham,Man City,0.972635,1.96225,1.96225,0.972635
2025,2025-12-02,Newcastle,Tottenham,1.88558,1.05205,1.05205,1.88558
2025,2025-12-03,Arsenal,Brentford,2.63126,0.588716,0.588716,2.63126
2025,2025-12-03,Brighton,Aston Villa,1.96298,3.15745,3.15745,1.96298
2025,2025-12-03,Burnley,Crystal Palace,1.16852,0.987797,0.987797,1.16852
2025,2025-12-03,Wolves,Nott'm Forest,1.02461,1.12389,1.12389,1.02461
2025,2025-12-03,Leeds,Chelsea,2.2047,0.964018,0.964018,2.2047
2025,2025-12-03,Liverpool,Sunderland,1.37633,0.712662,0.712662,1.37633
2025,2025-12-04,Man United,West Ham,2.27674,1.36584,1.36584,2.27674
2025,2025-12-06,Aston Villa,Arsenal,2.71986,1.85965,1.85965,2.71986
2025,2025-12-06,Bournemouth,Chelsea,1.41931,0.672602,0.672602,1.41931
2025,2025-12-06,Everton,Nott'm Forest,1.25348,0.31234,0.31234,1.25348
2025,2025-12-06,Man City,Sunderland,2.41605,0.626486,0.626486,2.41605
2025,2025-12-06,Newcastle,Burnley,1.80708,1.58375,1.58375,1.80708
2025,2025-12-06,Tottenham,Brentford,2.42388,0.470563,0.470563,2.42388
2025,2025-12-06,Leeds,Liverpool,1.79333,2.04805,2.04805,1.79333
2025,2025-12-07,Brighton,West Ham,2.10077,1.7064,1.7064,2.10077
2025,2025-12-07,Fulham,Crystal Palace,0.766771,1.71109,1.71109,0.766771
2025,2025-12-08,Wolves,Man United,0.262147,4.04708,4.04708,0.262147
2025,2025-12-13,Chelsea,Everton,2.64457,1.34,1.34,2.64457
2025,2025-12-13,Liverpool,Brighton,2.4127,1.69004,1.69004,2.4127
2025,2025-12-13,Burnley,Fulham,2.05486,1.65053,1.65053,2.05486
2025,2025-12-13,Arsenal,Wolves,1.61796,0.61997,0.61997,1.61796
2025,2025-12-14,Crystal Palace,Man City,1.30092,1.35317,1.35317,1.30092
2025,2025-12-14,Nott'm Forest,Tottenham,2.32658,0.380246,0.380246,2.32658
2025,2025-12-14,Sunderland,Newcastle,0.630045,0.169329,0.169329,0.630045
2025,2025-12-14,West Ham,Aston Villa,1.27701,0.595093,0.595093,1.27701
2025,2025-12-14,Brentford,Leeds,0.697006,1.63409,1.63409,0.697006
2025,2025-12-15,Man United,Bournemouth,3.21204,2.35196,2.35196,3.21204
2025,2025-12-20,Newcastle,Chelsea,2.87863,1.0261,1.0261,2.87863
2025,2025-12-20,Bournemouth,Burnley,1.81847,0.480528,0.480528,1.81847
2025,2025-12-20,Brighton,Sunderland,0.919272,1.31044,1.31044,0.919272
2025,2025-12-20,Man City,West Ham,3.58188,1.02143,1.02143,3.58188
2025,2025-12-20,Wolves,Brentford,1.26823,1.56309,1.56309,1.26823
2025,2025-12-20,Tottenham,Liverpool,1.34905,1.23164,1.23164,1.34905
2025,2025-12-20,Everton,Arsenal,0.213273,1.84723,1.84723,0.213273
2025,2025-12-20,Leeds,Crystal Palace,2.90786,1.53058,1.53058,2.90786
2025,2025-12-21,Aston Villa,Man United,1.86917,1.30455,1.30455,1.86917
2025,2025-12-22,Fulham,Nott'm Forest,1.70568,0.486296,0.486296,1.70568
2025,2025-12-26,Man United,Newcastle,0.940811,1.12998,1.12998,0.940811
2025,2025-12-27,Nott'm Forest,Man City,0.600141,1.46468,1.46468,0.600141
2025,2025-12-27,Arsenal,Brighton,2.54318,0.710064,0.710064,2.54318
2025,2025-12-27,Brentford,Bournemouth,2.8513,2.56183,2.56183,2.8513
2025,2025-12-27,Burnley,Everton,1.24948,1.25204,1.25204,1.24948
2025,2025-12-27,Liverpool,Wolves,1.56502,0.780664,0.780664,1.56502
2025,2025-12-27,West Ham,Fulham,1.13719,1.11436,1.11436,1.13719
2025,2025-12-27,Chelsea,Aston Villa,1.97155,2.05918,2.05918,1.97155
2025,2025-12-28,Sunderland,Leeds,0.805957,2.60653,2.60653,0.805957
2025,2025-12-28,Crystal Palace,Tottenham,0.929681,0.870768,0.870768,0.929681
2025,2025-12-30,Burnley,Newcastle,1.32551,2.49248,2.49248,1.32551
2025,2025-12-30,Chelsea,Bournemouth,2.33294,3.49142,3.49142,2.33294
2025,2025-12-30,Nott'm Forest,Everton,1.75445,1.69525,1.69525,1.75445
2025,2025-12-30,West Ham,Brighton,2.27644,3.08914,3.08914,2.27644
2025,2025-12-30,Arsenal,Aston Villa,4.41335,2.94195,2.94195,4.41335
2025,2025-12-30,Man United,Wolves,1.13306,1.21784,1.21784,1.13306
2025,2026-01-01,Crystal Palace,Fulham,2.35346,1.75434,1.75434,2.35346
2025,2026-01-01,Liverpool,Leeds,1.67833,0.15936,0.15936,1.67833
2025,2026-01-01,Brentford,Tottenham,0.556304,0.608309,0.608309,0.556304
2025,2026-01-01,Sunderland,Man City,0.962141,2.44247,2.44247,0.962141
2025,2026-01-03,Aston Villa,Nott'm Forest,1.42988,0.8982,0.8982,1.42988
2025,2026-01-03,Wolves,West Ham,2.23925,0.235678,0.235678,2.23925
2025,2026-01-03,Brighton,Burnley,1.4717,0.254551,0.254551,1.4717
2025,2026-01-03,Bournemouth,Arsenal,0.947846,1.28,1.28,0.947846
2025,2026-01-04,Leeds,Man United,0.970138,1.94781,1.94781,0.970138
2025,2026-01-04,Newcastle,Crystal Palace,2.72764,1.27825,1.27825,2.72764
2025,2026-01-04,Tottenham,Sunderland,1.4175,0.467481,0.467481,1.4175
2025,2026-01-04,Everton,Brentford,1.00566,3.05179,3.05179,1.00566
2025,2026-01-04,Fulham,Liverpool,0.609182,1.7188,1.7188,0.609182
2025,2026-01-04,Man City,Chelsea,1.03049,2.03726,2.03726,1.03049
2025,2026-01-06,West Ham,Nott'm Forest,1.73697,1.26683,1.26683,1.73697
2025,2026-01-07,Everton,Wolves,1.63321,0.71329,0.71329,1.63321
2025,2026-01-07,Bournemouth,Tottenham,1.19014,1.6261,1.6261,1.19014
2025,2026-01-07,Brentford,Sunderland,3.86096,1.50644,1.50644,3.86096
2025,2026-01-07,Crystal Palace,Aston Villa,1.32505,2.07015,2.07015,1.32505
2025,2026-01-07,Fulham,Chelsea,1.06013,2.45107,2.45107,1.06013
2025,2026-01-07,Man City,Brighton,2.95904,1.33162,1.33162,2.95904
2025,2026-01-07,Burnley,Man United,0.31971,2.52488,2.52488,0.31971
2025,2026-01-07,Newcastle,Leeds,2.43495,2.35318,2.35318,2.43495
2025,2026-01-08,Arsenal,Liverpool,0.701832,0.318642,0.318642,0.701832
2025,2026-01-17,Man United,Man City,3.07278,0.387015,0.387015,3.07278
2025,2026-01-17,Chelsea,Brentford,1.62263,1.47521,1.47521,1.62263
2025,2026-01-17,Leeds,Fulham,2.16898,0.258796,0.258796,2.16898
2025,2026-01-17,Liverpool,Burnley,3.49045,0.546971,0.546971,3.49045
2025,2026-01-17,Sunderland,Crystal Palace,1.84601,1.15169,1.15169,1.84601
2025,2026-01-17,Tottenham,West Ham,1.65292,2.76761,2.76761,1.65292
2025,2026-01-17,Nott'm Forest,Arsenal,0.318481,2.86323,2.86323,0.318481
2025,2026-01-18,Wolves,Newcastle,0.390216,0.813313,0.813313,0.390216
2025,2026-01-18,Aston Villa,Everton,0.905393,0.745859,0.745859,0.905393
2025,2026-01-19,Brighton,Bournemouth,0.995777,1.69737,1.69737,0.995777
2025,2026-01-24,West Ham,Sunderland,2.18675,0.713838,0.713838,2.18675
2025,2026-01-24,Burnley,Tottenham,1.54884,2.59093,2.59093,1.54884
2025,2026-01-24,Fulham,Brighton,1.13243,1.94652,1.94652,1.13243
2025,2026-01-24,Man City,Wolves,1.0654,0.542683,0.542683,1.0654
2025,2026-01-24,Bournemouth,Liverpool,3.31474,0.937335,0.937335,3.31474
2025,2026-01-25,Brentford,Nott'm Forest,2.00413,1.38958,1.38958,2.00413
2025,2026-01-25,Crystal Palace,Chelsea,2.41793,3.08817,3.08817,2.41793
2025,2026-01-25,Newcastle,Aston Villa,1.95484,1.32143,1.32143,1.95484
2025,2026-01-25,Arsenal,Man United,1.42411,0.640902,0.640902,1.42411
2025,2026-01-26,Everton,Leeds,0.889916,1.6766,1.6766,0.889916
2025,2026-01-31,Brighton,Everton,1.42825,1.28126,1.28126,1.42825
2025,2026-01-31,Leeds,Arsenal,0.17871,3.54427,3.54427,0.17871
2025,2026-01-31,Wolves,Bournemouth,2.10353,1.59116,1.59116,2.10353
2025,2026-01-31,Chelsea,West Ham,2.66133,1.72585,1.72585,2.66133
2025,2026-01-31,Liverpool,Newcastle,3.09973,0.284319,0.284319,3.09973
2025,2026-02-01,Aston Villa,Brentford,2.15316,0.314916,0.314916,2.15316
2025,2026-02-01,Man United,Fulham,1.84362,1.71998,1.71998,1.84362
2025,2026-02-01,Nott'm Forest,Crystal Palace,0.987254,1.648,1.648,0.987254
2025,2026-02-01,Tottenham,Man City,1.49738,2.03614,2.03614,1.49738
2025,2026-02-02,Sunderland,Burnley,1.8865,0.126371,0.126371,1.8865
2025,2026-02-06,Leeds,Nott'm Forest,3.38179,1.6608,1.6608,3.38179
2025,2026-02-07,Man United,Tottenham,2.16576,0.593404,0.593404,2.16576
2025,2026-02-07,Bournemouth,Aston Villa,1.82646,0.646496,0.646496,1.82646
2025,2026-02-07,Arsenal,Sunderland,1.19401,0.427225,0.427225,1.19401
2025,2026-02-07,Burnley,West Ham,1.84644,1.1223,1.1223,1.84644
2025,2026-02-07,Fulham,Everton,2.20126,1.88778,1.88778,2.20126
2025,2026-02-07,Wolves,Chelsea,1.11372,3.76278,3.76278,1.11372
2025,2026-02-07,Newcastle,Brentford,3.3215,1.65022,1.65022,3.3215
2025,2026-02-08,Brighton,Crystal Palace,0.737798,0.928404,0.928404,0.737798
2025,2026-02-08,Liverpool,Man City,1.26652,2.41476,2.41476,1.26652
2025,2026-02-10,Chelsea,Leeds,3.21176,1.28948,1.28948,3.21176
2025,2026-02-10,Everton,Bournemouth,2.33114,1.4121,1.4121,2.33114
2025,2026-02-10,Tottenham,Newcastle,1.68925,2.46991,2.46991,1.68925
2025,2026-02-10,West Ham,Man United,1.30746,0.735767,0.735767,1.30746
2025,2026-02-11,Aston Villa,Brighton,0.576138,0.481306,0.481306,0.576138
2025,2026-02-11,Crystal Palace,Burnley,2.1276,0.691273,0.691273,2.1276
2025,2026-02-11,Man City,Fulham,1.67722,1.05283,1.05283,1.67722
2025,2026-02-11,Nott'm Forest,Wolves,3.69094,0.406959,0.406959,3.69094
2025,2026-02-11,Sunderland,Liverpool,0.693794,3.08172,3.08172,0.693794
2025,2026-02-12,Brentford,Arsenal,1.81154,0.78418,0.78418,1.81154
2025,2026-02-18,Wolves,Arsenal,0.173119,2.01018,2.01018,0.173119
2025,2026-02-21,Aston Villa,Leeds,1.25439,1.27855,1.27855,1.25439
2025,2026-02-21,Brentford,Brighton,1.69023,1.37203,1.37203,1.69023
2025,2026-02-21,Chelsea,Burnley,2.51534,1.01255,1.01255,2.51534
2025,2026-02-21,West Ham,Bournemouth,2.34412,0.522731,0.522731,2.34412
2025,2026-02-21,Man City,Newcastle,2.22648,0.507954,0.507954,2.22648
2025,2026-02-22,Crystal Palace,Wolves,2.03559,1.67749,1.67749,2.03559
2025,2026-02-22,Nott'm Forest,Liverpool,0.934768,2.39634,2.39634,0.934768
2025,2026-02-22,Sunderland,Fulham,1.7609,2.16696,2.16696,1.7609
2025,2026-02-22,Tottenham,Arsenal,0.383264,3.31701,3.31701,0.383264
2025,2026-02-23,Everton,Man United,0.560924,1.4547,1.4547,0.560924
2025,2026-02-27,Wolves,Aston Villa,1.50771,1.31328,1.31328,1.50771
2025,2026-02-28,Bournemouth,Sunderland,1.82434,1.07887,1.07887,1.82434
2025,2026-02-28,Burnley,Brentford,0.823824,2.44595,2.44595,0.823824
2025,2026-02-28,Liverpool,West Ham,2.09939,1.3517,1.3517,2.09939
2025,2026-02-28,Newcastle,Everton,1.11889,2.40731,2.40731,1.11889
2025,2026-02-28,Leeds,Man City,1.37824,2.46834,2.46834,1.37824
2025,2026-03-01,Brighton,Nott'm Forest,1.20107,0.83055,0.83055,1.20107
2025,2026-03-01,Fulham,Tottenham,2.3207,0.952091,0.952091,2.3207
2025,2026-03-01,Man United,Crystal Palace,2.34609,0.384699,0.384699,2.34609
2025,2026-03-01,Arsenal,Chelsea,1.71598,1.35268,1.35268,1.71598
2025,2026-03-03,Bournemouth,Brentford,2.3177,0.673328,0.673328,2.3177
2025,2026-03-03,Everton,Burnley,1.15845,0.762229,0.762229,1.15845
2025,2026-03-03,Leeds,Sunderland,0.888232,0.843856,0.843856,0.888232
2025,2026-03-03,Wolves,Liverpool,0.636033,2.17217,2.17217,0.636033
2025,2026-03-04,Aston Villa,Chelsea,1.06854,3.38883,3.38883,1.06854
2025,2026-03-04,Brighton,Arsenal,0.919228,0.514803,0.514803,0.919228
2025,2026-03-04,Fulham,West Ham,0.628123,1.49528,1.49528,0.628123
2025,2026-03-04,Man City,Nott'm Forest,2.72655,1.23642,1.23642,2.72655
2025,2026-03-04,Newcastle,Man United,1.96637,1.80571,1.80571,1.96637
2025,2026-03-05,Tottenham,Crystal Palace,1.29615,1.91515,1.91515,1.29615
2025,2026-03-14,Burnley,Bournemouth,1.67695,2.36979,2.36979,1.67695
2025,2026-03-14,Sunderland,Brighton,0.659083,1.12832,1.12832,0.659083
2025,2026-03-14,Arsenal,Everton,1.90855,1.17847,1.17847,1.90855
2025,2026-03-14,Chelsea,Newcastle,1.72508,1.03251,1.03251,1.72508
2025,2026-03-14,West Ham,Man City,0.488982,1.9546,1.9546,0.488982
2025,2026-03-15,Crystal Palace,Leeds,0.525205,1.13558,1.13558,0.525205
2025,2026-03-15,Man United,Aston Villa,1.67823,1.21071,1.21071,1.67823
2025,2026-03-15,Nott'm Forest,Fulham,0.821011,0.933988,0.933988,0.821011
2025,2026-03-15,Liverpool,Tottenham,1.30076,1.15636,1.15636,1.30076
2025,2026-03-16,Brentford,Wolves,2.7966,1.80044,1.80044,2.7966
2025,2026-03-20,Bournemouth,Man United,1.76664,1.74574,1.74574,1.76664
2025,2026-03-21,Brighton,Liverpool,3.42956,0.956801,0.956801,3.42956
2025,2026-03-21,Fulham,Burnley,3.48438,1.92556,1.92556,3.48438
2025,2026-03-21,Everton,Chelsea,1.44532,1.35143,1.35143,1.44532
2025,2026-03-21,Leeds,Brentford,0.417296,0.302221,0.302221,0.417296
2025,2026-03-22,Newcastle,Sunderland,1.26705,2.66657,2.66657,1.26705
2025,2026-03-22,Aston Villa,West Ham,2.48528,0.760054,0.760054,2.48528
2025,2026-03-22,Tottenham,Nott'm Forest,1.6189,1.54408,1.54408,1.6189
2025,2026-04-10,West Ham,Wolves,2.54379,0.571967,0.571967,2.54379
2025,2026-04-11,Arsenal,Bournemouth,3.16346,1.39461,1.39461,3.16346
2025,2026-04-11,Brentford,Everton,2.26302,1.57033,1.57033,2.26302
2025,2026-04-11,Burnley,Brighton,0.812029,1.07182,1.07182,0.812029
2025,2026-04-11,Liverpool,Fulham,2.01499,1.42024,1.42024,2.01499
2025,2026-04-12,Nott'm Forest,Aston Villa,0.85045,1.36297,1.36297,0.85045
2025,2026-04-12,Sunderland,Tottenham,1.77584,1.01598,1.01598,1.77584
2025,2026-04-12,Crystal Palace,Newcastle,3.13933,1.27299,1.27299,3.13933
2025,2026-04-12,Chelsea,Man City,1.22108,2.40839,2.40839,1.22108
2025,2026-04-13,Man United,Leeds,1.36555,2.95118,2.95118,1.36555
2025,2026-04-18,Brentford,Fulham,2.33552,0.790707,0.790707,2.33552
2025,2026-04-18,Leeds,Wolves,3.55804,0.568627,0.568627,3.55804
2025,2026-04-18,Newcastle,Bournemouth,1.61167,3.36662,3.36662,1.61167
2025,2026-04-18,Tottenham,Brighton,1.56052,1.1373,1.1373,1.56052
2025,2026-04-18,Chelsea,Man United,1.28109,0.436043,0.436043,1.28109
2025,2026-04-19,Aston Villa,Sunderland,3.90223,1.56008,1.56008,3.90223
2025,2026-04-19,Everton,Liverpool,1.4784,1.38333,1.38333,1.4784
2025,2026-04-19,Nott'm Forest,Burnley,1.4425,0.601418,0.601418,1.4425
2025,2026-04-19,Man City,Arsenal,2.61528,2.28964,2.28964,2.61528
2025,2026-04-20,Crystal Palace,West Ham,0.733442,0.622445,0.622445,0.733442
2025,2026-04-21,Brighton,Chelsea,2.51784,0.297865,0.297865,2.51784
2025,2026-04-22,Bournemouth,Leeds,1.91355,1.21601,1.21601,1.91355
2025,2026-04-22,Burnley,Man City,0.973776,3.40888,3.40888,0.973776
2025,2026-04-24,Sunderland,Nott'm Forest,0.614323,1.54208,1.54208,0.614323
2025,2026-04-25,Fulham,Aston Villa,1.24069,0.906156,0.906156,1.24069
2025,2026-04-25,Liverpool,Crystal Palace,1.45071,2.19912,2.19912,1.45071
2025,2026-04-25,West Ham,Everton,1.8356,1.1144,1.1144,1.8356
2025,2026-04-25,Wolves,Tottenham,0.762656,1.06403,1.06403,0.762656
2025,2026-04-25,Arsenal,Newcastle,0.639189,0.868897,0.868897,0.639189
2025,2026-04-27,Man United,Brentford,1.84852,1.30383,1.30383,1.84852
2025,2026-05-01,Leeds,Burnley,2.09546,0.434597,0.434597,2.09546
2025,2026-05-02,Brentford,West Ham,2.27374,0.753895,0.753895,2.27374
2025,2026-05-02,Newcastle,Brighton,3.12933,1.87112,1.87112,3.12933
2025,2026-05-02,Wolves,Sunderland,1.96131,0.923954,0.923954,1.96131
2025,2026-05-02,Arsenal,Fulham,4.09079,0.696714,0.696714,4.09079
2025,2026-05-03,Bournemouth,Crystal Palace,2.29626,0.678329,0.678329,2.29626
2025,2026-05-03,Man United,Liverpool,2.55612,1.02814,1.02814,2.55612
2025,2026-05-03,Aston Villa,Tottenham,0.609494,1.12225,1.12225,0.609494
2025,2026-05-04,Chelsea,Nott'm Forest,2.17132,2.31019,2.31019,2.17132
2025,2026-05-04,Everton,Man City,1.68558,1.41706,1.41706,1.68558
2025,2026-05-09,Liverpool,Chelsea,0.623191,0.597184,0.597184,0.623191
2025,2026-05-09,Brighton,Wolves,2.22427,0.515647,0.515647,2.22427
2025,2026-05-09,Fulham,Bournemouth,1.24334,0.998003,0.998003,1.24334
2025,2026-05-09,Sunderland,Man United,1.2376,0.535981,0.535981,1.2376
2025,2026-05-09,Man City,Brentford,4.37429,0.670038,0.670038,4.37429
2025,2026-05-10,Burnley,Aston Villa,1.71234,1.75493,1.75493,1.71234
2025,2026-05-10,Crystal Palace,Everton,3.28826,2.10265,2.10265,3.28826
2025,2026-05-10,Nott'm Forest,Newcastle,1.46434,1.65067,1.65067,1.46434
2025,2026-05-10,West Ham,Arsenal,1.32011,1.42953,1.42953,1.32011
2025,2026-05-11,Tottenham,Leeds,1.49036,1.86976,1.86976,1.49036
2025,2026-05-13,Man City,Crystal Palace,1.95679,0.428862,0.428862,1.95679
2025,2026-05-15,Aston Villa,Liverpool,2.5252,1.55027,1.55027,2.5252
2025,2026-05-17,Man United,Nott'm Forest,4.28532,1.84418,1.84418,4.28532
2025,2026-05-17,Brentford,Crystal Palace,1.54564,1.82274,1.82274,1.54564
2025,2026-05-17,Everton,Sunderland,1.32181,1.28383,1.28383,1.32181
2025,2026-05-17,Leeds,Brighton,0.747756,2.23238,2.23238,0.747756
2025,2026-05-17,Wolves,Fulham,1.49725,1.48412,1.48412,1.49725
2025,2026-05-17,Newcastle,West Ham,2.1336,0.957771,0.957771,2.1336
2025,2026-05-18,Arsenal,Burnley,1.22695,0.194884,0.194884,1.22695
2025,2026-05-19,Bournemouth,Man City,1.71486,1.26917,1.26917,1.71486
2025,2026-05-19,Chelsea,Tottenham,1.09262,2.15227,2.15227,1.09262
2025,2026-05-24,Brighton,Man United,0.702398,2.32868,2.32868,0.702398
2025,2026-05-24,Burnley,Wolves,1.28476,2.8433,2.8433,1.28476
2025,2026-05-24,Crystal Palace,Arsenal,1.00492,3.90645,3.90645,1.00492
2025,2026-05-24,Fulham,Newcastle,1.72878,0.24232,0.24232,1.72878
2025,2026-05-24,Liverpool,Brentford,2.99412,1.46082,1.46082,2.99412
2025,2026-05-24,Man City,Aston Villa,1.38085,2.4397,2.4397,1.38085
2025,2026-05-24,Nott'm Forest,Bournemouth,2.05852,1.33684,1.33684,2.05852
2025,2026-05-24,Sunderland,Chelsea,2.33109,0.920885,0.920885,2.33109
2025,2026-05-24,Tottenham,Everton,1.40597,0.268476,0.268476,1.40597
2025,2026-05-24,West Ham,Leeds,2.73135,1.94969,1.94969,2.73135
2026,2026-08-21,Arsenal,Coventry,1.85424,0.558336,0.558336,1.85424
2026,2026-08-22,Hull,Man United,1.49627,1.77874,1.77874,1.49627
2026,2026-08-22,Everton,Crystal Palace,1.45085,2.23095,2.23095,1.45085
2026,2026-08-22,Ipswich,Sunderland,1.58452,1.17743,1.17743,1.58452
2026,2026-08-22,Nott'm Forest,Leeds,0.656681,0.466247,0.466247,0.656681
2026,2026-08-22,Brentford,Tottenham,4.04155,0.756284,0.756284,4.04155
2026,2026-08-23,Brighton,Aston Villa,4.00327,0.275249,0.275249,4.00327
2026,2026-08-23,Man City,Bournemouth,2.47444,0.707541,0.707541,2.47444
2026,2026-08-23,Newcastle,Liverpool,1.59465,3.13133,3.13133,1.59465
2026,2026-08-24,Fulham,Chelsea,1.41707,2.58384,2.58384,1.41707
2026,2026-08-28,Crystal Palace,Man City,0.926624,2.56662,2.56662,0.926624
2026,2026-08-29,Liverpool,Nott'm Forest,1.27921,2.87937,2.87937,1.27921
2026,2026-08-29,Coventry,Hull,1.18233,0.459726,0.459726,1.18233
2026,2026-08-29,Bournemouth,Everton,2.25803,1.66352,1.66352,2.25803
2026,2026-08-29,Tottenham,Newcastle,1.12037,1.00952,1.00952,1.12037
2026,2026-08-30,Sunderland,Fulham,1.56229,1.02405,1.02405,1.56229
2026,2026-08-30,Chelsea,Brighton,3.8289,1.79173,1.79173,3.8289
2026,2026-08-30,Leeds,Brentford,1.14993,1.61344,1.61344,1.14993
2026,2026-08-30,Man United,Ipswich,4.86612,1.80548,1.80548,4.86612
2026,2026-08-31,Aston Villa,Arsenal,0.281925,1.52441,1.52441,0.281925
